round,client_id,class_name,available,feature_name,server_normalized_mean_abs_shap,client_normalized_mean_abs_shap,client_minus_server,absolute_difference,server_rank,client_rank
10,1,BENIGN,1,Header_Length,0.0016762330466493739,0.00089389423834165,-0.0007823388083077239,0.0007823388083077239,18,18
10,1,BENIGN,1,Protocol Type,0.0003115167437227888,0.00014573238048485142,-0.00016578436323793735,0.00016578436323793735,20,21
10,1,BENIGN,1,Time_To_Live,0.1390889735030692,0.0983088334886942,-0.04078014001437501,0.04078014001437501,5,6
10,1,BENIGN,1,Rate,0.00015242766777406904,0.0008367019912643785,0.0006842743234903095,0.0006842743234903095,23,19
10,1,BENIGN,1,fin_flag_number,0.00013707398280803234,9.96745080120374e-05,-3.739947479599493e-05,3.739947479599493e-05,25,25
10,1,BENIGN,1,syn_flag_number,0.02772201016467106,0.011481925311694782,-0.01624008485297628,0.01624008485297628,11,12
10,1,BENIGN,1,rst_flag_number,0.0002442742641016459,0.00013394493859324955,-0.00011032932550839633,0.00011032932550839633,22,23
10,1,BENIGN,1,psh_flag_number,0.0002820129300565361,0.0001488987821673112,-0.00013311414788922491,0.00013311414788922491,21,20
10,1,BENIGN,1,ack_flag_number,0.049058857761195625,0.033128383349985684,-0.01593047441120994,0.01593047441120994,9,9
10,1,BENIGN,1,ece_flag_number,0.0,0.0,0.0,0.0,34,33
10,1,BENIGN,1,cwr_flag_number,0.0,0.0,0.0,0.0,35,34
10,1,BENIGN,1,ack_count,0.00436609748587365,0.0023904270076250127,-0.001975670478248637,0.001975670478248637,17,17
10,1,BENIGN,1,syn_count,0.015086724456046401,0.010614196044476516,-0.004472528411569886,0.004472528411569886,14,13
10,1,BENIGN,1,fin_count,0.0046658809662364735,0.003670909152931822,-0.0009949718133046514,0.0009949718133046514,16,16
10,1,BENIGN,1,rst_count,0.010279952073426019,0.005062113986210912,-0.005217838087215107,0.005217838087215107,15,15
10,1,BENIGN,1,HTTP,4.193049659330178e-05,1.6948362535337455e-05,-2.4982134057964324e-05,2.4982134057964324e-05,27,27
10,1,BENIGN,1,HTTPS,0.00010387021134613678,0.00010130990603537223,-2.560305310764547e-06,2.560305310764547e-06,26,24
10,1,BENIGN,1,DNS,4.257934994915412e-06,5.286431122629304e-06,1.0284961277138917e-06,1.0284961277138917e-06,31,31
10,1,BENIGN,1,Telnet,0.0,0.0,0.0,0.0,36,35
10,1,BENIGN,1,SMTP,0.0,0.0,0.0,0.0,37,36
10,1,BENIGN,1,SSH,9.189009532842957e-08,0.0,-9.189009532842957e-08,9.189009532842957e-08,32,37
10,1,BENIGN,1,IRC,0.0,0.0,0.0,0.0,38,38
10,1,BENIGN,1,TCP,0.0003373685265732504,0.0001450047938362932,-0.00019236373273695718,0.00019236373273695718,19,22
10,1,BENIGN,1,UDP,0.029590509490379172,0.011603117620545266,-0.017987391869833905,0.017987391869833905,10,11
10,1,BENIGN,1,DHCP,2.4943453263247304e-08,1.343254125788058e-06,1.3183106725248105e-06,1.3183106725248105e-06,33,32
10,1,BENIGN,1,ARP,1.5992648527999324e-05,7.626047664984286e-06,-8.366600863015038e-06,8.366600863015038e-06,29,28
10,1,BENIGN,1,ICMP,0.0001453478101663843,8.468207507924054e-05,-6.066573508714376e-05,6.066573508714376e-05,24,26
10,1,BENIGN,1,IGMP,0.0,0.0,0.0,0.0,39,39
10,1,BENIGN,1,IPv,2.1309091932718252e-05,6.435098010384274e-06,-1.4873993922333977e-05,1.4873993922333977e-05,28,29
10,1,BENIGN,1,LLC,9.610597869198367e-06,5.360973062627063e-06,-4.249624806571305e-06,4.249624806571305e-06,30,30
10,1,BENIGN,1,Tot sum,0.3934440417390601,0.3025834594727485,-0.09086058226631161,0.09086058226631161,3,3
10,1,BENIGN,1,Min,0.018934294903986886,0.008665536321398574,-0.010268758582588312,0.010268758582588312,13,14
10,1,BENIGN,1,Max,0.0852028727154772,0.06859134099339122,-0.016611531722085987,0.016611531722085987,8,7
10,1,BENIGN,1,AVG,0.25200271694952114,0.15260798747376456,-0.09939472947575659,0.09939472947575659,4,4
10,1,BENIGN,1,Std,0.49494520870528436,0.41784826502796835,-0.07709694367731601,0.07709694367731601,2,2
10,1,BENIGN,1,Tot size,0.10371016046720058,0.14148721082161175,0.037777050354411174,0.037777050354411174,6,5
10,1,BENIGN,1,IAT,0.08643754699386622,0.049715157743980595,-0.03672238924988562,0.03672238924988562,7,8
10,1,BENIGN,1,Number,0.022379737018787975,0.01578927193755285,-0.0065904650812351265,0.0065904650812351265,12,10
10,1,BENIGN,1,Variance,0.6975711734524678,0.8196644548537335,0.12209328140126574,0.12209328140126574,1,1
10,2,BENIGN,1,Header_Length,0.0016762330466493739,0.001094090608667445,-0.0005821424379819288,0.0005821424379819288,18,16
10,2,BENIGN,1,Protocol Type,0.0003115167437227888,0.00017428778282182076,-0.00013722896090096801,0.00013722896090096801,20,19
10,2,BENIGN,1,Time_To_Live,0.1390889735030692,0.1285018743080242,-0.010587099195044997,0.010587099195044997,5,5
10,2,BENIGN,1,Rate,0.00015242766777406904,0.00014505378469083284,-7.373883083236201e-06,7.373883083236201e-06,23,20
10,2,BENIGN,1,fin_flag_number,0.00013707398280803234,1.907525758290357e-05,-0.00011799872522512877,0.00011799872522512877,25,27
10,2,BENIGN,1,syn_flag_number,0.02772201016467106,0.029461182763439616,0.0017391725987685562,0.0017391725987685562,11,10
10,2,BENIGN,1,rst_flag_number,0.0002442742641016459,3.0957218907134385e-05,-0.0002133170451945115,0.0002133170451945115,22,25
10,2,BENIGN,1,psh_flag_number,0.0002820129300565361,0.0002615357952153487,-2.0477134841187397e-05,2.0477134841187397e-05,21,18
10,2,BENIGN,1,ack_flag_number,0.049058857761195625,0.05265842406244377,0.003599566301248143,0.003599566301248143,9,9
10,2,BENIGN,1,ece_flag_number,0.0,1.0823558848000771e-08,1.0823558848000771e-08,1.0823558848000771e-08,34,34
10,2,BENIGN,1,cwr_flag_number,0.0,0.0,0.0,0.0,35,35
10,2,BENIGN,1,ack_count,0.00436609748587365,0.006410743961449691,0.002044646475576041,0.002044646475576041,17,14
10,2,BENIGN,1,syn_count,0.015086724456046401,0.015851528261307105,0.0007648038052607033,0.0007648038052607033,14,12
10,2,BENIGN,1,fin_count,0.0046658809662364735,8.569319967509641e-05,-0.004580187766561377,0.004580187766561377,16,22
10,2,BENIGN,1,rst_count,0.010279952073426019,0.0005907688513716238,-0.009689183222054394,0.009689183222054394,15,17
10,2,BENIGN,1,HTTP,4.193049659330178e-05,3.529077893054183e-05,-6.63971766275995e-06,6.63971766275995e-06,27,24
10,2,BENIGN,1,HTTPS,0.00010387021134613678,7.785696059902104e-05,-2.6013250747115735e-05,2.6013250747115735e-05,26,23
10,2,BENIGN,1,DNS,4.257934994915412e-06,3.5622467650138656e-07,-3.901710318414026e-06,3.901710318414026e-06,31,33
10,2,BENIGN,1,Telnet,0.0,0.0,0.0,0.0,36,36
10,2,BENIGN,1,SMTP,0.0,0.0,0.0,0.0,37,37
10,2,BENIGN,1,SSH,9.189009532842957e-08,3.8073685758999274e-06,3.715478480571498e-06,3.715478480571498e-06,32,31
10,2,BENIGN,1,IRC,0.0,0.0,0.0,0.0,38,38
10,2,BENIGN,1,TCP,0.0003373685265732504,0.00013039409752627822,-0.00020697442904697217,0.00020697442904697217,19,21
10,2,BENIGN,1,UDP,0.029590509490379172,0.01565210365162531,-0.013938405838753862,0.013938405838753862,10,13
10,2,BENIGN,1,DHCP,2.4943453263247304e-08,6.923448853104918e-07,6.674014320472445e-07,6.674014320472445e-07,33,32
10,2,BENIGN,1,ARP,1.5992648527999324e-05,1.875565659304996e-05,2.763008065050635e-06,2.763008065050635e-06,29,28
10,2,BENIGN,1,ICMP,0.0001453478101663843,2.090815918049423e-05,-0.00012443965098589006,0.00012443965098589006,24,26
10,2,BENIGN,1,IGMP,0.0,0.0,0.0,0.0,39,39
10,2,BENIGN,1,IPv,2.1309091932718252e-05,1.7358121883083882e-05,-3.95097004963437e-06,3.95097004963437e-06,28,29
10,2,BENIGN,1,LLC,9.610597869198367e-06,1.397916629193952e-05,4.368568422741152e-06,4.368568422741152e-06,30,30
10,2,BENIGN,1,Tot sum,0.3934440417390601,0.30955694761192387,-0.08388709412713624,0.08388709412713624,3,3
10,2,BENIGN,1,Min,0.018934294903986886,0.005585176892751465,-0.013349118011235422,0.013349118011235422,13,15
10,2,BENIGN,1,Max,0.0852028727154772,0.05774261464889186,-0.027460258066585343,0.027460258066585343,8,8
10,2,BENIGN,1,AVG,0.25200271694952114,0.10131283627117256,-0.1506898806783486,0.1506898806783486,4,6
10,2,BENIGN,1,Std,0.49494520870528436,0.40408979436337017,-0.09085541434191419,0.09085541434191419,2,2
10,2,BENIGN,1,Tot size,0.10371016046720058,0.13715246051080923,0.03344230004360865,0.03344230004360865,6,4
10,2,BENIGN,1,IAT,0.08643754699386622,0.06345781044136899,-0.02297973655249723,0.02297973655249723,7,7
10,2,BENIGN,1,Number,0.022379737018787975,0.020370338346724606,-0.0020093986720633693,0.0020093986720633693,12,11
10,2,BENIGN,1,Variance,0.6975711734524678,0.8266262385353024,0.1290550650828346,0.1290550650828346,1,1
10,3,BENIGN,1,Header_Length,0.0016762330466493739,0.0021930757680187173,0.0005168427213693434,0.0005168427213693434,18,18
10,3,BENIGN,1,Protocol Type,0.0003115167437227888,0.00036145919703845967,4.9942453315670893e-05,4.9942453315670893e-05,20,21
10,3,BENIGN,1,Time_To_Live,0.1390889735030692,0.25038125040879566,0.11129227690572646,0.11129227690572646,5,4
10,3,BENIGN,1,Rate,0.00015242766777406904,0.00035813384071772304,0.000205706172943654,0.000205706172943654,23,22
10,3,BENIGN,1,fin_flag_number,0.00013707398280803234,0.00018386787700707465,4.679389419904231e-05,4.679389419904231e-05,25,24
10,3,BENIGN,1,syn_flag_number,0.02772201016467106,0.05006582400803447,0.02234381384336341,0.02234381384336341,11,10
10,3,BENIGN,1,rst_flag_number,0.0002442742641016459,0.0003718417193268494,0.00012756745522520354,0.00012756745522520354,22,19
10,3,BENIGN,1,psh_flag_number,0.0002820129300565361,0.00030968144568541746,2.7668515628881342e-05,2.7668515628881342e-05,21,23
10,3,BENIGN,1,ack_flag_number,0.049058857761195625,0.05684503570871665,0.007786177947521025,0.007786177947521025,9,9
10,3,BENIGN,1,ece_flag_number,0.0,1.7180585065407988e-07,1.7180585065407988e-07,1.7180585065407988e-07,34,34
10,3,BENIGN,1,cwr_flag_number,0.0,0.0,0.0,0.0,35,35
10,3,BENIGN,1,ack_count,0.00436609748587365,0.005862789807068882,0.0014966923211952327,0.0014966923211952327,17,17
10,3,BENIGN,1,syn_count,0.015086724456046401,0.02444885333983936,0.00936212888379296,0.00936212888379296,14,13
10,3,BENIGN,1,fin_count,0.0046658809662364735,0.006556037651434264,0.0018901566851977905,0.0018901566851977905,16,16
10,3,BENIGN,1,rst_count,0.010279952073426019,0.01537552985306058,0.0050955777796345605,0.0050955777796345605,15,15
10,3,BENIGN,1,HTTP,4.193049659330178e-05,2.2602219531402762e-05,-1.9328277061899016e-05,1.9328277061899016e-05,27,27
10,3,BENIGN,1,HTTPS,0.00010387021134613678,0.00014340106374799173,3.953085240185495e-05,3.953085240185495e-05,26,25
10,3,BENIGN,1,DNS,4.257934994915412e-06,8.273268019651124e-06,4.0153330247357115e-06,4.0153330247357115e-06,31,29
10,3,BENIGN,1,Telnet,0.0,0.0,0.0,0.0,36,36
10,3,BENIGN,1,SMTP,0.0,0.0,0.0,0.0,37,37
10,3,BENIGN,1,SSH,9.189009532842957e-08,1.0871064412185128e-06,9.952163458900833e-07,9.952163458900833e-07,32,32
10,3,BENIGN,1,IRC,0.0,0.0,0.0,0.0,38,38
10,3,BENIGN,1,TCP,0.0003373685265732504,0.0003700855335149481,3.271700694169774e-05,3.271700694169774e-05,19,20
10,3,BENIGN,1,UDP,0.029590509490379172,0.033325111397557276,0.003734601907178104,0.003734601907178104,10,12
10,3,BENIGN,1,DHCP,2.4943453263247304e-08,3.929423343142684e-07,3.679988810510211e-07,3.679988810510211e-07,33,33
10,3,BENIGN,1,ARP,1.5992648527999324e-05,7.746524666083945e-06,-8.246123861915379e-06,8.246123861915379e-06,29,30
10,3,BENIGN,1,ICMP,0.0001453478101663843,9.859771706704613e-05,-4.675009309933817e-05,4.675009309933817e-05,24,26
10,3,BENIGN,1,IGMP,0.0,0.0,0.0,0.0,39,39
10,3,BENIGN,1,IPv,2.1309091932718252e-05,1.534366172740953e-05,-5.965430205308722e-06,5.965430205308722e-06,28,28
10,3,BENIGN,1,LLC,9.610597869198367e-06,5.087931151861683e-06,-4.522666717336684e-06,4.522666717336684e-06,30,31
10,3,BENIGN,1,Tot sum,0.3934440417390601,0.3526882721062163,-0.04075576963284383,0.04075576963284383,3,3
10,3,BENIGN,1,Min,0.018934294903986886,0.02039297698607078,0.0014586820820838946,0.0014586820820838946,13,14
10,3,BENIGN,1,Max,0.0852028727154772,0.07710003684173489,-0.008102835873742317,0.008102835873742317,8,7
10,3,BENIGN,1,AVG,0.25200271694952114,0.2362131633532574,-0.015789553596263745,0.015789553596263745,4,5
10,3,BENIGN,1,Std,0.49494520870528436,0.43738898615417604,-0.057556222551108316,0.057556222551108316,2,2
10,3,BENIGN,1,Tot size,0.10371016046720058,0.09883642344271035,-0.004873737024490232,0.004873737024490232,6,6
10,3,BENIGN,1,IAT,0.08643754699386622,0.0720326257774411,-0.014404921216425115,0.014404921216425115,7,8
10,3,BENIGN,1,Number,0.022379737018787975,0.03596416883519675,0.013584431816408775,0.013584431816408775,12,11
10,3,BENIGN,1,Variance,0.6975711734524678,0.7317361957937326,0.03416502234126484,0.03416502234126484,1,1
10,4,BENIGN,1,Header_Length,0.0016762330466493739,0.002635396923485788,0.0009591638768364143,0.0009591638768364143,18,18
10,4,BENIGN,1,Protocol Type,0.0003115167437227888,0.0002694010330659296,-4.2115710656859164e-05,4.2115710656859164e-05,20,24
10,4,BENIGN,1,Time_To_Live,0.1390889735030692,0.18097635160505077,0.041887378101981565,0.041887378101981565,5,5
10,4,BENIGN,1,Rate,0.00015242766777406904,0.00027929078088510074,0.0001268631131110317,0.0001268631131110317,23,23
10,4,BENIGN,1,fin_flag_number,0.00013707398280803234,0.00017475389384625963,3.7679911038227297e-05,3.7679911038227297e-05,25,25
10,4,BENIGN,1,syn_flag_number,0.02772201016467106,0.07143550184728352,0.04371349168261246,0.04371349168261246,11,9
10,4,BENIGN,1,rst_flag_number,0.0002442742641016459,0.00029006918049615096,4.579491639450508e-05,4.579491639450508e-05,22,21
10,4,BENIGN,1,psh_flag_number,0.0002820129300565361,0.0004980903726347343,0.00021607744257819822,0.00021607744257819822,21,19
10,4,BENIGN,1,ack_flag_number,0.049058857761195625,0.06146641679635666,0.012407559035161032,0.012407559035161032,9,10
10,4,BENIGN,1,ece_flag_number,0.0,4.764671792344908e-08,4.764671792344908e-08,4.764671792344908e-08,34,34
10,4,BENIGN,1,cwr_flag_number,0.0,0.0,0.0,0.0,35,35
10,4,BENIGN,1,ack_count,0.00436609748587365,0.004589662591675983,0.00022356510580233326,0.00022356510580233326,17,16
10,4,BENIGN,1,syn_count,0.015086724456046401,0.03254129044932265,0.017454565993276248,0.017454565993276248,14,12
10,4,BENIGN,1,fin_count,0.0046658809662364735,0.003578100292506574,-0.0010877806737298996,0.0010877806737298996,16,17
10,4,BENIGN,1,rst_count,0.010279952073426019,0.01131395254988975,0.0010340004764637315,0.0010340004764637315,15,15
10,4,BENIGN,1,HTTP,4.193049659330178e-05,5.499918663320065e-05,1.3068690039898869e-05,1.3068690039898869e-05,27,27
10,4,BENIGN,1,HTTPS,0.00010387021134613678,0.00014855678110829452,4.468656976215774e-05,4.468656976215774e-05,26,26
10,4,BENIGN,1,DNS,4.257934994915412e-06,2.1879548721652885e-05,1.7621613726737473e-05,1.7621613726737473e-05,31,28
10,4,BENIGN,1,Telnet,0.0,0.0,0.0,0.0,36,36
10,4,BENIGN,1,SMTP,0.0,0.0,0.0,0.0,37,37
10,4,BENIGN,1,SSH,9.189009532842957e-08,5.1615313561588384e-06,5.069641260830409e-06,5.069641260830409e-06,32,31
10,4,BENIGN,1,IRC,0.0,0.0,0.0,0.0,38,38
10,4,BENIGN,1,TCP,0.0003373685265732504,0.0004346571377820269,9.728861120877652e-05,9.728861120877652e-05,19,20
10,4,BENIGN,1,UDP,0.029590509490379172,0.038706284888999715,0.009115775398620542,0.009115775398620542,10,11
10,4,BENIGN,1,DHCP,2.4943453263247304e-08,9.168609616736463e-08,6.674264290411732e-08,6.674264290411732e-08,33,33
10,4,BENIGN,1,ARP,1.5992648527999324e-05,5.211173215061536e-06,-1.0781475312937788e-05,1.0781475312937788e-05,29,30
10,4,BENIGN,1,ICMP,0.0001453478101663843,0.0002826846752972505,0.00013733686513086623,0.00013733686513086623,24,22
10,4,BENIGN,1,IGMP,0.0,0.0,0.0,0.0,39,39
10,4,BENIGN,1,IPv,2.1309091932718252e-05,1.441210032648547e-05,-6.896991606232782e-06,6.896991606232782e-06,28,29
10,4,BENIGN,1,LLC,9.610597869198367e-06,2.870379333281955e-06,-6.740218535916412e-06,6.740218535916412e-06,30,32
10,4,BENIGN,1,Tot sum,0.3934440417390601,0.3815495115934907,-0.011894530145569404,0.011894530145569404,3,3
10,4,BENIGN,1,Min,0.018934294903986886,0.014418007898382526,-0.00451628700560436,0.00451628700560436,13,14
10,4,BENIGN,1,Max,0.0852028727154772,0.10028552322067409,0.015082650505196887,0.015082650505196887,8,7
10,4,BENIGN,1,AVG,0.25200271694952114,0.3592590996792412,0.10725638272972005,0.10725638272972005,4,4
10,4,BENIGN,1,Std,0.49494520870528436,0.5591573746485948,0.06421216594331047,0.06421216594331047,2,2
10,4,BENIGN,1,Tot size,0.10371016046720058,0.14205256754520168,0.0383424070780011,0.0383424070780011,6,6
10,4,BENIGN,1,IAT,0.08643754699386622,0.09268783081374202,0.0062502838198758015,0.0062502838198758015,7,8
10,4,BENIGN,1,Number,0.022379737018787975,0.027613610042984,0.005233873024196024,0.005233873024196024,12,13
10,4,BENIGN,1,Variance,0.6975711734524678,0.5731823684144425,-0.1243888050380253,0.1243888050380253,1,1
10,5,BENIGN,1,Header_Length,0.0016762330466493739,0.0023884064134320616,0.0007121733667826877,0.0007121733667826877,18,18
10,5,BENIGN,1,Protocol Type,0.0003115167437227888,0.00035999306548575356,4.8476321762964784e-05,4.8476321762964784e-05,20,22
10,5,BENIGN,1,Time_To_Live,0.1390889735030692,0.33226725150956865,0.19317827800649945,0.19317827800649945,5,4
10,5,BENIGN,1,Rate,0.00015242766777406904,0.00037534427506378317,0.00022291660728971413,0.00022291660728971413,23,20
10,5,BENIGN,1,fin_flag_number,0.00013707398280803234,0.00023204902334415163,9.497504053611929e-05,9.497504053611929e-05,25,25
10,5,BENIGN,1,syn_flag_number,0.02772201016467106,0.01757833729904866,-0.0101436728656224,0.0101436728656224,11,12
10,5,BENIGN,1,rst_flag_number,0.0002442742641016459,0.00037961745902045945,0.00013534319491881357,0.00013534319491881357,22,19
10,5,BENIGN,1,psh_flag_number,0.0002820129300565361,0.0003707614655109667,8.874853545443056e-05,8.874853545443056e-05,21,21
10,5,BENIGN,1,ack_flag_number,0.049058857761195625,0.08256653702873215,0.033507679267536526,0.033507679267536526,9,9
10,5,BENIGN,1,ece_flag_number,0.0,0.0,0.0,0.0,34,33
10,5,BENIGN,1,cwr_flag_number,0.0,0.0,0.0,0.0,35,34
10,5,BENIGN,1,ack_count,0.00436609748587365,0.006376588811175655,0.0020104913253020055,0.0020104913253020055,17,16
10,5,BENIGN,1,syn_count,0.015086724456046401,0.008524130316384406,-0.006562594139661995,0.006562594139661995,14,15
10,5,BENIGN,1,fin_count,0.0046658809662364735,0.006329300831518386,0.0016634198652819123,0.0016634198652819123,16,17
10,5,BENIGN,1,rst_count,0.010279952073426019,0.015552051861708795,0.0052720997882827764,0.0052720997882827764,15,13
10,5,BENIGN,1,HTTP,4.193049659330178e-05,6.852319785889772e-05,2.659270126559594e-05,2.659270126559594e-05,27,27
10,5,BENIGN,1,HTTPS,0.00010387021134613678,0.00015901489248108667,5.514468113494989e-05,5.514468113494989e-05,26,26
10,5,BENIGN,1,DNS,4.257934994915412e-06,5.994514440662629e-06,1.7365794457472164e-06,1.7365794457472164e-06,31,31
10,5,BENIGN,1,Telnet,0.0,0.0,0.0,0.0,36,35
10,5,BENIGN,1,SMTP,0.0,0.0,0.0,0.0,37,36
10,5,BENIGN,1,SSH,9.189009532842957e-08,0.0,-9.189009532842957e-08,9.189009532842957e-08,32,37
10,5,BENIGN,1,IRC,0.0,0.0,0.0,0.0,38,38
10,5,BENIGN,1,TCP,0.0003373685265732504,0.0002878625684347297,-4.950595813852071e-05,4.950595813852071e-05,19,23
10,5,BENIGN,1,UDP,0.029590509490379172,0.026639160072636534,-0.002951349417742638,0.002951349417742638,10,11
10,5,BENIGN,1,DHCP,2.4943453263247304e-08,3.4491024995875592e-06,3.424159046324312e-06,3.424159046324312e-06,33,32
10,5,BENIGN,1,ARP,1.5992648527999324e-05,2.5729218928647445e-05,9.736570400648121e-06,9.736570400648121e-06,29,29
10,5,BENIGN,1,ICMP,0.0001453478101663843,0.00028739112797743736,0.00014204331781105306,0.00014204331781105306,24,24
10,5,BENIGN,1,IGMP,0.0,0.0,0.0,0.0,39,39
10,5,BENIGN,1,IPv,2.1309091932718252e-05,3.673121909857633e-05,1.5422127165858077e-05,1.5422127165858077e-05,28,28
10,5,BENIGN,1,LLC,9.610597869198367e-06,8.00717913058615e-06,-1.6034187386122165e-06,1.6034187386122165e-06,30,30
10,5,BENIGN,1,Tot sum,0.3934440417390601,0.46646562285710247,0.07302158111804236,0.07302158111804236,3,2
10,5,BENIGN,1,Min,0.018934294903986886,0.013715384646478361,-0.005218910257508525,0.005218910257508525,13,14
10,5,BENIGN,1,Max,0.0852028727154772,0.10987384149995436,0.02467096878447715,0.02467096878447715,8,8
10,5,BENIGN,1,AVG,0.25200271694952114,0.39164211318311604,0.1396393962335949,0.1396393962335949,4,3
10,5,BENIGN,1,Std,0.49494520870528436,0.6007277596853797,0.10578255098009537,0.10578255098009537,2,1
10,5,BENIGN,1,Tot size,0.10371016046720058,0.1529135212746729,0.04920336080747231,0.04920336080747231,6,6
10,5,BENIGN,1,IAT,0.08643754699386622,0.13734573067436565,0.05090818368049943,0.05090818368049943,7,7
10,5,BENIGN,1,Number,0.022379737018787975,0.04156049990774252,0.019180762888954546,0.019180762888954546,12,10
10,5,BENIGN,1,Variance,0.6975711734524678,0.30541649541295407,-0.3921546780395137,0.3921546780395137,1,5
10,1,DDOS,1,Header_Length,0.04256898106416009,0.04174637138064531,-0.0008226096835147814,0.0008226096835147814,13,13
10,1,DDOS,1,Protocol Type,0.015630424577841716,0.012360341708711278,-0.0032700828691304383,0.0032700828691304383,19,18
10,1,DDOS,1,Time_To_Live,0.005049941606686809,0.00476006300357328,-0.0002898786031135291,0.0002898786031135291,20,23
10,1,DDOS,1,Rate,0.004593966886041193,0.005054895717362675,0.0004609288313214815,0.0004609288313214815,22,22
10,1,DDOS,1,fin_flag_number,0.0006544453238764532,0.000763653948719585,0.00010920862484313173,0.00010920862484313173,26,25
10,1,DDOS,1,syn_flag_number,0.17433438221924266,0.14107532183110996,-0.0332590603881327,0.0332590603881327,7,6
10,1,DDOS,1,rst_flag_number,0.0030811300339950326,0.002057368059316345,-0.0010237619746786874,0.0010237619746786874,23,24
10,1,DDOS,1,psh_flag_number,0.020927754810962585,0.008413719875424984,-0.0125140349355376,0.0125140349355376,17,20
10,1,DDOS,1,ack_flag_number,0.12128990896685611,0.04961427947562937,-0.07167562949122674,0.07167562949122674,9,10
10,1,DDOS,1,ece_flag_number,0.0,0.0,0.0,0.0,33,33
10,1,DDOS,1,cwr_flag_number,0.0,0.0,0.0,0.0,34,34
10,1,DDOS,1,ack_count,0.06318280503171085,0.03527032372819193,-0.02791248130351892,0.02791248130351892,10,14
10,1,DDOS,1,syn_count,0.05794509735216554,0.04910839551341817,-0.008836701838747373,0.008836701838747373,11,11
10,1,DDOS,1,fin_count,0.202794688442861,0.24356024994279984,0.040765561499938846,0.040765561499938846,5,5
10,1,DDOS,1,rst_count,0.13706484284844328,0.1024179425744565,-0.034646900273986786,0.034646900273986786,8,7
10,1,DDOS,1,HTTP,0.000849741186438973,0.000403060608332042,-0.000446680578106931,0.000446680578106931,24,26
10,1,DDOS,1,HTTPS,5.2493251072634986e-05,3.983908626404009e-05,-1.2654164808594897e-05,1.2654164808594897e-05,27,27
10,1,DDOS,1,DNS,2.3605487210610145e-05,5.584787823457266e-07,-2.304700842826442e-05,2.304700842826442e-05,28,31
10,1,DDOS,1,Telnet,0.0,0.0,0.0,0.0,35,35
10,1,DDOS,1,SMTP,0.0,0.0,0.0,0.0,36,36
10,1,DDOS,1,SSH,0.0,0.0,0.0,0.0,37,37
10,1,DDOS,1,IRC,0.0,0.0,0.0,0.0,38,38
10,1,DDOS,1,TCP,0.016044606515121237,0.015048333902758494,-0.0009962726123627433,0.0009962726123627433,18,17
10,1,DDOS,1,UDP,0.32699173615942045,0.07798096275155295,-0.2490107734078675,0.2490107734078675,4,9
10,1,DDOS,1,DHCP,2.482599211947623e-07,1.2732303398130738e-07,-1.2093688721345493e-07,1.2093688721345493e-07,32,32
10,1,DDOS,1,ARP,2.6409657979127455e-06,4.3176850560765e-06,1.6767192581637545e-06,1.6767192581637545e-06,30,28
10,1,DDOS,1,ICMP,0.03230596625040092,0.03132201429708962,-0.0009839519533113017,0.0009839519533113017,16,15
10,1,DDOS,1,IGMP,0.0,0.0,0.0,0.0,39,39
10,1,DDOS,1,IPv,9.030277549298536e-06,3.2524432686588106e-06,-5.777834280639726e-06,5.777834280639726e-06,29,29
10,1,DDOS,1,LLC,2.155316916343869e-06,3.0339411909902463e-06,8.786242746463773e-07,8.786242746463773e-07,31,30
10,1,DDOS,1,Tot sum,0.6850995946522994,0.6611106712560967,-0.023988923396202733,0.023988923396202733,1,1
10,1,DDOS,1,Min,0.03363393333138168,0.011962227381516108,-0.021671705949865568,0.021671705949865568,15,19
10,1,DDOS,1,Max,0.037887515086593444,0.04183634173623042,0.003948826649636979,0.003948826649636979,14,12
10,1,DDOS,1,AVG,0.37433115617476115,0.43556910754523054,0.06123795137046939,0.06123795137046939,2,2
10,1,DDOS,1,Std,0.055345355998362294,0.08620257562692446,0.030857219628562166,0.030857219628562166,12,8
10,1,DDOS,1,Tot size,0.36075937370430955,0.4329504807817921,0.07219110707748255,0.07219110707748255,3,3
10,1,DDOS,1,IAT,0.004922022368988703,0.02330788464709553,0.01838586227810683,0.01838586227810683,21,16
10,1,DDOS,1,Number,0.0007843236718970458,0.0068540816461748,0.006069757974277754,0.006069757974277754,25,21
10,1,DDOS,1,Variance,0.1776809501663089,0.2659192849623291,0.0882383347960202,0.0882383347960202,6,4
10,2,DDOS,1,Header_Length,0.04256898106416009,0.06408509332649491,0.021516112262334817,0.021516112262334817,13,11
10,2,DDOS,1,Protocol Type,0.015630424577841716,0.020572421780782568,0.004941997202940852,0.004941997202940852,19,18
10,2,DDOS,1,Time_To_Live,0.005049941606686809,0.008050705245706948,0.003000763639020139,0.003000763639020139,20,21
10,2,DDOS,1,Rate,0.004593966886041193,0.009477896033357266,0.004883929147316073,0.004883929147316073,22,20
10,2,DDOS,1,fin_flag_number,0.0006544453238764532,0.0002236328005608546,-0.0004308125233155987,0.0004308125233155987,26,27
10,2,DDOS,1,syn_flag_number,0.17433438221924266,0.24641924011869923,0.07208485789945657,0.07208485789945657,7,4
10,2,DDOS,1,rst_flag_number,0.0030811300339950326,0.0035365495205233323,0.00045541948652829973,0.00045541948652829973,23,23
10,2,DDOS,1,psh_flag_number,0.020927754810962585,0.040793862674036986,0.0198661078630744,0.0198661078630744,17,14
10,2,DDOS,1,ack_flag_number,0.12128990896685611,0.254587134872142,0.13329722590528592,0.13329722590528592,9,3
10,2,DDOS,1,ece_flag_number,0.0,5.955615505622916e-07,5.955615505622916e-07,5.955615505622916e-07,33,32
10,2,DDOS,1,cwr_flag_number,0.0,0.0,0.0,0.0,34,33
10,2,DDOS,1,ack_count,0.06318280503171085,0.1147666065658057,0.05158380153409485,0.05158380153409485,10,8
10,2,DDOS,1,syn_count,0.05794509735216554,0.10087544058037526,0.04293034322820972,0.04293034322820972,11,9
10,2,DDOS,1,fin_count,0.202794688442861,0.17616907932572598,-0.02662560911713502,0.02662560911713502,5,6
10,2,DDOS,1,rst_count,0.13706484284844328,0.1682538717760924,0.03118902892764913,0.03118902892764913,8,7
10,2,DDOS,1,HTTP,0.000849741186438973,0.0019349014925763833,0.0010851603061374103,0.0010851603061374103,24,24
10,2,DDOS,1,HTTPS,5.2493251072634986e-05,0.0007475588206634422,0.0006950655695908072,0.0006950655695908072,27,26
10,2,DDOS,1,DNS,2.3605487210610145e-05,2.424851624118932e-05,6.430290305791733e-07,6.430290305791733e-07,28,28
10,2,DDOS,1,Telnet,0.0,0.0,0.0,0.0,35,34
10,2,DDOS,1,SMTP,0.0,0.0,0.0,0.0,36,35
10,2,DDOS,1,SSH,0.0,0.0,0.0,0.0,37,36
10,2,DDOS,1,IRC,0.0,0.0,0.0,0.0,38,37
10,2,DDOS,1,TCP,0.016044606515121237,0.025884657704659284,0.009840051189538047,0.009840051189538047,18,17
10,2,DDOS,1,UDP,0.32699173615942045,0.20265272031528367,-0.12433901584413679,0.12433901584413679,4,5
10,2,DDOS,1,DHCP,2.482599211947623e-07,0.0,-2.482599211947623e-07,2.482599211947623e-07,32,38
10,2,DDOS,1,ARP,2.6409657979127455e-06,7.985835770902646e-06,5.3448699729899e-06,5.3448699729899e-06,30,31
10,2,DDOS,1,ICMP,0.03230596625040092,0.04553045435663252,0.0132244881062316,0.0132244881062316,16,12
10,2,DDOS,1,IGMP,0.0,0.0,0.0,0.0,39,39
10,2,DDOS,1,IPv,9.030277549298536e-06,1.4119638241711617e-05,5.089360692413081e-06,5.089360692413081e-06,29,29
10,2,DDOS,1,LLC,2.155316916343869e-06,8.01904121153072e-06,5.86372429518685e-06,5.86372429518685e-06,31,30
10,2,DDOS,1,Tot sum,0.6850995946522994,0.46707097474664017,-0.21802861990565925,0.21802861990565925,1,2
10,2,DDOS,1,Min,0.03363393333138168,0.004313286566597142,-0.029320646764784533,0.029320646764784533,15,22
10,2,DDOS,1,Max,0.037887515086593444,0.036882330235158134,-0.0010051848514353104,0.0010051848514353104,14,16
10,2,DDOS,1,AVG,0.37433115617476115,0.043264219905729276,-0.3310669362690319,0.3310669362690319,2,13
10,2,DDOS,1,Std,0.055345355998362294,0.07115493547092812,0.015809579472565824,0.015809579472565824,12,10
10,2,DDOS,1,Tot size,0.36075937370430955,0.03749554464981068,-0.32326382905449885,0.32326382905449885,3,15
10,2,DDOS,1,IAT,0.004922022368988703,0.012922405907736039,0.008000383538747335,0.008000383538747335,21,19
10,2,DDOS,1,Number,0.0007843236718970458,0.0014066161741458619,0.0006222925022488161,0.0006222925022488161,25,25
10,2,DDOS,1,Variance,0.1776809501663089,0.7166240107464852,0.5389430605801763,0.5389430605801763,6,1
10,3,DDOS,1,Header_Length,0.04256898106416009,0.022136567113514926,-0.020432413950645167,0.020432413950645167,13,14
10,3,DDOS,1,Protocol Type,0.015630424577841716,0.01087707135302538,-0.004753353224816336,0.004753353224816336,19,19
10,3,DDOS,1,Time_To_Live,0.005049941606686809,0.0114245513412883,0.006374609734601491,0.006374609734601491,20,18
10,3,DDOS,1,Rate,0.004593966886041193,0.005281460655479079,0.0006874937694378858,0.0006874937694378858,22,23
10,3,DDOS,1,fin_flag_number,0.0006544453238764532,0.0004799963580136619,-0.00017444896586279134,0.00017444896586279134,26,26
10,3,DDOS,1,syn_flag_number,0.17433438221924266,0.17515676385550139,0.0008223816362587233,0.0008223816362587233,7,6
10,3,DDOS,1,rst_flag_number,0.0030811300339950326,0.0022285397959476293,-0.0008525902380474033,0.0008525902380474033,23,24
10,3,DDOS,1,psh_flag_number,0.020927754810962585,0.013292588426754364,-0.007635166384208221,0.007635166384208221,17,16
10,3,DDOS,1,ack_flag_number,0.12128990896685611,0.07469992949377231,-0.0465899794730838,0.0465899794730838,9,10
10,3,DDOS,1,ece_flag_number,0.0,0.0,0.0,0.0,33,33
10,3,DDOS,1,cwr_flag_number,0.0,0.0,0.0,0.0,34,34
10,3,DDOS,1,ack_count,0.06318280503171085,0.052075961975614204,-0.011106843056096646,0.011106843056096646,10,12
10,3,DDOS,1,syn_count,0.05794509735216554,0.06629780098132378,0.008352703629158235,0.008352703629158235,11,11
10,3,DDOS,1,fin_count,0.202794688442861,0.1544025781965309,-0.04839211024633011,0.04839211024633011,5,7
10,3,DDOS,1,rst_count,0.13706484284844328,0.09829786483758145,-0.03876697801086183,0.03876697801086183,8,9
10,3,DDOS,1,HTTP,0.000849741186438973,0.0004853499326436684,-0.0003643912537953046,0.0003643912537953046,24,25
10,3,DDOS,1,HTTPS,5.2493251072634986e-05,0.0001684355472412347,0.00011594229616859972,0.00011594229616859972,27,27
10,3,DDOS,1,DNS,2.3605487210610145e-05,8.467395858610169e-06,-1.5138091351999976e-05,1.5138091351999976e-05,28,29
10,3,DDOS,1,Telnet,0.0,0.0,0.0,0.0,35,35
10,3,DDOS,1,SMTP,0.0,0.0,0.0,0.0,36,36
10,3,DDOS,1,SSH,0.0,2.8778768545546378e-05,2.8778768545546378e-05,2.8778768545546378e-05,37,28
10,3,DDOS,1,IRC,0.0,0.0,0.0,0.0,38,37
10,3,DDOS,1,TCP,0.016044606515121237,0.008827431819390719,-0.007217174695730518,0.007217174695730518,18,21
10,3,DDOS,1,UDP,0.32699173615942045,0.1990505131338997,-0.12794122302552074,0.12794122302552074,4,5
10,3,DDOS,1,DHCP,2.482599211947623e-07,0.0,-2.482599211947623e-07,2.482599211947623e-07,32,38
10,3,DDOS,1,ARP,2.6409657979127455e-06,1.2375409930768275e-06,-1.403424804835918e-06,1.403424804835918e-06,30,32
10,3,DDOS,1,ICMP,0.03230596625040092,0.017084114853766506,-0.015221851396634414,0.015221851396634414,16,15
10,3,DDOS,1,IGMP,0.0,0.0,0.0,0.0,39,39
10,3,DDOS,1,IPv,9.030277549298536e-06,1.890811725892514e-06,-7.139465823406022e-06,7.139465823406022e-06,29,30
10,3,DDOS,1,LLC,2.155316916343869e-06,1.5086922148255575e-06,-6.466247015183115e-07,6.466247015183115e-07,31,31
10,3,DDOS,1,Tot sum,0.6850995946522994,0.35787781273957603,-0.3272217819127234,0.3272217819127234,1,2
10,3,DDOS,1,Min,0.03363393333138168,0.01321732178028542,-0.020416611551096257,0.020416611551096257,15,17
10,3,DDOS,1,Max,0.037887515086593444,0.02659940555676365,-0.011288109529829796,0.011288109529829796,14,13
10,3,DDOS,1,AVG,0.37433115617476115,0.21618660758661062,-0.15814454858815052,0.15814454858815052,2,3
10,3,DDOS,1,Std,0.055345355998362294,0.10392919017418556,0.048583834175823265,0.048583834175823265,12,8
10,3,DDOS,1,Tot size,0.36075937370430955,0.2085714850975187,-0.15218788860679086,0.15218788860679086,3,4
10,3,DDOS,1,IAT,0.004922022368988703,0.008559496990692368,0.003637474621703665,0.003637474621703665,21,22
10,3,DDOS,1,Number,0.0007843236718970458,0.010546238540283465,0.009761914868386418,0.009761914868386418,25,20
10,3,DDOS,1,Variance,0.1776809501663089,0.8074695414917807,0.6297885913254718,0.6297885913254718,6,1
10,4,DDOS,1,Header_Length,0.04256898106416009,0.06391727473455144,0.02134829367039135,0.02134829367039135,13,13
10,4,DDOS,1,Protocol Type,0.015630424577841716,0.026024353105245285,0.010393928527403569,0.010393928527403569,19,17
10,4,DDOS,1,Time_To_Live,0.005049941606686809,0.0041930758952371874,-0.0008568657114496215,0.0008568657114496215,20,22
10,4,DDOS,1,Rate,0.004593966886041193,0.007456271923430261,0.0028623050373890674,0.0028623050373890674,22,20
10,4,DDOS,1,fin_flag_number,0.0006544453238764532,0.0019089194618862248,0.0012544741380097716,0.0012544741380097716,26,24
10,4,DDOS,1,syn_flag_number,0.17433438221924266,0.45371777681276015,0.27938339459351746,0.27938339459351746,7,2
10,4,DDOS,1,rst_flag_number,0.0030811300339950326,0.004299719610105561,0.0012185895761105286,0.0012185895761105286,23,21
10,4,DDOS,1,psh_flag_number,0.020927754810962585,0.02824598138019404,0.007318226569231454,0.007318226569231454,17,16
10,4,DDOS,1,ack_flag_number,0.12128990896685611,0.17070565577140556,0.04941574680454945,0.04941574680454945,9,8
10,4,DDOS,1,ece_flag_number,0.0,0.0,0.0,0.0,33,31
10,4,DDOS,1,cwr_flag_number,0.0,0.0,0.0,0.0,34,32
10,4,DDOS,1,ack_count,0.06318280503171085,0.12197442827389697,0.05879162324218612,0.05879162324218612,10,11
10,4,DDOS,1,syn_count,0.05794509735216554,0.16581805958638737,0.10787296223422183,0.10787296223422183,11,10
10,4,DDOS,1,fin_count,0.202794688442861,0.5318488348823149,0.32905414643945397,0.32905414643945397,5,1
10,4,DDOS,1,rst_count,0.13706484284844328,0.25421495287940843,0.11715011003096515,0.11715011003096515,8,5
10,4,DDOS,1,HTTP,0.000849741186438973,0.0012693327219293862,0.00041959153549041327,0.00041959153549041327,24,25
10,4,DDOS,1,HTTPS,5.2493251072634986e-05,9.606594146432998e-05,4.3572690391694994e-05,4.3572690391694994e-05,27,26
10,4,DDOS,1,DNS,2.3605487210610145e-05,1.1611692158711276e-05,-1.1993795051898869e-05,1.1993795051898869e-05,28,27
10,4,DDOS,1,Telnet,0.0,0.0,0.0,0.0,35,33
10,4,DDOS,1,SMTP,0.0,0.0,0.0,0.0,36,34
10,4,DDOS,1,SSH,0.0,0.0,0.0,0.0,37,35
10,4,DDOS,1,IRC,0.0,0.0,0.0,0.0,38,36
10,4,DDOS,1,TCP,0.016044606515121237,0.02321314151163081,0.0071685349965095735,0.0071685349965095735,18,18
10,4,DDOS,1,UDP,0.32699173615942045,0.3806644332893905,0.053672697129970026,0.053672697129970026,4,3
10,4,DDOS,1,DHCP,2.482599211947623e-07,0.0,-2.482599211947623e-07,2.482599211947623e-07,32,37
10,4,DDOS,1,ARP,2.6409657979127455e-06,4.634296741829447e-06,1.993330943916701e-06,1.993330943916701e-06,30,30
10,4,DDOS,1,ICMP,0.03230596625040092,0.053339062652824856,0.021033096402423936,0.021033096402423936,16,14
10,4,DDOS,1,IGMP,0.0,0.0,0.0,0.0,39,38
10,4,DDOS,1,IPv,9.030277549298536e-06,6.937396786970527e-06,-2.0928807623280095e-06,2.0928807623280095e-06,29,28
10,4,DDOS,1,LLC,2.155316916343869e-06,5.082137514027171e-06,2.9268205976833016e-06,2.9268205976833016e-06,31,29
10,4,DDOS,1,Tot sum,0.6850995946522994,0.31911145122598633,-0.3659881434263131,0.3659881434263131,1,4
10,4,DDOS,1,Min,0.03363393333138168,0.012254814979317569,-0.02137911835206411,0.02137911835206411,15,19
10,4,DDOS,1,Max,0.037887515086593444,0.04922749710777266,0.011339982021179217,0.011339982021179217,14,15
10,4,DDOS,1,AVG,0.37433115617476115,0.22094553592987592,-0.15338562024488522,0.15338562024488522,2,6
10,4,DDOS,1,Std,0.055345355998362294,0.09573867440579915,0.04039331840743686,0.04039331840743686,12,12
10,4,DDOS,1,Tot size,0.36075937370430955,0.17229531567196915,-0.1884640580323404,0.1884640580323404,3,7
10,4,DDOS,1,IAT,0.004922022368988703,0.004096856368145755,-0.0008251660008429485,0.0008251660008429485,21,23
10,4,DDOS,1,Number,0.0007843236718970458,0.0,-0.0007843236718970458,0.0007843236718970458,25,39
10,4,DDOS,1,Variance,0.1776809501663089,0.17058794462178875,-0.007093005544520137,0.007093005544520137,6,9
10,5,DDOS,1,Header_Length,0.04256898106416009,0.13721142331582284,0.09464244225166274,0.09464244225166274,13,9
10,5,DDOS,1,Protocol Type,0.015630424577841716,0.046557514209506254,0.030927089631664538,0.030927089631664538,19,17
10,5,DDOS,1,Time_To_Live,0.005049941606686809,0.011274104812021991,0.0062241632053351825,0.0062241632053351825,20,20
10,5,DDOS,1,Rate,0.004593966886041193,0.024561198494161322,0.01996723160812013,0.01996723160812013,22,18
10,5,DDOS,1,fin_flag_number,0.0006544453238764532,0.0018738726525612051,0.0012194273286847519,0.0012194273286847519,26,24
10,5,DDOS,1,syn_flag_number,0.17433438221924266,0.3523139436687381,0.17797956144949542,0.17797956144949542,7,2
10,5,DDOS,1,rst_flag_number,0.0030811300339950326,0.006122991504728824,0.0030418614707337917,0.0030418614707337917,23,21
10,5,DDOS,1,psh_flag_number,0.020927754810962585,0.018599809227407404,-0.0023279455835551813,0.0023279455835551813,17,19
10,5,DDOS,1,ack_flag_number,0.12128990896685611,0.13647112679554807,0.015181217828691959,0.015181217828691959,9,10
10,5,DDOS,1,ece_flag_number,0.0,0.0,0.0,0.0,33,31
10,5,DDOS,1,cwr_flag_number,0.0,0.0,0.0,0.0,34,32
10,5,DDOS,1,ack_count,0.06318280503171085,0.08308874576540982,0.019905940733698974,0.019905940733698974,10,14
10,5,DDOS,1,syn_count,0.05794509735216554,0.09770630731827422,0.03976120996610868,0.03976120996610868,11,12
10,5,DDOS,1,fin_count,0.202794688442861,0.6049657717372697,0.40217108329440876,0.40217108329440876,5,1
10,5,DDOS,1,rst_count,0.13706484284844328,0.29975385821436096,0.16268901536591768,0.16268901536591768,8,5
10,5,DDOS,1,HTTP,0.000849741186438973,0.0031168472097386386,0.0022671060232996657,0.0022671060232996657,24,23
10,5,DDOS,1,HTTPS,5.2493251072634986e-05,0.000274228844432134,0.000221735593359499,0.000221735593359499,27,25
10,5,DDOS,1,DNS,2.3605487210610145e-05,2.488464689904476e-05,1.2791596884346141e-06,1.2791596884346141e-06,28,26
10,5,DDOS,1,Telnet,0.0,0.0,0.0,0.0,35,33
10,5,DDOS,1,SMTP,0.0,0.0,0.0,0.0,36,34
10,5,DDOS,1,SSH,0.0,0.0,0.0,0.0,37,35
10,5,DDOS,1,IRC,0.0,0.0,0.0,0.0,38,36
10,5,DDOS,1,TCP,0.016044606515121237,0.049839200071882896,0.03379459355676166,0.03379459355676166,18,16
10,5,DDOS,1,UDP,0.32699173615942045,0.2778872792561337,-0.04910445690328674,0.04910445690328674,4,6
10,5,DDOS,1,DHCP,2.482599211947623e-07,2.4394925196428896e-08,-2.2386499599833342e-07,2.2386499599833342e-07,32,30
10,5,DDOS,1,ARP,2.6409657979127455e-06,5.9049837314601055e-06,3.26401793354736e-06,3.26401793354736e-06,30,28
10,5,DDOS,1,ICMP,0.03230596625040092,0.11413900777851467,0.08183304152811374,0.08183304152811374,16,11
10,5,DDOS,1,IGMP,0.0,0.0,0.0,0.0,39,37
10,5,DDOS,1,IPv,9.030277549298536e-06,1.0125913759388288e-05,1.0956362100897516e-06,1.0956362100897516e-06,29,27
10,5,DDOS,1,LLC,2.155316916343869e-06,5.283318152194075e-06,3.1280012358502062e-06,3.1280012358502062e-06,31,29
10,5,DDOS,1,Tot sum,0.6850995946522994,0.3003765806124345,-0.3847230140398649,0.3847230140398649,1,4
10,5,DDOS,1,Min,0.03363393333138168,0.0,-0.03363393333138168,0.03363393333138168,15,38
10,5,DDOS,1,Max,0.037887515086593444,0.07831416503875038,0.04042664995215694,0.04042664995215694,14,15
10,5,DDOS,1,AVG,0.37433115617476115,0.14393060427417856,-0.2304005519005826,0.2304005519005826,2,8
10,5,DDOS,1,Std,0.055345355998362294,0.20459034322816202,0.14924498722979973,0.14924498722979973,12,7
10,5,DDOS,1,Tot size,0.36075937370430955,0.0965373038545414,-0.26422206984976815,0.26422206984976815,3,13
10,5,DDOS,1,IAT,0.004922022368988703,0.005746542243723707,0.0008245198747350042,0.0008245198747350042,21,22
10,5,DDOS,1,Number,0.0007843236718970458,0.0,-0.0007843236718970458,0.0007843236718970458,25,39
10,5,DDOS,1,Variance,0.1776809501663089,0.31909985034123795,0.14141890017492906,0.14141890017492906,6,3
10,1,DOS,1,Header_Length,0.018587974471956287,0.016217890532478976,-0.0023700839394773104,0.0023700839394773104,15,15
10,1,DOS,1,Protocol Type,0.009695012754173702,0.005483273744620745,-0.004211739009552957,0.004211739009552957,18,21
10,1,DOS,1,Time_To_Live,0.011121937470323046,0.0160827825152,0.004960845044876955,0.004960845044876955,17,16
10,1,DOS,1,Rate,0.002062093743522377,0.004150087221016981,0.002087993477494604,0.002087993477494604,22,22
10,1,DOS,1,fin_flag_number,0.0002916514047146508,0.00029959672265744827,7.945317942797449e-06,7.945317942797449e-06,27,27
10,1,DOS,1,syn_flag_number,0.09872745286371278,0.057571150360803895,-0.04115630250290888,0.04115630250290888,6,9
10,1,DOS,1,rst_flag_number,0.0012480576114825407,0.0006487906492200738,-0.000599266962262467,0.000599266962262467,23,25
10,1,DOS,1,psh_flag_number,0.009428761743462476,0.0074668253649039,-0.001961936378558576,0.001961936378558576,19,19
10,1,DOS,1,ack_flag_number,0.0773515856258004,0.05503287432641276,-0.022318711299387638,0.022318711299387638,9,10
10,1,DOS,1,ece_flag_number,0.0,0.0,0.0,0.0,33,33
10,1,DOS,1,cwr_flag_number,0.0,0.0,0.0,0.0,34,34
10,1,DOS,1,ack_count,0.031919410343400095,0.020723776634125002,-0.011195633709275093,0.011195633709275093,14,14
10,1,DOS,1,syn_count,0.05408573946923058,0.039758769154790506,-0.014326970314440073,0.014326970314440073,12,11
10,1,DOS,1,fin_count,0.08589693914462669,0.08404372096376816,-0.0018532181808585263,0.0018532181808585263,7,7
10,1,DOS,1,rst_count,0.05799492222701932,0.03361541903301388,-0.02437950319400544,0.02437950319400544,11,12
10,1,DOS,1,HTTP,0.000538546450917157,0.00033109990450449844,-0.00020744654641265857,0.00020744654641265857,26,26
10,1,DOS,1,HTTPS,0.0006064458300991355,0.0007557205506032349,0.00014927472050409933,0.00014927472050409933,24,24
10,1,DOS,1,DNS,1.753496581923403e-05,6.75032825690415e-06,-1.078463756232988e-05,1.078463756232988e-05,28,28
10,1,DOS,1,Telnet,0.0,0.0,0.0,0.0,35,35
10,1,DOS,1,SMTP,0.0,0.0,0.0,0.0,36,36
10,1,DOS,1,SSH,0.0,0.0,0.0,0.0,37,37
10,1,DOS,1,IRC,0.0,0.0,0.0,0.0,38,38
10,1,DOS,1,TCP,0.00908848341048708,0.006959316367034744,-0.002129167043452336,0.002129167043452336,20,20
10,1,DOS,1,UDP,0.3754161966929047,0.1141047017445361,-0.2613114949483686,0.2613114949483686,3,6
10,1,DOS,1,DHCP,2.3426735768453562e-07,5.84170450960908e-08,-1.7585031258844482e-07,1.7585031258844482e-07,32,32
10,1,DOS,1,ARP,2.011389839351724e-06,3.4714505779160834e-06,1.4600607385643593e-06,1.4600607385643593e-06,30,29
10,1,DOS,1,ICMP,0.012789848338233049,0.010057093004466281,-0.0027327553337667676,0.0027327553337667676,16,17
10,1,DOS,1,IGMP,0.0,0.0,0.0,0.0,39,39
10,1,DOS,1,IPv,4.1627669130647446e-06,2.19207282641377e-06,-1.9706940866509744e-06,1.9706940866509744e-06,29,31
10,1,DOS,1,LLC,1.7090988454201574e-06,2.37485176980688e-06,6.657529243867226e-07,6.657529243867226e-07,31,30
10,1,DOS,1,Tot sum,0.6869051078238431,0.7414391093612137,0.05453400153737065,0.05453400153737065,1,1
10,1,DOS,1,Min,0.08356270244671758,0.030321256710482792,-0.053241445736234794,0.053241445736234794,8,13
10,1,DOS,1,Max,0.04790526228660142,0.06064022577439769,0.01273496348779627,0.01273496348779627,13,8
10,1,DOS,1,AVG,0.503722358614299,0.5024015304865529,-0.0013208281277461431,0.0013208281277461431,2,2
10,1,DOS,1,Std,0.07288226938883807,0.11535675873687953,0.04247448934804146,0.04247448934804146,10,5
10,1,DOS,1,Tot size,0.2719725521435622,0.34732225758637364,0.07534970544281144,0.07534970544281144,4,3
10,1,DOS,1,IAT,0.0024234228171099185,0.008181679284767604,0.005758256467657686,0.005758256467657686,21,18
10,1,DOS,1,Number,0.0005671354856240149,0.001509914980854823,0.000942779495230808,0.000942779495230808,25,23
10,1,DOS,1,Variance,0.11662796146537899,0.17003816735388438,0.053410205888505397,0.053410205888505397,5,4
10,2,DOS,1,Header_Length,0.018587974471956287,0.017251394748080143,-0.001336579723876144,0.001336579723876144,15,15
10,2,DOS,1,Protocol Type,0.009695012754173702,0.00810375038931417,-0.0015912623648595327,0.0015912623648595327,18,19
10,2,DOS,1,Time_To_Live,0.011121937470323046,0.010573311864242764,-0.000548625606080282,0.000548625606080282,17,17
10,2,DOS,1,Rate,0.002062093743522377,0.006099877788059562,0.0040377840445371856,0.0040377840445371856,22,21
10,2,DOS,1,fin_flag_number,0.0002916514047146508,3.285276749707449e-06,-0.00028836612796494335,0.00028836612796494335,27,31
10,2,DOS,1,syn_flag_number,0.09872745286371278,0.09548856297280414,-0.0032388898909086333,0.0032388898909086333,6,9
10,2,DOS,1,rst_flag_number,0.0012480576114825407,0.00015511414265280358,-0.001092943468829737,0.001092943468829737,23,26
10,2,DOS,1,psh_flag_number,0.009428761743462476,0.025533616572049864,0.016104854828587388,0.016104854828587388,19,13
10,2,DOS,1,ack_flag_number,0.0773515856258004,0.19181214050517761,0.11446055487937722,0.11446055487937722,9,7
10,2,DOS,1,ece_flag_number,0.0,8.708469350989851e-07,8.708469350989851e-07,8.708469350989851e-07,33,32
10,2,DOS,1,cwr_flag_number,0.0,0.0,0.0,0.0,34,33
10,2,DOS,1,ack_count,0.031919410343400095,0.09220130150127251,0.060281891157872414,0.060281891157872414,14,10
10,2,DOS,1,syn_count,0.05408573946923058,0.10199849075759042,0.04791275128835984,0.04791275128835984,12,8
10,2,DOS,1,fin_count,0.08589693914462669,0.0006944745727069206,-0.08520246457191977,0.08520246457191977,7,24
10,2,DOS,1,rst_count,0.05799492222701932,0.01993015955313029,-0.03806476267388903,0.03806476267388903,11,14
10,2,DOS,1,HTTP,0.000538546450917157,0.0007439323663036185,0.0002053859153864615,0.0002053859153864615,26,23
10,2,DOS,1,HTTPS,0.0006064458300991355,0.0006075714951205966,1.1256650214611173e-06,1.1256650214611173e-06,24,25
10,2,DOS,1,DNS,1.753496581923403e-05,2.2648891753805382e-05,5.113925934571353e-06,5.113925934571353e-06,28,27
10,2,DOS,1,Telnet,0.0,0.0,0.0,0.0,35,34
10,2,DOS,1,SMTP,0.0,0.0,0.0,0.0,36,35
10,2,DOS,1,SSH,0.0,0.0,0.0,0.0,37,36
10,2,DOS,1,IRC,0.0,0.0,0.0,0.0,38,37
10,2,DOS,1,TCP,0.00908848341048708,0.009195970389804164,0.00010748697931708441,0.00010748697931708441,20,18
10,2,DOS,1,UDP,0.3754161966929047,0.3292850357873155,-0.04613116090558922,0.04613116090558922,3,4
10,2,DOS,1,DHCP,2.3426735768453562e-07,0.0,-2.3426735768453562e-07,2.3426735768453562e-07,32,38
10,2,DOS,1,ARP,2.011389839351724e-06,1.569010365616885e-05,1.3678713816817126e-05,1.3678713816817126e-05,30,28
10,2,DOS,1,ICMP,0.012789848338233049,0.006299269035719924,-0.006490579302513125,0.006490579302513125,16,20
10,2,DOS,1,IGMP,0.0,0.0,0.0,0.0,39,39
10,2,DOS,1,IPv,4.1627669130647446e-06,1.3690837454428334e-05,9.528070541363589e-06,9.528070541363589e-06,29,30
10,2,DOS,1,LLC,1.7090988454201574e-06,1.5473995722758463e-05,1.3764896877338306e-05,1.3764896877338306e-05,31,29
10,2,DOS,1,Tot sum,0.6869051078238431,0.5955326309269604,-0.09137247689688266,0.09137247689688266,1,1
10,2,DOS,1,Min,0.08356270244671758,0.0424794220145691,-0.04108328043214848,0.04108328043214848,8,12
10,2,DOS,1,Max,0.04790526228660142,0.08651907132666475,0.038613809040063334,0.038613809040063334,13,11
10,2,DOS,1,AVG,0.503722358614299,0.38748283697346664,-0.1162395216408324,0.1162395216408324,2,3
10,2,DOS,1,Std,0.07288226938883807,0.21956117793634067,0.1466789085475026,0.1466789085475026,10,5
10,2,DOS,1,Tot size,0.2719725521435622,0.21540811286751105,-0.05656443927605115,0.05656443927605115,4,6
10,2,DOS,1,IAT,0.0024234228171099185,0.011047463634713667,0.008624040817603748,0.008624040817603748,21,16
10,2,DOS,1,Number,0.0005671354856240149,0.004343499931399545,0.00377636444577553,0.00377636444577553,25,22
10,2,DOS,1,Variance,0.11662796146537899,0.46500397729389875,0.34837601582851974,0.34837601582851974,5,2
10,3,DOS,1,Header_Length,0.018587974471956287,0.012385227324257751,-0.0062027471476985355,0.0062027471476985355,15,16
10,3,DOS,1,Protocol Type,0.009695012754173702,0.005153413103304906,-0.004541599650868796,0.004541599650868796,18,21
10,3,DOS,1,Time_To_Live,0.011121937470323046,0.008710131297499455,-0.0024118061728235912,0.0024118061728235912,17,17
10,3,DOS,1,Rate,0.002062093743522377,0.0032057384890637635,0.0011436447455413865,0.0011436447455413865,22,22
10,3,DOS,1,fin_flag_number,0.0002916514047146508,0.0002454806683486168,-4.617073636603401e-05,4.617073636603401e-05,27,26
10,3,DOS,1,syn_flag_number,0.09872745286371278,0.0942946122898393,-0.00443284057387347,0.00443284057387347,6,6
10,3,DOS,1,rst_flag_number,0.0012480576114825407,0.0009264799905097307,-0.00032157762097281004,0.00032157762097281004,23,24
10,3,DOS,1,psh_flag_number,0.009428761743462476,0.0054847888881902895,-0.003943972855272187,0.003943972855272187,19,20
10,3,DOS,1,ack_flag_number,0.0773515856258004,0.03886172233675723,-0.03848986328904317,0.03848986328904317,9,13
10,3,DOS,1,ece_flag_number,0.0,0.0,0.0,0.0,33,36
10,3,DOS,1,cwr_flag_number,0.0,0.0,0.0,0.0,34,37
10,3,DOS,1,ack_count,0.031919410343400095,0.01962975574579466,-0.012289654597605434,0.012289654597605434,14,14
10,3,DOS,1,syn_count,0.05408573946923058,0.043765315426279296,-0.010320424042951283,0.010320424042951283,12,12
10,3,DOS,1,fin_count,0.08589693914462669,0.07149322670845212,-0.014403712436174568,0.014403712436174568,7,8
10,3,DOS,1,rst_count,0.05799492222701932,0.05160176713557037,-0.00639315509144895,0.00639315509144895,11,10
10,3,DOS,1,HTTP,0.000538546450917157,0.00014308834665774026,-0.00039545810425941675,0.00039545810425941675,26,27
10,3,DOS,1,HTTPS,0.0006064458300991355,0.0005590980641175808,-4.734776598155476e-05,4.734776598155476e-05,24,25
10,3,DOS,1,DNS,1.753496581923403e-05,1.1528406793979458e-05,-6.006559025254571e-06,6.006559025254571e-06,28,28
10,3,DOS,1,Telnet,0.0,9.671617283664428e-08,9.671617283664428e-08,9.671617283664428e-08,35,35
10,3,DOS,1,SMTP,0.0,1.1747993841889381e-07,1.1747993841889381e-07,1.1747993841889381e-07,36,34
10,3,DOS,1,SSH,0.0,1.5987734413248591e-06,1.5987734413248591e-06,1.5987734413248591e-06,37,30
10,3,DOS,1,IRC,0.0,1.5419905599848205e-07,1.5419905599848205e-07,1.5419905599848205e-07,38,33
10,3,DOS,1,TCP,0.00908848341048708,0.005951997818077923,-0.003136485592409157,0.003136485592409157,20,19
10,3,DOS,1,UDP,0.3754161966929047,0.22141677472195465,-0.15399942197095007,0.15399942197095007,3,5
10,3,DOS,1,DHCP,2.3426735768453562e-07,0.0,-2.3426735768453562e-07,2.3426735768453562e-07,32,38
10,3,DOS,1,ARP,2.011389839351724e-06,3.1215645662698863e-07,-1.6992333827247355e-06,1.6992333827247355e-06,30,32
10,3,DOS,1,ICMP,0.012789848338233049,0.007142867069263827,-0.005646981268969222,0.005646981268969222,16,18
10,3,DOS,1,IGMP,0.0,0.0,0.0,0.0,39,39
10,3,DOS,1,IPv,4.1627669130647446e-06,1.4585933174514475e-06,-2.704173595613297e-06,2.704173595613297e-06,29,31
10,3,DOS,1,LLC,1.7090988454201574e-06,2.045348789269826e-06,3.3624994384966877e-07,3.3624994384966877e-07,31,29
10,3,DOS,1,Tot sum,0.6869051078238431,0.6672880498542131,-0.01961705796962998,0.01961705796962998,1,1
10,3,DOS,1,Min,0.08356270244671758,0.0744061340327634,-0.00915656841395418,0.00915656841395418,8,7
10,3,DOS,1,Max,0.04790526228660142,0.047887854860102726,-1.7407426498694534e-05,1.7407426498694534e-05,13,11
10,3,DOS,1,AVG,0.503722358614299,0.530473144191333,0.02675078557703392,0.02675078557703392,2,2
10,3,DOS,1,Std,0.07288226938883807,0.05332461338986004,-0.019557655998978032,0.019557655998978032,10,9
10,3,DOS,1,Tot size,0.2719725521435622,0.32672753562394496,0.05475498348038277,0.05475498348038277,4,3
10,3,DOS,1,IAT,0.0024234228171099185,0.016452609005599396,0.014029186188489477,0.014029186188489477,21,15
10,3,DOS,1,Number,0.0005671354856240149,0.002895597917544701,0.002328462431920686,0.002328462431920686,25,23
10,3,DOS,1,Variance,0.11662796146537899,0.2928074229105732,0.17617946144519422,0.17617946144519422,5,4
10,4,DOS,1,Header_Length,0.018587974471956287,0.052735536853400704,0.03414756238144442,0.03414756238144442,15,12
10,4,DOS,1,Protocol Type,0.009695012754173702,0.017690196497239928,0.007995183743066226,0.007995183743066226,18,18
10,4,DOS,1,Time_To_Live,0.011121937470323046,0.0037495671764390818,-0.0073723702938839645,0.0073723702938839645,17,22
10,4,DOS,1,Rate,0.002062093743522377,0.004786483788368535,0.0027243900448461577,0.0027243900448461577,22,21
10,4,DOS,1,fin_flag_number,0.0002916514047146508,0.0004054173458736564,0.0001137659411590056,0.0001137659411590056,27,24
10,4,DOS,1,syn_flag_number,0.09872745286371278,0.15998570427320893,0.06125825140949616,0.06125825140949616,6,5
10,4,DOS,1,rst_flag_number,0.0012480576114825407,0.0008434205367068311,-0.0004046370747757096,0.0004046370747757096,23,23
10,4,DOS,1,psh_flag_number,0.009428761743462476,0.007336852348734386,-0.002091909394728091,0.002091909394728091,19,19
10,4,DOS,1,ack_flag_number,0.0773515856258004,0.05219643259090486,-0.025155153034895537,0.025155153034895537,9,13
10,4,DOS,1,ece_flag_number,0.0,0.0,0.0,0.0,33,32
10,4,DOS,1,cwr_flag_number,0.0,0.0,0.0,0.0,34,33
10,4,DOS,1,ack_count,0.031919410343400095,0.03640203266021347,0.004482622316813373,0.004482622316813373,14,16
10,4,DOS,1,syn_count,0.05408573946923058,0.08823973349015568,0.0341539940209251,0.0341539940209251,12,10
10,4,DOS,1,fin_count,0.08589693914462669,0.10008048517667412,0.014183546032047425,0.014183546032047425,7,9
10,4,DOS,1,rst_count,0.05799492222701932,0.059982374885826084,0.0019874526588067667,0.0019874526588067667,11,11
10,4,DOS,1,HTTP,0.000538546450917157,0.0003420491418394269,-0.0001964973090777301,0.0001964973090777301,26,25
10,4,DOS,1,HTTPS,0.0006064458300991355,6.551389943144739e-05,-0.0005409319306676881,0.0005409319306676881,24,26
10,4,DOS,1,DNS,1.753496581923403e-05,8.128358516656757e-06,-9.406607302577272e-06,9.406607302577272e-06,28,27
10,4,DOS,1,Telnet,0.0,0.0,0.0,0.0,35,34
10,4,DOS,1,SMTP,0.0,0.0,0.0,0.0,36,35
10,4,DOS,1,SSH,0.0,5.591085431907272e-07,5.591085431907272e-07,5.591085431907272e-07,37,31
10,4,DOS,1,IRC,0.0,0.0,0.0,0.0,38,36
10,4,DOS,1,TCP,0.00908848341048708,0.02153288410590061,0.01244440069541353,0.01244440069541353,20,17
10,4,DOS,1,UDP,0.3754161966929047,0.3799337799323219,0.0045175832394172,0.0045175832394172,3,3
10,4,DOS,1,DHCP,2.3426735768453562e-07,0.0,-2.3426735768453562e-07,2.3426735768453562e-07,32,37
10,4,DOS,1,ARP,2.011389839351724e-06,4.875985360776667e-06,2.864595521424943e-06,2.864595521424943e-06,30,29
10,4,DOS,1,ICMP,0.012789848338233049,0.04010466534160357,0.02731481700337052,0.02731481700337052,16,14
10,4,DOS,1,IGMP,0.0,0.0,0.0,0.0,39,38
10,4,DOS,1,IPv,4.1627669130647446e-06,4.61499195397516e-06,4.5222504091041544e-07,4.5222504091041544e-07,29,30
10,4,DOS,1,LLC,1.7090988454201574e-06,5.063531201953349e-06,3.3544323565331916e-06,3.3544323565331916e-06,31,28
10,4,DOS,1,Tot sum,0.6869051078238431,0.4962812294182881,-0.19062387840555495,0.19062387840555495,1,2
10,4,DOS,1,Min,0.08356270244671758,0.03696556714396623,-0.04659713530275135,0.04659713530275135,8,15
10,4,DOS,1,Max,0.04790526228660142,0.10674710498733808,0.05884184270073666,0.05884184270073666,13,7
10,4,DOS,1,AVG,0.503722358614299,0.2947485237685795,-0.20897383484571952,0.20897383484571952,2,4
10,4,DOS,1,Std,0.07288226938883807,0.10572870778554029,0.03284643839670222,0.03284643839670222,10,8
10,4,DOS,1,Tot size,0.2719725521435622,0.1431127195625618,-0.1288598325810004,0.1288598325810004,4,6
10,4,DOS,1,IAT,0.0024234228171099185,0.005463324516825921,0.0030399016997160024,0.0030399016997160024,21,20
10,4,DOS,1,Number,0.0005671354856240149,0.0,-0.0005671354856240149,0.0005671354856240149,25,39
10,4,DOS,1,Variance,0.11662796146537899,0.649403149338221,0.532775187872842,0.532775187872842,5,1
10,5,DOS,1,Header_Length,0.018587974471956287,0.04007404084841187,0.02148606637645558,0.02148606637645558,15,13
10,5,DOS,1,Protocol Type,0.009695012754173702,0.01607875991096437,0.006383747156790669,0.006383747156790669,18,17
10,5,DOS,1,Time_To_Live,0.011121937470323046,0.005454225563862654,-0.005667711906460393,0.005667711906460393,17,21
10,5,DOS,1,Rate,0.002062093743522377,0.00938051183201724,0.007318418088494863,0.007318418088494863,22,19
10,5,DOS,1,fin_flag_number,0.0002916514047146508,0.0006743776644325862,0.00038272625971793537,0.00038272625971793537,27,25
10,5,DOS,1,syn_flag_number,0.09872745286371278,0.14367155582329355,0.044944102959580776,0.044944102959580776,6,6
10,5,DOS,1,rst_flag_number,0.0012480576114825407,0.0018253898704053589,0.0005773322589228181,0.0005773322589228181,23,23
10,5,DOS,1,psh_flag_number,0.009428761743462476,0.007551639625068946,-0.0018771221183935304,0.0018771221183935304,19,20
10,5,DOS,1,ack_flag_number,0.0773515856258004,0.08009797259137966,0.002746386965579259,0.002746386965579259,9,10
10,5,DOS,1,ece_flag_number,0.0,0.0,0.0,0.0,33,31
10,5,DOS,1,cwr_flag_number,0.0,0.0,0.0,0.0,34,32
10,5,DOS,1,ack_count,0.031919410343400095,0.02270021396263265,-0.009219196380767444,0.009219196380767444,14,16
10,5,DOS,1,syn_count,0.05408573946923058,0.036344834285578456,-0.017740905183652123,0.017740905183652123,12,14
10,5,DOS,1,fin_count,0.08589693914462669,0.20727994356171245,0.12138300441708576,0.12138300441708576,7,5
10,5,DOS,1,rst_count,0.05799492222701932,0.08831860212950902,0.030323679902489707,0.030323679902489707,11,9
10,5,DOS,1,HTTP,0.000538546450917157,0.0008759446574907225,0.0003373982065735655,0.0003373982065735655,26,24
10,5,DOS,1,HTTPS,0.0006064458300991355,0.00015018807701755498,-0.00045625775308158055,0.00045625775308158055,24,26
10,5,DOS,1,DNS,1.753496581923403e-05,5.001833988551012e-06,-1.2533131830683018e-05,1.2533131830683018e-05,28,30
10,5,DOS,1,Telnet,0.0,0.0,0.0,0.0,35,33
10,5,DOS,1,SMTP,0.0,0.0,0.0,0.0,36,34
10,5,DOS,1,SSH,0.0,0.0,0.0,0.0,37,35
10,5,DOS,1,IRC,0.0,0.0,0.0,0.0,38,36
10,5,DOS,1,TCP,0.00908848341048708,0.015435768618636055,0.006347285208148975,0.006347285208148975,20,18
10,5,DOS,1,UDP,0.3754161966929047,0.4480419895017786,0.07262579280887388,0.07262579280887388,3,3
10,5,DOS,1,DHCP,2.3426735768453562e-07,0.0,-2.3426735768453562e-07,2.3426735768453562e-07,32,37
10,5,DOS,1,ARP,2.011389839351724e-06,6.822820699733234e-06,4.81143086038151e-06,4.81143086038151e-06,30,28
10,5,DOS,1,ICMP,0.012789848338233049,0.030903674478848633,0.018113826140615585,0.018113826140615585,16,15
10,5,DOS,1,IGMP,0.0,0.0,0.0,0.0,39,38
10,5,DOS,1,IPv,4.1627669130647446e-06,7.190237732335845e-06,3.0274708192711e-06,3.0274708192711e-06,29,27
10,5,DOS,1,LLC,1.7090988454201574e-06,6.18776226247433e-06,4.478663417054173e-06,4.478663417054173e-06,31,29
10,5,DOS,1,Tot sum,0.6869051078238431,0.6110059978264115,-0.07589910999743155,0.07589910999743155,1,1
10,5,DOS,1,Min,0.08356270244671758,0.057619587087584585,-0.025943115359132997,0.025943115359132997,8,12
10,5,DOS,1,Max,0.04790526228660142,0.07251490400177457,0.02460964171517315,0.02460964171517315,13,11
10,5,DOS,1,AVG,0.503722358614299,0.4997156563234298,-0.004006702290869246,0.004006702290869246,2,2
10,5,DOS,1,Std,0.07288226938883807,0.1111788889880196,0.03829661959918153,0.03829661959918153,10,8
10,5,DOS,1,Tot size,0.2719725521435622,0.23509641962954908,-0.036876132514013116,0.036876132514013116,4,4
10,5,DOS,1,IAT,0.0024234228171099185,0.004070109213582371,0.0016466863964724526,0.0016466863964724526,21,22
10,5,DOS,1,Number,0.0005671354856240149,0.0,-0.0005671354856240149,0.0005671354856240149,25,39
10,5,DOS,1,Variance,0.11662796146537899,0.13073845252313077,0.014110491057751778,0.014110491057751778,5,7
10,1,MIRAI,1,Header_Length,0.00029681197418873577,0.00042024695244012215,0.00012343497825138637,0.00012343497825138637,17,16
10,1,MIRAI,1,Protocol Type,0.001663677700818157,0.0016979369864719206,3.425928565376347e-05,3.425928565376347e-05,13,13
10,1,MIRAI,1,Time_To_Live,3.294769109022112e-05,6.010972219362658e-05,2.7162031103405457e-05,2.7162031103405457e-05,22,21
10,1,MIRAI,1,Rate,5.654807085294399e-05,5.919250749010424e-05,2.6444366371602496e-06,2.6444366371602496e-06,21,22
10,1,MIRAI,1,fin_flag_number,2.7635991909036707e-05,2.635089429408021e-05,-1.2850976149564982e-06,1.2850976149564982e-06,23,24
10,1,MIRAI,1,syn_flag_number,0.00849902482505447,0.007864370893026565,-0.0006346539320279052,0.0006346539320279052,9,9
10,1,MIRAI,1,rst_flag_number,6.963403965518219e-05,6.729112595337658e-05,-2.3429137018056076e-06,2.3429137018056076e-06,20,20
10,1,MIRAI,1,psh_flag_number,0.00014687514201195176,9.794509065422824e-05,-4.893005135772353e-05,4.893005135772353e-05,19,19
10,1,MIRAI,1,ack_flag_number,0.0013442484198518728,0.0009889641366565202,-0.00035528428319535257,0.00035528428319535257,15,15
10,1,MIRAI,1,ece_flag_number,0.0,0.0,0.0,0.0,33,33
10,1,MIRAI,1,cwr_flag_number,0.0,0.0,0.0,0.0,34,34
10,1,MIRAI,1,ack_count,0.002941362519587415,0.0019233271111827317,-0.0010180354084046834,0.0010180354084046834,11,12
10,1,MIRAI,1,syn_count,0.007023579032472383,0.006558412149254652,-0.0004651668832177311,0.0004651668832177311,10,10
10,1,MIRAI,1,fin_count,0.001418992880264478,0.001202287681811417,-0.00021670519845306104,0.00021670519845306104,14,14
10,1,MIRAI,1,rst_count,0.0028118274434248787,0.002785412222747508,-2.6415220677370593e-05,2.6415220677370593e-05,12,11
10,1,MIRAI,1,HTTP,1.1274037783850219e-05,6.3933443627996305e-06,-4.8806934210505885e-06,4.8806934210505885e-06,26,26
10,1,MIRAI,1,HTTPS,1.471805817414332e-07,2.3031192488057754e-07,8.313134313914433e-08,8.313134313914433e-08,30,29
10,1,MIRAI,1,DNS,7.961596789993843e-08,1.0308402975482404e-07,2.346806185488561e-08,2.346806185488561e-08,31,31
10,1,MIRAI,1,Telnet,0.0,0.0,0.0,0.0,35,35
10,1,MIRAI,1,SMTP,0.0,0.0,0.0,0.0,36,36
10,1,MIRAI,1,SSH,0.0,0.0,0.0,0.0,37,37
10,1,MIRAI,1,IRC,0.0,0.0,0.0,0.0,38,38
10,1,MIRAI,1,TCP,0.0001685375154409898,0.00028046451454925256,0.00011192699910826277,0.00011192699910826277,18,18
10,1,MIRAI,1,UDP,0.02684739118672598,0.020442813887360446,-0.006404577299365534,0.006404577299365534,8,8
10,1,MIRAI,1,DHCP,4.9279295913437735e-09,7.655947202892944e-09,2.7280176115491705e-09,2.7280176115491705e-09,32,32
10,1,MIRAI,1,ARP,1.5446968566458846e-07,2.1948322298872374e-07,6.501353732413528e-08,6.501353732413528e-08,29,30
10,1,MIRAI,1,ICMP,2.763101536605502e-05,1.447622656003715e-05,-1.315478880601787e-05,1.315478880601787e-05,24,25
10,1,MIRAI,1,IGMP,0.0,0.0,0.0,0.0,39,39
10,1,MIRAI,1,IPv,1.8273228870468113e-07,3.420739128129889e-07,1.5934162410830776e-07,1.5934162410830776e-07,28,28
10,1,MIRAI,1,LLC,3.1830866493434756e-07,5.544081205859771e-07,2.3609945565162958e-07,2.3609945565162958e-07,27,27
10,1,MIRAI,1,Tot sum,0.754737815691836,0.733878047889146,-0.020859767802689944,0.020859767802689944,1,1
10,1,MIRAI,1,Min,0.044165996823858626,0.037676048801317696,-0.00648994802254093,0.00648994802254093,5,7
10,1,MIRAI,1,Max,0.04112769890209537,0.04418096644291303,0.00305326754081766,0.00305326754081766,6,6
10,1,MIRAI,1,AVG,0.5197976219374728,0.528963832984252,0.009166211046779171,0.009166211046779171,2,2
10,1,MIRAI,1,Std,0.033247790842596686,0.04963746528902313,0.016389674446426444,0.016389674446426444,7,5
10,1,MIRAI,1,Tot size,0.38679430777025875,0.4114339257659865,0.024639617995727725,0.024639617995727725,3,3
10,1,MIRAI,1,IAT,0.00034993718402734846,0.0003868184551615192,3.6881271134170726e-05,3.6881271134170726e-05,16,17
10,1,MIRAI,1,Number,1.2233674759206178e-05,4.228930606918762e-05,3.0055631309981443e-05,3.0055631309981443e-05,25,23
10,1,MIRAI,1,Variance,0.0704139365472559,0.07724710796373704,0.00683317141648114,0.00683317141648114,4,4
10,2,MIRAI,1,Header_Length,0.00029681197418873577,0.00040312439448557386,0.00010631242029683809,0.00010631242029683809,17,14
10,2,MIRAI,1,Protocol Type,0.001663677700818157,0.0015050921665393708,-0.0001585855342787863,0.0001585855342787863,13,13
10,2,MIRAI,1,Time_To_Live,3.294769109022112e-05,5.106067276815452e-05,1.81129816779334e-05,1.81129816779334e-05,22,19
10,2,MIRAI,1,Rate,5.654807085294399e-05,4.6445960001043015e-05,-1.0102110851900974e-05,1.0102110851900974e-05,21,21
10,2,MIRAI,1,fin_flag_number,2.7635991909036707e-05,1.4682053030349718e-07,-2.748917137873321e-05,2.748917137873321e-05,23,30
10,2,MIRAI,1,syn_flag_number,0.00849902482505447,0.011658723453147115,0.0031596986280926446,0.0031596986280926446,9,9
10,2,MIRAI,1,rst_flag_number,6.963403965518219e-05,5.29007924764231e-06,-6.434396040753988e-05,6.434396040753988e-05,20,24
10,2,MIRAI,1,psh_flag_number,0.00014687514201195176,0.0002059110208621247,5.903587885017293e-05,5.903587885017293e-05,19,18
10,2,MIRAI,1,ack_flag_number,0.0013442484198518728,0.0022445025555589346,0.0009002541357070618,0.0009002541357070618,15,12
10,2,MIRAI,1,ece_flag_number,0.0,1.849869941863102e-08,1.849869941863102e-08,1.849869941863102e-08,33,32
10,2,MIRAI,1,cwr_flag_number,0.0,0.0,0.0,0.0,34,33
10,2,MIRAI,1,ack_count,0.002941362519587415,0.004127063411791449,0.0011857008922040342,0.0011857008922040342,11,11
10,2,MIRAI,1,syn_count,0.007023579032472383,0.009564777628127687,0.0025411985956553043,0.0025411985956553043,10,10
10,2,MIRAI,1,fin_count,0.001418992880264478,5.218182448059599e-06,-0.0014137746978164184,0.0014137746978164184,14,25
10,2,MIRAI,1,rst_count,0.0028118274434248787,0.00023389038688750163,-0.002577937056537377,0.002577937056537377,12,17
10,2,MIRAI,1,HTTP,1.1274037783850219e-05,8.875353105928981e-06,-2.398684677921238e-06,2.398684677921238e-06,26,22
10,2,MIRAI,1,HTTPS,1.471805817414332e-07,4.315258966714579e-07,2.843453149300247e-07,2.843453149300247e-07,30,27
10,2,MIRAI,1,DNS,7.961596789993843e-08,1.0310987723429887e-07,2.3493909334360445e-08,2.3493909334360445e-08,31,31
10,2,MIRAI,1,Telnet,0.0,0.0,0.0,0.0,35,34
10,2,MIRAI,1,SMTP,0.0,0.0,0.0,0.0,36,35
10,2,MIRAI,1,SSH,0.0,0.0,0.0,0.0,37,36
10,2,MIRAI,1,IRC,0.0,0.0,0.0,0.0,38,37
10,2,MIRAI,1,TCP,0.0001685375154409898,0.00027458916480909155,0.00010605164936810176,0.00010605164936810176,18,16
10,2,MIRAI,1,UDP,0.02684739118672598,0.02768525422765663,0.000837863040930649,0.000837863040930649,8,8
10,2,MIRAI,1,DHCP,4.9279295913437735e-09,0.0,-4.9279295913437735e-09,4.9279295913437735e-09,32,38
10,2,MIRAI,1,ARP,1.5446968566458846e-07,2.3300292376794614e-07,7.853323810335768e-08,7.853323810335768e-08,29,29
10,2,MIRAI,1,ICMP,2.763101536605502e-05,7.165651579244177e-06,-2.0465363786810844e-05,2.0465363786810844e-05,24,23
10,2,MIRAI,1,IGMP,0.0,0.0,0.0,0.0,39,39
10,2,MIRAI,1,IPv,1.8273228870468113e-07,3.025208301701542e-07,1.1978854146547305e-07,1.1978854146547305e-07,28,28
10,2,MIRAI,1,LLC,3.1830866493434756e-07,4.4104979879170216e-07,1.227411338573546e-07,1.227411338573546e-07,27,26
10,2,MIRAI,1,Tot sum,0.754737815691836,0.7559070491216112,0.0011692334297752627,0.0011692334297752627,1,1
10,2,MIRAI,1,Min,0.044165996823858626,0.036427963605970615,-0.0077380332178880115,0.0077380332178880115,5,7
10,2,MIRAI,1,Max,0.04112769890209537,0.04176575296255034,0.0006380540604549734,0.0006380540604549734,6,6
10,2,MIRAI,1,AVG,0.5197976219374728,0.5085878940738533,-0.011209727863619512,0.011209727863619512,2,2
10,2,MIRAI,1,Std,0.033247790842596686,0.04812094104331453,0.014873150200717847,0.014873150200717847,7,5
10,2,MIRAI,1,Tot size,0.38679430777025875,0.39916726075281606,0.012372952982557306,0.012372952982557306,3,3
10,2,MIRAI,1,IAT,0.00034993718402734846,0.0003113775038005828,-3.855968022676567e-05,3.855968022676567e-05,16,15
10,2,MIRAI,1,Number,1.2233674759206178e-05,4.854493271966043e-05,3.631125796045425e-05,3.631125796045425e-05,25,20
10,2,MIRAI,1,Variance,0.0704139365472559,0.06482843732278619,-0.005585499224469714,0.005585499224469714,4,4
10,3,MIRAI,1,Header_Length,0.00029681197418873577,0.00032946097719742834,3.264900300869257e-05,3.264900300869257e-05,17,17
10,3,MIRAI,1,Protocol Type,0.001663677700818157,0.0014775742800403036,-0.0001861034207778535,0.0001861034207778535,13,14
10,3,MIRAI,1,Time_To_Live,3.294769109022112e-05,3.8250304205751756e-05,5.302613115530633e-06,5.302613115530633e-06,22,23
10,3,MIRAI,1,Rate,5.654807085294399e-05,0.00010825153379659311,5.170346294364912e-05,5.170346294364912e-05,21,21
10,3,MIRAI,1,fin_flag_number,2.7635991909036707e-05,3.481653931335874e-05,7.180547404322035e-06,7.180547404322035e-06,23,24
10,3,MIRAI,1,syn_flag_number,0.00849902482505447,0.013790020513098886,0.005290995688044416,0.005290995688044416,9,9
10,3,MIRAI,1,rst_flag_number,6.963403965518219e-05,8.949490598257281e-05,1.986086632739062e-05,1.986086632739062e-05,20,22
10,3,MIRAI,1,psh_flag_number,0.00014687514201195176,0.00012856269143528094,-1.831245057667082e-05,1.831245057667082e-05,19,20
10,3,MIRAI,1,ack_flag_number,0.0013442484198518728,0.001207536880164605,-0.00013671153968726783,0.00013671153968726783,15,15
10,3,MIRAI,1,ece_flag_number,0.0,0.0,0.0,0.0,33,33
10,3,MIRAI,1,cwr_flag_number,0.0,0.0,0.0,0.0,34,34
10,3,MIRAI,1,ack_count,0.002941362519587415,0.0024855426551914166,-0.00045581986439599846,0.00045581986439599846,11,12
10,3,MIRAI,1,syn_count,0.007023579032472383,0.010980570793384712,0.00395699176091233,0.00395699176091233,10,10
10,3,MIRAI,1,fin_count,0.001418992880264478,0.0017483543265858286,0.00032936144632135056,0.00032936144632135056,14,13
10,3,MIRAI,1,rst_count,0.0028118274434248787,0.003524304123574803,0.0007124766801499243,0.0007124766801499243,12,11
10,3,MIRAI,1,HTTP,1.1274037783850219e-05,4.623755479489035e-06,-6.650282304361184e-06,6.650282304361184e-06,26,26
10,3,MIRAI,1,HTTPS,1.471805817414332e-07,7.705638105045674e-07,6.233832287631341e-07,6.233832287631341e-07,30,27
10,3,MIRAI,1,DNS,7.961596789993843e-08,1.2049597472992787e-07,4.088000682998944e-08,4.088000682998944e-08,31,31
10,3,MIRAI,1,Telnet,0.0,0.0,0.0,0.0,35,35
10,3,MIRAI,1,SMTP,0.0,0.0,0.0,0.0,36,36
10,3,MIRAI,1,SSH,0.0,4.315067518990562e-08,4.315067518990562e-08,4.315067518990562e-08,37,32
10,3,MIRAI,1,IRC,0.0,0.0,0.0,0.0,38,37
10,3,MIRAI,1,TCP,0.0001685375154409898,0.00021974427138285221,5.120675594186242e-05,5.120675594186242e-05,18,18
10,3,MIRAI,1,UDP,0.02684739118672598,0.03472695205689243,0.007879560870166447,0.007879560870166447,8,8
10,3,MIRAI,1,DHCP,4.9279295913437735e-09,0.0,-4.9279295913437735e-09,4.9279295913437735e-09,32,38
10,3,MIRAI,1,ARP,1.5446968566458846e-07,1.3711038585077552e-07,-1.735929981381294e-08,1.735929981381294e-08,29,30
10,3,MIRAI,1,ICMP,2.763101536605502e-05,2.0708998016466702e-05,-6.922017349588318e-06,6.922017349588318e-06,24,25
10,3,MIRAI,1,IGMP,0.0,0.0,0.0,0.0,39,39
10,3,MIRAI,1,IPv,1.8273228870468113e-07,1.7932936199038704e-07,-3.402926714294087e-09,3.402926714294087e-09,28,29
10,3,MIRAI,1,LLC,3.1830866493434756e-07,3.0803894872278274e-07,-1.0269716211564823e-08,1.0269716211564823e-08,27,28
10,3,MIRAI,1,Tot sum,0.754737815691836,0.7304888026247248,-0.024249013067111136,0.024249013067111136,1,1
10,3,MIRAI,1,Min,0.044165996823858626,0.039091637683518414,-0.005074359140340212,0.005074359140340212,5,7
10,3,MIRAI,1,Max,0.04112769890209537,0.04409273933311115,0.0029650404310157807,0.0029650404310157807,6,5
10,3,MIRAI,1,AVG,0.5197976219374728,0.5339007796997451,0.014103157762272334,0.014103157762272334,2,2
10,3,MIRAI,1,Std,0.033247790842596686,0.040437513223235806,0.00718972238063912,0.00718972238063912,7,6
10,3,MIRAI,1,Tot size,0.38679430777025875,0.40788384198397204,0.02108953421371329,0.02108953421371329,3,3
10,3,MIRAI,1,IAT,0.00034993718402734846,0.00038141604341610847,3.147885938876001e-05,3.147885938876001e-05,16,16
10,3,MIRAI,1,Number,1.2233674759206178e-05,0.000129753103003055,0.00011751942824384883,0.00011751942824384883,25,19
10,3,MIRAI,1,Variance,0.0704139365472559,0.09119739999467497,0.020783463447419062,0.020783463447419062,4,4
10,4,MIRAI,1,Header_Length,0.00029681197418873577,0.0002649829028848859,-3.182907130384985e-05,3.182907130384985e-05,17,17
10,4,MIRAI,1,Protocol Type,0.001663677700818157,0.0013500995845279298,-0.00031357811629022735,0.00031357811629022735,13,13
10,4,MIRAI,1,Time_To_Live,3.294769109022112e-05,2.912816970182543e-05,-3.819521388395693e-06,3.819521388395693e-06,22,23
10,4,MIRAI,1,Rate,5.654807085294399e-05,7.021278635834209e-05,1.3664715505398097e-05,1.3664715505398097e-05,21,20
10,4,MIRAI,1,fin_flag_number,2.7635991909036707e-05,1.7983899280390206e-05,-9.652092628646502e-06,9.652092628646502e-06,23,24
10,4,MIRAI,1,syn_flag_number,0.00849902482505447,0.011974290420461857,0.0034752655954073865,0.0034752655954073865,9,9
10,4,MIRAI,1,rst_flag_number,6.963403965518219e-05,4.123849517665432e-05,-2.8395544478527872e-05,2.8395544478527872e-05,20,21
10,4,MIRAI,1,psh_flag_number,0.00014687514201195176,7.896989482328513e-05,-6.790524718866664e-05,6.790524718866664e-05,19,19
10,4,MIRAI,1,ack_flag_number,0.0013442484198518728,0.0006614164909109758,-0.000682831928940897,0.000682831928940897,15,15
10,4,MIRAI,1,ece_flag_number,0.0,0.0,0.0,0.0,33,31
10,4,MIRAI,1,cwr_flag_number,0.0,0.0,0.0,0.0,34,32
10,4,MIRAI,1,ack_count,0.002941362519587415,0.001727582462541777,-0.001213780057045638,0.001213780057045638,11,12
10,4,MIRAI,1,syn_count,0.007023579032472383,0.010041758587653493,0.0030181795551811105,0.0030181795551811105,10,10
10,4,MIRAI,1,fin_count,0.001418992880264478,0.0009507737555854839,-0.0004682191246789942,0.0004682191246789942,14,14
10,4,MIRAI,1,rst_count,0.0028118274434248787,0.001769655754759175,-0.0010421716886657036,0.0010421716886657036,12,11
10,4,MIRAI,1,HTTP,1.1274037783850219e-05,3.4001340935729803e-06,-7.87390369027724e-06,7.87390369027724e-06,26,25
10,4,MIRAI,1,HTTPS,1.471805817414332e-07,1.6508173158190385e-07,1.7901149840470646e-08,1.7901149840470646e-08,30,29
10,4,MIRAI,1,DNS,7.961596789993843e-08,3.8624316261013187e-08,-4.099165163892524e-08,4.099165163892524e-08,31,30
10,4,MIRAI,1,Telnet,0.0,0.0,0.0,0.0,35,33
10,4,MIRAI,1,SMTP,0.0,0.0,0.0,0.0,36,34
10,4,MIRAI,1,SSH,0.0,0.0,0.0,0.0,37,35
10,4,MIRAI,1,IRC,0.0,0.0,0.0,0.0,38,36
10,4,MIRAI,1,TCP,0.0001685375154409898,0.00019425747285254987,2.5719957411560082e-05,2.5719957411560082e-05,18,18
10,4,MIRAI,1,UDP,0.02684739118672598,0.030812581926468602,0.003965190739742622,0.003965190739742622,8,8
10,4,MIRAI,1,DHCP,4.9279295913437735e-09,0.0,-4.9279295913437735e-09,4.9279295913437735e-09,32,37
10,4,MIRAI,1,ARP,1.5446968566458846e-07,1.6543369903313184e-07,1.0964013368543386e-08,1.0964013368543386e-08,29,28
10,4,MIRAI,1,ICMP,2.763101536605502e-05,3.7446520055841795e-05,9.815504689786775e-06,9.815504689786775e-06,24,22
10,4,MIRAI,1,IGMP,0.0,0.0,0.0,0.0,39,38
10,4,MIRAI,1,IPv,1.8273228870468113e-07,2.204549534532563e-07,3.772266474857516e-08,3.772266474857516e-08,28,27
10,4,MIRAI,1,LLC,3.1830866493434756e-07,3.568578732218036e-07,3.854920828745606e-08,3.854920828745606e-08,27,26
10,4,MIRAI,1,Tot sum,0.754737815691836,0.7607310613977719,0.005993245705935957,0.005993245705935957,1,1
10,4,MIRAI,1,Min,0.044165996823858626,0.05178017907755376,0.0076141822536951315,0.0076141822536951315,5,5
10,4,MIRAI,1,Max,0.04112769890209537,0.041099508700092074,-2.819020200329342e-05,2.819020200329342e-05,6,6
10,4,MIRAI,1,AVG,0.5197976219374728,0.5276284474173287,0.007830825479855918,0.007830825479855918,2,2
10,4,MIRAI,1,Std,0.033247790842596686,0.03196678742307959,-0.0012810034195170975,0.0012810034195170975,7,7
10,4,MIRAI,1,Tot size,0.38679430777025875,0.3649816573534282,-0.02181265041683056,0.02181265041683056,3,3
10,4,MIRAI,1,IAT,0.00034993718402734846,0.00034638573516743886,-3.5514488599096023e-06,3.5514488599096023e-06,16,16
10,4,MIRAI,1,Number,1.2233674759206178e-05,0.0,-1.2233674759206178e-05,1.2233674759206178e-05,25,39
10,4,MIRAI,1,Variance,0.0704139365472559,0.05558301776697487,-0.014830918780281033,0.014830918780281033,4,4
10,5,MIRAI,1,Header_Length,0.00029681197418873577,0.0002458399799977481,-5.09719941909877e-05,5.09719941909877e-05,17,17
10,5,MIRAI,1,Protocol Type,0.001663677700818157,0.001145720479717746,-0.0005179572211004111,0.0005179572211004111,13,14
10,5,MIRAI,1,Time_To_Live,3.294769109022112e-05,3.773105447253657e-05,4.783363382315447e-06,4.783363382315447e-06,22,22
10,5,MIRAI,1,Rate,5.654807085294399e-05,4.5246186540749725e-05,-1.1301884312194264e-05,1.1301884312194264e-05,21,21
10,5,MIRAI,1,fin_flag_number,2.7635991909036707e-05,3.450528946405512e-05,6.86929755501841e-06,6.86929755501841e-06,23,23
10,5,MIRAI,1,syn_flag_number,0.00849902482505447,0.0034668426163664934,-0.005032182208687976,0.005032182208687976,9,9
10,5,MIRAI,1,rst_flag_number,6.963403965518219e-05,7.775660395056455e-05,8.122564295382355e-06,8.122564295382355e-06,20,20
10,5,MIRAI,1,psh_flag_number,0.00014687514201195176,8.535928148340419e-05,-6.151586052854757e-05,6.151586052854757e-05,19,19
10,5,MIRAI,1,ack_flag_number,0.0013442484198518728,0.0007849593270629264,-0.0005592890927889464,0.0005592890927889464,15,15
10,5,MIRAI,1,ece_flag_number,0.0,0.0,0.0,0.0,33,32
10,5,MIRAI,1,cwr_flag_number,0.0,0.0,0.0,0.0,34,33
10,5,MIRAI,1,ack_count,0.002941362519587415,0.0018857502483711408,-0.0010556122712162743,0.0010556122712162743,11,12
10,5,MIRAI,1,syn_count,0.007023579032472383,0.002962877284336284,-0.004060701748136098,0.004060701748136098,10,11
10,5,MIRAI,1,fin_count,0.001418992880264478,0.0017714532720374526,0.0003524603917729745,0.0003524603917729745,14,13
10,5,MIRAI,1,rst_count,0.0028118274434248787,0.0030514158714795517,0.00023958842805467308,0.00023958842805467308,12,10
10,5,MIRAI,1,HTTP,1.1274037783850219e-05,5.394078732816039e-06,-5.87995905103418e-06,5.87995905103418e-06,26,25
10,5,MIRAI,1,HTTPS,1.471805817414332e-07,4.3431809753517615e-08,-1.037487719879156e-07,1.037487719879156e-07,30,30
10,5,MIRAI,1,DNS,7.961596789993843e-08,4.564024345090347e-08,-3.397572444903496e-08,3.397572444903496e-08,31,29
10,5,MIRAI,1,Telnet,0.0,0.0,0.0,0.0,35,34
10,5,MIRAI,1,SMTP,0.0,0.0,0.0,0.0,36,35
10,5,MIRAI,1,SSH,0.0,0.0,0.0,0.0,37,36
10,5,MIRAI,1,IRC,0.0,0.0,0.0,0.0,38,37
10,5,MIRAI,1,TCP,0.0001685375154409898,0.00019180107040203301,2.3263554961043222e-05,2.3263554961043222e-05,18,18
10,5,MIRAI,1,UDP,0.02684739118672598,0.024863536314840794,-0.0019838548718851857,0.0019838548718851857,8,8
10,5,MIRAI,1,DHCP,4.9279295913437735e-09,2.196730053145688e-08,1.7039370940113107e-08,1.7039370940113107e-08,32,31
10,5,MIRAI,1,ARP,1.5446968566458846e-07,3.822915677550376e-07,2.2782188209044913e-07,2.2782188209044913e-07,29,28
10,5,MIRAI,1,ICMP,2.763101536605502e-05,2.1881504454567236e-05,-5.749510911487784e-06,5.749510911487784e-06,24,24
10,5,MIRAI,1,IGMP,0.0,0.0,0.0,0.0,39,38
10,5,MIRAI,1,IPv,1.8273228870468113e-07,4.086415652794537e-07,2.2590927657477256e-07,2.2590927657477256e-07,28,27
10,5,MIRAI,1,LLC,3.1830866493434756e-07,5.798804003316382e-07,2.615717353972906e-07,2.615717353972906e-07,27,26
10,5,MIRAI,1,Tot sum,0.754737815691836,0.7527044444742103,-0.0020333712176257013,0.0020333712176257013,1,1
10,5,MIRAI,1,Min,0.044165996823858626,0.036611133092966056,-0.007554863730892571,0.007554863730892571,5,7
10,5,MIRAI,1,Max,0.04112769890209537,0.04075374255459345,-0.0003739563475019178,0.0003739563475019178,6,6
10,5,MIRAI,1,AVG,0.5197976219374728,0.5197148241426771,-8.279779479569704e-05,8.279779479569704e-05,2,2
10,5,MIRAI,1,Std,0.033247790842596686,0.04792486620526891,0.014677075362672223,0.014677075362672223,7,4
10,5,MIRAI,1,Tot size,0.38679430777025875,0.3938182061366513,0.007023898366392556,0.007023898366392556,3,3
10,5,MIRAI,1,IAT,0.00034993718402734846,0.0004067242354267819,5.678705139943341e-05,5.678705139943341e-05,16,16
10,5,MIRAI,1,Number,1.2233674759206178e-05,0.0,-1.2233674759206178e-05,1.2233674759206178e-05,25,39
10,5,MIRAI,1,Variance,0.0704139365472559,0.04779641875213693,-0.022617517795118974,0.022617517795118974,4,5
10,1,RECON,1,Header_Length,0.001400493890032912,0.001146963642963632,-0.00025353024706928004,0.00025353024706928004,18,20
10,1,RECON,1,Protocol Type,0.00041740795485231073,0.00022958440465236984,-0.00018782355019994089,0.00018782355019994089,22,25
10,1,RECON,1,Time_To_Live,0.07990635255954148,0.020393180258984393,-0.05951317230055709,0.05951317230055709,8,13
10,1,RECON,1,Rate,0.000293006253299492,0.0011706387839422521,0.0008776325306427601,0.0008776325306427601,24,19
10,1,RECON,1,fin_flag_number,0.0002769624541926237,5.943860314419142e-05,-0.00021752385104843226,0.00021752385104843226,25,26
10,1,RECON,1,syn_flag_number,0.14775537712214434,0.5141166228635953,0.3663612457414509,0.3663612457414509,7,2
10,1,RECON,1,rst_flag_number,0.0013360492842124322,0.0006536135149570989,-0.0006824357692553333,0.0006824357692553333,19,24
10,1,RECON,1,psh_flag_number,0.000540780666521647,0.0012374552639977084,0.0006966745974760613,0.0006966745974760613,20,18
10,1,RECON,1,ack_flag_number,0.029950524627995818,0.06273949899820422,0.032788974370208404,0.032788974370208404,13,9
10,1,RECON,1,ece_flag_number,0.0,0.0,0.0,0.0,33,33
10,1,RECON,1,cwr_flag_number,0.0,0.0,0.0,0.0,34,34
10,1,RECON,1,ack_count,0.0072819609170201955,0.00776253172932511,0.0004805708123049148,0.0004805708123049148,16,16
10,1,RECON,1,syn_count,0.04214817918095047,0.10760844019351927,0.0654602610125688,0.0654602610125688,11,7
10,1,RECON,1,fin_count,0.016013266449773914,0.02265024660462047,0.006636980154846556,0.006636980154846556,15,12
10,1,RECON,1,rst_count,0.02571065005891982,0.019925793517152315,-0.005784856541767504,0.005784856541767504,14,14
10,1,RECON,1,HTTP,0.00011126141898150046,5.0005712948851255e-05,-6.12557060326492e-05,6.12557060326492e-05,27,27
10,1,RECON,1,HTTPS,0.0002254712573962087,0.001025663505637405,0.0008001922482411963,0.0008001922482411963,26,21
10,1,RECON,1,DNS,4.082216112407034e-05,7.861501764944299e-10,-4.082137497389385e-05,4.082137497389385e-05,30,32
10,1,RECON,1,Telnet,0.0,0.0,0.0,0.0,35,35
10,1,RECON,1,SMTP,0.0,0.0,0.0,0.0,36,36
10,1,RECON,1,SSH,0.0,0.0,0.0,0.0,37,37
10,1,RECON,1,IRC,0.0,0.0,0.0,0.0,38,38
10,1,RECON,1,TCP,0.0004008432683577705,0.0007607472107692969,0.0003599039424115264,0.0003599039424115264,23,22
10,1,RECON,1,UDP,0.03593612883937263,0.016455286318304087,-0.019480842521068544,0.019480842521068544,12,15
10,1,RECON,1,DHCP,4.150408755677332e-06,1.2468463121274336e-07,-4.025724124464589e-06,4.025724124464589e-06,32,31
10,1,RECON,1,ARP,5.230470577448763e-05,1.3271922984015857e-06,-5.097751347608605e-05,5.097751347608605e-05,29,29
10,1,RECON,1,ICMP,0.0004335978031398598,0.0006556963558334067,0.00022209855269354685,0.00022209855269354685,21,23
10,1,RECON,1,IGMP,0.0,0.0,0.0,0.0,39,39
10,1,RECON,1,IPv,3.552539848654503e-05,1.0806320164017805e-06,-3.4444766470143245e-05,3.4444766470143245e-05,31,30
10,1,RECON,1,LLC,6.814665348262872e-05,2.49953232717189e-06,-6.564712115545683e-05,6.564712115545683e-05,28,28
10,1,RECON,1,Tot sum,0.7398768513632267,0.7332026636369823,-0.006674187726244396,0.006674187726244396,1,1
10,1,RECON,1,Min,0.0018284138216147737,0.005965254406083473,0.004136840584468699,0.004136840584468699,17,17
10,1,RECON,1,Max,0.042675165163458394,0.0402773677538577,-0.0023977974096006938,0.0023977974096006938,10,11
10,1,RECON,1,AVG,0.22487770280590738,0.08440016634977852,-0.14047753645612887,0.14047753645612887,4,8
10,1,RECON,1,Std,0.23372284402944882,0.13406269824242736,-0.09966014578702145,0.09966014578702145,3,6
10,1,RECON,1,Tot size,0.21046194097301676,0.1740669888848635,-0.03639495208815327,0.03639495208815327,5,4
10,1,RECON,1,IAT,0.20068700154009672,0.05605907423476544,-0.14462792730533128,0.14462792730533128,6,10
10,1,RECON,1,Number,0.06367503805697677,0.13791455429953955,0.07423951624256278,0.07423951624256278,9,5
10,1,RECON,1,Variance,0.47305443588489754,0.3189074703211131,-0.15414696556378443,0.15414696556378443,2,3
10,2,RECON,1,Header_Length,0.001400493890032912,0.0008635555370433049,-0.0005369383529896071,0.0005369383529896071,18,19
10,2,RECON,1,Protocol Type,0.00041740795485231073,0.0001869304184690969,-0.00023047753638321381,0.00023047753638321381,22,24
10,2,RECON,1,Time_To_Live,0.07990635255954148,0.04727235097943702,-0.03263400158010446,0.03263400158010446,8,10
10,2,RECON,1,Rate,0.000293006253299492,0.000396361465242955,0.00010335521194346301,0.00010335521194346301,24,20
10,2,RECON,1,fin_flag_number,0.0002769624541926237,0.00015273199030631105,-0.00012423046388631263,0.00012423046388631263,25,25
10,2,RECON,1,syn_flag_number,0.14775537712214434,0.2034864704287658,0.05573109330662146,0.05573109330662146,7,6
10,2,RECON,1,rst_flag_number,0.0013360492842124322,0.001771679902008402,0.00043563061779596977,0.00043563061779596977,19,16
10,2,RECON,1,psh_flag_number,0.000540780666521647,0.0008948512145291216,0.0003540705480074745,0.0003540705480074745,20,18
10,2,RECON,1,ack_flag_number,0.029950524627995818,0.028279893190463718,-0.0016706314375320996,0.0016706314375320996,13,12
10,2,RECON,1,ece_flag_number,0.0,1.467903787704276e-07,1.467903787704276e-07,1.467903787704276e-07,33,32
10,2,RECON,1,cwr_flag_number,0.0,0.0,0.0,0.0,34,33
10,2,RECON,1,ack_count,0.0072819609170201955,0.009704159552127464,0.0024221986351072684,0.0024221986351072684,16,14
10,2,RECON,1,syn_count,0.04214817918095047,0.052524676099200446,0.010376496918249975,0.010376496918249975,11,9
10,2,RECON,1,fin_count,0.016013266449773914,0.00031122650101716407,-0.01570203994875675,0.01570203994875675,15,22
10,2,RECON,1,rst_count,0.02571065005891982,0.009405955052683296,-0.016304695006236523,0.016304695006236523,14,15
10,2,RECON,1,HTTP,0.00011126141898150046,8.415124120657704e-05,-2.711017777492342e-05,2.711017777492342e-05,27,27
10,2,RECON,1,HTTPS,0.0002254712573962087,0.00022102331387111116,-4.447943525097523e-06,4.447943525097523e-06,26,23
10,2,RECON,1,DNS,4.082216112407034e-05,6.874374136975999e-05,2.792158024568965e-05,2.792158024568965e-05,30,28
10,2,RECON,1,Telnet,0.0,0.0,0.0,0.0,35,34
10,2,RECON,1,SMTP,0.0,0.0,0.0,0.0,36,35
10,2,RECON,1,SSH,0.0,0.0,0.0,0.0,37,36
10,2,RECON,1,IRC,0.0,0.0,0.0,0.0,38,37
10,2,RECON,1,TCP,0.0004008432683577705,0.0003252016529265685,-7.564161543120197e-05,7.564161543120197e-05,23,21
10,2,RECON,1,UDP,0.03593612883937263,0.023752395580601306,-0.012183733258771326,0.012183733258771326,12,13
10,2,RECON,1,DHCP,4.150408755677332e-06,0.0,-4.150408755677332e-06,4.150408755677332e-06,32,38
10,2,RECON,1,ARP,5.230470577448763e-05,4.547357657885609e-05,-6.831129195631545e-06,6.831129195631545e-06,29,30
10,2,RECON,1,ICMP,0.0004335978031398598,9.446003768320249e-05,-0.00033913776545665736,0.00033913776545665736,21,26
10,2,RECON,1,IGMP,0.0,0.0,0.0,0.0,39,39
10,2,RECON,1,IPv,3.552539848654503e-05,2.7650333306936797e-05,-7.87506517960823e-06,7.87506517960823e-06,31,31
10,2,RECON,1,LLC,6.814665348262872e-05,6.0765152785888215e-05,-7.381500696740507e-06,7.381500696740507e-06,28,29
10,2,RECON,1,Tot sum,0.7398768513632267,0.7293461702715073,-0.010530681091719396,0.010530681091719396,1,1
10,2,RECON,1,Min,0.0018284138216147737,0.0009232708991790335,-0.0009051429224357402,0.0009051429224357402,17,17
10,2,RECON,1,Max,0.042675165163458394,0.03757801601894245,-0.005097149144515943,0.005097149144515943,10,11
10,2,RECON,1,AVG,0.22487770280590738,0.22611595599275802,0.0012382531868506408,0.0012382531868506408,4,4
10,2,RECON,1,Std,0.23372284402944882,0.16521329362382683,-0.06850955040562198,0.06850955040562198,3,7
10,2,RECON,1,Tot size,0.21046194097301676,0.25274103995231567,0.04227909897929891,0.04227909897929891,5,3
10,2,RECON,1,IAT,0.20068700154009672,0.208279767025871,0.007592765485774283,0.007592765485774283,6,5
10,2,RECON,1,Number,0.06367503805697677,0.059380661336437726,-0.004294376720539048,0.004294376720539048,9,8
10,2,RECON,1,Variance,0.47305443588489754,0.4790415195728186,0.005987083687921058,0.005987083687921058,2,2
10,3,RECON,1,Header_Length,0.001400493890032912,0.0019922687971886672,0.0005917749071557552,0.0005917749071557552,18,18
10,3,RECON,1,Protocol Type,0.00041740795485231073,0.0004381655036620113,2.0757548809700584e-05,2.0757548809700584e-05,22,23
10,3,RECON,1,Time_To_Live,0.07990635255954148,0.05627016915966964,-0.023636183399871842,0.023636183399871842,8,9
10,3,RECON,1,Rate,0.000293006253299492,0.0010794765902890295,0.0007864703369895375,0.0007864703369895375,24,19
10,3,RECON,1,fin_flag_number,0.0002769624541926237,0.000322616452141361,4.565399794873731e-05,4.565399794873731e-05,25,25
10,3,RECON,1,syn_flag_number,0.14775537712214434,0.08646826617480122,-0.061287110947343126,0.061287110947343126,7,7
10,3,RECON,1,rst_flag_number,0.0013360492842124322,0.0010494914614920872,-0.000286557822720345,0.000286557822720345,19,20
10,3,RECON,1,psh_flag_number,0.000540780666521647,0.0004963123790848579,-4.4468287436789196e-05,4.4468287436789196e-05,20,22
10,3,RECON,1,ack_flag_number,0.029950524627995818,0.022525897468928118,-0.0074246271590677,0.0074246271590677,13,14
10,3,RECON,1,ece_flag_number,0.0,0.0,0.0,0.0,33,34
10,3,RECON,1,cwr_flag_number,0.0,0.0,0.0,0.0,34,35
10,3,RECON,1,ack_count,0.0072819609170201955,0.011624215574310016,0.004342254657289821,0.004342254657289821,16,16
10,3,RECON,1,syn_count,0.04214817918095047,0.048228484153264674,0.006080304972314203,0.006080304972314203,11,10
10,3,RECON,1,fin_count,0.016013266449773914,0.019748913285532816,0.0037356468357589018,0.0037356468357589018,15,15
10,3,RECON,1,rst_count,0.02571065005891982,0.028099925447258995,0.0023892753883391765,0.0023892753883391765,14,13
10,3,RECON,1,HTTP,0.00011126141898150046,5.776188411460249e-05,-5.349953486689797e-05,5.349953486689797e-05,27,28
10,3,RECON,1,HTTPS,0.0002254712573962087,0.00012164578105532235,-0.00010382547634088633,0.00010382547634088633,26,26
10,3,RECON,1,DNS,4.082216112407034e-05,6.09933566864258e-05,2.017119556235546e-05,2.017119556235546e-05,30,27
10,3,RECON,1,Telnet,0.0,0.0,0.0,0.0,35,36
10,3,RECON,1,SMTP,0.0,0.0,0.0,0.0,36,37
10,3,RECON,1,SSH,0.0,7.375846025547812e-06,7.375846025547812e-06,7.375846025547812e-06,37,32
10,3,RECON,1,IRC,0.0,0.0,0.0,0.0,38,38
10,3,RECON,1,TCP,0.0004008432683577705,0.0007707844346916503,0.00036994116633387987,0.00036994116633387987,23,21
10,3,RECON,1,UDP,0.03593612883937263,0.04804161686043126,0.012105488021058632,0.012105488021058632,12,11
10,3,RECON,1,DHCP,4.150408755677332e-06,2.2799088576662556e-06,-1.8704998980110766e-06,1.8704998980110766e-06,32,33
10,3,RECON,1,ARP,5.230470577448763e-05,1.8575266483009315e-05,-3.372943929147832e-05,3.372943929147832e-05,29,30
10,3,RECON,1,ICMP,0.0004335978031398598,0.0003696012543329132,-6.399654880694664e-05,6.399654880694664e-05,21,24
10,3,RECON,1,IGMP,0.0,0.0,0.0,0.0,39,39
10,3,RECON,1,IPv,3.552539848654503e-05,7.64087238094061e-06,-2.7884526105604417e-05,2.7884526105604417e-05,31,31
10,3,RECON,1,LLC,6.814665348262872e-05,2.2330061692445892e-05,-4.5816591790182826e-05,4.5816591790182826e-05,28,29
10,3,RECON,1,Tot sum,0.7398768513632267,0.7979257968682247,0.05804894550499806,0.05804894550499806,1,1
10,3,RECON,1,Min,0.0018284138216147737,0.004394701820207743,0.002566287998592969,0.002566287998592969,17,17
10,3,RECON,1,Max,0.042675165163458394,0.03740547671685945,-0.005269688446598947,0.005269688446598947,10,12
10,3,RECON,1,AVG,0.22487770280590738,0.17863463904741392,-0.04624306375849346,0.04624306375849346,4,4
10,3,RECON,1,Std,0.23372284402944882,0.17136845635168227,-0.06235438767776655,0.06235438767776655,3,6
10,3,RECON,1,Tot size,0.21046194097301676,0.17517600305252307,-0.0352859379204937,0.0352859379204937,5,5
10,3,RECON,1,IAT,0.20068700154009672,0.2594200875612231,0.05873308602112637,0.05873308602112637,6,3
10,3,RECON,1,Number,0.06367503805697677,0.08613823047073112,0.022463192413754343,0.022463192413754343,9,8
10,3,RECON,1,Variance,0.47305443588489754,0.4220266302674515,-0.05102780561744602,0.05102780561744602,2,2
10,4,RECON,1,Header_Length,0.001400493890032912,0.00041090168075531765,-0.0009895922092775945,0.0009895922092775945,18,17
10,4,RECON,1,Protocol Type,0.00041740795485231073,8.653321645858897e-05,-0.00033087473839372175,0.00033087473839372175,22,23
10,4,RECON,1,Time_To_Live,0.07990635255954148,0.008056965078284286,-0.0718493874812572,0.0718493874812572,8,11
10,4,RECON,1,Rate,0.000293006253299492,8.731012926094829e-05,-0.0002056961240385437,0.0002056961240385437,24,22
10,4,RECON,1,fin_flag_number,0.0002769624541926237,3.3019632053758165e-05,-0.0002439428221388655,0.0002439428221388655,25,25
10,4,RECON,1,syn_flag_number,0.14775537712214434,0.012653497955157864,-0.1351018791669865,0.1351018791669865,7,8
10,4,RECON,1,rst_flag_number,0.0013360492842124322,4.7729270287789556e-05,-0.0012883200139246426,0.0012883200139246426,19,24
10,4,RECON,1,psh_flag_number,0.000540780666521647,0.00010738860669975704,-0.00043339205982189,0.00043339205982189,20,21
10,4,RECON,1,ack_flag_number,0.029950524627995818,0.005629689686547981,-0.024320834941447836,0.024320834941447836,13,13
10,4,RECON,1,ece_flag_number,0.0,1.1698937026507475e-09,1.1698937026507475e-09,1.1698937026507475e-09,33,36
10,4,RECON,1,cwr_flag_number,0.0,2.7100904806328013e-08,2.7100904806328013e-08,2.7100904806328013e-08,34,35
10,4,RECON,1,ack_count,0.0072819609170201955,0.0014757899214556443,-0.005806170995564551,0.005806170995564551,16,16
10,4,RECON,1,syn_count,0.04214817918095047,0.008731094700997,-0.03341708447995347,0.03341708447995347,11,10
10,4,RECON,1,fin_count,0.016013266449773914,0.0023432444401700627,-0.013670022009603851,0.013670022009603851,15,14
10,4,RECON,1,rst_count,0.02571065005891982,0.0017467517373786433,-0.023963898321541176,0.023963898321541176,14,15
10,4,RECON,1,HTTP,0.00011126141898150046,1.525397760421985e-05,-9.600744137728061e-05,9.600744137728061e-05,27,27
10,4,RECON,1,HTTPS,0.0002254712573962087,3.0160071511179485e-05,-0.0001953111858850292,0.0001953111858850292,26,26
10,4,RECON,1,DNS,4.082216112407034e-05,1.1086406886521428e-05,-2.9735754237548914e-05,2.9735754237548914e-05,30,28
10,4,RECON,1,Telnet,0.0,0.0,0.0,0.0,35,37
10,4,RECON,1,SMTP,0.0,0.0,0.0,0.0,36,38
10,4,RECON,1,SSH,0.0,3.792930722763401e-07,3.792930722763401e-07,3.792930722763401e-07,37,32
10,4,RECON,1,IRC,0.0,0.0,0.0,0.0,38,39
10,4,RECON,1,TCP,0.0004008432683577705,0.00012057571817064678,-0.0002802675501871237,0.0002802675501871237,23,19
10,4,RECON,1,UDP,0.03593612883937263,0.007235233934901673,-0.028700894904470958,0.028700894904470958,12,12
10,4,RECON,1,DHCP,4.150408755677332e-06,1.7454832168996123e-07,-3.975860433987371e-06,3.975860433987371e-06,32,33
10,4,RECON,1,ARP,5.230470577448763e-05,2.7007598454210444e-06,-4.960394592906659e-05,4.960394592906659e-05,29,31
10,4,RECON,1,ICMP,0.0004335978031398598,0.00011920963540694515,-0.00031438816773291466,0.00031438816773291466,21,20
10,4,RECON,1,IGMP,0.0,1.510946094414436e-07,1.510946094414436e-07,1.510946094414436e-07,39,34
10,4,RECON,1,IPv,3.552539848654503e-05,6.8361450120311885e-06,-2.868925347451384e-05,2.868925347451384e-05,31,29
10,4,RECON,1,LLC,6.814665348262872e-05,4.470297148773691e-06,-6.367635633385503e-05,6.367635633385503e-05,28,30
10,4,RECON,1,Tot sum,0.7398768513632267,0.271253496582644,-0.46862335478058265,0.46862335478058265,1,3
10,4,RECON,1,Min,0.0018284138216147737,0.0003726996092427236,-0.0014557142123720502,0.0014557142123720502,17,18
10,4,RECON,1,Max,0.042675165163458394,0.03595218246302593,-0.006722982700432464,0.006722982700432464,10,7
10,4,RECON,1,AVG,0.22487770280590738,0.36075759024703735,0.13587988744112997,0.13587988744112997,4,2
10,4,RECON,1,Std,0.23372284402944882,0.14284379394228436,-0.09087905008716446,0.09087905008716446,3,5
10,4,RECON,1,Tot size,0.21046194097301676,0.2684887064580932,0.05802676548507643,0.05802676548507643,5,4
10,4,RECON,1,IAT,0.20068700154009672,0.049900977663895466,-0.15078602387620127,0.15078602387620127,6,6
10,4,RECON,1,Number,0.06367503805697677,0.011753221142071744,-0.05192181691490503,0.05192181691490503,9,9
10,4,RECON,1,Variance,0.47305443588489754,0.8363419002054368,0.3632874643205392,0.3632874643205392,2,1
10,5,RECON,1,Header_Length,0.001400493890032912,0.003735537925308779,0.002335044035275867,0.002335044035275867,18,17
10,5,RECON,1,Protocol Type,0.00041740795485231073,0.00023468359196765574,-0.000182724362884655,0.000182724362884655,22,25
10,5,RECON,1,Time_To_Live,0.07990635255954148,0.07055268852692201,-0.009353664032619474,0.009353664032619474,8,8
10,5,RECON,1,Rate,0.000293006253299492,0.0011988276797996978,0.0009058214265002058,0.0009058214265002058,24,20
10,5,RECON,1,fin_flag_number,0.0002769624541926237,0.00031242283965799404,3.546038546537036e-05,3.546038546537036e-05,25,24
10,5,RECON,1,syn_flag_number,0.14775537712214434,0.06550945992325731,-0.08224591719888703,0.08224591719888703,7,9
10,5,RECON,1,rst_flag_number,0.0013360492842124322,0.0007216890526938824,-0.0006143602315185498,0.0006143602315185498,19,22
10,5,RECON,1,psh_flag_number,0.000540780666521647,0.00031905025610678577,-0.00022173041041486128,0.00022173041041486128,20,23
10,5,RECON,1,ack_flag_number,0.029950524627995818,0.03804934815299781,0.008098823525001995,0.008098823525001995,13,11
10,5,RECON,1,ece_flag_number,0.0,3.433085004627647e-08,3.433085004627647e-08,3.433085004627647e-08,33,35
10,5,RECON,1,cwr_flag_number,0.0,1.3005286341825616e-06,1.3005286341825616e-06,1.3005286341825616e-06,34,33
10,5,RECON,1,ack_count,0.0072819609170201955,0.01921499408502226,0.011933033168002063,0.011933033168002063,16,16
10,5,RECON,1,syn_count,0.04214817918095047,0.019240173193469483,-0.022908005987480988,0.022908005987480988,11,15
10,5,RECON,1,fin_count,0.016013266449773914,0.029952563037841773,0.013939296588067859,0.013939296588067859,15,12
10,5,RECON,1,rst_count,0.02571065005891982,0.0193748237065787,-0.006335826352341117,0.006335826352341117,14,14
10,5,RECON,1,HTTP,0.00011126141898150046,0.00011872567309924111,7.4642541177406525e-06,7.4642541177406525e-06,27,26
10,5,RECON,1,HTTPS,0.0002254712573962087,9.476287321508815e-05,-0.00013070838418112053,0.00013070838418112053,26,27
10,5,RECON,1,DNS,4.082216112407034e-05,4.668334132130637e-05,5.861180197236029e-06,5.861180197236029e-06,30,28
10,5,RECON,1,Telnet,0.0,0.0,0.0,0.0,35,36
10,5,RECON,1,SMTP,0.0,0.0,0.0,0.0,36,37
10,5,RECON,1,SSH,0.0,2.7672866873207386e-06,2.7672866873207386e-06,2.7672866873207386e-06,37,32
10,5,RECON,1,IRC,0.0,0.0,0.0,0.0,38,38
10,5,RECON,1,TCP,0.0004008432683577705,0.001206201827164488,0.0008053585588067175,0.0008053585588067175,23,19
10,5,RECON,1,UDP,0.03593612883937263,0.022397830579452025,-0.013538298259920607,0.013538298259920607,12,13
10,5,RECON,1,DHCP,4.150408755677332e-06,4.639254207135907e-07,-3.6864833349637415e-06,3.6864833349637415e-06,32,34
10,5,RECON,1,ARP,5.230470577448763e-05,2.6501041062153033e-05,-2.58036647123346e-05,2.58036647123346e-05,29,30
10,5,RECON,1,ICMP,0.0004335978031398598,0.0010951423626534332,0.0006615445595135734,0.0006615445595135734,21,21
10,5,RECON,1,IGMP,0.0,0.0,0.0,0.0,39,39
10,5,RECON,1,IPv,3.552539848654503e-05,2.5233619032159436e-05,-1.0291779454385591e-05,1.0291779454385591e-05,31,31
10,5,RECON,1,LLC,6.814665348262872e-05,3.4566717176624424e-05,-3.35799363060043e-05,3.35799363060043e-05,28,29
10,5,RECON,1,Tot sum,0.7398768513632267,0.7865349324191431,0.0466580810559164,0.0466580810559164,1,1
10,5,RECON,1,Min,0.0018284138216147737,0.001948434082088386,0.00012002026047361228,0.00012002026047361228,17,18
10,5,RECON,1,Max,0.042675165163458394,0.049795479412228505,0.007120314248770111,0.007120314248770111,10,10
10,5,RECON,1,AVG,0.22487770280590738,0.20968529032943942,-0.015192412476467965,0.015192412476467965,4,4
10,5,RECON,1,Std,0.23372284402944882,0.19033232646551984,-0.043390517563928976,0.043390517563928976,3,5
10,5,RECON,1,Tot size,0.21046194097301676,0.22561613241091322,0.015154191437896453,0.015154191437896453,5,3
10,5,RECON,1,IAT,0.20068700154009672,0.12125329568184291,-0.07943370585825381,0.07943370585825381,6,6
10,5,RECON,1,Number,0.06367503805697677,0.11040093374141509,0.046725895684438315,0.046725895684438315,9,7
10,5,RECON,1,Variance,0.47305443588489754,0.4556779076871512,-0.01737652819774632,0.01737652819774632,2,2
10,1,SPOOFING,1,Header_Length,0.0007504252240853437,0.0012095192051933383,0.0004590939811079946,0.0004590939811079946,19,19
10,1,SPOOFING,1,Protocol Type,0.0002945310517962504,0.0003126216601099942,1.809060831374379e-05,1.809060831374379e-05,20,23
10,1,SPOOFING,1,Time_To_Live,0.03062085863788963,0.08832597095972629,0.05770511232183666,0.05770511232183666,11,7
10,1,SPOOFING,1,Rate,0.0014017657307242712,0.0018902472492399154,0.0004884815185156443,0.0004884815185156443,18,18
10,1,SPOOFING,1,fin_flag_number,0.00011792586602193042,0.00023215521787687624,0.00011422935185494582,0.00011422935185494582,26,24
10,1,SPOOFING,1,syn_flag_number,0.03975673203662442,0.04038331647763328,0.0006265844410088608,0.0006265844410088608,8,10
10,1,SPOOFING,1,rst_flag_number,0.00023378285548366482,0.0003671273814526125,0.0001333445259689477,0.0001333445259689477,22,21
10,1,SPOOFING,1,psh_flag_number,0.0001961530310173806,0.0003344691385034867,0.00013831610748610607,0.00013831610748610607,23,22
10,1,SPOOFING,1,ack_flag_number,0.028803323738581372,0.05028416426785898,0.021480840529277605,0.021480840529277605,12,8
10,1,SPOOFING,1,ece_flag_number,0.0,0.0,0.0,0.0,33,34
10,1,SPOOFING,1,cwr_flag_number,0.0,0.0,0.0,0.0,34,35
10,1,SPOOFING,1,ack_count,0.0038839451268562566,0.005134306217084946,0.0012503610902286897,0.0012503610902286897,17,17
10,1,SPOOFING,1,syn_count,0.010976642137731559,0.017060658947926664,0.006084016810195105,0.006084016810195105,14,14
10,1,SPOOFING,1,fin_count,0.006450767171831836,0.015690940828300887,0.00924017365646905,0.00924017365646905,16,16
10,1,SPOOFING,1,rst_count,0.010768352251512627,0.016257762931477182,0.005489410679964555,0.005489410679964555,15,15
10,1,SPOOFING,1,HTTP,2.3327304794857775e-05,4.245575108089833e-05,1.9128446286040553e-05,1.9128446286040553e-05,27,27
10,1,SPOOFING,1,HTTPS,0.0001557830670372992,0.00020979344346685303,5.401037642955382e-05,5.401037642955382e-05,25,25
10,1,SPOOFING,1,DNS,1.9760189128729883e-05,2.2466552783530367e-05,2.706363654800484e-06,2.706363654800484e-06,28,29
10,1,SPOOFING,1,Telnet,0.0,0.0,0.0,0.0,35,36
10,1,SPOOFING,1,SMTP,0.0,0.0,0.0,0.0,36,37
10,1,SPOOFING,1,SSH,0.0,0.0,0.0,0.0,37,38
10,1,SPOOFING,1,IRC,0.0,0.0,0.0,0.0,38,39
10,1,SPOOFING,1,TCP,0.000263245845862727,0.00042475752445618925,0.00016151167859346227,0.00016151167859346227,21,20
10,1,SPOOFING,1,UDP,0.03441859772270019,0.0369282329880498,0.0025096352653496135,0.0025096352653496135,10,11
10,1,SPOOFING,1,DHCP,3.996682313556328e-09,1.134170421006227e-06,1.1301737386926707e-06,1.1301737386926707e-06,32,33
10,1,SPOOFING,1,ARP,9.39170466794887e-06,1.9884328964054495e-05,1.0492624296105624e-05,1.0492624296105624e-05,30,30
10,1,SPOOFING,1,ICMP,0.0001794543263261208,0.00016577363501702648,-1.3680691309094325e-05,1.3680691309094325e-05,24,26
10,1,SPOOFING,1,IGMP,0.0,1.1754144037098094e-06,1.1754144037098094e-06,1.1754144037098094e-06,39,32
10,1,SPOOFING,1,IPv,5.056779292495644e-06,1.3778388191464365e-05,8.721608898968721e-06,8.721608898968721e-06,31,31
10,1,SPOOFING,1,LLC,1.7132290209361423e-05,3.1560875631688024e-05,1.44285854223266e-05,1.44285854223266e-05,29,28
10,1,SPOOFING,1,Tot sum,0.3248393543703002,0.5181365124367195,0.19329715806641934,0.19329715806641934,4,2
10,1,SPOOFING,1,Min,0.06869353855800471,0.02531568170962946,-0.04337785684837525,0.04337785684837525,7,13
10,1,SPOOFING,1,Max,0.0377721265968822,0.029570458531867017,-0.008201668065015183,0.008201668065015183,9,12
10,1,SPOOFING,1,AVG,0.3820766849819385,0.3432111744906724,-0.038865510491266075,0.038865510491266075,3,4
10,1,SPOOFING,1,Std,0.22825363624788056,0.21915078274324667,-0.009102853504633884,0.009102853504633884,5,5
10,1,SPOOFING,1,Tot size,0.565427920817536,0.5246730993701236,-0.04075482144741238,0.04075482144741238,2,1
10,1,SPOOFING,1,IAT,0.07949724941384048,0.09686674260896934,0.017369493195128857,0.017369493195128857,6,6
10,1,SPOOFING,1,Number,0.022629781203054367,0.04279070871647312,0.020160927513418754,0.020160927513418754,13,9
10,1,SPOOFING,1,Variance,0.5990679365061499,0.5133654569479195,-0.0857024795582304,0.0857024795582304,1,3
10,2,SPOOFING,1,Header_Length,0.0007504252240853437,0.0007312465321035911,-1.9178691981752618e-05,1.9178691981752618e-05,19,17
10,2,SPOOFING,1,Protocol Type,0.0002945310517962504,0.0003677315305224332,7.320047872618282e-05,7.320047872618282e-05,20,19
10,2,SPOOFING,1,Time_To_Live,0.03062085863788963,0.08169711807965736,0.05107625944176773,0.05107625944176773,11,6
10,2,SPOOFING,1,Rate,0.0014017657307242712,0.0017748810460859676,0.00037311531536169643,0.00037311531536169643,18,16
10,2,SPOOFING,1,fin_flag_number,0.00011792586602193042,2.8223489773030796e-06,-0.00011510351704462734,0.00011510351704462734,26,30
10,2,SPOOFING,1,syn_flag_number,0.03975673203662442,0.03780015386243783,-0.0019565781741865892,0.0019565781741865892,8,9
10,2,SPOOFING,1,rst_flag_number,0.00023378285548366482,1.3824208889714295e-05,-0.00021995864659395053,0.00021995864659395053,22,27
10,2,SPOOFING,1,psh_flag_number,0.0001961530310173806,0.0003230899622110655,0.00012693693119368487,0.00012693693119368487,23,20
10,2,SPOOFING,1,ack_flag_number,0.028803323738581372,0.02844338597975404,-0.000359937758827332,0.000359937758827332,12,11
10,2,SPOOFING,1,ece_flag_number,0.0,1.5486539242878135e-08,1.5486539242878135e-08,1.5486539242878135e-08,33,32
10,2,SPOOFING,1,cwr_flag_number,0.0,0.0,0.0,0.0,34,33
10,2,SPOOFING,1,ack_count,0.0038839451268562566,0.004522608046370487,0.0006386629195142307,0.0006386629195142307,17,15
10,2,SPOOFING,1,syn_count,0.010976642137731559,0.013153301247126941,0.0021766591093953826,0.0021766591093953826,14,14
10,2,SPOOFING,1,fin_count,0.006450767171831836,2.1002596366775492e-05,-0.00642976457546506,0.00642976457546506,16,24
10,2,SPOOFING,1,rst_count,0.010768352251512627,0.0006283895616020515,-0.010139962689910575,0.010139962689910575,15,18
10,2,SPOOFING,1,HTTP,2.3327304794857775e-05,6.859987627428485e-05,4.527257147942708e-05,4.527257147942708e-05,27,23
10,2,SPOOFING,1,HTTPS,0.0001557830670372992,0.0001618908476319619,6.10778059466268e-06,6.10778059466268e-06,25,22
10,2,SPOOFING,1,DNS,1.9760189128729883e-05,1.452229762218324e-06,-1.830795936651156e-05,1.830795936651156e-05,28,31
10,2,SPOOFING,1,Telnet,0.0,0.0,0.0,0.0,35,34
10,2,SPOOFING,1,SMTP,0.0,0.0,0.0,0.0,36,35
10,2,SPOOFING,1,SSH,0.0,0.0,0.0,0.0,37,36
10,2,SPOOFING,1,IRC,0.0,0.0,0.0,0.0,38,37
10,2,SPOOFING,1,TCP,0.000263245845862727,0.0002538252801266005,-9.420565736126458e-06,9.420565736126458e-06,21,21
10,2,SPOOFING,1,UDP,0.03441859772270019,0.03964611129103749,0.005227513568337304,0.005227513568337304,10,8
10,2,SPOOFING,1,DHCP,3.996682313556328e-09,0.0,-3.996682313556328e-09,3.996682313556328e-09,32,38
10,2,SPOOFING,1,ARP,9.39170466794887e-06,1.2262394195217362e-05,2.8706895272684918e-06,2.8706895272684918e-06,30,28
10,2,SPOOFING,1,ICMP,0.0001794543263261208,1.7325856881587754e-05,-0.00016212846944453304,0.00016212846944453304,24,26
10,2,SPOOFING,1,IGMP,0.0,0.0,0.0,0.0,39,39
10,2,SPOOFING,1,IPv,5.056779292495644e-06,2.9916540659905866e-06,-2.0651252265050575e-06,2.0651252265050575e-06,31,29
10,2,SPOOFING,1,LLC,1.7132290209361423e-05,1.9477217860958427e-05,2.344927651597004e-06,2.344927651597004e-06,29,25
10,2,SPOOFING,1,Tot sum,0.3248393543703002,0.38936759271158994,0.06452823834128973,0.06452823834128973,4,3
10,2,SPOOFING,1,Min,0.06869353855800471,0.03259522122850446,-0.03609831732950025,0.03609831732950025,7,10
10,2,SPOOFING,1,Max,0.0377721265968822,0.0440600601328772,0.006287933535995001,0.006287933535995001,9,7
10,2,SPOOFING,1,AVG,0.3820766849819385,0.5169276057326285,0.13485092075069005,0.13485092075069005,3,2
10,2,SPOOFING,1,Std,0.22825363624788056,0.2514766678361986,0.023223031588318038,0.023223031588318038,5,5
10,2,SPOOFING,1,Tot size,0.565427920817536,0.6029384006282039,0.03751047981066791,0.03751047981066791,2,1
10,2,SPOOFING,1,IAT,0.07949724941384048,0.026383505391000293,-0.05311374402284019,0.05311374402284019,6,13
10,2,SPOOFING,1,Number,0.022629781203054367,0.027605645850109627,0.00497586464705526,0.00497586464705526,13,12
10,2,SPOOFING,1,Variance,0.5990679365061499,0.3731750390118468,-0.22589289749430308,0.22589289749430308,1,4
10,3,SPOOFING,1,Header_Length,0.0007504252240853437,0.0004100514068276832,-0.0003403738172576605,0.0003403738172576605,19,19
10,3,SPOOFING,1,Protocol Type,0.0002945310517962504,0.0001884865715921415,-0.00010604448020410889,0.00010604448020410889,20,21
10,3,SPOOFING,1,Time_To_Live,0.03062085863788963,0.039287388136942165,0.008666529499052535,0.008666529499052535,11,8
10,3,SPOOFING,1,Rate,0.0014017657307242712,0.000591116988161855,-0.0008106487425624161,0.0008106487425624161,18,18
10,3,SPOOFING,1,fin_flag_number,0.00011792586602193042,6.478981634254993e-05,-5.313604967938048e-05,5.313604967938048e-05,26,25
10,3,SPOOFING,1,syn_flag_number,0.03975673203662442,0.03497412247995745,-0.00478260955666697,0.00478260955666697,8,9
10,3,SPOOFING,1,rst_flag_number,0.00023378285548366482,0.0001861044563497637,-4.7678399133901114e-05,4.7678399133901114e-05,22,22
10,3,SPOOFING,1,psh_flag_number,0.0001961530310173806,0.00022463046094437641,2.847742992699581e-05,2.847742992699581e-05,23,20
10,3,SPOOFING,1,ack_flag_number,0.028803323738581372,0.01417297172324166,-0.014630352015339711,0.014630352015339711,12,12
10,3,SPOOFING,1,ece_flag_number,0.0,0.0,0.0,0.0,33,33
10,3,SPOOFING,1,cwr_flag_number,0.0,0.0,0.0,0.0,34,34
10,3,SPOOFING,1,ack_count,0.0038839451268562566,0.003954012409348687,7.00672824924301e-05,7.00672824924301e-05,17,16
10,3,SPOOFING,1,syn_count,0.010976642137731559,0.0084205038778516,-0.002556138259879959,0.002556138259879959,14,14
10,3,SPOOFING,1,fin_count,0.006450767171831836,0.002782570649618989,-0.0036681965222128466,0.0036681965222128466,16,17
10,3,SPOOFING,1,rst_count,0.010768352251512627,0.008246884844212144,-0.0025214674073004827,0.0025214674073004827,15,15
10,3,SPOOFING,1,HTTP,2.3327304794857775e-05,1.308224916585803e-05,-1.0245055628999744e-05,1.0245055628999744e-05,27,30
10,3,SPOOFING,1,HTTPS,0.0001557830670372992,0.00010791362885130471,-4.78694381859945e-05,4.78694381859945e-05,25,24
10,3,SPOOFING,1,DNS,1.9760189128729883e-05,2.076691957478059e-05,1.0067304460507082e-06,1.0067304460507082e-06,28,29
10,3,SPOOFING,1,Telnet,0.0,0.0,0.0,0.0,35,35
10,3,SPOOFING,1,SMTP,0.0,0.0,0.0,0.0,36,36
10,3,SPOOFING,1,SSH,0.0,7.830630717704349e-07,7.830630717704349e-07,7.830630717704349e-07,37,32
10,3,SPOOFING,1,IRC,0.0,0.0,0.0,0.0,38,37
10,3,SPOOFING,1,TCP,0.000263245845862727,0.0001795197561037988,-8.372608975892819e-05,8.372608975892819e-05,21,23
10,3,SPOOFING,1,UDP,0.03441859772270019,0.019043584825591067,-0.01537501289710912,0.01537501289710912,10,11
10,3,SPOOFING,1,DHCP,3.996682313556328e-09,0.0,-3.996682313556328e-09,3.996682313556328e-09,32,38
10,3,SPOOFING,1,ARP,9.39170466794887e-06,2.296522256648951e-05,1.3573517898540641e-05,1.3573517898540641e-05,30,28
10,3,SPOOFING,1,ICMP,0.0001794543263261208,4.692878724610777e-05,-0.00013252553908001303,0.00013252553908001303,24,26
10,3,SPOOFING,1,IGMP,0.0,0.0,0.0,0.0,39,39
10,3,SPOOFING,1,IPv,5.056779292495644e-06,2.783289391379215e-06,-2.2734899011164294e-06,2.2734899011164294e-06,31,31
10,3,SPOOFING,1,LLC,1.7132290209361423e-05,2.6833357026306304e-05,9.701066816944881e-06,9.701066816944881e-06,29,27
10,3,SPOOFING,1,Tot sum,0.3248393543703002,0.2516701639575308,-0.07316919041276942,0.07316919041276942,4,4
10,3,SPOOFING,1,Min,0.06869353855800471,0.05163853914210987,-0.01705499941589484,0.01705499941589484,7,6
10,3,SPOOFING,1,Max,0.0377721265968822,0.04084008036629967,0.0030679537694174724,0.0030679537694174724,9,7
10,3,SPOOFING,1,AVG,0.3820766849819385,0.43052947752754955,0.04845279254561108,0.04845279254561108,3,3
10,3,SPOOFING,1,Std,0.22825363624788056,0.21542634866403415,-0.012827287583846408,0.012827287583846408,5,5
10,3,SPOOFING,1,Tot size,0.565427920817536,0.643819057771285,0.078391136953749,0.078391136953749,2,1
10,3,SPOOFING,1,IAT,0.07949724941384048,0.03351937271444465,-0.045977876699395834,0.045977876699395834,6,10
10,3,SPOOFING,1,Number,0.022629781203054367,0.014133414620355885,-0.008496366582698481,0.008496366582698481,13,13
10,3,SPOOFING,1,Variance,0.5990679365061499,0.5303244775397421,-0.06874345896640777,0.06874345896640777,1,2
10,4,SPOOFING,1,Header_Length,0.0007504252240853437,0.0013224660962161709,0.0005720408721308272,0.0005720408721308272,19,19
10,4,SPOOFING,1,Protocol Type,0.0002945310517962504,0.00012605707476572687,-0.00016847397703052353,0.00016847397703052353,20,25
10,4,SPOOFING,1,Time_To_Live,0.03062085863788963,0.03999714906313522,0.009376290425245591,0.009376290425245591,11,10
10,4,SPOOFING,1,Rate,0.0014017657307242712,0.006908252437653959,0.005506486706929688,0.005506486706929688,18,16
10,4,SPOOFING,1,fin_flag_number,0.00011792586602193042,0.00010949724930855703,-8.428616713373384e-06,8.428616713373384e-06,26,26
10,4,SPOOFING,1,syn_flag_number,0.03975673203662442,0.10094209429132393,0.06118536225469951,0.06118536225469951,8,6
10,4,SPOOFING,1,rst_flag_number,0.00023378285548366482,0.0003004679261786875,6.66850706950227e-05,6.66850706950227e-05,22,24
10,4,SPOOFING,1,psh_flag_number,0.0001961530310173806,0.00048258626707757855,0.000286433236060198,0.000286433236060198,23,23
10,4,SPOOFING,1,ack_flag_number,0.028803323738581372,0.04697199791613848,0.018168674177557107,0.018168674177557107,12,9
10,4,SPOOFING,1,ece_flag_number,0.0,0.0,0.0,0.0,33,32
10,4,SPOOFING,1,cwr_flag_number,0.0,0.0,0.0,0.0,34,33
10,4,SPOOFING,1,ack_count,0.0038839451268562566,0.0026799174643329223,-0.0012040276625233342,0.0012040276625233342,17,18
10,4,SPOOFING,1,syn_count,0.010976642137731559,0.025406302004045218,0.014429659866313659,0.014429659866313659,14,14
10,4,SPOOFING,1,fin_count,0.006450767171831836,0.002799590609667359,-0.0036511765621644768,0.0036511765621644768,16,17
10,4,SPOOFING,1,rst_count,0.010768352251512627,0.011120176330425832,0.0003518240789132047,0.0003518240789132047,15,15
10,4,SPOOFING,1,HTTP,2.3327304794857775e-05,1.958685378280824e-05,-3.7404510120495334e-06,3.7404510120495334e-06,27,27
10,4,SPOOFING,1,HTTPS,0.0001557830670372992,0.0008061394976245741,0.000650356430587275,0.000650356430587275,25,20
10,4,SPOOFING,1,DNS,1.9760189128729883e-05,6.930045405361074e-06,-1.2830143723368809e-05,1.2830143723368809e-05,28,29
10,4,SPOOFING,1,Telnet,0.0,0.0,0.0,0.0,35,34
10,4,SPOOFING,1,SMTP,0.0,0.0,0.0,0.0,36,35
10,4,SPOOFING,1,SSH,0.0,0.0,0.0,0.0,37,36
10,4,SPOOFING,1,IRC,0.0,0.0,0.0,0.0,38,37
10,4,SPOOFING,1,TCP,0.000263245845862727,0.0005025072084559454,0.00023926136259321847,0.00023926136259321847,21,22
10,4,SPOOFING,1,UDP,0.03441859772270019,0.02762603095217647,-0.006792566770523718,0.006792566770523718,10,11
10,4,SPOOFING,1,DHCP,3.996682313556328e-09,0.0,-3.996682313556328e-09,3.996682313556328e-09,32,38
10,4,SPOOFING,1,ARP,9.39170466794887e-06,6.578327329785203e-06,-2.8133773381636677e-06,2.8133773381636677e-06,30,30
10,4,SPOOFING,1,ICMP,0.0001794543263261208,0.0007494775640812834,0.0005700232377551626,0.0005700232377551626,24,21
10,4,SPOOFING,1,IGMP,0.0,0.0,0.0,0.0,39,39
10,4,SPOOFING,1,IPv,5.056779292495644e-06,6.225849668205021e-06,1.1690703757093767e-06,1.1690703757093767e-06,31,31
10,4,SPOOFING,1,LLC,1.7132290209361423e-05,1.2399235280556947e-05,-4.733054928804476e-06,4.733054928804476e-06,29,28
10,4,SPOOFING,1,Tot sum,0.3248393543703002,0.28294005739765893,-0.041899296972641276,0.041899296972641276,4,4
10,4,SPOOFING,1,Min,0.06869353855800471,0.17769367142215126,0.10900013286414655,0.10900013286414655,7,5
10,4,SPOOFING,1,Max,0.0377721265968822,0.025573247893657128,-0.012198878703225072,0.012198878703225072,9,13
10,4,SPOOFING,1,AVG,0.3820766849819385,0.6079780335257626,0.22590134854382415,0.22590134854382415,3,1
10,4,SPOOFING,1,Std,0.22825363624788056,0.08475627833062258,-0.14349735791725798,0.14349735791725798,5,7
10,4,SPOOFING,1,Tot size,0.565427920817536,0.45416874697351384,-0.11125917384402217,0.11125917384402217,2,3
10,4,SPOOFING,1,IAT,0.07949724941384048,0.026906386294520045,-0.05259086311932044,0.05259086311932044,6,12
10,4,SPOOFING,1,Number,0.022629781203054367,0.07234300998393972,0.049713228780885355,0.049713228780885355,13,8
10,4,SPOOFING,1,Variance,0.5990679365061499,0.5320471494939197,-0.06702078701223013,0.06702078701223013,1,2
10,5,SPOOFING,1,Header_Length,0.0007504252240853437,0.00012251153994530272,-0.000627913684140041,0.000627913684140041,19,21
10,5,SPOOFING,1,Protocol Type,0.0002945310517962504,7.664156876975571e-05,-0.0002178894830264947,0.0002178894830264947,20,23
10,5,SPOOFING,1,Time_To_Live,0.03062085863788963,0.016140878810216627,-0.014479979827673004,0.014479979827673004,11,9
10,5,SPOOFING,1,Rate,0.0014017657307242712,0.00016056369403614972,-0.0012412020366881214,0.0012412020366881214,18,18
10,5,SPOOFING,1,fin_flag_number,0.00011792586602193042,4.797674910249376e-05,-6.994911691943665e-05,6.994911691943665e-05,26,26
10,5,SPOOFING,1,syn_flag_number,0.03975673203662442,0.01072497773905617,-0.02903175429756825,0.02903175429756825,8,10
10,5,SPOOFING,1,rst_flag_number,0.00023378285548366482,0.00015559919155510034,-7.818366392856448e-05,7.818366392856448e-05,22,20
10,5,SPOOFING,1,psh_flag_number,0.0001961530310173806,0.00015877412781270644,-3.737890320467416e-05,3.737890320467416e-05,23,19
10,5,SPOOFING,1,ack_flag_number,0.028803323738581372,0.004347191728015836,-0.024456132010565537,0.024456132010565537,12,14
10,5,SPOOFING,1,ece_flag_number,0.0,0.0,0.0,0.0,33,32
10,5,SPOOFING,1,cwr_flag_number,0.0,0.0,0.0,0.0,34,33
10,5,SPOOFING,1,ack_count,0.0038839451268562566,0.0020741790534550488,-0.0018097660734012078,0.0018097660734012078,17,16
10,5,SPOOFING,1,syn_count,0.010976642137731559,0.0028226061177333917,-0.008154036019998166,0.008154036019998166,14,15
10,5,SPOOFING,1,fin_count,0.006450767171831836,0.001897436541602143,-0.004553330630229693,0.004553330630229693,16,17
10,5,SPOOFING,1,rst_count,0.010768352251512627,0.0070912718605715686,-0.0036770803909410583,0.0036770803909410583,15,12
10,5,SPOOFING,1,HTTP,2.3327304794857775e-05,6.241152659053638e-06,-1.7086152135804136e-05,1.7086152135804136e-05,27,27
10,5,SPOOFING,1,HTTPS,0.0001557830670372992,5.7113714655010056e-05,-9.866935238228916e-05,9.866935238228916e-05,25,24
10,5,SPOOFING,1,DNS,1.9760189128729883e-05,2.3193237382347182e-07,-1.9528256754906412e-05,1.9528256754906412e-05,28,29
10,5,SPOOFING,1,Telnet,0.0,0.0,0.0,0.0,35,34
10,5,SPOOFING,1,SMTP,0.0,0.0,0.0,0.0,36,35
10,5,SPOOFING,1,SSH,0.0,0.0,0.0,0.0,37,36
10,5,SPOOFING,1,IRC,0.0,0.0,0.0,0.0,38,37
10,5,SPOOFING,1,TCP,0.000263245845862727,4.815655664419248e-05,-0.0002150892892185345,0.0002150892892185345,21,25
10,5,SPOOFING,1,UDP,0.03441859772270019,0.005575356303493915,-0.028843241419206272,0.028843241419206272,10,13
10,5,SPOOFING,1,DHCP,3.996682313556328e-09,0.0,-3.996682313556328e-09,3.996682313556328e-09,32,38
10,5,SPOOFING,1,ARP,9.39170466794887e-06,1.1963958429553234e-07,-9.272065083653338e-06,9.272065083653338e-06,30,31
10,5,SPOOFING,1,ICMP,0.0001794543263261208,0.00010043475538513695,-7.901957094098386e-05,7.901957094098386e-05,24,22
10,5,SPOOFING,1,IGMP,0.0,0.0,0.0,0.0,39,39
10,5,SPOOFING,1,IPv,5.056779292495644e-06,2.3262124579108803e-07,-4.824158046704556e-06,4.824158046704556e-06,31,28
10,5,SPOOFING,1,LLC,1.7132290209361423e-05,2.2590277620583604e-07,-1.6906387433155586e-05,1.6906387433155586e-05,29,30
10,5,SPOOFING,1,Tot sum,0.3248393543703002,0.17975086998470974,-0.14508848438559047,0.14508848438559047,4,4
10,5,SPOOFING,1,Min,0.06869353855800471,0.05171747935413931,-0.0169760592038654,0.0169760592038654,7,6
10,5,SPOOFING,1,Max,0.0377721265968822,0.017755972512853654,-0.020016154084028546,0.020016154084028546,9,8
10,5,SPOOFING,1,AVG,0.3820766849819385,0.4260568125965504,0.04398012761461195,0.04398012761461195,3,3
10,5,SPOOFING,1,Std,0.22825363624788056,0.05669102602618069,-0.17156261022169988,0.17156261022169988,5,5
10,5,SPOOFING,1,Tot size,0.565427920817536,0.5133078170889499,-0.05212010372858611,0.05212010372858611,2,2
10,5,SPOOFING,1,IAT,0.07949724941384048,0.037598854702829934,-0.04189839471101055,0.04189839471101055,6,7
10,5,SPOOFING,1,Number,0.022629781203054367,0.008524102113114126,-0.01410567908994024,0.01410567908994024,13,11
10,5,SPOOFING,1,Variance,0.5990679365061499,0.7172853808851719,0.11821744437902204,0.11821744437902204,1,1
10,1,WEB,1,Header_Length,0.0007707146621343012,0.0005971970641392652,-0.00017351759799503596,0.00017351759799503596,18,18
10,1,WEB,1,Protocol Type,0.00030594890672628233,0.0003587635195549389,5.281461282865657e-05,5.281461282865657e-05,19,19
10,1,WEB,1,Time_To_Live,0.052920659261806634,0.06396560473121841,0.01104494546941178,0.01104494546941178,7,7
10,1,WEB,1,Rate,0.0001703841136745417,0.000187258978667638,1.6874864993096303e-05,1.6874864993096303e-05,23,22
10,1,WEB,1,fin_flag_number,5.813393421874758e-05,0.0001592690098842201,0.0001011350756654725,0.0001011350756654725,26,23
10,1,WEB,1,syn_flag_number,0.010175230120604008,0.021208397127022143,0.011033167006418135,0.011033167006418135,13,10
10,1,WEB,1,rst_flag_number,8.076202903047202e-05,0.00027014868330565116,0.00018938665427517914,0.00018938665427517914,24,21
10,1,WEB,1,psh_flag_number,0.00018670409158070547,0.0003553122406870893,0.0001686081491063838,0.0001686081491063838,22,20
10,1,WEB,1,ack_flag_number,0.015803053895223143,0.01738137716386875,0.0015783232686456053,0.0015783232686456053,11,12
10,1,WEB,1,ece_flag_number,0.0,0.0,0.0,0.0,34,35
10,1,WEB,1,cwr_flag_number,0.0,0.0,0.0,0.0,35,36
10,1,WEB,1,ack_count,0.003805094381861174,0.005640547589024904,0.0018354532071637297,0.0018354532071637297,14,16
10,1,WEB,1,syn_count,0.0032548130437185553,0.011081362711226998,0.007826549667508443,0.007826549667508443,16,13
10,1,WEB,1,fin_count,0.0030460047011350265,0.0054841883613275045,0.002438183660192478,0.002438183660192478,17,17
10,1,WEB,1,rst_count,0.003563624219204306,0.010087206061869221,0.006523581842664916,0.006523581842664916,15,14
10,1,WEB,1,HTTP,2.727190039036429e-05,3.5700347090014594e-05,8.428446699650303e-06,8.428446699650303e-06,29,27
10,1,WEB,1,HTTPS,5.8442948557950455e-05,7.729483117066738e-05,1.885188261271692e-05,1.885188261271692e-05,25,26
10,1,WEB,1,DNS,6.06938335094367e-06,9.344314329648651e-06,3.2749309787049814e-06,3.2749309787049814e-06,32,31
10,1,WEB,1,Telnet,0.0,0.0,0.0,0.0,36,37
10,1,WEB,1,SMTP,0.0,0.0,0.0,0.0,37,38
10,1,WEB,1,SSH,3.024948773937567e-05,1.3005453440647653e-05,-1.7244034298728015e-05,1.7244034298728015e-05,28,30
10,1,WEB,1,IRC,0.0,2.0040544842723536e-07,2.0040544842723536e-07,2.0040544842723536e-07,38,33
10,1,WEB,1,TCP,0.00019807887312104172,0.0001325389844583595,-6.553988866268222e-05,6.553988866268222e-05,21,24
10,1,WEB,1,UDP,0.018899466221010706,0.024150538808248925,0.005251072587238219,0.005251072587238219,9,9
10,1,WEB,1,DHCP,2.639642990001826e-07,1.7245642599989104e-08,-2.467186564001935e-07,2.467186564001935e-07,33,34
10,1,WEB,1,ARP,3.5344310714390095e-05,2.5657952545323853e-05,-9.686358169066243e-06,9.686358169066243e-06,27,28
10,1,WEB,1,ICMP,0.0002961694297547944,0.00013182375689882935,-0.00016434567285596505,0.00016434567285596505,20,25
10,1,WEB,1,IGMP,0.0,0.0,0.0,0.0,39,39
10,1,WEB,1,IPv,1.2515880429059302e-05,2.4750901308871882e-05,1.223502087981258e-05,1.223502087981258e-05,31,29
10,1,WEB,1,LLC,1.7593853324904114e-05,6.92976301710942e-06,-1.0664090307794695e-05,1.0664090307794695e-05,30,32
10,1,WEB,1,Tot sum,0.4506710730840053,0.555575890375363,0.10490481729135775,0.10490481729135775,2,2
10,1,WEB,1,Min,0.012813750423440726,0.008134605383094438,-0.004679145040346288,0.004679145040346288,12,15
10,1,WEB,1,Max,0.02890662606418528,0.05146742586075959,0.022560799796574313,0.022560799796574313,8,8
10,1,WEB,1,AVG,0.08394913106512544,0.12994474217116275,0.04599561110603731,0.04599561110603731,6,6
10,1,WEB,1,Std,0.17592010992401608,0.3194702811475016,0.1435501712234855,0.1435501712234855,5,3
10,1,WEB,1,Tot size,0.20959884350029376,0.1645382502322661,-0.045060593268027666,0.045060593268027666,4,5
10,1,WEB,1,IAT,0.7560463171367713,0.6997546828506123,-0.05629163428615902,0.05629163428615902,1,1
10,1,WEB,1,Number,0.016022685891937633,0.01754792698290506,0.0015252410909674281,0.0015252410909674281,10,11
10,1,WEB,1,Variance,0.37221904645987497,0.21661509491443043,-0.15560395154544454,0.15560395154544454,3,4
10,2,WEB,1,Header_Length,0.0007707146621343012,0.0004976535865679921,-0.0002730610755663091,0.0002730610755663091,18,17
10,2,WEB,1,Protocol Type,0.00030594890672628233,0.00032339878705175636,1.7449880325474032e-05,1.7449880325474032e-05,19,19
10,2,WEB,1,Time_To_Live,0.052920659261806634,0.0657521464499055,0.012831487188098865,0.012831487188098865,7,7
10,2,WEB,1,Rate,0.0001703841136745417,0.00017340142215497198,3.0173084804302887e-06,3.0173084804302887e-06,23,21
10,2,WEB,1,fin_flag_number,5.813393421874758e-05,1.6107834678831047e-05,-4.202609953991653e-05,4.202609953991653e-05,26,28
10,2,WEB,1,syn_flag_number,0.010175230120604008,0.012501146627987285,0.002325916507383277,0.002325916507383277,13,12
10,2,WEB,1,rst_flag_number,8.076202903047202e-05,2.0474084717536044e-05,-6.028794431293598e-05,6.028794431293598e-05,24,27
10,2,WEB,1,psh_flag_number,0.00018670409158070547,0.00035976551073500643,0.00017306141915430096,0.00017306141915430096,22,18
10,2,WEB,1,ack_flag_number,0.015803053895223143,0.01868445727269625,0.002881403377473106,0.002881403377473106,11,10
10,2,WEB,1,ece_flag_number,0.0,1.6432298170872092e-08,1.6432298170872092e-08,1.6432298170872092e-08,34,34
10,2,WEB,1,cwr_flag_number,0.0,0.0,0.0,0.0,35,36
10,2,WEB,1,ack_count,0.003805094381861174,0.0037917007487121494,-1.3393633149024527e-05,1.3393633149024527e-05,14,14
10,2,WEB,1,syn_count,0.0032548130437185553,0.004464615078211968,0.0012098020344934127,0.0012098020344934127,16,13
10,2,WEB,1,fin_count,0.0030460047011350265,8.802038558585533e-05,-0.0029579843155491713,0.0029579843155491713,17,22
10,2,WEB,1,rst_count,0.003563624219204306,0.0006777551424715611,-0.002885869076732745,0.002885869076732745,15,16
10,2,WEB,1,HTTP,2.727190039036429e-05,4.29300342645153e-05,1.565813387415101e-05,1.565813387415101e-05,29,25
10,2,WEB,1,HTTPS,5.8442948557950455e-05,5.9493530338130536e-05,1.0505817801800802e-06,1.0505817801800802e-06,25,23
10,2,WEB,1,DNS,6.06938335094367e-06,4.1079290137612465e-06,-1.9614543371824234e-06,1.9614543371824234e-06,32,31
10,2,WEB,1,Telnet,0.0,0.0,0.0,0.0,36,37
10,2,WEB,1,SMTP,0.0,0.0,0.0,0.0,37,38
10,2,WEB,1,SSH,3.024948773937567e-05,3.57532371109362e-06,-2.6674164028282048e-05,2.6674164028282048e-05,28,32
10,2,WEB,1,IRC,0.0,0.0,0.0,0.0,38,39
10,2,WEB,1,TCP,0.00019807887312104172,0.00019312977909836265,-4.94909402267907e-06,4.94909402267907e-06,21,20
10,2,WEB,1,UDP,0.018899466221010706,0.02038055806952964,0.0014810918485189326,0.0014810918485189326,9,9
10,2,WEB,1,DHCP,2.639642990001826e-07,1.4298308765283368e-08,-2.4966599023489923e-07,2.4966599023489923e-07,33,35
10,2,WEB,1,ARP,3.5344310714390095e-05,2.759278899475789e-05,-7.751521719632205e-06,7.751521719632205e-06,27,26
10,2,WEB,1,ICMP,0.0002961694297547944,5.68535591285466e-05,-0.0002393158706262478,0.0002393158706262478,20,24
10,2,WEB,1,IGMP,0.0,1.084229205013153e-06,1.084229205013153e-06,1.084229205013153e-06,39,33
10,2,WEB,1,IPv,1.2515880429059302e-05,1.1764530926342003e-05,-7.513495027172981e-07,7.513495027172981e-07,31,29
10,2,WEB,1,LLC,1.7593853324904114e-05,9.182121712368297e-06,-8.411731612535817e-06,8.411731612535817e-06,30,30
10,2,WEB,1,Tot sum,0.4506710730840053,0.5001504369849792,0.049479363900973905,0.049479363900973905,2,2
10,2,WEB,1,Min,0.012813750423440726,0.0018743178498569278,-0.010939432573583797,0.010939432573583797,12,15
10,2,WEB,1,Max,0.02890662606418528,0.03018994418485116,0.0012833181206658786,0.0012833181206658786,8,8
10,2,WEB,1,AVG,0.08394913106512544,0.10511318187486475,0.021164050809739307,0.021164050809739307,6,6
10,2,WEB,1,Std,0.17592010992401608,0.18761285042778472,0.011692740503768645,0.011692740503768645,5,4
10,2,WEB,1,Tot size,0.20959884350029376,0.15970504727160253,-0.04989379622869122,0.04989379622869122,4,5
10,2,WEB,1,IAT,0.7560463171367713,0.7399708231261563,-0.016075494010615032,0.016075494010615032,1,1
10,2,WEB,1,Number,0.016022685891937633,0.018055950371126058,0.002033264479188425,0.002033264479188425,10,11
10,2,WEB,1,Variance,0.37221904645987497,0.35216368017718297,-0.020055366282692,0.020055366282692,3,3
10,3,WEB,1,Header_Length,0.0007707146621343012,0.0003079196356257981,-0.0004627950265085031,0.0004627950265085031,18,20
10,3,WEB,1,Protocol Type,0.00030594890672628233,0.00037041090393222464,6.446199720594231e-05,6.446199720594231e-05,19,18
10,3,WEB,1,Time_To_Live,0.052920659261806634,0.06883884405732858,0.01591818479552195,0.01591818479552195,7,8
10,3,WEB,1,Rate,0.0001703841136745417,0.0003498440470703335,0.00017945993339579181,0.00017945993339579181,23,19
10,3,WEB,1,fin_flag_number,5.813393421874758e-05,4.377780931712496e-05,-1.4356124901622624e-05,1.4356124901622624e-05,26,27
10,3,WEB,1,syn_flag_number,0.010175230120604008,0.02311399576600243,0.012938765645398422,0.012938765645398422,13,12
10,3,WEB,1,rst_flag_number,8.076202903047202e-05,9.026080108457822e-05,9.498772054106203e-06,9.498772054106203e-06,24,23
10,3,WEB,1,psh_flag_number,0.00018670409158070547,0.0001724007457220866,-1.430334585861886e-05,1.430334585861886e-05,22,21
10,3,WEB,1,ack_flag_number,0.015803053895223143,0.007544622830421903,-0.00825843106480124,0.00825843106480124,11,14
10,3,WEB,1,ece_flag_number,0.0,0.0,0.0,0.0,34,33
10,3,WEB,1,cwr_flag_number,0.0,0.0,0.0,0.0,35,34
10,3,WEB,1,ack_count,0.003805094381861174,0.0033181406766769838,-0.00048695370518419016,0.00048695370518419016,14,16
10,3,WEB,1,syn_count,0.0032548130437185553,0.00934031897782044,0.006085505934101884,0.006085505934101884,16,13
10,3,WEB,1,fin_count,0.0030460047011350265,0.0019985676367452426,-0.0010474370643897839,0.0010474370643897839,17,17
10,3,WEB,1,rst_count,0.003563624219204306,0.005357779480487532,0.001794155261283226,0.001794155261283226,15,15
10,3,WEB,1,HTTP,2.727190039036429e-05,9.17973266608741e-06,-1.809216772427688e-05,1.809216772427688e-05,29,30
10,3,WEB,1,HTTPS,5.8442948557950455e-05,3.965620252333405e-05,-1.8786746034616407e-05,1.8786746034616407e-05,25,28
10,3,WEB,1,DNS,6.06938335094367e-06,5.0958536120344336e-05,4.488915276940067e-05,4.488915276940067e-05,32,25
10,3,WEB,1,Telnet,0.0,0.0,0.0,0.0,36,35
10,3,WEB,1,SMTP,0.0,0.0,0.0,0.0,37,36
10,3,WEB,1,SSH,3.024948773937567e-05,4.972451483098276e-05,1.9475027091607087e-05,1.9475027091607087e-05,28,26
10,3,WEB,1,IRC,0.0,0.0,0.0,0.0,38,37
10,3,WEB,1,TCP,0.00019807887312104172,0.0001657495081455599,-3.2329364975481825e-05,3.2329364975481825e-05,21,22
10,3,WEB,1,UDP,0.018899466221010706,0.02453793684460794,0.0056384706235972325,0.0056384706235972325,9,11
10,3,WEB,1,DHCP,2.639642990001826e-07,0.0,-2.639642990001826e-07,2.639642990001826e-07,33,38
10,3,WEB,1,ARP,3.5344310714390095e-05,1.5287963616310963e-05,-2.0056347098079132e-05,2.0056347098079132e-05,27,29
10,3,WEB,1,ICMP,0.0002961694297547944,6.983040002718492e-05,-0.00022633902972760947,0.00022633902972760947,20,24
10,3,WEB,1,IGMP,0.0,0.0,0.0,0.0,39,39
10,3,WEB,1,IPv,1.2515880429059302e-05,3.0297777285683e-06,-9.486102700491002e-06,9.486102700491002e-06,31,32
10,3,WEB,1,LLC,1.7593853324904114e-05,5.521682283920573e-06,-1.207217104098354e-05,1.207217104098354e-05,30,31
10,3,WEB,1,Tot sum,0.4506710730840053,0.48106595312629824,0.03039488004229296,0.03039488004229296,2,2
10,3,WEB,1,Min,0.012813750423440726,0.1240109806100959,0.11119723018665517,0.11119723018665517,12,6
10,3,WEB,1,Max,0.02890662606418528,0.04172881531791578,0.0128221892537305,0.0128221892537305,8,9
10,3,WEB,1,AVG,0.08394913106512544,0.2555694168476544,0.17162028578252894,0.17162028578252894,6,5
10,3,WEB,1,Std,0.17592010992401608,0.11198312439169214,-0.06393698553232394,0.06393698553232394,5,7
10,3,WEB,1,Tot size,0.20959884350029376,0.4325826409549179,0.22298379745462413,0.22298379745462413,4,4
10,3,WEB,1,IAT,0.7560463171367713,0.521089484138188,-0.23495683299858328,0.23495683299858328,1,1
10,3,WEB,1,Number,0.016022685891937633,0.028350450118824568,0.012327764226886934,0.012327764226886934,10,10
10,3,WEB,1,Variance,0.37221904645987497,0.4561473276327093,0.08392828117283435,0.08392828117283435,3,3
10,4,WEB,1,Header_Length,0.0007707146621343012,0.00035588933958140577,-0.00041482532255289543,0.00041482532255289543,18,19
10,4,WEB,1,Protocol Type,0.00030594890672628233,0.00022437738715401915,-8.157151957226318e-05,8.157151957226318e-05,19,20
10,4,WEB,1,Time_To_Live,0.052920659261806634,0.05021282325768313,-0.0027078360041235053,0.0027078360041235053,7,7
10,4,WEB,1,Rate,0.0001703841136745417,0.0006401339361574606,0.0004697498224829189,0.0004697498224829189,23,18
10,4,WEB,1,fin_flag_number,5.813393421874758e-05,2.962760471442291e-05,-2.850632950432467e-05,2.850632950432467e-05,26,28
10,4,WEB,1,syn_flag_number,0.010175230120604008,0.026768940378178025,0.016593710257574015,0.016593710257574015,13,8
10,4,WEB,1,rst_flag_number,8.076202903047202e-05,0.00010181540417285214,2.1053375142380122e-05,2.1053375142380122e-05,24,23
10,4,WEB,1,psh_flag_number,0.00018670409158070547,9.16461031365444e-05,-9.505798844416107e-05,9.505798844416107e-05,22,24
10,4,WEB,1,ack_flag_number,0.015803053895223143,0.008598961349593499,-0.007204092545629644,0.007204092545629644,11,13
10,4,WEB,1,ece_flag_number,0.0,0.0,0.0,0.0,34,34
10,4,WEB,1,cwr_flag_number,0.0,0.0,0.0,0.0,35,35
10,4,WEB,1,ack_count,0.003805094381861174,0.0017085773533356977,-0.0020965170285254763,0.0020965170285254763,14,17
10,4,WEB,1,syn_count,0.0032548130437185553,0.007035818566488911,0.0037810055227703553,0.0037810055227703553,16,14
10,4,WEB,1,fin_count,0.0030460047011350265,0.0018479701041418067,-0.0011980345969932198,0.0011980345969932198,17,16
10,4,WEB,1,rst_count,0.003563624219204306,0.0040542189375451475,0.0004905947183408417,0.0004905947183408417,15,15
10,4,WEB,1,HTTP,2.727190039036429e-05,1.9866267032714743e-05,-7.405633357649548e-06,7.405633357649548e-06,29,30
10,4,WEB,1,HTTPS,5.8442948557950455e-05,0.0001041266527041067,4.568370414615625e-05,4.568370414615625e-05,25,22
10,4,WEB,1,DNS,6.06938335094367e-06,1.4753789144848425e-05,8.684405793904755e-06,8.684405793904755e-06,32,32
10,4,WEB,1,Telnet,0.0,0.0,0.0,0.0,36,36
10,4,WEB,1,SMTP,0.0,0.0,0.0,0.0,37,37
10,4,WEB,1,SSH,3.024948773937567e-05,2.2127081433841417e-05,-8.122406305534252e-06,8.122406305534252e-06,28,29
10,4,WEB,1,IRC,0.0,0.0,0.0,0.0,38,38
10,4,WEB,1,TCP,0.00019807887312104172,8.962955271160983e-05,-0.00010844932040943189,0.00010844932040943189,21,25
10,4,WEB,1,UDP,0.018899466221010706,0.009149983660708075,-0.009749482560302631,0.009749482560302631,9,12
10,4,WEB,1,DHCP,2.639642990001826e-07,0.0,-2.639642990001826e-07,2.639642990001826e-07,33,39
10,4,WEB,1,ARP,3.5344310714390095e-05,4.790669247559418e-05,1.2562381761204083e-05,1.2562381761204083e-05,27,26
10,4,WEB,1,ICMP,0.0002961694297547944,0.00016238082341330136,-0.00013378860634149305,0.00013378860634149305,20,21
10,4,WEB,1,IGMP,0.0,1.5141197332706355e-07,1.5141197332706355e-07,1.5141197332706355e-07,39,33
10,4,WEB,1,IPv,1.2515880429059302e-05,1.9201922252185148e-05,6.686041823125846e-06,6.686041823125846e-06,31,31
10,4,WEB,1,LLC,1.7593853324904114e-05,3.238022213994368e-05,1.4786368815039565e-05,1.4786368815039565e-05,30,27
10,4,WEB,1,Tot sum,0.4506710730840053,0.4071230108139835,-0.04354806227002178,0.04354806227002178,2,4
10,4,WEB,1,Min,0.012813750423440726,0.021145244510420925,0.0083314940869802,0.0083314940869802,12,10
10,4,WEB,1,Max,0.02890662606418528,0.024966993917178174,-0.003939632147007106,0.003939632147007106,8,9
10,4,WEB,1,AVG,0.08394913106512544,0.21829245707622214,0.1343433260110967,0.1343433260110967,6,5
10,4,WEB,1,Std,0.17592010992401608,0.08383333864977528,-0.0920867712742408,0.0920867712742408,5,6
10,4,WEB,1,Tot size,0.20959884350029376,0.5109699707171336,0.3013711272168398,0.3013711272168398,4,2
10,4,WEB,1,IAT,0.7560463171367713,0.4434156288613464,-0.3126306882754249,0.3126306882754249,1,3
10,4,WEB,1,Number,0.016022685891937633,0.01841126999520528,0.002388584103267647,0.002388584103267647,10,11
10,4,WEB,1,Variance,0.37221904645987497,0.5630146999936794,0.1907956535338044,0.1907956535338044,3,1
10,5,WEB,1,Header_Length,0.0007707146621343012,0.0004318520565368806,-0.0003388626055974206,0.0003388626055974206,18,18
10,5,WEB,1,Protocol Type,0.00030594890672628233,0.00013706522067552743,-0.0001688836860507549,0.0001688836860507549,19,22
10,5,WEB,1,Time_To_Live,0.052920659261806634,0.04356668782935368,-0.009353971432452951,0.009353971432452951,7,7
10,5,WEB,1,Rate,0.0001703841136745417,0.0003231223184178379,0.0001527382047432962,0.0001527382047432962,23,19
10,5,WEB,1,fin_flag_number,5.813393421874758e-05,4.6583002669233145e-05,-1.1550931549514437e-05,1.1550931549514437e-05,26,26
10,5,WEB,1,syn_flag_number,0.010175230120604008,0.01684615605955756,0.006670925938953553,0.006670925938953553,13,10
10,5,WEB,1,rst_flag_number,8.076202903047202e-05,0.00015882966010959747,7.806763107912545e-05,7.806763107912545e-05,24,21
10,5,WEB,1,psh_flag_number,0.00018670409158070547,0.00010419950445020842,-8.250458713049705e-05,8.250458713049705e-05,22,24
10,5,WEB,1,ack_flag_number,0.015803053895223143,0.00951698654647186,-0.006286067348751282,0.006286067348751282,11,11
10,5,WEB,1,ece_flag_number,0.0,0.0,0.0,0.0,34,34
10,5,WEB,1,cwr_flag_number,0.0,0.0,0.0,0.0,35,35
10,5,WEB,1,ack_count,0.003805094381861174,0.002102355365565076,-0.0017027390162960981,0.0017027390162960981,14,17
10,5,WEB,1,syn_count,0.0032548130437185553,0.002703631355624869,-0.0005511816880936862,0.0005511816880936862,16,16
10,5,WEB,1,fin_count,0.0030460047011350265,0.0033521414725084533,0.00030613677137342676,0.00030613677137342676,17,14
10,5,WEB,1,rst_count,0.003563624219204306,0.006832564917868206,0.0032689406986639003,0.0032689406986639003,15,12
10,5,WEB,1,HTTP,2.727190039036429e-05,1.2491760772767845e-05,-1.4780139617596446e-05,1.4780139617596446e-05,29,31
10,5,WEB,1,HTTPS,5.8442948557950455e-05,0.0001289734185703645,7.053047001241406e-05,7.053047001241406e-05,25,23
10,5,WEB,1,DNS,6.06938335094367e-06,6.908967967281005e-06,8.395846163373348e-07,8.395846163373348e-07,32,32
10,5,WEB,1,Telnet,0.0,0.0,0.0,0.0,36,36
10,5,WEB,1,SMTP,0.0,0.0,0.0,0.0,37,37
10,5,WEB,1,SSH,3.024948773937567e-05,2.65374670115301e-05,-3.712020727845568e-06,3.712020727845568e-06,28,29
10,5,WEB,1,IRC,0.0,0.0,0.0,0.0,38,38
10,5,WEB,1,TCP,0.00019807887312104172,9.451234662571295e-05,-0.00010356652649532877,0.00010356652649532877,21,25
10,5,WEB,1,UDP,0.018899466221010706,0.006410944185560452,-0.012488522035450256,0.012488522035450256,9,13
10,5,WEB,1,DHCP,2.639642990001826e-07,4.928023405845057e-07,2.2883804158432305e-07,2.2883804158432305e-07,33,33
10,5,WEB,1,ARP,3.5344310714390095e-05,3.353510772079254e-05,-1.8092029935975535e-06,1.8092029935975535e-06,27,27
10,5,WEB,1,ICMP,0.0002961694297547944,0.00019282046035607142,-0.00010334896939872298,0.00010334896939872298,20,20
10,5,WEB,1,IGMP,0.0,0.0,0.0,0.0,39,39
10,5,WEB,1,IPv,1.2515880429059302e-05,1.7895863572682833e-05,5.379983143623531e-06,5.379983143623531e-06,31,30
10,5,WEB,1,LLC,1.7593853324904114e-05,2.655627395635233e-05,8.962420631448214e-06,8.962420631448214e-06,30,28
10,5,WEB,1,Tot sum,0.4506710730840053,0.1914354720963344,-0.25923560098767084,0.25923560098767084,2,5
10,5,WEB,1,Min,0.012813750423440726,0.003246494475711927,-0.009567255947728798,0.009567255947728798,12,15
10,5,WEB,1,Max,0.02890662606418528,0.018708248055579614,-0.010198378008605666,0.010198378008605666,8,9
10,5,WEB,1,AVG,0.08394913106512544,0.32627016478806226,0.2423210337229368,0.2423210337229368,6,4
10,5,WEB,1,Std,0.17592010992401608,0.06912657170004544,-0.10679353822397064,0.10679353822397064,5,6
10,5,WEB,1,Tot size,0.20959884350029376,0.5182010782020261,0.3086022347017323,0.3086022347017323,4,2
10,5,WEB,1,IAT,0.7560463171367713,0.37558972145256747,-0.3804565956842038,0.3804565956842038,1,3
10,5,WEB,1,Number,0.016022685891937633,0.024829544359152366,0.008806858467214733,0.008806858467214733,10,8
10,5,WEB,1,Variance,0.37221904645987497,0.662692333782968,0.290473287323093,0.290473287323093,3,1
