round,client_id,class_name,available,feature_name,server_normalized_mean_abs_shap,client_normalized_mean_abs_shap,client_minus_server,absolute_difference,server_rank,client_rank
10,1,BENIGN,1,Header_Length,0.0016935468802740364,0.0008813407510010698,-0.0008122061292729666,0.0008122061292729666,18,18
10,1,BENIGN,1,Protocol Type,0.00030739582572268805,0.00014226113583093222,-0.00016513468989175583,0.00016513468989175583,20,21
10,1,BENIGN,1,Time_To_Live,0.14318952855288275,0.10084783347392169,-0.04234169507896106,0.04234169507896106,5,6
10,1,BENIGN,1,Rate,0.00015303937479248226,0.0008402169053780032,0.000687177530585521,0.000687177530585521,23,19
10,1,BENIGN,1,fin_flag_number,0.00013750510768452374,9.978666491502938e-05,-3.771844276949436e-05,3.771844276949436e-05,25,25
10,1,BENIGN,1,syn_flag_number,0.02771895267796458,0.01137123623506777,-0.016347716442896808,0.016347716442896808,11,11
10,1,BENIGN,1,rst_flag_number,0.00024012247547979286,0.00013218246452684565,-0.00010794001095294721,0.00010794001095294721,22,23
10,1,BENIGN,1,psh_flag_number,0.0002761369901838493,0.00014270661782850506,-0.00013343037235534426,0.00013343037235534426,21,20
10,1,BENIGN,1,ack_flag_number,0.04933628570353449,0.032515046126027444,-0.016821239577507044,0.016821239577507044,9,9
10,1,BENIGN,1,ece_flag_number,0.0,0.0,0.0,0.0,34,33
10,1,BENIGN,1,cwr_flag_number,0.0,0.0,0.0,0.0,35,34
10,1,BENIGN,1,ack_count,0.0044205198905246925,0.0023690895047887503,-0.0020514303857359422,0.0020514303857359422,17,17
10,1,BENIGN,1,syn_count,0.015526607740697865,0.010736293563832818,-0.004790314176865047,0.004790314176865047,14,13
10,1,BENIGN,1,fin_count,0.004860762541696445,0.0037027834621735233,-0.0011579790795229216,0.0011579790795229216,16,16
10,1,BENIGN,1,rst_count,0.010297007230475906,0.005119209917374778,-0.005177797313101128,0.005177797313101128,15,15
10,1,BENIGN,1,HTTP,4.13739680061662e-05,1.673842422311286e-05,-2.4635543783053343e-05,2.4635543783053343e-05,27,27
10,1,BENIGN,1,HTTPS,0.00010365507575090736,9.98405510192682e-05,-3.814524731639163e-06,3.814524731639163e-06,26,24
10,1,BENIGN,1,DNS,5.101568252761622e-06,4.8259527226161295e-06,-2.756155301454929e-07,2.756155301454929e-07,31,31
10,1,BENIGN,1,Telnet,0.0,0.0,0.0,0.0,36,35
10,1,BENIGN,1,SMTP,0.0,0.0,0.0,0.0,37,36
10,1,BENIGN,1,SSH,9.759599136956794e-08,0.0,-9.759599136956794e-08,9.759599136956794e-08,32,37
10,1,BENIGN,1,IRC,0.0,0.0,0.0,0.0,38,38
10,1,BENIGN,1,TCP,0.00033183276647737284,0.00013979009635979055,-0.0001920426701175823,0.0001920426701175823,19,22
10,1,BENIGN,1,UDP,0.02975456579473504,0.011320474729237496,-0.018434091065497545,0.018434091065497545,10,12
10,1,BENIGN,1,DHCP,2.2810729738110196e-08,1.349991990733687e-06,1.3271812609955769e-06,1.3271812609955769e-06,33,32
10,1,BENIGN,1,ARP,1.5464527268844996e-05,7.4920290412090784e-06,-7.972498227635917e-06,7.972498227635917e-06,29,28
10,1,BENIGN,1,ICMP,0.0001468911119312153,8.370904453946892e-05,-6.318206739174636e-05,6.318206739174636e-05,24,26
10,1,BENIGN,1,IGMP,0.0,0.0,0.0,0.0,39,39
10,1,BENIGN,1,IPv,2.0772440922980504e-05,6.298028667625953e-06,-1.4474412255354551e-05,1.4474412255354551e-05,28,29
10,1,BENIGN,1,LLC,8.963162344578802e-06,5.249841654805741e-06,-3.713320689773061e-06,3.713320689773061e-06,30,30
10,1,BENIGN,1,Tot sum,0.40233889339006146,0.30538004762903914,-0.09695884576102232,0.09695884576102232,3,3
10,1,BENIGN,1,Min,0.01909437787114912,0.008312888297355738,-0.010781489573793383,0.010781489573793383,13,14
10,1,BENIGN,1,Max,0.0860611729646913,0.06745332712742623,-0.018607845837265075,0.018607845837265075,8,7
10,1,BENIGN,1,AVG,0.26563538433814826,0.1500995387229613,-0.11553584561518696,0.11553584561518696,4,4
10,1,BENIGN,1,Std,0.4933438841384684,0.40856496404805476,-0.08477892009041366,0.08477892009041366,2,2
10,1,BENIGN,1,Tot size,0.10654671892431133,0.1418704119176303,0.03532369299331897,0.03532369299331897,6,5
10,1,BENIGN,1,IAT,0.0910285470892369,0.05167825026553347,-0.039350296823703425,0.039350296823703425,7,8
10,1,BENIGN,1,Number,0.023157153261654545,0.016213379700498527,-0.006943773561156018,0.006943773561156018,12,10
10,1,BENIGN,1,Variance,0.6864712338217185,0.8233836794404231,0.13691244561870464,0.13691244561870464,1,1
10,2,BENIGN,1,Header_Length,0.0016935468802740364,0.0011108499429845823,-0.0005826969372894541,0.0005826969372894541,18,16
10,2,BENIGN,1,Protocol Type,0.00030739582572268805,0.00017228952184691963,-0.00013510630387576842,0.00013510630387576842,20,19
10,2,BENIGN,1,Time_To_Live,0.14318952855288275,0.13341822825251073,-0.009771300300372016,0.009771300300372016,5,5
10,2,BENIGN,1,Rate,0.00015303937479248226,0.00014963944527519535,-3.399929517286911e-06,3.399929517286911e-06,23,20
10,2,BENIGN,1,fin_flag_number,0.00013750510768452374,1.9274512062888865e-05,-0.00011823059562163487,0.00011823059562163487,25,27
10,2,BENIGN,1,syn_flag_number,0.02771895267796458,0.029502326793005643,0.0017833741150410642,0.0017833741150410642,11,10
10,2,BENIGN,1,rst_flag_number,0.00024012247547979286,3.0297710117834474e-05,-0.00020982476536195838,0.00020982476536195838,22,25
10,2,BENIGN,1,psh_flag_number,0.0002761369901838493,0.000254930410551403,-2.120657963244633e-05,2.120657963244633e-05,21,18
10,2,BENIGN,1,ack_flag_number,0.04933628570353449,0.05296771436139447,0.003631428657859981,0.003631428657859981,9,9
10,2,BENIGN,1,ece_flag_number,0.0,1.1354674495304741e-08,1.1354674495304741e-08,1.1354674495304741e-08,34,34
10,2,BENIGN,1,cwr_flag_number,0.0,0.0,0.0,0.0,35,35
10,2,BENIGN,1,ack_count,0.0044205198905246925,0.006541530097959189,0.0021210102074344962,0.0021210102074344962,17,14
10,2,BENIGN,1,syn_count,0.015526607740697865,0.016439154204172846,0.0009125464634749808,0.0009125464634749808,14,12
10,2,BENIGN,1,fin_count,0.004860762541696445,8.937876251311497e-05,-0.0047713837791833295,0.0047713837791833295,16,22
10,2,BENIGN,1,rst_count,0.010297007230475906,0.0006022493347921404,-0.009694757895683765,0.009694757895683765,15,17
10,2,BENIGN,1,HTTP,4.13739680061662e-05,3.458061785202421e-05,-6.79335015414199e-06,6.79335015414199e-06,27,24
10,2,BENIGN,1,HTTPS,0.00010365507575090736,7.800510617625854e-05,-2.5649969574648824e-05,2.5649969574648824e-05,26,23
10,2,BENIGN,1,DNS,5.101568252761622e-06,4.011746705479091e-07,-4.700393582213713e-06,4.700393582213713e-06,31,33
10,2,BENIGN,1,Telnet,0.0,0.0,0.0,0.0,36,36
10,2,BENIGN,1,SMTP,0.0,0.0,0.0,0.0,37,37
10,2,BENIGN,1,SSH,9.759599136956794e-08,3.7371559690974044e-06,3.6395599777278366e-06,3.6395599777278366e-06,32,31
10,2,BENIGN,1,IRC,0.0,0.0,0.0,0.0,38,38
10,2,BENIGN,1,TCP,0.00033183276647737284,0.00013056203138754027,-0.00020127073508983257,0.00020127073508983257,19,21
10,2,BENIGN,1,UDP,0.02975456579473504,0.01571283881455258,-0.014041726980182457,0.014041726980182457,10,13
10,2,BENIGN,1,DHCP,2.2810729738110196e-08,7.000698029247847e-07,6.772590731866745e-07,6.772590731866745e-07,33,32
10,2,BENIGN,1,ARP,1.5464527268844996e-05,1.8578540164296458e-05,3.114012895451462e-06,3.114012895451462e-06,29,28
10,2,BENIGN,1,ICMP,0.0001468911119312153,2.0944382407012514e-05,-0.00012594672952420278,0.00012594672952420278,24,26
10,2,BENIGN,1,IGMP,0.0,0.0,0.0,0.0,39,39
10,2,BENIGN,1,IPv,2.0772440922980504e-05,1.6932425857506634e-05,-3.84001506547387e-06,3.84001506547387e-06,28,29
10,2,BENIGN,1,LLC,8.963162344578802e-06,1.3871815443844552e-05,4.90865309926575e-06,4.90865309926575e-06,30,30
10,2,BENIGN,1,Tot sum,0.40233889339006146,0.31700629301247496,-0.0853326003775865,0.0853326003775865,3,3
10,2,BENIGN,1,Min,0.01909437787114912,0.0054267419716562855,-0.013667635899492835,0.013667635899492835,13,15
10,2,BENIGN,1,Max,0.0860611729646913,0.057512103771566396,-0.028549069193124908,0.028549069193124908,8,8
10,2,BENIGN,1,AVG,0.26563538433814826,0.10229508216046397,-0.1633403021776843,0.1633403021776843,4,6
10,2,BENIGN,1,Std,0.4933438841384684,0.39926517178112914,-0.09407871235733928,0.09407871235733928,2,2
10,2,BENIGN,1,Tot size,0.10654671892431133,0.13820798341982465,0.03166126449551332,0.03166126449551332,6,4
10,2,BENIGN,1,IAT,0.0910285470892369,0.06508595572511607,-0.02594259136412083,0.02594259136412083,7,7
10,2,BENIGN,1,Number,0.023157153261654545,0.021038376181154964,-0.0021187770804995815,0.0021187770804995815,12,11
10,2,BENIGN,1,Variance,0.6864712338217185,0.824908871774976,0.13843763795325748,0.13843763795325748,1,1
10,3,BENIGN,1,Header_Length,0.0016935468802740364,0.002203954191924545,0.0005104073116505086,0.0005104073116505086,18,18
10,3,BENIGN,1,Protocol Type,0.00030739582572268805,0.00035503754263609355,4.76417169134055e-05,4.76417169134055e-05,20,22
10,3,BENIGN,1,Time_To_Live,0.14318952855288275,0.2591862657007072,0.11599673714782444,0.11599673714782444,5,4
10,3,BENIGN,1,Rate,0.00015303937479248226,0.0003636552374600096,0.00021061586266752735,0.00021061586266752735,23,20
10,3,BENIGN,1,fin_flag_number,0.00013750510768452374,0.00018143818915506286,4.3933081470539124e-05,4.3933081470539124e-05,25,24
10,3,BENIGN,1,syn_flag_number,0.02771895267796458,0.04951024042650109,0.02179128774853651,0.02179128774853651,11,10
10,3,BENIGN,1,rst_flag_number,0.00024012247547979286,0.00035797262145656743,0.00011785014597677458,0.00011785014597677458,22,21
10,3,BENIGN,1,psh_flag_number,0.0002761369901838493,0.0002963647854411685,2.0227795257319193e-05,2.0227795257319193e-05,21,23
10,3,BENIGN,1,ack_flag_number,0.04933628570353449,0.05838310651326594,0.009046820809731453,0.009046820809731453,9,9
10,3,BENIGN,1,ece_flag_number,0.0,1.7331668395928388e-07,1.7331668395928388e-07,1.7331668395928388e-07,34,34
10,3,BENIGN,1,cwr_flag_number,0.0,0.0,0.0,0.0,35,35
10,3,BENIGN,1,ack_count,0.0044205198905246925,0.006005740990126983,0.0015852210996022903,0.0015852210996022903,17,17
10,3,BENIGN,1,syn_count,0.015526607740697865,0.024933320814892863,0.009406713074194998,0.009406713074194998,14,13
10,3,BENIGN,1,fin_count,0.004860762541696445,0.006737656340453628,0.001876893798757183,0.001876893798757183,16,16
10,3,BENIGN,1,rst_count,0.010297007230475906,0.014947040802204764,0.004650033571728858,0.004650033571728858,15,15
10,3,BENIGN,1,HTTP,4.13739680061662e-05,2.1916453614439344e-05,-1.945751439172686e-05,1.945751439172686e-05,27,27
10,3,BENIGN,1,HTTPS,0.00010365507575090736,0.00014452752335803799,4.0872447607130625e-05,4.0872447607130625e-05,26,25
10,3,BENIGN,1,DNS,5.101568252761622e-06,8.12619171759192e-06,3.0246234648302983e-06,3.0246234648302983e-06,31,29
10,3,BENIGN,1,Telnet,0.0,0.0,0.0,0.0,36,36
10,3,BENIGN,1,SMTP,0.0,0.0,0.0,0.0,37,37
10,3,BENIGN,1,SSH,9.759599136956794e-08,1.0087284627981976e-06,9.111324714286296e-07,9.111324714286296e-07,32,32
10,3,BENIGN,1,IRC,0.0,0.0,0.0,0.0,38,38
10,3,BENIGN,1,TCP,0.00033183276647737284,0.0003659901259047309,3.415735942735804e-05,3.415735942735804e-05,19,19
10,3,BENIGN,1,UDP,0.02975456579473504,0.03306442514067562,0.00330985934594058,0.00330985934594058,10,12
10,3,BENIGN,1,DHCP,2.2810729738110196e-08,3.8443433817194623e-07,3.61623608433836e-07,3.61623608433836e-07,33,33
10,3,BENIGN,1,ARP,1.5464527268844996e-05,7.445222357792396e-06,-8.0193049110526e-06,8.0193049110526e-06,29,30
10,3,BENIGN,1,ICMP,0.0001468911119312153,9.596068193563173e-05,-5.093042999558356e-05,5.093042999558356e-05,24,26
10,3,BENIGN,1,IGMP,0.0,0.0,0.0,0.0,39,39
10,3,BENIGN,1,IPv,2.0772440922980504e-05,1.4833465017425962e-05,-5.938975905554542e-06,5.938975905554542e-06,28,28
10,3,BENIGN,1,LLC,8.963162344578802e-06,4.936052228882238e-06,-4.027110115696564e-06,4.027110115696564e-06,30,31
10,3,BENIGN,1,Tot sum,0.40233889339006146,0.3550803832869939,-0.047258510103067586,0.047258510103067586,3,3
10,3,BENIGN,1,Min,0.01909437787114912,0.019836944571741868,0.0007425667005927471,0.0007425667005927471,13,14
10,3,BENIGN,1,Max,0.0860611729646913,0.07642371465868371,-0.009637458306007596,0.009637458306007596,8,7
10,3,BENIGN,1,AVG,0.26563538433814826,0.23585983013479117,-0.02977555420335709,0.02977555420335709,4,5
10,3,BENIGN,1,Std,0.4933438841384684,0.42888236390217493,-0.06446152023629348,0.06446152023629348,2,2
10,3,BENIGN,1,Tot size,0.10654671892431133,0.1013242176527081,-0.00522250127160323,0.00522250127160323,6,6
10,3,BENIGN,1,IAT,0.0910285470892369,0.07147632376485696,-0.019552223324379933,0.019552223324379933,7,8
10,3,BENIGN,1,Number,0.023157153261654545,0.03632888734972832,0.013171734088073775,0.013171734088073775,12,11
10,3,BENIGN,1,Variance,0.6864712338217185,0.7323632533195085,0.04589201949778998,0.04589201949778998,1,1
10,4,BENIGN,1,Header_Length,0.0016935468802740364,0.002657991057855266,0.0009644441775812295,0.0009644441775812295,18,18
10,4,BENIGN,1,Protocol Type,0.00030739582572268805,0.0002650445133298803,-4.2351312392807736e-05,4.2351312392807736e-05,20,24
10,4,BENIGN,1,Time_To_Live,0.14318952855288275,0.18503357751456184,0.04184404896167909,0.04184404896167909,5,5
10,4,BENIGN,1,Rate,0.00015303937479248226,0.0002831792557237672,0.00013013988093128493,0.00013013988093128493,23,21
10,4,BENIGN,1,fin_flag_number,0.00013750510768452374,0.00017103170452792765,3.3526596843403913e-05,3.3526596843403913e-05,25,25
10,4,BENIGN,1,syn_flag_number,0.02771895267796458,0.06973125003096342,0.04201229735299884,0.04201229735299884,11,9
10,4,BENIGN,1,rst_flag_number,0.00024012247547979286,0.0002775671286012928,3.7444653121499946e-05,3.7444653121499946e-05,22,23
10,4,BENIGN,1,psh_flag_number,0.0002761369901838493,0.00048514329738184436,0.00020900630719799504,0.00020900630719799504,21,19
10,4,BENIGN,1,ack_flag_number,0.04933628570353449,0.0626721907227969,0.013335905019262406,0.013335905019262406,9,10
10,4,BENIGN,1,ece_flag_number,0.0,4.646422945846925e-08,4.646422945846925e-08,4.646422945846925e-08,34,34
10,4,BENIGN,1,cwr_flag_number,0.0,0.0,0.0,0.0,35,35
10,4,BENIGN,1,ack_count,0.0044205198905246925,0.0046980121960082995,0.000277492305483607,0.000277492305483607,17,16
10,4,BENIGN,1,syn_count,0.015526607740697865,0.033001160815945556,0.01747455307524769,0.01747455307524769,14,12
10,4,BENIGN,1,fin_count,0.004860762541696445,0.0037226098694364902,-0.0011381526722599546,0.0011381526722599546,16,17
10,4,BENIGN,1,rst_count,0.010297007230475906,0.010918910096768984,0.0006219028662930778,0.0006219028662930778,15,15
10,4,BENIGN,1,HTTP,4.13739680061662e-05,5.3339439826551636e-05,1.1965471820385433e-05,1.1965471820385433e-05,27,27
10,4,BENIGN,1,HTTPS,0.00010365507575090736,0.00014493477370476106,4.12796979538537e-05,4.12796979538537e-05,26,26
10,4,BENIGN,1,DNS,5.101568252761622e-06,2.0995673217144894e-05,1.5894104964383272e-05,1.5894104964383272e-05,31,28
10,4,BENIGN,1,Telnet,0.0,0.0,0.0,0.0,36,36
10,4,BENIGN,1,SMTP,0.0,0.0,0.0,0.0,37,37
10,4,BENIGN,1,SSH,9.759599136956794e-08,4.922322945879025e-06,4.824726954509457e-06,4.824726954509457e-06,32,31
10,4,BENIGN,1,IRC,0.0,0.0,0.0,0.0,38,38
10,4,BENIGN,1,TCP,0.00033183276647737284,0.0004422806954228174,0.00011044792894544456,0.00011044792894544456,19,20
10,4,BENIGN,1,UDP,0.02975456579473504,0.03833754795429334,0.0085829821595583,0.0085829821595583,10,11
10,4,BENIGN,1,DHCP,2.2810729738110196e-08,8.777104157319691e-08,6.496031183508672e-08,6.496031183508672e-08,33,33
10,4,BENIGN,1,ARP,1.5464527268844996e-05,5.168606111841777e-06,-1.029592115700322e-05,1.029592115700322e-05,29,30
10,4,BENIGN,1,ICMP,0.0001468911119312153,0.000281379196537385,0.00013448808460616972,0.00013448808460616972,24,22
10,4,BENIGN,1,IGMP,0.0,0.0,0.0,0.0,39,39
10,4,BENIGN,1,IPv,2.0772440922980504e-05,1.4030437121923007e-05,-6.742003801057497e-06,6.742003801057497e-06,28,29
10,4,BENIGN,1,LLC,8.963162344578802e-06,2.933962947040075e-06,-6.029199397538727e-06,6.029199397538727e-06,30,32
10,4,BENIGN,1,Tot sum,0.40233889339006146,0.38728597033545276,-0.015052923054608702,0.015052923054608702,3,3
10,4,BENIGN,1,Min,0.01909437787114912,0.01446281863952004,-0.004631559231629081,0.004631559231629081,13,14
10,4,BENIGN,1,Max,0.0860611729646913,0.09932311395159718,0.013261940986905876,0.013261940986905876,8,7
10,4,BENIGN,1,AVG,0.26563538433814826,0.3551427188412224,0.08950733450307413,0.08950733450307413,4,4
10,4,BENIGN,1,Std,0.4933438841384684,0.5512784888316403,0.05793460469317191,0.05793460469317191,2,2
10,4,BENIGN,1,Tot size,0.10654671892431133,0.14385847539027186,0.03731175646596052,0.03731175646596052,6,6
10,4,BENIGN,1,IAT,0.0910285470892369,0.09381762559128096,0.0027890785020440595,0.0027890785020440595,7,8
10,4,BENIGN,1,Number,0.023157153261654545,0.027830254354377183,0.0046731010927226375,0.0046731010927226375,12,13
10,4,BENIGN,1,Variance,0.6864712338217185,0.5778234517660416,-0.10864778205567693,0.10864778205567693,1,1
10,5,BENIGN,1,Header_Length,0.0016935468802740364,0.0023924118413956585,0.0006988649611216222,0.0006988649611216222,18,18
10,5,BENIGN,1,Protocol Type,0.00030739582572268805,0.00033919611286653523,3.180028714384718e-05,3.180028714384718e-05,20,22
10,5,BENIGN,1,Time_To_Live,0.14318952855288275,0.32597930845802564,0.1827897799051429,0.1827897799051429,5,5
10,5,BENIGN,1,Rate,0.00015303937479248226,0.000380983728590025,0.00022794435379754275,0.00022794435379754275,23,19
10,5,BENIGN,1,fin_flag_number,0.00013750510768452374,0.00022192867800656716,8.442357032204342e-05,8.442357032204342e-05,25,25
10,5,BENIGN,1,syn_flag_number,0.02771895267796458,0.016671869729770007,-0.011047082948194571,0.011047082948194571,11,12
10,5,BENIGN,1,rst_flag_number,0.00024012247547979286,0.0003520853653451343,0.00011196288986534142,0.00011196288986534142,22,21
10,5,BENIGN,1,psh_flag_number,0.0002761369901838493,0.0003559555429209428,7.981855273709351e-05,7.981855273709351e-05,21,20
10,5,BENIGN,1,ack_flag_number,0.04933628570353449,0.08109136080806964,0.03175507510453515,0.03175507510453515,9,9
10,5,BENIGN,1,ece_flag_number,0.0,0.0,0.0,0.0,34,33
10,5,BENIGN,1,cwr_flag_number,0.0,0.0,0.0,0.0,35,34
10,5,BENIGN,1,ack_count,0.0044205198905246925,0.00631367971234397,0.0018931598218192777,0.0018931598218192777,17,16
10,5,BENIGN,1,syn_count,0.015526607740697865,0.008363771663892289,-0.007162836076805576,0.007162836076805576,14,15
10,5,BENIGN,1,fin_count,0.004860762541696445,0.006278572750594359,0.001417810208897914,0.001417810208897914,16,17
10,5,BENIGN,1,rst_count,0.010297007230475906,0.01460712657799285,0.0043101193475169434,0.0043101193475169434,15,13
10,5,BENIGN,1,HTTP,4.13739680061662e-05,6.465892540791239e-05,2.3284957401746182e-05,2.3284957401746182e-05,27,27
10,5,BENIGN,1,HTTPS,0.00010365507575090736,0.00015429555284067757,5.064047708977021e-05,5.064047708977021e-05,26,26
10,5,BENIGN,1,DNS,5.101568252761622e-06,6.759561030861279e-06,1.6579927780996567e-06,1.6579927780996567e-06,31,31
10,5,BENIGN,1,Telnet,0.0,0.0,0.0,0.0,36,35
10,5,BENIGN,1,SMTP,0.0,0.0,0.0,0.0,37,36
10,5,BENIGN,1,SSH,9.759599136956794e-08,0.0,-9.759599136956794e-08,9.759599136956794e-08,32,37
10,5,BENIGN,1,IRC,0.0,0.0,0.0,0.0,38,38
10,5,BENIGN,1,TCP,0.00033183276647737284,0.00029533918412828254,-3.64935823490903e-05,3.64935823490903e-05,19,24
10,5,BENIGN,1,UDP,0.02975456579473504,0.026136429086186998,-0.0036181367085480406,0.0036181367085480406,10,11
10,5,BENIGN,1,DHCP,2.2810729738110196e-08,3.265740120502428e-06,3.2429293907643176e-06,3.2429293907643176e-06,33,32
10,5,BENIGN,1,ARP,1.5464527268844996e-05,2.6485744719583887e-05,1.1021217450738891e-05,1.1021217450738891e-05,29,29
10,5,BENIGN,1,ICMP,0.0001468911119312153,0.00031389327764026975,0.00016700216570905447,0.00016700216570905447,24,23
10,5,BENIGN,1,IGMP,0.0,0.0,0.0,0.0,39,39
10,5,BENIGN,1,IPv,2.0772440922980504e-05,3.57080800100163e-05,1.49356390870358e-05,1.49356390870358e-05,28,28
10,5,BENIGN,1,LLC,8.963162344578802e-06,8.674043433635556e-06,-2.8911891094324626e-07,2.8911891094324626e-07,30,30
10,5,BENIGN,1,Tot sum,0.40233889339006146,0.4840468986439393,0.08170800525387784,0.08170800525387784,3,2
10,5,BENIGN,1,Min,0.01909437787114912,0.013123594456516893,-0.005970783414632228,0.005970783414632228,13,14
10,5,BENIGN,1,Max,0.0860611729646913,0.10680739416019652,0.02074622119550522,0.02074622119550522,8,8
10,5,BENIGN,1,AVG,0.26563538433814826,0.37562584633678964,0.10999046199864138,0.10999046199864138,4,3
10,5,BENIGN,1,Std,0.4933438841384684,0.5802653268790524,0.086921442740584,0.086921442740584,2,1
10,5,BENIGN,1,Tot size,0.10654671892431133,0.14850934189604612,0.04196262297173478,0.04196262297173478,6,6
10,5,BENIGN,1,IAT,0.0910285470892369,0.1333019146345421,0.04227336754530521,0.04227336754530521,7,7
10,5,BENIGN,1,Number,0.023157153261654545,0.04241331902620093,0.019256165764546383,0.019256165764546383,12,10
10,5,BENIGN,1,Variance,0.6864712338217185,0.3471658466048532,-0.33930538721686526,0.33930538721686526,1,4
10,1,DDOS,1,Header_Length,0.04131747399650045,0.043985686207377375,0.0026682122108769232,0.0026682122108769232,13,12
10,1,DDOS,1,Protocol Type,0.014971459986713748,0.01311470663054983,-0.0018567533561639187,0.0018567533561639187,19,18
10,1,DDOS,1,Time_To_Live,0.004893087058888242,0.004161773444814192,-0.0007313136140740502,0.0007313136140740502,20,23
10,1,DDOS,1,Rate,0.004383366286590068,0.005267256046998827,0.0008838897604087591,0.0008838897604087591,22,22
10,1,DDOS,1,fin_flag_number,0.0006576432795203991,0.0008383082506469311,0.00018066497112653203,0.00018066497112653203,26,25
10,1,DDOS,1,syn_flag_number,0.16887436783186574,0.14808225280638845,-0.020792115025477287,0.020792115025477287,6,6
10,1,DDOS,1,rst_flag_number,0.0029225485406528533,0.002166678901013929,-0.0007558696396389245,0.0007558696396389245,23,24
10,1,DDOS,1,psh_flag_number,0.020011372370401705,0.008893839047337277,-0.011117533323064428,0.011117533323064428,17,20
10,1,DDOS,1,ack_flag_number,0.11859874946377881,0.05180085960273594,-0.06679788986104288,0.06679788986104288,9,11
10,1,DDOS,1,ece_flag_number,0.0,0.0,0.0,0.0,33,33
10,1,DDOS,1,cwr_flag_number,0.0,0.0,0.0,0.0,34,34
10,1,DDOS,1,ack_count,0.05883376053052593,0.036591994704264275,-0.022241765826261653,0.022241765826261653,10,14
10,1,DDOS,1,syn_count,0.05786975146791426,0.05324432759721629,-0.004625423870697969,0.004625423870697969,11,10
10,1,DDOS,1,fin_count,0.19959601013447809,0.26170724635127574,0.06211123621679765,0.06211123621679765,5,4
10,1,DDOS,1,rst_count,0.1357804619631336,0.11174854565568104,-0.02403191630745255,0.02403191630745255,8,7
10,1,DDOS,1,HTTP,0.0008361161171223619,0.00042069451134499894,-0.0004154216057773629,0.0004154216057773629,25,26
10,1,DDOS,1,HTTPS,5.1496190776716246e-05,4.357729712331205e-05,-7.918893653404194e-06,7.918893653404194e-06,27,27
10,1,DDOS,1,DNS,2.3077385188324887e-05,5.768974013826696e-07,-2.2500487786942218e-05,2.2500487786942218e-05,28,31
10,1,DDOS,1,Telnet,0.0,0.0,0.0,0.0,35,35
10,1,DDOS,1,SMTP,0.0,0.0,0.0,0.0,36,36
10,1,DDOS,1,SSH,0.0,0.0,0.0,0.0,37,37
10,1,DDOS,1,IRC,0.0,0.0,0.0,0.0,38,38
10,1,DDOS,1,TCP,0.015283392488686886,0.01559299967130102,0.0003096071826141338,0.0003096071826141338,18,17
10,1,DDOS,1,UDP,0.3109352226891111,0.08397346685695128,-0.22696175583215983,0.22696175583215983,4,8
10,1,DDOS,1,DHCP,2.2953650346812242e-07,1.214493273379143e-07,-1.0808717613020811e-07,1.0808717613020811e-07,32,32
10,1,DDOS,1,ARP,2.5779061172886582e-06,4.422082537912643e-06,1.8441764206239851e-06,1.8441764206239851e-06,30,28
10,1,DDOS,1,ICMP,0.031663321716809294,0.03356463974135974,0.001901318024550444,0.001901318024550444,16,15
10,1,DDOS,1,IGMP,0.0,0.0,0.0,0.0,39,39
10,1,DDOS,1,IPv,8.911981484039244e-06,3.5913750889688256e-06,-5.320606395070419e-06,5.320606395070419e-06,29,29
10,1,DDOS,1,LLC,2.1670249747674507e-06,3.1644205827063006e-06,9.973956079388499e-07,9.973956079388499e-07,31,30
10,1,DDOS,1,Tot sum,0.693709573268438,0.6475057309108954,-0.0462038423575426,0.0462038423575426,1,1
10,1,DDOS,1,Min,0.03459598796811061,0.011892225318965959,-0.02270376264914465,0.02270376264914465,15,19
10,1,DDOS,1,Max,0.03842063993740117,0.0419554418936595,0.0035348019562583266,0.0035348019562583266,14,13
10,1,DDOS,1,AVG,0.38130873947553845,0.4466217196754485,0.06531298019991005,0.06531298019991005,2,2
10,1,DDOS,1,Std,0.05406273733824991,0.08117691222176314,0.027114174883513233,0.027114174883513233,12,9
10,1,DDOS,1,Tot size,0.3636639034640863,0.44405065213663397,0.08038674867254769,0.08038674867254769,3,3
10,1,DDOS,1,IAT,0.00486542619541482,0.01939416807394452,0.014528741878529702,0.014528741878529702,21,16
10,1,DDOS,1,Number,0.0008416473160460739,0.006049124463098869,0.005207477147052795,0.005207477147052795,24,21
10,1,DDOS,1,Variance,0.16591620689636885,0.2340053486241075,0.06808914172773864,0.06808914172773864,7,5
10,2,DDOS,1,Header_Length,0.04131747399650045,0.06378134764601452,0.02246387364951407,0.02246387364951407,13,11
10,2,DDOS,1,Protocol Type,0.014971459986713748,0.02038936576329043,0.005417905776576682,0.005417905776576682,19,18
10,2,DDOS,1,Time_To_Live,0.004893087058888242,0.007854335989582852,0.0029612489306946096,0.0029612489306946096,20,21
10,2,DDOS,1,Rate,0.004383366286590068,0.00922287351751217,0.004839507230922102,0.004839507230922102,22,20
10,2,DDOS,1,fin_flag_number,0.0006576432795203991,0.0002554406098387611,-0.000402202669681638,0.000402202669681638,26,27
10,2,DDOS,1,syn_flag_number,0.16887436783186574,0.24289343307836547,0.07401906524649973,0.07401906524649973,6,4
10,2,DDOS,1,rst_flag_number,0.0029225485406528533,0.0034187359869620477,0.0004961874463091944,0.0004961874463091944,23,23
10,2,DDOS,1,psh_flag_number,0.020011372370401705,0.04006746624298442,0.020056093872582715,0.020056093872582715,17,15
10,2,DDOS,1,ack_flag_number,0.11859874946377881,0.2536119107122959,0.1350131612485171,0.1350131612485171,9,3
10,2,DDOS,1,ece_flag_number,0.0,5.95687513135029e-07,5.95687513135029e-07,5.95687513135029e-07,33,32
10,2,DDOS,1,cwr_flag_number,0.0,0.0,0.0,0.0,34,33
10,2,DDOS,1,ack_count,0.05883376053052593,0.11118797750309047,0.05235421697256454,0.05235421697256454,10,8
10,2,DDOS,1,syn_count,0.05786975146791426,0.10173023869108702,0.04386048722317276,0.04386048722317276,11,9
10,2,DDOS,1,fin_count,0.19959601013447809,0.17766821771708066,-0.021927792417397424,0.021927792417397424,5,6
10,2,DDOS,1,rst_count,0.1357804619631336,0.16888315475307455,0.03310269278994096,0.03310269278994096,8,7
10,2,DDOS,1,HTTP,0.0008361161171223619,0.0019326483766794965,0.0010965322595571348,0.0010965322595571348,25,24
10,2,DDOS,1,HTTPS,5.1496190776716246e-05,0.0007459140771756931,0.0006944178863989769,0.0006944178863989769,27,26
10,2,DDOS,1,DNS,2.3077385188324887e-05,2.397281400130384e-05,8.954288129789548e-07,8.954288129789548e-07,28,28
10,2,DDOS,1,Telnet,0.0,0.0,0.0,0.0,35,34
10,2,DDOS,1,SMTP,0.0,0.0,0.0,0.0,36,35
10,2,DDOS,1,SSH,0.0,0.0,0.0,0.0,37,36
10,2,DDOS,1,IRC,0.0,0.0,0.0,0.0,38,37
10,2,DDOS,1,TCP,0.015283392488686886,0.025368267838004343,0.010084875349317457,0.010084875349317457,18,17
10,2,DDOS,1,UDP,0.3109352226891111,0.19914421159308035,-0.11179101109603076,0.11179101109603076,4,5
10,2,DDOS,1,DHCP,2.2953650346812242e-07,0.0,-2.2953650346812242e-07,2.2953650346812242e-07,32,38
10,2,DDOS,1,ARP,2.5779061172886582e-06,8.012869231000016e-06,5.434963113711358e-06,5.434963113711358e-06,30,31
10,2,DDOS,1,ICMP,0.031663321716809294,0.04595506382963535,0.014291742112826057,0.014291742112826057,16,12
10,2,DDOS,1,IGMP,0.0,0.0,0.0,0.0,39,39
10,2,DDOS,1,IPv,8.911981484039244e-06,1.4255653818942693e-05,5.343672334903449e-06,5.343672334903449e-06,29,29
10,2,DDOS,1,LLC,2.1670249747674507e-06,8.286366684023253e-06,6.119341709255803e-06,6.119341709255803e-06,31,30
10,2,DDOS,1,Tot sum,0.693709573268438,0.4642932546786754,-0.22941631858976258,0.22941631858976258,1,2
10,2,DDOS,1,Min,0.03459598796811061,0.003951336712140067,-0.03064465125597054,0.03064465125597054,15,22
10,2,DDOS,1,Max,0.03842063993740117,0.03725229616861334,-0.0011683437687878273,0.0011683437687878273,14,16
10,2,DDOS,1,AVG,0.38130873947553845,0.040287954338067936,-0.34102078513747053,0.34102078513747053,2,14
10,2,DDOS,1,Std,0.05406273733824991,0.06966239471547071,0.015599657377220806,0.015599657377220806,12,10
10,2,DDOS,1,Tot size,0.3636639034640863,0.04099357390136317,-0.3226703295627231,0.3226703295627231,3,13
10,2,DDOS,1,IAT,0.00486542619541482,0.013053409878034142,0.008187983682619322,0.008187983682619322,21,19
10,2,DDOS,1,Number,0.0008416473160460739,0.0015242197433451173,0.0006825724272990434,0.0006825724272990434,24,25
10,2,DDOS,1,Variance,0.16591620689636885,0.721053331242261,0.5551371243458921,0.5551371243458921,7,1
10,3,DDOS,1,Header_Length,0.04131747399650045,0.021626101067197912,-0.01969137292930254,0.01969137292930254,13,14
10,3,DDOS,1,Protocol Type,0.014971459986713748,0.010502777530229502,-0.004468682456484246,0.004468682456484246,19,20
10,3,DDOS,1,Time_To_Live,0.004893087058888242,0.011148772174448682,0.00625568511556044,0.00625568511556044,20,19
10,3,DDOS,1,Rate,0.004383366286590068,0.005067040438934014,0.000683674152343946,0.000683674152343946,22,23
10,3,DDOS,1,fin_flag_number,0.0006576432795203991,0.000488331597272361,-0.00016931168224803813,0.00016931168224803813,26,25
10,3,DDOS,1,syn_flag_number,0.16887436783186574,0.17056099440350725,0.0016866265716415085,0.0016866265716415085,6,6
10,3,DDOS,1,rst_flag_number,0.0029225485406528533,0.0021437373713972504,-0.0007788111692556029,0.0007788111692556029,23,24
10,3,DDOS,1,psh_flag_number,0.020011372370401705,0.012721032010497815,-0.007290340359903891,0.007290340359903891,17,16
10,3,DDOS,1,ack_flag_number,0.11859874946377881,0.07182826168161974,-0.04677048778215907,0.04677048778215907,9,10
10,3,DDOS,1,ece_flag_number,0.0,0.0,0.0,0.0,33,33
10,3,DDOS,1,cwr_flag_number,0.0,0.0,0.0,0.0,34,34
10,3,DDOS,1,ack_count,0.05883376053052593,0.04927247435132953,-0.009561286179196396,0.009561286179196396,10,12
10,3,DDOS,1,syn_count,0.05786975146791426,0.06654920883680847,0.008679457368894208,0.008679457368894208,11,11
10,3,DDOS,1,fin_count,0.19959601013447809,0.1530415031955845,-0.0465545069388936,0.0465545069388936,5,7
10,3,DDOS,1,rst_count,0.1357804619631336,0.09733159236003408,-0.03844886960309951,0.03844886960309951,8,9
10,3,DDOS,1,HTTP,0.0008361161171223619,0.0004863007404655988,-0.0003498153766567631,0.0003498153766567631,25,26
10,3,DDOS,1,HTTPS,5.1496190776716246e-05,0.00016268596771417982,0.00011118977693746357,0.00011118977693746357,27,27
10,3,DDOS,1,DNS,2.3077385188324887e-05,7.890003987350884e-06,-1.5187381200974002e-05,1.5187381200974002e-05,28,29
10,3,DDOS,1,Telnet,0.0,0.0,0.0,0.0,35,35
10,3,DDOS,1,SMTP,0.0,0.0,0.0,0.0,36,36
10,3,DDOS,1,SSH,0.0,2.869749852042326e-05,2.869749852042326e-05,2.869749852042326e-05,37,28
10,3,DDOS,1,IRC,0.0,0.0,0.0,0.0,38,37
10,3,DDOS,1,TCP,0.015283392488686886,0.008483575450341615,-0.006799817038345271,0.006799817038345271,18,21
10,3,DDOS,1,UDP,0.3109352226891111,0.1940102575550841,-0.116924965134027,0.116924965134027,4,5
10,3,DDOS,1,DHCP,2.2953650346812242e-07,0.0,-2.2953650346812242e-07,2.2953650346812242e-07,32,38
10,3,DDOS,1,ARP,2.5779061172886582e-06,1.2069658744681997e-06,-1.3709402428204585e-06,1.3709402428204585e-06,30,32
10,3,DDOS,1,ICMP,0.031663321716809294,0.016876290379441033,-0.014787031337368261,0.014787031337368261,16,15
10,3,DDOS,1,IGMP,0.0,0.0,0.0,0.0,39,39
10,3,DDOS,1,IPv,8.911981484039244e-06,1.8528401746506732e-06,-7.059141309388571e-06,7.059141309388571e-06,29,30
10,3,DDOS,1,LLC,2.1670249747674507e-06,1.4929794891273454e-06,-6.740454856401053e-07,6.740454856401053e-07,31,31
10,3,DDOS,1,Tot sum,0.693709573268438,0.35721638958338864,-0.3364931836850493,0.3364931836850493,1,2
10,3,DDOS,1,Min,0.03459598796811061,0.012468211932659904,-0.022127776035450703,0.022127776035450703,15,17
10,3,DDOS,1,Max,0.03842063993740117,0.026790551821599947,-0.011630088115801223,0.011630088115801223,14,13
10,3,DDOS,1,AVG,0.38130873947553845,0.21540876751147833,-0.16589997196406012,0.16589997196406012,2,3
10,3,DDOS,1,Std,0.05406273733824991,0.10585598471895008,0.05179324738070017,0.05179324738070017,12,8
10,3,DDOS,1,Tot size,0.3636639034640863,0.20618036215100752,-0.15748354131307876,0.15748354131307876,3,4
10,3,DDOS,1,IAT,0.00486542619541482,0.008032055920276292,0.0031666297248614727,0.0031666297248614727,21,22
10,3,DDOS,1,Number,0.0008416473160460739,0.011267826467627095,0.010426179151581021,0.010426179151581021,24,18
10,3,DDOS,1,Variance,0.16591620689636885,0.8113700135621689,0.6454538066658,0.6454538066658,7,1
10,4,DDOS,1,Header_Length,0.04131747399650045,0.06383955985479212,0.022522085858291664,0.022522085858291664,13,13
10,4,DDOS,1,Protocol Type,0.014971459986713748,0.02572511021879698,0.010753650232083231,0.010753650232083231,19,17
10,4,DDOS,1,Time_To_Live,0.004893087058888242,0.004100805214075143,-0.0007922818448130994,0.0007922818448130994,20,23
10,4,DDOS,1,Rate,0.004383366286590068,0.007319802591053723,0.0029364363044636545,0.0029364363044636545,22,20
10,4,DDOS,1,fin_flag_number,0.0006576432795203991,0.001973925381374043,0.001316282101853644,0.001316282101853644,26,24
10,4,DDOS,1,syn_flag_number,0.16887436783186574,0.4505996790839457,0.28172531125208,0.28172531125208,6,2
10,4,DDOS,1,rst_flag_number,0.0029225485406528533,0.004240243056156792,0.001317694515503939,0.001317694515503939,23,21
10,4,DDOS,1,psh_flag_number,0.020011372370401705,0.027848328869633204,0.007836956499231499,0.007836956499231499,17,16
10,4,DDOS,1,ack_flag_number,0.11859874946377881,0.1713525903533145,0.05275384088953568,0.05275384088953568,9,8
10,4,DDOS,1,ece_flag_number,0.0,0.0,0.0,0.0,33,31
10,4,DDOS,1,cwr_flag_number,0.0,0.0,0.0,0.0,34,32
10,4,DDOS,1,ack_count,0.05883376053052593,0.11971189377115757,0.06087813324063164,0.06087813324063164,10,11
10,4,DDOS,1,syn_count,0.05786975146791426,0.16964422898719214,0.11177447751927788,0.11177447751927788,11,9
10,4,DDOS,1,fin_count,0.19959601013447809,0.5388663801476195,0.33927037001314136,0.33927037001314136,5,1
10,4,DDOS,1,rst_count,0.1357804619631336,0.25769884343918464,0.12191838147605105,0.12191838147605105,8,5
10,4,DDOS,1,HTTP,0.0008361161171223619,0.0013140907674088795,0.0004779746502865176,0.0004779746502865176,25,25
10,4,DDOS,1,HTTPS,5.1496190776716246e-05,9.582953359334747e-05,4.433334281663122e-05,4.433334281663122e-05,27,26
10,4,DDOS,1,DNS,2.3077385188324887e-05,1.1585181638701833e-05,-1.1492203549623054e-05,1.1492203549623054e-05,28,27
10,4,DDOS,1,Telnet,0.0,0.0,0.0,0.0,35,33
10,4,DDOS,1,SMTP,0.0,0.0,0.0,0.0,36,34
10,4,DDOS,1,SSH,0.0,0.0,0.0,0.0,37,35
10,4,DDOS,1,IRC,0.0,0.0,0.0,0.0,38,36
10,4,DDOS,1,TCP,0.015283392488686886,0.02277440667518275,0.007491014186495865,0.007491014186495865,18,18
10,4,DDOS,1,UDP,0.3109352226891111,0.3805419132968611,0.06960669060774999,0.06960669060774999,4,3
10,4,DDOS,1,DHCP,2.2953650346812242e-07,0.0,-2.2953650346812242e-07,2.2953650346812242e-07,32,37
10,4,DDOS,1,ARP,2.5779061172886582e-06,4.6029264193002205e-06,2.0250203020115623e-06,2.0250203020115623e-06,30,30
10,4,DDOS,1,ICMP,0.031663321716809294,0.05395344407538494,0.022290122358575644,0.022290122358575644,16,14
10,4,DDOS,1,IGMP,0.0,0.0,0.0,0.0,39,38
10,4,DDOS,1,IPv,8.911981484039244e-06,7.176979288966241e-06,-1.7350021950730032e-06,1.7350021950730032e-06,29,28
10,4,DDOS,1,LLC,2.1670249747674507e-06,5.07640476461615e-06,2.909379789848699e-06,2.909379789848699e-06,31,29
10,4,DDOS,1,Tot sum,0.693709573268438,0.3123089526381649,-0.3814006206302731,0.3814006206302731,1,4
10,4,DDOS,1,Min,0.03459598796811061,0.011822396852317176,-0.022773591115793433,0.022773591115793433,15,19
10,4,DDOS,1,Max,0.03842063993740117,0.04873194235761638,0.010311302420215211,0.010311302420215211,14,15
10,4,DDOS,1,AVG,0.38130873947553845,0.2149988994165366,-0.16630984005900185,0.16630984005900185,2,6
10,4,DDOS,1,Std,0.05406273733824991,0.09384683305632145,0.039784095718071545,0.039784095718071545,12,12
10,4,DDOS,1,Tot size,0.3636639034640863,0.16819481439830603,-0.19546908906578025,0.19546908906578025,3,10
10,4,DDOS,1,IAT,0.00486542619541482,0.004117934162905607,-0.000747492032509213,0.000747492032509213,21,22
10,4,DDOS,1,Number,0.0008416473160460739,0.0,-0.0008416473160460739,0.0008416473160460739,24,39
10,4,DDOS,1,Variance,0.16591620689636885,0.17453991660862148,0.008623709712252625,0.008623709712252625,7,7
10,5,DDOS,1,Header_Length,0.04131747399650045,0.1367223198619206,0.09540484586542014,0.09540484586542014,13,9
10,5,DDOS,1,Protocol Type,0.014971459986713748,0.04604312747415903,0.03107166748744528,0.03107166748744528,19,17
10,5,DDOS,1,Time_To_Live,0.004893087058888242,0.011128880483733956,0.006235793424845714,0.006235793424845714,20,20
10,5,DDOS,1,Rate,0.004383366286590068,0.02423107417188939,0.019847707885299323,0.019847707885299323,22,18
10,5,DDOS,1,fin_flag_number,0.0006576432795203991,0.0018865676734334165,0.0012289243939130174,0.0012289243939130174,26,24
10,5,DDOS,1,syn_flag_number,0.16887436783186574,0.3472470877727166,0.17837271994085088,0.17837271994085088,6,2
10,5,DDOS,1,rst_flag_number,0.0029225485406528533,0.00600642594395097,0.0030838774032981163,0.0030838774032981163,23,21
10,5,DDOS,1,psh_flag_number,0.020011372370401705,0.018366562895114034,-0.0016448094752876709,0.0016448094752876709,17,19
10,5,DDOS,1,ack_flag_number,0.11859874946377881,0.13527707660828708,0.016678327144508273,0.016678327144508273,9,10
10,5,DDOS,1,ece_flag_number,0.0,0.0,0.0,0.0,33,31
10,5,DDOS,1,cwr_flag_number,0.0,0.0,0.0,0.0,34,32
10,5,DDOS,1,ack_count,0.05883376053052593,0.08444950538539162,0.025615744854865688,0.025615744854865688,10,14
10,5,DDOS,1,syn_count,0.05786975146791426,0.10032063172844954,0.042450880260535284,0.042450880260535284,11,12
10,5,DDOS,1,fin_count,0.19959601013447809,0.6122055583787499,0.4126095482442718,0.4126095482442718,5,1
10,5,DDOS,1,rst_count,0.1357804619631336,0.30185073108117494,0.16607026911804135,0.16607026911804135,8,4
10,5,DDOS,1,HTTP,0.0008361161171223619,0.003107176283555519,0.0022710601664331573,0.0022710601664331573,25,23
10,5,DDOS,1,HTTPS,5.1496190776716246e-05,0.00026858817303563015,0.0002170919822589139,0.0002170919822589139,27,25
10,5,DDOS,1,DNS,2.3077385188324887e-05,2.4491832168410942e-05,1.4144469800860553e-06,1.4144469800860553e-06,28,26
10,5,DDOS,1,Telnet,0.0,0.0,0.0,0.0,35,33
10,5,DDOS,1,SMTP,0.0,0.0,0.0,0.0,36,34
10,5,DDOS,1,SSH,0.0,0.0,0.0,0.0,37,35
10,5,DDOS,1,IRC,0.0,0.0,0.0,0.0,38,36
10,5,DDOS,1,TCP,0.015283392488686886,0.04875765821397689,0.03347426572529,0.03347426572529,18,16
10,5,DDOS,1,UDP,0.3109352226891111,0.27789775799226213,-0.033037464696848984,0.033037464696848984,4,6
10,5,DDOS,1,DHCP,2.2953650346812242e-07,2.354443005376593e-08,-2.0599207341435648e-07,2.0599207341435648e-07,32,30
10,5,DDOS,1,ARP,2.5779061172886582e-06,5.951023199335527e-06,3.3731170820468687e-06,3.3731170820468687e-06,30,28
10,5,DDOS,1,ICMP,0.031663321716809294,0.11478221003475171,0.08311888831794242,0.08311888831794242,16,11
10,5,DDOS,1,IGMP,0.0,0.0,0.0,0.0,39,37
10,5,DDOS,1,IPv,8.911981484039244e-06,1.0508386862338136e-05,1.5964053782988911e-06,1.5964053782988911e-06,29,27
10,5,DDOS,1,LLC,2.1670249747674507e-06,5.5278708931750896e-06,3.360845918407639e-06,3.360845918407639e-06,31,29
10,5,DDOS,1,Tot sum,0.693709573268438,0.29267248628031806,-0.4010370869881199,0.4010370869881199,1,5
10,5,DDOS,1,Min,0.03459598796811061,0.0,-0.03459598796811061,0.03459598796811061,15,38
10,5,DDOS,1,Max,0.03842063993740117,0.07825480277248403,0.03983416283508286,0.03983416283508286,14,15
10,5,DDOS,1,AVG,0.38130873947553845,0.14236576629485523,-0.23894297318068322,0.23894297318068322,2,8
10,5,DDOS,1,Std,0.05406273733824991,0.2032725941470081,0.1492098568087582,0.1492098568087582,12,7
10,5,DDOS,1,Tot size,0.3636639034640863,0.09609661223599279,-0.2675672912280935,0.2675672912280935,3,13
10,5,DDOS,1,IAT,0.00486542619541482,0.005922757386524494,0.001057331191109674,0.001057331191109674,21,22
10,5,DDOS,1,Number,0.0008416473160460739,0.0,-0.0008416473160460739,0.0008416473160460739,24,39
10,5,DDOS,1,Variance,0.16591620689636885,0.31731000159319045,0.1513937946968216,0.1513937946968216,7,3
10,1,DOS,1,Header_Length,0.01783049565570698,0.015409841591717884,-0.0024206540639890965,0.0024206540639890965,15,16
10,1,DOS,1,Protocol Type,0.009159118647540179,0.005160345111208774,-0.003998773536331404,0.003998773536331404,18,21
10,1,DOS,1,Time_To_Live,0.010586505389704348,0.015418705312854735,0.0048321999231503866,0.0048321999231503866,17,15
10,1,DOS,1,Rate,0.0019458044786711897,0.003828594600354847,0.0018827901216836571,0.0018827901216836571,22,22
10,1,DOS,1,fin_flag_number,0.00028735218755734227,0.0002903153069381748,2.963119380832509e-06,2.963119380832509e-06,27,27
10,1,DOS,1,syn_flag_number,0.09404568830220698,0.05418468368085684,-0.03986100462135014,0.03986100462135014,6,9
10,1,DOS,1,rst_flag_number,0.0011596851527738803,0.000610921497562687,-0.0005487636552111933,0.0005487636552111933,23,25
10,1,DOS,1,psh_flag_number,0.008719755539820498,0.007027559105484567,-0.001692196434335931,0.001692196434335931,19,19
10,1,DOS,1,ack_flag_number,0.07206672180294527,0.05239091309629168,-0.019675808706653586,0.019675808706653586,9,10
10,1,DOS,1,ece_flag_number,0.0,0.0,0.0,0.0,33,33
10,1,DOS,1,cwr_flag_number,0.0,0.0,0.0,0.0,34,34
10,1,DOS,1,ack_count,0.02925462712844051,0.019319984484965722,-0.009934642643474788,0.009934642643474788,14,14
10,1,DOS,1,syn_count,0.05288049053761893,0.0381555960410815,-0.014724894496537431,0.014724894496537431,12,11
10,1,DOS,1,fin_count,0.08262888284417877,0.08125902643603242,-0.0013698564081463527,0.0013698564081463527,8,7
10,1,DOS,1,rst_count,0.05616444286503946,0.03318151722674896,-0.022982925638290498,0.022982925638290498,11,12
10,1,DOS,1,HTTP,0.000509021535540204,0.0003082726810138063,-0.00020074885452639772,0.00020074885452639772,26,26
10,1,DOS,1,HTTPS,0.0005879184364336938,0.0007201641726840391,0.00013224573625034532,0.00013224573625034532,24,24
10,1,DOS,1,DNS,1.6807695769047384e-05,6.4026772717136455e-06,-1.0405018497333739e-05,1.0405018497333739e-05,28,28
10,1,DOS,1,Telnet,0.0,0.0,0.0,0.0,35,35
10,1,DOS,1,SMTP,0.0,0.0,0.0,0.0,36,36
10,1,DOS,1,SSH,0.0,0.0,0.0,0.0,37,37
10,1,DOS,1,IRC,0.0,0.0,0.0,0.0,38,38
10,1,DOS,1,TCP,0.008541955666122626,0.006510997264366194,-0.002030958401756432,0.002030958401756432,20,20
10,1,DOS,1,UDP,0.35553831091709565,0.10812306332831477,-0.24741524758878086,0.24741524758878086,3,6
10,1,DOS,1,DHCP,2.1929637834832817e-07,4.8696377020606835e-08,-1.7060000132772134e-07,1.7060000132772134e-07,32,32
10,1,DOS,1,ARP,1.8623044207080093e-06,3.2266380252701924e-06,1.3643336045621831e-06,1.3643336045621831e-06,30,29
10,1,DOS,1,ICMP,0.012354053362141527,0.009694310143773196,-0.0026597432183683312,0.0026597432183683312,16,17
10,1,DOS,1,IGMP,0.0,0.0,0.0,0.0,39,39
10,1,DOS,1,IPv,4.0646223245906624e-06,2.1282528675894475e-06,-1.936369457001215e-06,1.936369457001215e-06,29,31
10,1,DOS,1,LLC,1.7054188867412334e-06,2.2580001586911875e-06,5.525812719499542e-07,5.525812719499542e-07,31,30
10,1,DOS,1,Tot sum,0.7000905437456674,0.747307169835388,0.04721662608972066,0.04721662608972066,1,1
10,1,DOS,1,Min,0.08608313894585105,0.030934130719307392,-0.05514900822654366,0.05514900822654366,7,13
10,1,DOS,1,Max,0.04741670033270535,0.05906002895463498,0.011643328621929634,0.011643328621929634,13,8
10,1,DOS,1,AVG,0.507903133062861,0.499781980946353,-0.008121152116507935,0.008121152116507935,2,2
10,1,DOS,1,Std,0.07029861044565222,0.11089991358108305,0.040601303135430825,0.040601303135430825,10,5
10,1,DOS,1,Tot size,0.2648961427037642,0.34816657109915317,0.08327042839538895,0.08327042839538895,4,3
10,1,DOS,1,IAT,0.0023282281378406108,0.007984995247449594,0.005656767109608983,0.005656767109608983,21,18
10,1,DOS,1,Number,0.000568353344959125,0.0015337099276586472,0.0009653565826995222,0.0009653565826995222,25,23
10,1,DOS,1,Variance,0.11059024190144283,0.16159281427871924,0.051002572377276414,0.051002572377276414,5,4
10,2,DOS,1,Header_Length,0.01783049565570698,0.0166083747626671,-0.0012221208930398818,0.0012221208930398818,15,15
10,2,DOS,1,Protocol Type,0.009159118647540179,0.0077354102997316525,-0.001423708347808526,0.001423708347808526,18,19
10,2,DOS,1,Time_To_Live,0.010586505389704348,0.010031039664433257,-0.0005554657252710912,0.0005554657252710912,17,17
10,2,DOS,1,Rate,0.0019458044786711897,0.005772144835367633,0.003826340356696443,0.003826340356696443,22,21
10,2,DOS,1,fin_flag_number,0.00028735218755734227,3.1576683712961134e-06,-0.00028419451918604613,0.00028419451918604613,27,31
10,2,DOS,1,syn_flag_number,0.09404568830220698,0.09055261711565726,-0.0034930711865497205,0.0034930711865497205,6,9
10,2,DOS,1,rst_flag_number,0.0011596851527738803,0.00014548386031781405,-0.0010142012924560663,0.0010142012924560663,23,26
10,2,DOS,1,psh_flag_number,0.008719755539820498,0.0242185180028854,0.015498762463064903,0.015498762463064903,19,13
10,2,DOS,1,ack_flag_number,0.07206672180294527,0.18377019212855747,0.1117034703256122,0.1117034703256122,9,7
10,2,DOS,1,ece_flag_number,0.0,8.467166601174245e-07,8.467166601174245e-07,8.467166601174245e-07,33,32
10,2,DOS,1,cwr_flag_number,0.0,0.0,0.0,0.0,34,33
10,2,DOS,1,ack_count,0.02925462712844051,0.08802643364086353,0.05877180651242302,0.05877180651242302,14,10
10,2,DOS,1,syn_count,0.05288049053761893,0.09832758467172002,0.04544709413410109,0.04544709413410109,12,8
10,2,DOS,1,fin_count,0.08262888284417877,0.0006634483251599591,-0.0819654345190188,0.0819654345190188,8,24
10,2,DOS,1,rst_count,0.05616444286503946,0.019289299237062518,-0.03687514362797694,0.03687514362797694,11,14
10,2,DOS,1,HTTP,0.000509021535540204,0.0007188398380218914,0.00020981830248168745,0.00020981830248168745,26,23
10,2,DOS,1,HTTPS,0.0005879184364336938,0.0005792155186019866,-8.702917831707201e-06,8.702917831707201e-06,24,25
10,2,DOS,1,DNS,1.6807695769047384e-05,2.1655466339077324e-05,4.84777057002994e-06,4.84777057002994e-06,28,27
10,2,DOS,1,Telnet,0.0,0.0,0.0,0.0,35,34
10,2,DOS,1,SMTP,0.0,0.0,0.0,0.0,36,35
10,2,DOS,1,SSH,0.0,0.0,0.0,0.0,37,36
10,2,DOS,1,IRC,0.0,0.0,0.0,0.0,38,37
10,2,DOS,1,TCP,0.008541955666122626,0.008729468204170303,0.00018751253804767665,0.00018751253804767665,20,18
10,2,DOS,1,UDP,0.35553831091709565,0.32155810251805,-0.03398020839904564,0.03398020839904564,3,4
10,2,DOS,1,DHCP,2.1929637834832817e-07,0.0,-2.1929637834832817e-07,2.1929637834832817e-07,32,38
10,2,DOS,1,ARP,1.8623044207080093e-06,1.5911793458113917e-05,1.4049489037405908e-05,1.4049489037405908e-05,30,28
10,2,DOS,1,ICMP,0.012354053362141527,0.006183389394157157,-0.0061706639679843705,0.0061706639679843705,16,20
10,2,DOS,1,IGMP,0.0,0.0,0.0,0.0,39,39
10,2,DOS,1,IPv,4.0646223245906624e-06,1.333756069901723e-05,9.272938374426567e-06,9.272938374426567e-06,29,30
10,2,DOS,1,LLC,1.7054188867412334e-06,1.531937774477738e-05,1.3613958858036146e-05,1.3613958858036146e-05,31,29
10,2,DOS,1,Tot sum,0.7000905437456674,0.610540538891546,-0.08955000485412135,0.08955000485412135,1,1
10,2,DOS,1,Min,0.08608313894585105,0.04452941451149111,-0.041553724434359944,0.041553724434359944,7,12
10,2,DOS,1,Max,0.04741670033270535,0.08685904050674778,0.03944234017404243,0.03944234017404243,13,11
10,2,DOS,1,AVG,0.507903133062861,0.3972274458222681,-0.11067568724059285,0.11067568724059285,2,3
10,2,DOS,1,Std,0.07029861044565222,0.21815259031047968,0.14785397986482746,0.14785397986482746,10,6
10,2,DOS,1,Tot size,0.2648961427037642,0.22294059981328446,-0.04195554289047976,0.04195554289047976,4,5
10,2,DOS,1,IAT,0.0023282281378406108,0.011099373018612071,0.00877114488077146,0.00877114488077146,21,16
10,2,DOS,1,Number,0.000568353344959125,0.004774302271165234,0.0042059489262061085,0.0042059489262061085,25,22
10,2,DOS,1,Variance,0.11059024190144283,0.4451430900704744,0.3345528481690316,0.3345528481690316,5,2
10,3,DOS,1,Header_Length,0.01783049565570698,0.012085894796705184,-0.005744600859001796,0.005744600859001796,15,16
10,3,DOS,1,Protocol Type,0.009159118647540179,0.004944463027969804,-0.0042146556195703745,0.0042146556195703745,18,21
10,3,DOS,1,Time_To_Live,0.010586505389704348,0.008391189516843211,-0.0021953158728611373,0.0021953158728611373,17,17
10,3,DOS,1,Rate,0.0019458044786711897,0.002975246687731254,0.0010294422090600642,0.0010294422090600642,22,22
10,3,DOS,1,fin_flag_number,0.00028735218755734227,0.0002455903605867672,-4.176182697057505e-05,4.176182697057505e-05,27,26
10,3,DOS,1,syn_flag_number,0.09404568830220698,0.09170360585555087,-0.00234208244665611,0.00234208244665611,6,6
10,3,DOS,1,rst_flag_number,0.0011596851527738803,0.0008850130233938748,-0.0002746721293800055,0.0002746721293800055,23,24
10,3,DOS,1,psh_flag_number,0.008719755539820498,0.005222846452628583,-0.0034969090871919154,0.0034969090871919154,19,20
10,3,DOS,1,ack_flag_number,0.07206672180294527,0.03691578391353653,-0.035150937889408734,0.035150937889408734,9,13
10,3,DOS,1,ece_flag_number,0.0,0.0,0.0,0.0,33,36
10,3,DOS,1,cwr_flag_number,0.0,0.0,0.0,0.0,34,37
10,3,DOS,1,ack_count,0.02925462712844051,0.01862796458132459,-0.01062666254711592,0.01062666254711592,14,14
10,3,DOS,1,syn_count,0.05288049053761893,0.04338138022746753,-0.009499110310151403,0.009499110310151403,12,12
10,3,DOS,1,fin_count,0.08262888284417877,0.0703180499528073,-0.01231083289137147,0.01231083289137147,8,8
10,3,DOS,1,rst_count,0.05616444286503946,0.05034134327089235,-0.005823099594147112,0.005823099594147112,11,10
10,3,DOS,1,HTTP,0.000509021535540204,0.00013514874255528292,-0.0003738727929849211,0.0003738727929849211,26,27
10,3,DOS,1,HTTPS,0.0005879184364336938,0.00054894424133409,-3.897419509960379e-05,3.897419509960379e-05,24,25
10,3,DOS,1,DNS,1.6807695769047384e-05,1.0841587658818014e-05,-5.96610811022937e-06,5.96610811022937e-06,28,28
10,3,DOS,1,Telnet,0.0,8.149072011908428e-08,8.149072011908428e-08,8.149072011908428e-08,35,35
10,3,DOS,1,SMTP,0.0,1.3220295441868508e-07,1.3220295441868508e-07,1.3220295441868508e-07,36,34
10,3,DOS,1,SSH,0.0,1.256260227650635e-06,1.256260227650635e-06,1.256260227650635e-06,37,31
10,3,DOS,1,IRC,0.0,1.589948548938481e-07,1.589948548938481e-07,1.589948548938481e-07,38,33
10,3,DOS,1,TCP,0.008541955666122626,0.005728455195485339,-0.002813500470637287,0.002813500470637287,20,19
10,3,DOS,1,UDP,0.35553831091709565,0.21417113373889934,-0.1413671771781963,0.1413671771781963,3,5
10,3,DOS,1,DHCP,2.1929637834832817e-07,0.0,-2.1929637834832817e-07,2.1929637834832817e-07,32,38
10,3,DOS,1,ARP,1.8623044207080093e-06,3.5806547657231494e-07,-1.5042389441356944e-06,1.5042389441356944e-06,30,32
10,3,DOS,1,ICMP,0.012354053362141527,0.007061387775143278,-0.005292665586998249,0.005292665586998249,16,18
10,3,DOS,1,IGMP,0.0,0.0,0.0,0.0,39,39
10,3,DOS,1,IPv,4.0646223245906624e-06,1.5281157355812082e-06,-2.536506589009454e-06,2.536506589009454e-06,29,30
10,3,DOS,1,LLC,1.7054188867412334e-06,2.076369884660367e-06,3.709509979191336e-07,3.709509979191336e-07,31,29
10,3,DOS,1,Tot sum,0.7000905437456674,0.6797579149702417,-0.020332628775425632,0.020332628775425632,1,1
10,3,DOS,1,Min,0.08608313894585105,0.07486052560715986,-0.011222613338691192,0.011222613338691192,7,7
10,3,DOS,1,Max,0.04741670033270535,0.04692377895719806,-0.0004929213755072853,0.0004929213755072853,13,11
10,3,DOS,1,AVG,0.507903133062861,0.5291544587638058,0.0212513257009449,0.0212513257009449,2,2
10,3,DOS,1,Std,0.07029861044565222,0.050841530121816754,-0.019457080323835467,0.019457080323835467,10,9
10,3,DOS,1,Tot size,0.2648961427037642,0.3275017830254593,0.06260564032169508,0.06260564032169508,4,3
10,3,DOS,1,IAT,0.0023282281378406108,0.015342968546966677,0.013014740409126067,0.013014740409126067,21,15
10,3,DOS,1,Number,0.000568353344959125,0.0029725088080036484,0.0024041554630445236,0.0024041554630445236,25,23
10,3,DOS,1,Variance,0.11059024190144283,0.27262052237186174,0.1620302804704189,0.1620302804704189,5,4
10,4,DOS,1,Header_Length,0.01783049565570698,0.05263785428648055,0.03480735863077357,0.03480735863077357,15,12
10,4,DOS,1,Protocol Type,0.009159118647540179,0.017420124616379724,0.008261005968839545,0.008261005968839545,18,18
10,4,DOS,1,Time_To_Live,0.010586505389704348,0.003665182372626778,-0.00692132301707757,0.00692132301707757,17,22
10,4,DOS,1,Rate,0.0019458044786711897,0.004670730725649079,0.002724926246977889,0.002724926246977889,22,21
10,4,DOS,1,fin_flag_number,0.00028735218755734227,0.000411980566392165,0.00012462837883482272,0.00012462837883482272,27,24
10,4,DOS,1,syn_flag_number,0.09404568830220698,0.15935597726394846,0.06531028896174147,0.06531028896174147,6,5
10,4,DOS,1,rst_flag_number,0.0011596851527738803,0.0008336458289684033,-0.000326039323805477,0.000326039323805477,23,23
10,4,DOS,1,psh_flag_number,0.008719755539820498,0.0071285584152927075,-0.0015911971245277908,0.0015911971245277908,19,19
10,4,DOS,1,ack_flag_number,0.07206672180294527,0.050950872043429574,-0.021115849759515692,0.021115849759515692,9,13
10,4,DOS,1,ece_flag_number,0.0,0.0,0.0,0.0,33,32
10,4,DOS,1,cwr_flag_number,0.0,0.0,0.0,0.0,34,33
10,4,DOS,1,ack_count,0.02925462712844051,0.03533760243384231,0.006082975305401802,0.006082975305401802,14,16
10,4,DOS,1,syn_count,0.05288049053761893,0.08917454709926195,0.03629405656164302,0.03629405656164302,12,10
10,4,DOS,1,fin_count,0.08262888284417877,0.10107833801004264,0.018449455165863868,0.018449455165863868,8,8
10,4,DOS,1,rst_count,0.05616444286503946,0.060420200458348054,0.004255757593308596,0.004255757593308596,11,11
10,4,DOS,1,HTTP,0.000509021535540204,0.00035135335586784295,-0.00015766817967236105,0.00015766817967236105,26,25
10,4,DOS,1,HTTPS,0.0005879184364336938,6.614088048320123e-05,-0.0005217775559504925,0.0005217775559504925,24,26
10,4,DOS,1,DNS,1.6807695769047384e-05,8.05996024491109e-06,-8.747735524136293e-06,8.747735524136293e-06,28,27
10,4,DOS,1,Telnet,0.0,0.0,0.0,0.0,35,34
10,4,DOS,1,SMTP,0.0,0.0,0.0,0.0,36,35
10,4,DOS,1,SSH,0.0,5.435933179722069e-07,5.435933179722069e-07,5.435933179722069e-07,37,31
10,4,DOS,1,IRC,0.0,0.0,0.0,0.0,38,36
10,4,DOS,1,TCP,0.008541955666122626,0.02113712563177089,0.012595169965648263,0.012595169965648263,20,17
10,4,DOS,1,UDP,0.35553831091709565,0.37113861660110603,0.015600305684010385,0.015600305684010385,3,3
10,4,DOS,1,DHCP,2.1929637834832817e-07,0.0,-2.1929637834832817e-07,2.1929637834832817e-07,32,37
10,4,DOS,1,ARP,1.8623044207080093e-06,4.831020783492385e-06,2.9687163627843757e-06,2.9687163627843757e-06,30,29
10,4,DOS,1,ICMP,0.012354053362141527,0.04049842792398871,0.02814437456184718,0.02814437456184718,16,14
10,4,DOS,1,IGMP,0.0,0.0,0.0,0.0,39,38
10,4,DOS,1,IPv,4.0646223245906624e-06,4.815181593058314e-06,7.505592684676512e-07,7.505592684676512e-07,29,30
10,4,DOS,1,LLC,1.7054188867412334e-06,5.063535818201219e-06,3.3581169314599853e-06,3.3581169314599853e-06,31,28
10,4,DOS,1,Tot sum,0.7000905437456674,0.5270522350186123,-0.17303830872705506,0.17303830872705506,1,2
10,4,DOS,1,Min,0.08608313894585105,0.03892107913985435,-0.047162059805996706,0.047162059805996706,7,15
10,4,DOS,1,Max,0.04741670033270535,0.10409369882512995,0.0566769984924246,0.0566769984924246,13,7
10,4,DOS,1,AVG,0.507903133062861,0.3014751267840482,-0.20642800627881275,0.20642800627881275,2,4
10,4,DOS,1,Std,0.07029861044565222,0.09610437906961498,0.025805768623962763,0.025805768623962763,10,9
10,4,DOS,1,Tot size,0.2648961427037642,0.141590194017293,-0.12330594868647121,0.12330594868647121,4,6
10,4,DOS,1,IAT,0.0023282281378406108,0.005545892683615384,0.0032176645457747733,0.0032176645457747733,21,20
10,4,DOS,1,Number,0.000568353344959125,0.0,-0.000568353344959125,0.000568353344959125,25,39
10,4,DOS,1,Variance,0.11059024190144283,0.6289778352346689,0.518387593333226,0.518387593333226,5,1
10,5,DOS,1,Header_Length,0.01783049565570698,0.04175422889176421,0.02392373323605723,0.02392373323605723,15,13
10,5,DOS,1,Protocol Type,0.009159118647540179,0.01617903426195809,0.0070199156144179105,0.0070199156144179105,18,17
10,5,DOS,1,Time_To_Live,0.010586505389704348,0.005561670999708247,-0.005024834389996101,0.005024834389996101,17,21
10,5,DOS,1,Rate,0.0019458044786711897,0.009651756948433905,0.007705952469762715,0.007705952469762715,22,19
10,5,DOS,1,fin_flag_number,0.00028735218755734227,0.0007109311194013687,0.00042357893184402645,0.00042357893184402645,27,25
10,5,DOS,1,syn_flag_number,0.09404568830220698,0.14837710091336442,0.05433141261115744,0.05433141261115744,6,6
10,5,DOS,1,rst_flag_number,0.0011596851527738803,0.0018403108700814355,0.0006806257173075552,0.0006806257173075552,23,23
10,5,DOS,1,psh_flag_number,0.008719755539820498,0.00766565592643242,-0.0010540996133880784,0.0010540996133880784,19,20
10,5,DOS,1,ack_flag_number,0.07206672180294527,0.08242519739637165,0.010358475593426383,0.010358475593426383,9,10
10,5,DOS,1,ece_flag_number,0.0,0.0,0.0,0.0,33,31
10,5,DOS,1,cwr_flag_number,0.0,0.0,0.0,0.0,34,32
10,5,DOS,1,ack_count,0.02925462712844051,0.0228071039620476,-0.00644752316639291,0.00644752316639291,14,16
10,5,DOS,1,syn_count,0.05288049053761893,0.0384294507109548,-0.014451039826664132,0.014451039826664132,12,14
10,5,DOS,1,fin_count,0.08262888284417877,0.2165266895405054,0.13389780669632664,0.13389780669632664,8,5
10,5,DOS,1,rst_count,0.05616444286503946,0.09212400282921505,0.035959559964175596,0.035959559964175596,11,9
10,5,DOS,1,HTTP,0.000509021535540204,0.0009077680766877405,0.00039874654114753646,0.00039874654114753646,26,24
10,5,DOS,1,HTTPS,0.0005879184364336938,0.0001539385617849498,-0.000433979874648744,0.000433979874648744,24,26
10,5,DOS,1,DNS,1.6807695769047384e-05,5.150050789260043e-06,-1.1657644979787342e-05,1.1657644979787342e-05,28,30
10,5,DOS,1,Telnet,0.0,0.0,0.0,0.0,35,33
10,5,DOS,1,SMTP,0.0,0.0,0.0,0.0,36,34
10,5,DOS,1,SSH,0.0,0.0,0.0,0.0,37,35
10,5,DOS,1,IRC,0.0,0.0,0.0,0.0,38,36
10,5,DOS,1,TCP,0.008541955666122626,0.01575742138308335,0.007215465716960724,0.007215465716960724,20,18
10,5,DOS,1,UDP,0.35553831091709565,0.42979185166572714,0.0742535407486315,0.0742535407486315,3,3
10,5,DOS,1,DHCP,2.1929637834832817e-07,0.0,-2.1929637834832817e-07,2.1929637834832817e-07,32,37
10,5,DOS,1,ARP,1.8623044207080093e-06,7.2352885442319625e-06,5.3729841235239536e-06,5.3729841235239536e-06,30,28
10,5,DOS,1,ICMP,0.012354053362141527,0.03244391951314868,0.02008986615100715,0.02008986615100715,16,15
10,5,DOS,1,IGMP,0.0,0.0,0.0,0.0,39,38
10,5,DOS,1,IPv,4.0646223245906624e-06,7.571143515788862e-06,3.5065211911981995e-06,3.5065211911981995e-06,29,27
10,5,DOS,1,LLC,1.7054188867412334e-06,6.590344842227637e-06,4.884925955486403e-06,4.884925955486403e-06,31,29
10,5,DOS,1,Tot sum,0.7000905437456674,0.62614180058531,-0.07394874316035738,0.07394874316035738,1,1
10,5,DOS,1,Min,0.08608313894585105,0.05937839611034892,-0.026704742835502136,0.026704742835502136,7,12
10,5,DOS,1,Max,0.04741670033270535,0.07278059348371936,0.025363893151014012,0.025363893151014012,13,11
10,5,DOS,1,AVG,0.507903133062861,0.49095121052885476,-0.01695192253400618,0.01695192253400618,2,2
10,5,DOS,1,Std,0.07029861044565222,0.11401282225958975,0.04371421181393753,0.04371421181393753,10,8
10,5,DOS,1,Tot size,0.2648961427037642,0.22927188291638942,-0.035624259787374796,0.035624259787374796,4,4
10,5,DOS,1,IAT,0.0023282281378406108,0.004337148510233974,0.002008920372393363,0.002008920372393363,21,22
10,5,DOS,1,Number,0.000568353344959125,0.0,-0.000568353344959125,0.000568353344959125,25,39
10,5,DOS,1,Variance,0.11059024190144283,0.1345927341851096,0.024002492283666785,0.024002492283666785,5,7
10,1,MIRAI,1,Header_Length,0.0002860238534278856,0.0004111903524743285,0.0001251664990464429,0.0001251664990464429,17,16
10,1,MIRAI,1,Protocol Type,0.0015789724363075327,0.0016285479370727871,4.95755007652544e-05,4.95755007652544e-05,13,13
10,1,MIRAI,1,Time_To_Live,3.220675617548229e-05,5.786986164042628e-05,2.5663105464943997e-05,2.5663105464943997e-05,22,21
10,1,MIRAI,1,Rate,5.310384437931578e-05,5.608115010311409e-05,2.97730572379831e-06,2.97730572379831e-06,21,22
10,1,MIRAI,1,fin_flag_number,2.6474674578184413e-05,2.5178778045653558e-05,-1.2958965325308553e-06,1.2958965325308553e-06,24,24
10,1,MIRAI,1,syn_flag_number,0.008172436025804364,0.007568122165110214,-0.00060431386069415,0.00060431386069415,9,9
10,1,MIRAI,1,rst_flag_number,6.573247154449029e-05,6.330633990233731e-05,-2.4261316421529824e-06,2.4261316421529824e-06,20,20
10,1,MIRAI,1,psh_flag_number,0.00014188809987086267,9.55607787888762e-05,-4.632732108198647e-05,4.632732108198647e-05,19,19
10,1,MIRAI,1,ack_flag_number,0.0013265549162845168,0.0009831332572352814,-0.00034342165904923533,0.00034342165904923533,15,15
10,1,MIRAI,1,ece_flag_number,0.0,0.0,0.0,0.0,33,33
10,1,MIRAI,1,cwr_flag_number,0.0,0.0,0.0,0.0,34,34
10,1,MIRAI,1,ack_count,0.00290699755639537,0.0018994275600325442,-0.0010075699963628258,0.0010075699963628258,11,12
10,1,MIRAI,1,syn_count,0.006885614205723354,0.006427519743088014,-0.0004580944626353398,0.0004580944626353398,10,10
10,1,MIRAI,1,fin_count,0.0013811927845851682,0.001167757460111301,-0.00021343532447386715,0.00021343532447386715,14,14
10,1,MIRAI,1,rst_count,0.002707768394610354,0.0026748397989989196,-3.2928595611434516e-05,3.2928595611434516e-05,12,11
10,1,MIRAI,1,HTTP,1.089985884280267e-05,6.098420572594249e-06,-4.801438270208421e-06,4.801438270208421e-06,26,26
10,1,MIRAI,1,HTTPS,1.4191338429997526e-07,2.1285353338503834e-07,7.094014908506308e-08,7.094014908506308e-08,30,30
10,1,MIRAI,1,DNS,6.311069267764246e-08,8.785303605578957e-08,2.474234337814711e-08,2.474234337814711e-08,31,31
10,1,MIRAI,1,Telnet,0.0,0.0,0.0,0.0,35,35
10,1,MIRAI,1,SMTP,0.0,0.0,0.0,0.0,36,36
10,1,MIRAI,1,SSH,0.0,0.0,0.0,0.0,37,37
10,1,MIRAI,1,IRC,0.0,0.0,0.0,0.0,38,38
10,1,MIRAI,1,TCP,0.00016085806857384026,0.0002722807151094303,0.00011142264653559003,0.00011142264653559003,18,18
10,1,MIRAI,1,UDP,0.025427666650957824,0.019368180271699453,-0.006059486379258371,0.006059486379258371,8,8
10,1,MIRAI,1,DHCP,4.7313810984537416e-09,7.054787210871687e-09,2.3234061124179455e-09,2.3234061124179455e-09,32,32
10,1,MIRAI,1,ARP,1.5236427963559516e-07,2.1980051939968173e-07,6.743623976408657e-08,6.743623976408657e-08,29,29
10,1,MIRAI,1,ICMP,2.748133553892446e-05,1.4103264450079357e-05,-1.3378071088845105e-05,1.3378071088845105e-05,23,25
10,1,MIRAI,1,IGMP,0.0,0.0,0.0,0.0,39,39
10,1,MIRAI,1,IPv,1.8246823543680075e-07,3.45178373725859e-07,1.6271013828905826e-07,1.6271013828905826e-07,28,28
10,1,MIRAI,1,LLC,3.1265691842103264e-07,5.489619542329904e-07,2.3630503581195775e-07,2.3630503581195775e-07,27,27
10,1,MIRAI,1,Tot sum,0.758332711831269,0.7361525105545915,-0.022180201276677525,0.022180201276677525,1,1
10,1,MIRAI,1,Min,0.04490549150532632,0.03817575513273303,-0.00672973637259329,0.00672973637259329,5,7
10,1,MIRAI,1,Max,0.040614186000756995,0.04431848643198119,0.003704300431224196,0.003704300431224196,6,6
10,1,MIRAI,1,AVG,0.5177285106823517,0.5269391687592112,0.009210658076859501,0.009210658076859501,2,2
10,1,MIRAI,1,Std,0.032567562781567846,0.04953695539532881,0.016969392613760965,0.016969392613760965,7,5
10,1,MIRAI,1,Tot size,0.3827807376537799,0.4099260152980493,0.027145277644269383,0.027145277644269383,3,3
10,1,MIRAI,1,IAT,0.0003013846841804268,0.00033896932024458324,3.7584636064156435e-05,3.7584636064156435e-05,16,17
10,1,MIRAI,1,Number,1.1746878913428744e-05,4.2685400123599505e-05,3.093852121017076e-05,3.093852121017076e-05,25,23
10,1,MIRAI,1,Variance,0.06969931456811648,0.0775241113667911,0.007824796798674621,0.007824796798674621,4,4
10,2,MIRAI,1,Header_Length,0.0002860238534278856,0.00039557642604651173,0.00010955257261862614,0.00010955257261862614,17,14
10,2,MIRAI,1,Protocol Type,0.0015789724363075327,0.0014497659890513126,-0.0001292064472562201,0.0001292064472562201,13,13
10,2,MIRAI,1,Time_To_Live,3.220675617548229e-05,4.966202938708662e-05,1.7455273211604336e-05,1.7455273211604336e-05,22,19
10,2,MIRAI,1,Rate,5.310384437931578e-05,4.384867999954291e-05,-9.255164379772867e-06,9.255164379772867e-06,21,21
10,2,MIRAI,1,fin_flag_number,2.6474674578184413e-05,1.4257109153006202e-07,-2.633210348665435e-05,2.633210348665435e-05,24,30
10,2,MIRAI,1,syn_flag_number,0.008172436025804364,0.011335342076772269,0.0031629060509679053,0.0031629060509679053,9,9
10,2,MIRAI,1,rst_flag_number,6.573247154449029e-05,5.011405578420378e-06,-6.072106596606991e-05,6.072106596606991e-05,20,25
10,2,MIRAI,1,psh_flag_number,0.00014188809987086267,0.00020120870963421237,5.93206097633497e-05,5.93206097633497e-05,19,18
10,2,MIRAI,1,ack_flag_number,0.0013265549162845168,0.0022174399493030176,0.0008908850330185008,0.0008908850330185008,15,12
10,2,MIRAI,1,ece_flag_number,0.0,1.7640213853402264e-08,1.7640213853402264e-08,1.7640213853402264e-08,33,32
10,2,MIRAI,1,cwr_flag_number,0.0,0.0,0.0,0.0,34,33
10,2,MIRAI,1,ack_count,0.00290699755639537,0.004114514885669767,0.0012075173292743972,0.0012075173292743972,11,11
10,2,MIRAI,1,syn_count,0.006885614205723354,0.009456751503542164,0.00257113729781881,0.00257113729781881,10,10
10,2,MIRAI,1,fin_count,0.0013811927845851682,5.244557006320943e-06,-0.0013759482275788471,0.0013759482275788471,14,24
10,2,MIRAI,1,rst_count,0.002707768394610354,0.0002249178824737277,-0.0024828505121366265,0.0024828505121366265,12,17
10,2,MIRAI,1,HTTP,1.089985884280267e-05,8.636295323541046e-06,-2.263563519261624e-06,2.263563519261624e-06,26,22
10,2,MIRAI,1,HTTPS,1.4191338429997526e-07,3.9999328273146834e-07,2.580798984314931e-07,2.580798984314931e-07,30,27
10,2,MIRAI,1,DNS,6.311069267764246e-08,8.224012824842228e-08,1.9129435570779824e-08,1.9129435570779824e-08,31,31
10,2,MIRAI,1,Telnet,0.0,0.0,0.0,0.0,35,34
10,2,MIRAI,1,SMTP,0.0,0.0,0.0,0.0,36,35
10,2,MIRAI,1,SSH,0.0,0.0,0.0,0.0,37,36
10,2,MIRAI,1,IRC,0.0,0.0,0.0,0.0,38,37
10,2,MIRAI,1,TCP,0.00016085806857384026,0.0002677831053071485,0.00010692503673330822,0.00010692503673330822,18,16
10,2,MIRAI,1,UDP,0.025427666650957824,0.026442223653524787,0.0010145570025669633,0.0010145570025669633,8,8
10,2,MIRAI,1,DHCP,4.7313810984537416e-09,0.0,-4.7313810984537416e-09,4.7313810984537416e-09,32,38
10,2,MIRAI,1,ARP,1.5236427963559516e-07,2.288908414402417e-07,7.652656180464655e-08,7.652656180464655e-08,29,29
10,2,MIRAI,1,ICMP,2.748133553892446e-05,6.851757208196048e-06,-2.0629578330728415e-05,2.0629578330728415e-05,23,23
10,2,MIRAI,1,IGMP,0.0,0.0,0.0,0.0,39,39
10,2,MIRAI,1,IPv,1.8246823543680075e-07,2.9966122749687416e-07,1.1719299206007341e-07,1.1719299206007341e-07,28,28
10,2,MIRAI,1,LLC,3.1265691842103264e-07,4.326781808035527e-07,1.2002126238252004e-07,1.2002126238252004e-07,27,26
10,2,MIRAI,1,Tot sum,0.758332711831269,0.7585226406143865,0.00018992878311741013,0.00018992878311741013,1,1
10,2,MIRAI,1,Min,0.04490549150532632,0.03710863521233811,-0.007796856292988208,0.007796856292988208,5,7
10,2,MIRAI,1,Max,0.040614186000756995,0.04136304877304002,0.0007488627722830252,0.0007488627722830252,6,6
10,2,MIRAI,1,AVG,0.5177285106823517,0.5065838124471649,-0.011144698235186823,0.011144698235186823,2,2
10,2,MIRAI,1,Std,0.032567562781567846,0.04727210791908026,0.01470454513751241,0.01470454513751241,7,5
10,2,MIRAI,1,Tot size,0.3827807376537799,0.3970507015268724,0.014269963873092484,0.014269963873092484,3,3
10,2,MIRAI,1,IAT,0.0003013846841804268,0.000276430324795286,-2.495435938514078e-05,2.495435938514078e-05,16,15
10,2,MIRAI,1,Number,1.1746878913428744e-05,4.765977320351268e-05,3.591289429008394e-05,3.591289429008394e-05,25,20
10,2,MIRAI,1,Variance,0.06969931456811648,0.06405402669192581,-0.005645287876190674,0.005645287876190674,4,4
10,3,MIRAI,1,Header_Length,0.0002860238534278856,0.0003207694484133755,3.474559498548989e-05,3.474559498548989e-05,17,17
10,3,MIRAI,1,Protocol Type,0.0015789724363075327,0.0014155910958195807,-0.00016338134048795206,0.00016338134048795206,13,14
10,3,MIRAI,1,Time_To_Live,3.220675617548229e-05,3.793928767548108e-05,5.7325314999987965e-06,5.7325314999987965e-06,22,23
10,3,MIRAI,1,Rate,5.310384437931578e-05,0.00010300155571987735,4.9897711340561575e-05,4.9897711340561575e-05,21,21
10,3,MIRAI,1,fin_flag_number,2.6474674578184413e-05,3.379396818105487e-05,7.319293602870459e-06,7.319293602870459e-06,24,24
10,3,MIRAI,1,syn_flag_number,0.008172436025804364,0.013464303267676494,0.00529186724187213,0.00529186724187213,9,9
10,3,MIRAI,1,rst_flag_number,6.573247154449029e-05,8.575160470626092e-05,2.001913316177063e-05,2.001913316177063e-05,20,22
10,3,MIRAI,1,psh_flag_number,0.00014188809987086267,0.00012476577993878677,-1.7122319932075898e-05,1.7122319932075898e-05,19,20
10,3,MIRAI,1,ack_flag_number,0.0013265549162845168,0.0011880923226343487,-0.0001384625936501681,0.0001384625936501681,15,15
10,3,MIRAI,1,ece_flag_number,0.0,0.0,0.0,0.0,33,33
10,3,MIRAI,1,cwr_flag_number,0.0,0.0,0.0,0.0,34,34
10,3,MIRAI,1,ack_count,0.00290699755639537,0.0024578101839624247,-0.00044918737243294536,0.00044918737243294536,11,12
10,3,MIRAI,1,syn_count,0.006885614205723354,0.01088402778803397,0.0039984135823106165,0.0039984135823106165,10,10
10,3,MIRAI,1,fin_count,0.0013811927845851682,0.001719942847431213,0.00033875006284604485,0.00033875006284604485,14,13
10,3,MIRAI,1,rst_count,0.002707768394610354,0.00342558153886823,0.0007178131442578759,0.0007178131442578759,12,11
10,3,MIRAI,1,HTTP,1.089985884280267e-05,4.502423437247635e-06,-6.397435405555036e-06,6.397435405555036e-06,26,26
10,3,MIRAI,1,HTTPS,1.4191338429997526e-07,6.984840270361168e-07,5.565706427361415e-07,5.565706427361415e-07,30,27
10,3,MIRAI,1,DNS,6.311069267764246e-08,1.0119276208054146e-07,3.8082069402899e-08,3.8082069402899e-08,31,31
10,3,MIRAI,1,Telnet,0.0,0.0,0.0,0.0,35,35
10,3,MIRAI,1,SMTP,0.0,0.0,0.0,0.0,36,36
10,3,MIRAI,1,SSH,0.0,4.1457805959495795e-08,4.1457805959495795e-08,4.1457805959495795e-08,37,32
10,3,MIRAI,1,IRC,0.0,0.0,0.0,0.0,38,37
10,3,MIRAI,1,TCP,0.00016085806857384026,0.00021254029212868707,5.1682223554846805e-05,5.1682223554846805e-05,18,18
10,3,MIRAI,1,UDP,0.025427666650957824,0.033199239807531505,0.0077715731565736815,0.0077715731565736815,8,8
10,3,MIRAI,1,DHCP,4.7313810984537416e-09,0.0,-4.7313810984537416e-09,4.7313810984537416e-09,32,38
10,3,MIRAI,1,ARP,1.5236427963559516e-07,1.3335369814959307e-07,-1.9010581486002094e-08,1.9010581486002094e-08,29,30
10,3,MIRAI,1,ICMP,2.748133553892446e-05,2.0202194106153694e-05,-7.279141432770768e-06,7.279141432770768e-06,23,25
10,3,MIRAI,1,IGMP,0.0,0.0,0.0,0.0,39,39
10,3,MIRAI,1,IPv,1.8246823543680075e-07,1.7711201594164145e-07,-5.3562194951593e-09,5.3562194951593e-09,28,29
10,3,MIRAI,1,LLC,3.1265691842103264e-07,2.9958670622137165e-07,-1.307021219966099e-08,1.307021219966099e-08,27,28
10,3,MIRAI,1,Tot sum,0.758332711831269,0.7330575082751505,-0.025275203556118564,0.025275203556118564,1,1
10,3,MIRAI,1,Min,0.04490549150532632,0.039540694220124524,-0.005364797285201797,0.005364797285201797,5,7
10,3,MIRAI,1,Max,0.040614186000756995,0.043619842011003315,0.00300565601024632,0.00300565601024632,6,5
10,3,MIRAI,1,AVG,0.5177285106823517,0.5320958864408285,0.014367375758476797,0.014367375758476797,2,2
10,3,MIRAI,1,Std,0.032567562781567846,0.03976574666995669,0.0071981838883888455,0.0071981838883888455,7,6
10,3,MIRAI,1,Tot size,0.3827807376537799,0.4061378678742001,0.023357130220420186,0.023357130220420186,3,3
10,3,MIRAI,1,IAT,0.0003013846841804268,0.0003389971958710433,3.761251169061649e-05,3.761251169061649e-05,16,16
10,3,MIRAI,1,Number,1.1746878913428744e-05,0.00013351494962948922,0.00012176807071606047,0.00012176807071606047,25,19
10,3,MIRAI,1,Variance,0.06969931456811648,0.08988221317279088,0.0201828986046744,0.0201828986046744,4,4
10,4,MIRAI,1,Header_Length,0.0002860238534278856,0.0002582167680214845,-2.7807085406401108e-05,2.7807085406401108e-05,17,17
10,4,MIRAI,1,Protocol Type,0.0015789724363075327,0.0012914695881588102,-0.0002875028481487225,0.0002875028481487225,13,13
10,4,MIRAI,1,Time_To_Live,3.220675617548229e-05,2.8203527490123756e-05,-4.003228685358531e-06,4.003228685358531e-06,22,23
10,4,MIRAI,1,Rate,5.310384437931578e-05,6.733869260496264e-05,1.4234848225646859e-05,1.4234848225646859e-05,21,20
10,4,MIRAI,1,fin_flag_number,2.6474674578184413e-05,1.7570837766160053e-05,-8.90383681202436e-06,8.90383681202436e-06,24,24
10,4,MIRAI,1,syn_flag_number,0.008172436025804364,0.011816977090616704,0.0036445410648123407,0.0036445410648123407,9,9
10,4,MIRAI,1,rst_flag_number,6.573247154449029e-05,3.9859030231325885e-05,-2.5873441313164405e-05,2.5873441313164405e-05,20,21
10,4,MIRAI,1,psh_flag_number,0.00014188809987086267,7.638734506890373e-05,-6.550075480195894e-05,6.550075480195894e-05,19,19
10,4,MIRAI,1,ack_flag_number,0.0013265549162845168,0.0006431611123376808,-0.000683393803946836,0.000683393803946836,15,15
10,4,MIRAI,1,ece_flag_number,0.0,0.0,0.0,0.0,33,31
10,4,MIRAI,1,cwr_flag_number,0.0,0.0,0.0,0.0,34,32
10,4,MIRAI,1,ack_count,0.00290699755639537,0.001710699515461783,-0.001196298040933587,0.001196298040933587,11,12
10,4,MIRAI,1,syn_count,0.006885614205723354,0.010083053736947593,0.003197439531224239,0.003197439531224239,10,10
10,4,MIRAI,1,fin_count,0.0013811927845851682,0.0009394529649005473,-0.00044173981968462087,0.00044173981968462087,14,14
10,4,MIRAI,1,rst_count,0.002707768394610354,0.0017392370442187552,-0.0009685313503915989,0.0009685313503915989,12,11
10,4,MIRAI,1,HTTP,1.089985884280267e-05,3.319773049173172e-06,-7.580085793629498e-06,7.580085793629498e-06,26,25
10,4,MIRAI,1,HTTPS,1.4191338429997526e-07,1.5052475157084296e-07,8.611367270867695e-09,8.611367270867695e-09,30,29
10,4,MIRAI,1,DNS,6.311069267764246e-08,2.684814903414828e-08,-3.626254364349418e-08,3.626254364349418e-08,31,30
10,4,MIRAI,1,Telnet,0.0,0.0,0.0,0.0,35,33
10,4,MIRAI,1,SMTP,0.0,0.0,0.0,0.0,36,34
10,4,MIRAI,1,SSH,0.0,0.0,0.0,0.0,37,35
10,4,MIRAI,1,IRC,0.0,0.0,0.0,0.0,38,36
10,4,MIRAI,1,TCP,0.00016085806857384026,0.00018755084459326054,2.669277601942028e-05,2.669277601942028e-05,18,18
10,4,MIRAI,1,UDP,0.025427666650957824,0.029658067510089058,0.004230400859131234,0.004230400859131234,8,8
10,4,MIRAI,1,DHCP,4.7313810984537416e-09,0.0,-4.7313810984537416e-09,4.7313810984537416e-09,32,37
10,4,MIRAI,1,ARP,1.5236427963559516e-07,1.6479454965636426e-07,1.2430270020769102e-08,1.2430270020769102e-08,29,28
10,4,MIRAI,1,ICMP,2.748133553892446e-05,3.675960860459756e-05,9.278273065673095e-06,9.278273065673095e-06,23,22
10,4,MIRAI,1,IGMP,0.0,0.0,0.0,0.0,39,38
10,4,MIRAI,1,IPv,1.8246823543680075e-07,2.2130783949674518e-07,3.883960405994443e-08,3.883960405994443e-08,28,27
10,4,MIRAI,1,LLC,3.1265691842103264e-07,3.54401935036898e-07,4.174501661586536e-08,4.174501661586536e-08,27,26
10,4,MIRAI,1,Tot sum,0.758332711831269,0.7617009107089063,0.003368198877637285,0.003368198877637285,1,1
10,4,MIRAI,1,Min,0.04490549150532632,0.05279168437932303,0.007886192873996709,0.007886192873996709,5,5
10,4,MIRAI,1,Max,0.040614186000756995,0.04093003959904004,0.000315853598283046,0.000315853598283046,6,6
10,4,MIRAI,1,AVG,0.5177285106823517,0.5272532130491355,0.009524702366783822,0.009524702366783822,2,2
10,4,MIRAI,1,Std,0.032567562781567846,0.03177783895025184,-0.0007897238313160082,0.0007897238313160082,7,7
10,4,MIRAI,1,Tot size,0.3827807376537799,0.3634658350851334,-0.019314902568646486,0.019314902568646486,3,3
10,4,MIRAI,1,IAT,0.0003013846841804268,0.0002915383190675298,-9.846365112896988e-06,9.846365112896988e-06,16,16
10,4,MIRAI,1,Number,1.1746878913428744e-05,0.0,-1.1746878913428744e-05,1.1746878913428744e-05,25,39
10,4,MIRAI,1,Variance,0.06969931456811648,0.05573392890674609,-0.013965385661370393,0.013965385661370393,4,4
10,5,MIRAI,1,Header_Length,0.0002860238534278856,0.00023697516192668894,-4.904869150119666e-05,4.904869150119666e-05,17,17
10,5,MIRAI,1,Protocol Type,0.0015789724363075327,0.0010887324265742764,-0.0004902400097332564,0.0004902400097332564,13,14
10,5,MIRAI,1,Time_To_Live,3.220675617548229e-05,3.662031797557298e-05,4.413561800090694e-06,4.413561800090694e-06,22,22
10,5,MIRAI,1,Rate,5.310384437931578e-05,4.3614712431592974e-05,-9.489131947722805e-06,9.489131947722805e-06,21,21
10,5,MIRAI,1,fin_flag_number,2.6474674578184413e-05,3.298216206928985e-05,6.5074874911054365e-06,6.5074874911054365e-06,24,23
10,5,MIRAI,1,syn_flag_number,0.008172436025804364,0.003312321857879349,-0.004860114167925015,0.004860114167925015,9,9
10,5,MIRAI,1,rst_flag_number,6.573247154449029e-05,7.30624583340616e-05,7.329986789571304e-06,7.329986789571304e-06,20,20
10,5,MIRAI,1,psh_flag_number,0.00014188809987086267,8.233886098252262e-05,-5.9549238888340054e-05,5.9549238888340054e-05,19,19
10,5,MIRAI,1,ack_flag_number,0.0013265549162845168,0.0007799448224508429,-0.0005466100938336739,0.0005466100938336739,15,15
10,5,MIRAI,1,ece_flag_number,0.0,0.0,0.0,0.0,33,32
10,5,MIRAI,1,cwr_flag_number,0.0,0.0,0.0,0.0,34,33
10,5,MIRAI,1,ack_count,0.00290699755639537,0.0018553966920907803,-0.0010516008643045897,0.0010516008643045897,11,12
10,5,MIRAI,1,syn_count,0.006885614205723354,0.0028785312098086302,-0.004007082995914724,0.004007082995914724,10,11
10,5,MIRAI,1,fin_count,0.0013811927845851682,0.0017052320900937472,0.0003240393055085791,0.0003240393055085791,14,13
10,5,MIRAI,1,rst_count,0.002707768394610354,0.002917568269661249,0.0002097998750508947,0.0002097998750508947,12,10
10,5,MIRAI,1,HTTP,1.089985884280267e-05,5.255173491148574e-06,-5.644685351654096e-06,5.644685351654096e-06,26,25
10,5,MIRAI,1,HTTPS,1.4191338429997526e-07,3.8743180391534385e-08,-1.0317020390844088e-07,1.0317020390844088e-07,30,29
10,5,MIRAI,1,DNS,6.311069267764246e-08,2.9755764187632998e-08,-3.335492849000946e-08,3.335492849000946e-08,31,30
10,5,MIRAI,1,Telnet,0.0,0.0,0.0,0.0,35,34
10,5,MIRAI,1,SMTP,0.0,0.0,0.0,0.0,36,35
10,5,MIRAI,1,SSH,0.0,0.0,0.0,0.0,37,36
10,5,MIRAI,1,IRC,0.0,0.0,0.0,0.0,38,37
10,5,MIRAI,1,TCP,0.00016085806857384026,0.00018272269083055315,2.1864622256712892e-05,2.1864622256712892e-05,18,18
10,5,MIRAI,1,UDP,0.025427666650957824,0.023553465840668385,-0.0018742008102894392,0.0018742008102894392,8,8
10,5,MIRAI,1,DHCP,4.7313810984537416e-09,2.0557210433555962e-08,1.5825829335102222e-08,1.5825829335102222e-08,32,31
10,5,MIRAI,1,ARP,1.5236427963559516e-07,3.736202368693151e-07,2.2125595723371993e-07,2.2125595723371993e-07,29,28
10,5,MIRAI,1,ICMP,2.748133553892446e-05,2.154764068931977e-05,-5.9336948496046925e-06,5.9336948496046925e-06,23,24
10,5,MIRAI,1,IGMP,0.0,0.0,0.0,0.0,39,38
10,5,MIRAI,1,IPv,1.8246823543680075e-07,4.04301401332293e-07,2.2183316589549227e-07,2.2183316589549227e-07,28,27
10,5,MIRAI,1,LLC,3.1265691842103264e-07,5.684671649023007e-07,2.558102464812681e-07,2.558102464812681e-07,27,26
10,5,MIRAI,1,Tot sum,0.758332711831269,0.7568340362064345,-0.0014986756248345223,0.0014986756248345223,1,1
10,5,MIRAI,1,Min,0.04490549150532632,0.03754527921739897,-0.0073602122879273535,0.0073602122879273535,5,7
10,5,MIRAI,1,Max,0.040614186000756995,0.04037432001761774,-0.00023986598313925633,0.00023986598313925633,6,6
10,5,MIRAI,1,AVG,0.5177285106823517,0.5177083283723567,-2.0182309995009362e-05,2.0182309995009362e-05,2,2
10,5,MIRAI,1,Std,0.032567562781567846,0.04715372258799785,0.01458615980643,0.01458615980643,7,5
10,5,MIRAI,1,Tot size,0.3827807376537799,0.3885142704860297,0.00573353283224981,0.00573353283224981,3,3
10,5,MIRAI,1,IAT,0.0003013846841804268,0.00033329761393093986,3.191292975051306e-05,3.191292975051306e-05,16,16
10,5,MIRAI,1,Number,1.1746878913428744e-05,0.0,-1.1746878913428744e-05,1.1746878913428744e-05,25,39
10,5,MIRAI,1,Variance,0.06969931456811648,0.04881481153176669,-0.02088450303634979,0.02088450303634979,4,4
10,1,RECON,1,Header_Length,0.0014155588589107768,0.0008116019295698621,-0.0006039569293409148,0.0006039569293409148,18,21
10,1,RECON,1,Protocol Type,0.0004384703289799454,0.00021334655839533537,-0.00022512377058461002,0.00022512377058461002,21,25
10,1,RECON,1,Time_To_Live,0.08188674650403192,0.018116301503414676,-0.06377044500061725,0.06377044500061725,8,13
10,1,RECON,1,Rate,0.00028250155713330515,0.0010840714929026178,0.0008015699357693128,0.0008015699357693128,24,19
10,1,RECON,1,fin_flag_number,0.00026875666707533723,5.762571782733265e-05,-0.00021113094924800457,0.00021113094924800457,25,26
10,1,RECON,1,syn_flag_number,0.13901070204011307,0.49379586680101584,0.35478516476090277,0.35478516476090277,7,2
10,1,RECON,1,rst_flag_number,0.0012229962529346692,0.0006067258199764035,-0.0006162704329582656,0.0006162704329582656,19,23
10,1,RECON,1,psh_flag_number,0.0005296202103576065,0.0011744460819996397,0.0006448258716420332,0.0006448258716420332,20,18
10,1,RECON,1,ack_flag_number,0.031732557313437354,0.06316977752950603,0.03143722021606868,0.03143722021606868,13,9
10,1,RECON,1,ece_flag_number,0.0,0.0,0.0,0.0,33,33
10,1,RECON,1,cwr_flag_number,0.0,0.0,0.0,0.0,34,34
10,1,RECON,1,ack_count,0.007016192334525606,0.007102094715782566,8.590238125695971e-05,8.590238125695971e-05,16,16
10,1,RECON,1,syn_count,0.04165892056917797,0.10269675182808877,0.061037831258910796,0.061037831258910796,11,7
10,1,RECON,1,fin_count,0.015123807813070373,0.020729362294948553,0.00560555448187818,0.00560555448187818,15,12
10,1,RECON,1,rst_count,0.02413393902159303,0.017915434467641426,-0.006218504553951603,0.006218504553951603,14,14
10,1,RECON,1,HTTP,0.00011365248185836701,4.288893500855774e-05,-7.076354684980928e-05,7.076354684980928e-05,27,27
10,1,RECON,1,HTTPS,0.00021834247264998605,0.000979479296405586,0.0007611368237555999,0.0007611368237555999,26,20
10,1,RECON,1,DNS,3.717415860216748e-05,7.87811425322486e-10,-3.7173370790742157e-05,3.7173370790742157e-05,30,32
10,1,RECON,1,Telnet,0.0,0.0,0.0,0.0,35,35
10,1,RECON,1,SMTP,0.0,0.0,0.0,0.0,36,36
10,1,RECON,1,SSH,0.0,0.0,0.0,0.0,37,37
10,1,RECON,1,IRC,0.0,0.0,0.0,0.0,38,38
10,1,RECON,1,TCP,0.0003901193893760247,0.0006667764763769363,0.00027665708700091155,0.00027665708700091155,23,22
10,1,RECON,1,UDP,0.0375974766192154,0.015841931799261008,-0.02175554481995439,0.02175554481995439,12,15
10,1,RECON,1,DHCP,4.132224049985434e-06,1.1625182000374703e-07,-4.015972229981688e-06,4.015972229981688e-06,32,31
10,1,RECON,1,ARP,4.9043672833183385e-05,1.2033500934826825e-06,-4.78403227397007e-05,4.78403227397007e-05,29,29
10,1,RECON,1,ICMP,0.0004242223211751977,0.0006043651461051086,0.00018014282492991095,0.00018014282492991095,22,24
10,1,RECON,1,IGMP,0.0,0.0,0.0,0.0,39,39
10,1,RECON,1,IPv,3.5290683366278925e-05,1.0525469105379398e-06,-3.423813645574099e-05,3.423813645574099e-05,31,30
10,1,RECON,1,LLC,6.381843849496075e-05,2.3433509409950136e-06,-6.147508755396574e-05,6.147508755396574e-05,28,28
10,1,RECON,1,Tot sum,0.7339438072283755,0.7407287987993241,0.006784991570948584,0.006784991570948584,1,1
10,1,RECON,1,Min,0.0017196841216329142,0.005416736746292912,0.003697052624659998,0.003697052624659998,17,17
10,1,RECON,1,Max,0.04329704921914005,0.037850798654643636,-0.005446250564496415,0.005446250564496415,10,11
10,1,RECON,1,AVG,0.2281445860219424,0.08854724735972232,-0.13959733866222007,0.13959733866222007,4,8
10,1,RECON,1,Std,0.24767815283282157,0.12186835476841276,-0.1258097980644088,0.1258097980644088,3,6
10,1,RECON,1,Tot size,0.2133488197467877,0.17426726857369862,-0.03908155117308909,0.03908155117308909,5,4
10,1,RECON,1,IAT,0.19573938627379348,0.05347146069958476,-0.14226792557420873,0.14226792557420873,6,10
10,1,RECON,1,Number,0.06238045191699005,0.1321406415891963,0.06976018967220626,0.06976018967220626,9,5
10,1,RECON,1,Variance,0.4767401746853886,0.3416428038365507,-0.13509737084883788,0.13509737084883788,2,3
10,2,RECON,1,Header_Length,0.0014155588589107768,0.0008553146734714277,-0.0005602441854393491,0.0005602441854393491,18,18
10,2,RECON,1,Protocol Type,0.0004384703289799454,0.00018864586075080476,-0.0002498244682291406,0.0002498244682291406,21,24
10,2,RECON,1,Time_To_Live,0.08188674650403192,0.046867089353379056,-0.03501965715065287,0.03501965715065287,8,10
10,2,RECON,1,Rate,0.00028250155713330515,0.00037017885646864886,8.767729933534371e-05,8.767729933534371e-05,24,20
10,2,RECON,1,fin_flag_number,0.00026875666707533723,0.00014577965744805004,-0.0001229770096272872,0.0001229770096272872,25,25
10,2,RECON,1,syn_flag_number,0.13901070204011307,0.19399450329827622,0.054983801258163156,0.054983801258163156,7,6
10,2,RECON,1,rst_flag_number,0.0012229962529346692,0.001651189481307529,0.0004281932283728598,0.0004281932283728598,19,16
10,2,RECON,1,psh_flag_number,0.0005296202103576065,0.0008555343109529711,0.00032591410059536457,0.00032591410059536457,20,17
10,2,RECON,1,ack_flag_number,0.031732557313437354,0.0294873117154928,-0.002245245597944555,0.002245245597944555,13,12
10,2,RECON,1,ece_flag_number,0.0,1.378676293993769e-07,1.378676293993769e-07,1.378676293993769e-07,33,32
10,2,RECON,1,cwr_flag_number,0.0,0.0,0.0,0.0,34,33
10,2,RECON,1,ack_count,0.007016192334525606,0.009287223018710128,0.002271030684184522,0.002271030684184522,16,14
10,2,RECON,1,syn_count,0.04165892056917797,0.051783247648722025,0.010124327079544054,0.010124327079544054,11,9
10,2,RECON,1,fin_count,0.015123807813070373,0.00031894593606563413,-0.014804861877004739,0.014804861877004739,15,21
10,2,RECON,1,rst_count,0.02413393902159303,0.008780058930645918,-0.015353880090947111,0.015353880090947111,14,15
10,2,RECON,1,HTTP,0.00011365248185836701,8.047694207155753e-05,-3.317553978680948e-05,3.317553978680948e-05,27,27
10,2,RECON,1,HTTPS,0.00021834247264998605,0.00021200335477818442,-6.339117871801629e-06,6.339117871801629e-06,26,23
10,2,RECON,1,DNS,3.717415860216748e-05,6.29053699197594e-05,2.573121131759192e-05,2.573121131759192e-05,30,28
10,2,RECON,1,Telnet,0.0,0.0,0.0,0.0,35,34
10,2,RECON,1,SMTP,0.0,0.0,0.0,0.0,36,35
10,2,RECON,1,SSH,0.0,0.0,0.0,0.0,37,36
10,2,RECON,1,IRC,0.0,0.0,0.0,0.0,38,37
10,2,RECON,1,TCP,0.0003901193893760247,0.0003056867203230516,-8.443266905297313e-05,8.443266905297313e-05,23,22
10,2,RECON,1,UDP,0.0375974766192154,0.02366596412516856,-0.013931512494046838,0.013931512494046838,12,13
10,2,RECON,1,DHCP,4.132224049985434e-06,0.0,-4.132224049985434e-06,4.132224049985434e-06,32,38
10,2,RECON,1,ARP,4.9043672833183385e-05,4.253147410460795e-05,-6.512198728575433e-06,6.512198728575433e-06,29,30
10,2,RECON,1,ICMP,0.0004242223211751977,9.329793678594547e-05,-0.0003309243843892522,0.0003309243843892522,22,26
10,2,RECON,1,IGMP,0.0,0.0,0.0,0.0,39,39
10,2,RECON,1,IPv,3.5290683366278925e-05,2.7770161279164035e-05,-7.5205220871148894e-06,7.5205220871148894e-06,31,31
10,2,RECON,1,LLC,6.381843849496075e-05,5.752644129853452e-05,-6.291997196426234e-06,6.291997196426234e-06,28,29
10,2,RECON,1,Tot sum,0.7339438072283755,0.7347297585342948,0.0007859513059192968,0.0007859513059192968,1,1
10,2,RECON,1,Min,0.0017196841216329142,0.0008212134746658869,-0.0008984706469670273,0.0008984706469670273,17,19
10,2,RECON,1,Max,0.04329704921914005,0.03803937649746502,-0.00525767272167503,0.00525767272167503,10,11
10,2,RECON,1,AVG,0.2281445860219424,0.2283190190411555,0.00017443301921310495,0.00017443301921310495,4,4
10,2,RECON,1,Std,0.24767815283282157,0.171860242610513,-0.07581791022230858,0.07581791022230858,3,7
10,2,RECON,1,Tot size,0.2133488197467877,0.2513035790933507,0.037954759346563005,0.037954759346563005,5,3
10,2,RECON,1,IAT,0.19573938627379348,0.2055904267463697,0.009851040472576233,0.009851040472576233,6,5
10,2,RECON,1,Number,0.06238045191699005,0.05780403902372087,-0.004576412893269183,0.004576412893269183,9,8
10,2,RECON,1,Variance,0.4767401746853886,0.4734842237582348,-0.0032559509271538056,0.0032559509271538056,2,2
10,3,RECON,1,Header_Length,0.0014155588589107768,0.0019581337190971325,0.0005425748601863556,0.0005425748601863556,18,18
10,3,RECON,1,Protocol Type,0.0004384703289799454,0.00040731959237663007,-3.1150736603315315e-05,3.1150736603315315e-05,21,23
10,3,RECON,1,Time_To_Live,0.08188674650403192,0.0561377863106244,-0.02574896019340752,0.02574896019340752,8,9
10,3,RECON,1,Rate,0.00028250155713330515,0.0010345817431290853,0.0007520801859957802,0.0007520801859957802,24,19
10,3,RECON,1,fin_flag_number,0.00026875666707533723,0.0003190718040827948,5.0315137007457566e-05,5.0315137007457566e-05,25,25
10,3,RECON,1,syn_flag_number,0.13901070204011307,0.08476859435147803,-0.054242107688635036,0.054242107688635036,7,7
10,3,RECON,1,rst_flag_number,0.0012229962529346692,0.0010099883622447824,-0.00021300789068988673,0.00021300789068988673,19,20
10,3,RECON,1,psh_flag_number,0.0005296202103576065,0.00048527039667533184,-4.434981368227467e-05,4.434981368227467e-05,20,22
10,3,RECON,1,ack_flag_number,0.031732557313437354,0.02082378494096158,-0.010908772372475773,0.010908772372475773,13,14
10,3,RECON,1,ece_flag_number,0.0,0.0,0.0,0.0,33,34
10,3,RECON,1,cwr_flag_number,0.0,0.0,0.0,0.0,34,35
10,3,RECON,1,ack_count,0.007016192334525606,0.011243234701114954,0.004227042366589348,0.004227042366589348,16,16
10,3,RECON,1,syn_count,0.04165892056917797,0.04841677362564508,0.00675785305646711,0.00675785305646711,11,10
10,3,RECON,1,fin_count,0.015123807813070373,0.01962717304908061,0.004503365236010236,0.004503365236010236,15,15
10,3,RECON,1,rst_count,0.02413393902159303,0.02743061541888668,0.0032966763972936512,0.0032966763972936512,14,13
10,3,RECON,1,HTTP,0.00011365248185836701,5.7143942015443994e-05,-5.650853984292302e-05,5.650853984292302e-05,27,27
10,3,RECON,1,HTTPS,0.00021834247264998605,0.00011728884391691529,-0.00010105362873307076,0.00010105362873307076,26,26
10,3,RECON,1,DNS,3.717415860216748e-05,5.6916315783910375e-05,1.9742157181742897e-05,1.9742157181742897e-05,30,28
10,3,RECON,1,Telnet,0.0,0.0,0.0,0.0,35,36
10,3,RECON,1,SMTP,0.0,0.0,0.0,0.0,36,37
10,3,RECON,1,SSH,0.0,7.06380151679852e-06,7.06380151679852e-06,7.06380151679852e-06,37,32
10,3,RECON,1,IRC,0.0,0.0,0.0,0.0,38,38
10,3,RECON,1,TCP,0.0003901193893760247,0.000744397937623786,0.00035427854824776123,0.00035427854824776123,23,21
10,3,RECON,1,UDP,0.0375974766192154,0.04732156241503909,0.009724085795823692,0.009724085795823692,12,11
10,3,RECON,1,DHCP,4.132224049985434e-06,2.2825257222783364e-06,-1.8496983277070978e-06,1.8496983277070978e-06,32,33
10,3,RECON,1,ARP,4.9043672833183385e-05,1.761209321451542e-05,-3.143157961866797e-05,3.143157961866797e-05,29,30
10,3,RECON,1,ICMP,0.0004242223211751977,0.00036610530728564965,-5.811701388954804e-05,5.811701388954804e-05,22,24
10,3,RECON,1,IGMP,0.0,0.0,0.0,0.0,39,39
10,3,RECON,1,IPv,3.5290683366278925e-05,8.144244151269049e-06,-2.7146439215009876e-05,2.7146439215009876e-05,31,31
10,3,RECON,1,LLC,6.381843849496075e-05,2.1107012970455926e-05,-4.2711425524504825e-05,4.2711425524504825e-05,28,29
10,3,RECON,1,Tot sum,0.7339438072283755,0.7981545209946975,0.06421071376632204,0.06421071376632204,1,1
10,3,RECON,1,Min,0.0017196841216329142,0.003983330379519181,0.002263646257886267,0.002263646257886267,17,17
10,3,RECON,1,Max,0.04329704921914005,0.037290212085281035,-0.006006837133859015,0.006006837133859015,10,12
10,3,RECON,1,AVG,0.2281445860219424,0.1802754269466766,-0.047869159075265816,0.047869159075265816,4,4
10,3,RECON,1,Std,0.24767815283282157,0.16917073235976873,-0.07850742047305284,0.07850742047305284,3,6
10,3,RECON,1,Tot size,0.2133488197467877,0.17758089749817785,-0.03576792224860986,0.03576792224860986,5,5
10,3,RECON,1,IAT,0.19573938627379348,0.2576626518746591,0.06192326560086561,0.06192326560086561,6,3
10,3,RECON,1,Number,0.06238045191699005,0.08405698081572391,0.02167652889873386,0.02167652889873386,9,8
10,3,RECON,1,Variance,0.4767401746853886,0.42285795740814786,-0.05388221727724074,0.05388221727724074,2,2
10,4,RECON,1,Header_Length,0.0014155588589107768,0.00041335440902345264,-0.0010022044498873243,0.0010022044498873243,18,17
10,4,RECON,1,Protocol Type,0.0004384703289799454,8.469146225589026e-05,-0.0003537788667240551,0.0003537788667240551,21,22
10,4,RECON,1,Time_To_Live,0.08188674650403192,0.008091703562536596,-0.07379504294149533,0.07379504294149533,8,11
10,4,RECON,1,Rate,0.00028250155713330515,8.408883404500638e-05,-0.00019841272308829876,0.00019841272308829876,24,23
10,4,RECON,1,fin_flag_number,0.00026875666707533723,3.169147263502311e-05,-0.00023706519444031412,0.00023706519444031412,25,25
10,4,RECON,1,syn_flag_number,0.13901070204011307,0.012368050865004619,-0.12664265117510845,0.12664265117510845,7,8
10,4,RECON,1,rst_flag_number,0.0012229962529346692,4.594950166944202e-05,-0.001177046751265227,0.001177046751265227,19,24
10,4,RECON,1,psh_flag_number,0.0005296202103576065,0.00010496895111486887,-0.00042465125924273764,0.00042465125924273764,20,21
10,4,RECON,1,ack_flag_number,0.031732557313437354,0.005723916070270495,-0.02600864124316686,0.02600864124316686,13,13
10,4,RECON,1,ece_flag_number,0.0,1.0067134847747995e-09,1.0067134847747995e-09,1.0067134847747995e-09,33,36
10,4,RECON,1,cwr_flag_number,0.0,2.5036041834849318e-08,2.5036041834849318e-08,2.5036041834849318e-08,34,35
10,4,RECON,1,ack_count,0.007016192334525606,0.0014857120357478135,-0.005530480298777792,0.005530480298777792,16,16
10,4,RECON,1,syn_count,0.04165892056917797,0.008717034350006272,-0.0329418862191717,0.0329418862191717,11,10
10,4,RECON,1,fin_count,0.015123807813070373,0.0023051755973866298,-0.012818632215683743,0.012818632215683743,15,14
10,4,RECON,1,rst_count,0.02413393902159303,0.0017079656031069278,-0.022425973418486102,0.022425973418486102,14,15
10,4,RECON,1,HTTP,0.00011365248185836701,1.6295537926479313e-05,-9.73569439318877e-05,9.73569439318877e-05,27,27
10,4,RECON,1,HTTPS,0.00021834247264998605,2.9117562570381616e-05,-0.00018922491007960444,0.00018922491007960444,26,26
10,4,RECON,1,DNS,3.717415860216748e-05,1.0351717960555585e-05,-2.682244064161189e-05,2.682244064161189e-05,30,28
10,4,RECON,1,Telnet,0.0,0.0,0.0,0.0,35,37
10,4,RECON,1,SMTP,0.0,0.0,0.0,0.0,36,38
10,4,RECON,1,SSH,0.0,3.583826312127614e-07,3.583826312127614e-07,3.583826312127614e-07,37,32
10,4,RECON,1,IRC,0.0,0.0,0.0,0.0,38,39
10,4,RECON,1,TCP,0.0003901193893760247,0.00012004982153503828,-0.0002700695678409864,0.0002700695678409864,23,20
10,4,RECON,1,UDP,0.0375974766192154,0.007189360146714763,-0.030408116472500635,0.030408116472500635,12,12
10,4,RECON,1,DHCP,4.132224049985434e-06,1.7126080422052984e-07,-3.960963245764904e-06,3.960963245764904e-06,32,33
10,4,RECON,1,ARP,4.9043672833183385e-05,2.4859750235255663e-06,-4.6557697809657817e-05,4.6557697809657817e-05,29,31
10,4,RECON,1,ICMP,0.0004242223211751977,0.00012113058660264584,-0.00030309173457255184,0.00030309173457255184,22,19
10,4,RECON,1,IGMP,0.0,1.6087086501523193e-07,1.6087086501523193e-07,1.6087086501523193e-07,39,34
10,4,RECON,1,IPv,3.5290683366278925e-05,6.692039259544401e-06,-2.8598644106734525e-05,2.8598644106734525e-05,31,29
10,4,RECON,1,LLC,6.381843849496075e-05,4.2468500528926995e-06,-5.957158844206805e-05,5.957158844206805e-05,28,30
10,4,RECON,1,Tot sum,0.7339438072283755,0.277820505914098,-0.4561233013142775,0.4561233013142775,1,3
10,4,RECON,1,Min,0.0017196841216329142,0.00039297899653916357,-0.0013267051250937505,0.0013267051250937505,17,18
10,4,RECON,1,Max,0.04329704921914005,0.03672329829466114,-0.006573750924478913,0.006573750924478913,10,7
10,4,RECON,1,AVG,0.2281445860219424,0.3677742487386359,0.1396296627166935,0.1396296627166935,4,2
10,4,RECON,1,Std,0.24767815283282157,0.1453663616388269,-0.10231179119399467,0.10231179119399467,3,5
10,4,RECON,1,Tot size,0.2133488197467877,0.276728201780482,0.06337938203369431,0.06337938203369431,5,4
10,4,RECON,1,IAT,0.19573938627379348,0.050212988568586636,-0.14552639770520684,0.14552639770520684,6,6
10,4,RECON,1,Number,0.06238045191699005,0.0117414277751804,-0.05063902414180965,0.05063902414180965,9,9
10,4,RECON,1,Variance,0.4767401746853886,0.8279193693820434,0.35117919469665476,0.35117919469665476,2,1
10,5,RECON,1,Header_Length,0.0014155588589107768,0.003633755067925606,0.0022181962090148293,0.0022181962090148293,18,17
10,5,RECON,1,Protocol Type,0.0004384703289799454,0.0002302279718630161,-0.0002082423571169293,0.0002082423571169293,21,25
10,5,RECON,1,Time_To_Live,0.08188674650403192,0.07369418555035831,-0.008192560953673614,0.008192560953673614,8,8
10,5,RECON,1,Rate,0.00028250155713330515,0.0011572713328067354,0.0008747697756734303,0.0008747697756734303,24,19
10,5,RECON,1,fin_flag_number,0.00026875666707533723,0.0003065370584085051,3.7780391333167864e-05,3.7780391333167864e-05,25,23
10,5,RECON,1,syn_flag_number,0.13901070204011307,0.06373447966620235,-0.07527622237391071,0.07527622237391071,7,9
10,5,RECON,1,rst_flag_number,0.0012229962529346692,0.0007413286364940548,-0.00048166761644061434,0.00048166761644061434,19,22
10,5,RECON,1,psh_flag_number,0.0005296202103576065,0.0003011353528049568,-0.0002284848575526497,0.0002284848575526497,20,24
10,5,RECON,1,ack_flag_number,0.031732557313437354,0.0402072675459872,0.008474710232549844,0.008474710232549844,13,11
10,5,RECON,1,ece_flag_number,0.0,2.550313574510255e-09,2.550313574510255e-09,2.550313574510255e-09,33,35
10,5,RECON,1,cwr_flag_number,0.0,1.2310453396519007e-06,1.2310453396519007e-06,1.2310453396519007e-06,34,33
10,5,RECON,1,ack_count,0.007016192334525606,0.019093211197984662,0.012077018863459056,0.012077018863459056,16,14
10,5,RECON,1,syn_count,0.04165892056917797,0.01895493696438003,-0.02270398360479794,0.02270398360479794,11,16
10,5,RECON,1,fin_count,0.015123807813070373,0.028831790518063873,0.0137079827049935,0.0137079827049935,15,12
10,5,RECON,1,rst_count,0.02413393902159303,0.018971290993814494,-0.005162648027778535,0.005162648027778535,14,15
10,5,RECON,1,HTTP,0.00011365248185836701,0.00011387110265372948,2.1862079536246663e-07,2.1862079536246663e-07,27,26
10,5,RECON,1,HTTPS,0.00021834247264998605,8.896916423798081e-05,-0.00012937330841200525,0.00012937330841200525,26,27
10,5,RECON,1,DNS,3.717415860216748e-05,4.149116479526929e-05,4.31700619310181e-06,4.31700619310181e-06,30,28
10,5,RECON,1,Telnet,0.0,0.0,0.0,0.0,35,36
10,5,RECON,1,SMTP,0.0,0.0,0.0,0.0,36,37
10,5,RECON,1,SSH,0.0,2.36750840200812e-06,2.36750840200812e-06,2.36750840200812e-06,37,32
10,5,RECON,1,IRC,0.0,0.0,0.0,0.0,38,38
10,5,RECON,1,TCP,0.0003901193893760247,0.0011459868713966585,0.0007558674820206338,0.0007558674820206338,23,20
10,5,RECON,1,UDP,0.0375974766192154,0.021559290555247412,-0.016038186063967987,0.016038186063967987,12,13
10,5,RECON,1,DHCP,4.132224049985434e-06,4.3645186586156455e-07,-3.69577218412387e-06,3.69577218412387e-06,32,34
10,5,RECON,1,ARP,4.9043672833183385e-05,2.4053159998306957e-05,-2.499051283487643e-05,2.499051283487643e-05,29,31
10,5,RECON,1,ICMP,0.0004242223211751977,0.0010690111554120143,0.0006447888342368167,0.0006447888342368167,22,21
10,5,RECON,1,IGMP,0.0,0.0,0.0,0.0,39,39
10,5,RECON,1,IPv,3.5290683366278925e-05,2.4633119442880143e-05,-1.0657563923398781e-05,1.0657563923398781e-05,31,30
10,5,RECON,1,LLC,6.381843849496075e-05,3.1658688632680793e-05,-3.215974986227996e-05,3.215974986227996e-05,28,29
10,5,RECON,1,Tot sum,0.7339438072283755,0.7909053119595745,0.056961504731198986,0.056961504731198986,1,1
10,5,RECON,1,Min,0.0017196841216329142,0.0016723393452074508,-4.7344776425463364e-05,4.7344776425463364e-05,17,18
10,5,RECON,1,Max,0.04329704921914005,0.04925947751709993,0.005962428297959878,0.005962428297959878,10,10
10,5,RECON,1,AVG,0.2281445860219424,0.20830397900368405,-0.01984060701825835,0.01984060701825835,4,4
10,5,RECON,1,Std,0.24767815283282157,0.19094610538476942,-0.05673204744805216,0.05673204744805216,3,5
10,5,RECON,1,Tot size,0.2133488197467877,0.22293774733722763,0.009588927590439916,0.009588927590439916,5,3
10,5,RECON,1,IAT,0.19573938627379348,0.1182715246910266,-0.07746786158276688,0.07746786158276688,6,6
10,5,RECON,1,Number,0.06238045191699005,0.10645660708307647,0.04407615516608642,0.04407615516608642,9,7
10,5,RECON,1,Variance,0.4767401746853886,0.4512858869210068,-0.0254542877643818,0.0254542877643818,2,2
10,1,SPOOFING,1,Header_Length,0.0007804166219665611,0.001185917055564645,0.0004055004335980839,0.0004055004335980839,19,19
10,1,SPOOFING,1,Protocol Type,0.0002564124470587465,0.0002868775728468818,3.0465125788135307e-05,3.0465125788135307e-05,21,23
10,1,SPOOFING,1,Time_To_Live,0.031527568960021325,0.09039905191594093,0.0588714829559196,0.0588714829559196,11,7
10,1,SPOOFING,1,Rate,0.0014365996268069891,0.001873573635711515,0.0004369740089045259,0.0004369740089045259,18,18
10,1,SPOOFING,1,fin_flag_number,0.00012476417470376537,0.0002349890243745078,0.00011022484967074242,0.00011022484967074242,26,24
10,1,SPOOFING,1,syn_flag_number,0.04112914788266773,0.03960861706036747,-0.0015205308223002617,0.0015205308223002617,8,10
10,1,SPOOFING,1,rst_flag_number,0.00024134727470153983,0.0003547164748806246,0.00011336920017908478,0.00011336920017908478,22,21
10,1,SPOOFING,1,psh_flag_number,0.00020169291324552435,0.0003188242483908218,0.00011713133514529745,0.00011713133514529745,23,22
10,1,SPOOFING,1,ack_flag_number,0.0286753603743624,0.04815162800598603,0.019476267631623634,0.019476267631623634,12,8
10,1,SPOOFING,1,ece_flag_number,0.0,0.0,0.0,0.0,33,34
10,1,SPOOFING,1,cwr_flag_number,0.0,0.0,0.0,0.0,34,35
10,1,SPOOFING,1,ack_count,0.003998708007804768,0.005192395294800582,0.001193687286995814,0.001193687286995814,17,17
10,1,SPOOFING,1,syn_count,0.012191434065627194,0.017535320508241668,0.005343886442614474,0.005343886442614474,14,14
10,1,SPOOFING,1,fin_count,0.006864933057667688,0.016085230337668052,0.009220297280000365,0.009220297280000365,16,15
10,1,SPOOFING,1,rst_count,0.011030053105133683,0.015856022726266735,0.004825969621133052,0.004825969621133052,15,16
10,1,SPOOFING,1,HTTP,2.3357091120235265e-05,4.250933588813749e-05,1.9152244767902224e-05,1.9152244767902224e-05,27,27
10,1,SPOOFING,1,HTTPS,0.00016201663152411974,0.00020378766621205563,4.177103468793589e-05,4.177103468793589e-05,25,25
10,1,SPOOFING,1,DNS,1.837734564236205e-05,2.032506241352491e-05,1.94771677116286e-06,1.94771677116286e-06,28,29
10,1,SPOOFING,1,Telnet,0.0,0.0,0.0,0.0,35,36
10,1,SPOOFING,1,SMTP,0.0,0.0,0.0,0.0,36,37
10,1,SPOOFING,1,SSH,0.0,0.0,0.0,0.0,37,38
10,1,SPOOFING,1,IRC,0.0,0.0,0.0,0.0,38,39
10,1,SPOOFING,1,TCP,0.00025818053817984064,0.0004090886031718419,0.00015090806499200125,0.00015090806499200125,20,20
10,1,SPOOFING,1,UDP,0.033318924430641515,0.03509468404166045,0.0017757596110189316,0.0017757596110189316,10,11
10,1,SPOOFING,1,DHCP,3.756738377211997e-09,1.0950452682997696e-06,1.0912885299225576e-06,1.0912885299225576e-06,32,33
10,1,SPOOFING,1,ARP,8.507513904717114e-06,1.8230210363282085e-05,9.72269645856497e-06,9.72269645856497e-06,30,30
10,1,SPOOFING,1,ICMP,0.00019290778332765507,0.0001617703404933303,-3.1137442834324776e-05,3.1137442834324776e-05,24,26
10,1,SPOOFING,1,IGMP,0.0,1.1251505588385667e-06,1.1251505588385667e-06,1.1251505588385667e-06,39,32
10,1,SPOOFING,1,IPv,5.118898655032023e-06,1.24091671178548e-05,7.290268462822777e-06,7.290268462822777e-06,31,31
10,1,SPOOFING,1,LLC,1.62497403046466e-05,2.968203401814147e-05,1.343229371349487e-05,1.343229371349487e-05,29,28
10,1,SPOOFING,1,Tot sum,0.32855651609963843,0.5240518551566313,0.1954953390569929,0.1954953390569929,4,2
10,1,SPOOFING,1,Min,0.06694963002583655,0.02353571233932206,-0.043413917686514494,0.043413917686514494,7,13
10,1,SPOOFING,1,Max,0.036896800482012264,0.028676240470577888,-0.008220560011434376,0.008220560011434376,9,12
10,1,SPOOFING,1,AVG,0.401867950561674,0.3516139388950405,-0.050254011666633513,0.050254011666633513,3,4
10,1,SPOOFING,1,Std,0.20102680605201922,0.20666749876256413,0.005640692710544903,0.005640692710544903,5,5
10,1,SPOOFING,1,Tot size,0.5782016204164961,0.5302614711128758,-0.04794014930362034,0.04794014930362034,2,1
10,1,SPOOFING,1,IAT,0.07945118902283536,0.09441898096745514,0.01496779194461978,0.01496779194461978,6,6
10,1,SPOOFING,1,Number,0.023885059787538666,0.044978212224413755,0.02109315243687509,0.02109315243687509,13,9
10,1,SPOOFING,1,Variance,0.5815005116587723,0.5013912684998355,-0.08010924315893675,0.08010924315893675,1,3
10,2,SPOOFING,1,Header_Length,0.0007804166219665611,0.0007598415814657288,-2.0575040500832287e-05,2.0575040500832287e-05,19,17
10,2,SPOOFING,1,Protocol Type,0.0002564124470587465,0.00037788822177648693,0.00012147577471774044,0.00012147577471774044,21,19
10,2,SPOOFING,1,Time_To_Live,0.031527568960021325,0.08522891758262847,0.05370134862260715,0.05370134862260715,11,6
10,2,SPOOFING,1,Rate,0.0014365996268069891,0.0018970776830151091,0.00046047805620812003,0.00046047805620812003,18,16
10,2,SPOOFING,1,fin_flag_number,0.00012476417470376537,2.8693409994057275e-06,-0.00012189483370435964,0.00012189483370435964,26,29
10,2,SPOOFING,1,syn_flag_number,0.04112914788266773,0.03766097873862993,-0.0034681691440377957,0.0034681691440377957,8,9
10,2,SPOOFING,1,rst_flag_number,0.00024134727470153983,1.3497223766068855e-05,-0.00022785005093547096,0.00022785005093547096,22,27
10,2,SPOOFING,1,psh_flag_number,0.00020169291324552435,0.0003228629813424696,0.00012117006809694527,0.00012117006809694527,23,20
10,2,SPOOFING,1,ack_flag_number,0.0286753603743624,0.028573577633994447,-0.00010178274036795262,0.00010178274036795262,12,12
10,2,SPOOFING,1,ece_flag_number,0.0,1.5129300793273155e-08,1.5129300793273155e-08,1.5129300793273155e-08,33,32
10,2,SPOOFING,1,cwr_flag_number,0.0,0.0,0.0,0.0,34,33
10,2,SPOOFING,1,ack_count,0.003998708007804768,0.004625193913523044,0.000626485905718276,0.000626485905718276,17,15
10,2,SPOOFING,1,syn_count,0.012191434065627194,0.013697002281890022,0.0015055682162628276,0.0015055682162628276,14,14
10,2,SPOOFING,1,fin_count,0.006864933057667688,2.070233367043249e-05,-0.006844230723997255,0.006844230723997255,16,24
10,2,SPOOFING,1,rst_count,0.011030053105133683,0.0006155871382604688,-0.010414465966873215,0.010414465966873215,15,18
10,2,SPOOFING,1,HTTP,2.3357091120235265e-05,6.776013997774392e-05,4.440304885750865e-05,4.440304885750865e-05,27,23
10,2,SPOOFING,1,HTTPS,0.00016201663152411974,0.00015903650064943585,-2.980130874683895e-06,2.980130874683895e-06,25,22
10,2,SPOOFING,1,DNS,1.837734564236205e-05,1.3223976298909012e-06,-1.7054948012471147e-05,1.7054948012471147e-05,28,31
10,2,SPOOFING,1,Telnet,0.0,0.0,0.0,0.0,35,34
10,2,SPOOFING,1,SMTP,0.0,0.0,0.0,0.0,36,35
10,2,SPOOFING,1,SSH,0.0,0.0,0.0,0.0,37,36
10,2,SPOOFING,1,IRC,0.0,0.0,0.0,0.0,38,37
10,2,SPOOFING,1,TCP,0.00025818053817984064,0.0002727190643237602,1.4538526143919532e-05,1.4538526143919532e-05,20,21
10,2,SPOOFING,1,UDP,0.033318924430641515,0.041501672310187296,0.00818274787954578,0.00818274787954578,10,8
10,2,SPOOFING,1,DHCP,3.756738377211997e-09,0.0,-3.756738377211997e-09,3.756738377211997e-09,32,38
10,2,SPOOFING,1,ARP,8.507513904717114e-06,1.2024865688662804e-05,3.51735178394569e-06,3.51735178394569e-06,30,28
10,2,SPOOFING,1,ICMP,0.00019290778332765507,1.7451373674894554e-05,-0.00017545640965276052,0.00017545640965276052,24,26
10,2,SPOOFING,1,IGMP,0.0,0.0,0.0,0.0,39,39
10,2,SPOOFING,1,IPv,5.118898655032023e-06,2.827216797307178e-06,-2.2916818577248452e-06,2.2916818577248452e-06,31,30
10,2,SPOOFING,1,LLC,1.62497403046466e-05,1.9011710827995686e-05,2.761970523349084e-06,2.761970523349084e-06,29,25
10,2,SPOOFING,1,Tot sum,0.32855651609963843,0.39809490547396253,0.0695383893743241,0.0695383893743241,4,3
10,2,SPOOFING,1,Min,0.06694963002583655,0.030921077327229495,-0.03602855269860705,0.03602855269860705,7,10
10,2,SPOOFING,1,Max,0.036896800482012264,0.04264409972802917,0.005747299246016906,0.005747299246016906,9,7
10,2,SPOOFING,1,AVG,0.401867950561674,0.5176162225756012,0.11574827201392723,0.11574827201392723,3,2
10,2,SPOOFING,1,Std,0.20102680605201922,0.23545740002818757,0.03443059397616835,0.03443059397616835,5,5
10,2,SPOOFING,1,Tot size,0.5782016204164961,0.6093667551365267,0.031165134720030574,0.031165134720030574,2,1
10,2,SPOOFING,1,IAT,0.07945118902283536,0.026308946749485196,-0.05314224227335017,0.05314224227335017,6,13
10,2,SPOOFING,1,Number,0.023885059787538666,0.02895217711899619,0.005067117331457524,0.005067117331457524,13,11
10,2,SPOOFING,1,Variance,0.5815005116587723,0.36205769881316197,-0.2194428128456103,0.2194428128456103,1,4
10,3,SPOOFING,1,Header_Length,0.0007804166219665611,0.0004139889367857524,-0.0003664276851808087,0.0003664276851808087,19,19
10,3,SPOOFING,1,Protocol Type,0.0002564124470587465,0.00017230657920262401,-8.410586785612248e-05,8.410586785612248e-05,21,22
10,3,SPOOFING,1,Time_To_Live,0.031527568960021325,0.04116114571925724,0.009633576759235915,0.009633576759235915,11,7
10,3,SPOOFING,1,Rate,0.0014365996268069891,0.0005937867121152224,-0.0008428129146917667,0.0008428129146917667,18,18
10,3,SPOOFING,1,fin_flag_number,0.00012476417470376537,6.469942085672031e-05,-6.006475384704506e-05,6.006475384704506e-05,26,25
10,3,SPOOFING,1,syn_flag_number,0.04112914788266773,0.03502070688065823,-0.006108441002009496,0.006108441002009496,8,9
10,3,SPOOFING,1,rst_flag_number,0.00024134727470153983,0.00018372074081004006,-5.762653389149977e-05,5.762653389149977e-05,22,21
10,3,SPOOFING,1,psh_flag_number,0.00020169291324552435,0.00022124241459857769,1.9549501353053337e-05,1.9549501353053337e-05,23,20
10,3,SPOOFING,1,ack_flag_number,0.0286753603743624,0.013910297472626766,-0.014765062901735633,0.014765062901735633,12,13
10,3,SPOOFING,1,ece_flag_number,0.0,0.0,0.0,0.0,33,33
10,3,SPOOFING,1,cwr_flag_number,0.0,0.0,0.0,0.0,34,34
10,3,SPOOFING,1,ack_count,0.003998708007804768,0.0039045268462438824,-9.41811615608858e-05,9.41811615608858e-05,17,16
10,3,SPOOFING,1,syn_count,0.012191434065627194,0.008913917838232152,-0.0032775162273950414,0.0032775162273950414,14,14
10,3,SPOOFING,1,fin_count,0.006864933057667688,0.002835221184298177,-0.0040297118733695104,0.0040297118733695104,16,17
10,3,SPOOFING,1,rst_count,0.011030053105133683,0.008122592491870808,-0.002907460613262875,0.002907460613262875,15,15
10,3,SPOOFING,1,HTTP,2.3357091120235265e-05,1.2843713404418297e-05,-1.0513377715816968e-05,1.0513377715816968e-05,27,30
10,3,SPOOFING,1,HTTPS,0.00016201663152411974,0.00010779067849580604,-5.42259530283137e-05,5.42259530283137e-05,25,24
10,3,SPOOFING,1,DNS,1.837734564236205e-05,1.9644946962332642e-05,1.2676013199705928e-06,1.2676013199705928e-06,28,29
10,3,SPOOFING,1,Telnet,0.0,0.0,0.0,0.0,35,35
10,3,SPOOFING,1,SMTP,0.0,0.0,0.0,0.0,36,36
10,3,SPOOFING,1,SSH,0.0,7.746601466582888e-07,7.746601466582888e-07,7.746601466582888e-07,37,32
10,3,SPOOFING,1,IRC,0.0,0.0,0.0,0.0,38,37
10,3,SPOOFING,1,TCP,0.00025818053817984064,0.0001697107771710949,-8.846976100874575e-05,8.846976100874575e-05,20,23
10,3,SPOOFING,1,UDP,0.033318924430641515,0.018087994311432997,-0.015230930119208518,0.015230930119208518,10,11
10,3,SPOOFING,1,DHCP,3.756738377211997e-09,0.0,-3.756738377211997e-09,3.756738377211997e-09,32,38
10,3,SPOOFING,1,ARP,8.507513904717114e-06,2.225792663503552e-05,1.3750412730318405e-05,1.3750412730318405e-05,30,28
10,3,SPOOFING,1,ICMP,0.00019290778332765507,4.556903622225254e-05,-0.00014733874710540253,0.00014733874710540253,24,26
10,3,SPOOFING,1,IGMP,0.0,0.0,0.0,0.0,39,39
10,3,SPOOFING,1,IPv,5.118898655032023e-06,2.901939333597833e-06,-2.21695932143419e-06,2.21695932143419e-06,31,31
10,3,SPOOFING,1,LLC,1.62497403046466e-05,2.60994725972652e-05,9.8497322926186e-06,9.8497322926186e-06,29,27
10,3,SPOOFING,1,Tot sum,0.32855651609963843,0.25643291888436176,-0.07212359721527667,0.07212359721527667,4,4
10,3,SPOOFING,1,Min,0.06694963002583655,0.04952466109101055,-0.017424968934826,0.017424968934826,7,6
10,3,SPOOFING,1,Max,0.036896800482012264,0.04080403794749483,0.003907237465482563,0.003907237465482563,9,8
10,3,SPOOFING,1,AVG,0.401867950561674,0.4299134487084052,0.028045498146731185,0.028045498146731185,3,3
10,3,SPOOFING,1,Std,0.20102680605201922,0.20431854493474827,0.003291738882729045,0.003291738882729045,5,5
10,3,SPOOFING,1,Tot size,0.5782016204164961,0.65275643573835,0.07455481532185382,0.07455481532185382,2,1
10,3,SPOOFING,1,IAT,0.07945118902283536,0.03164297981730449,-0.047808209205530874,0.047808209205530874,6,10
10,3,SPOOFING,1,Number,0.023885059787538666,0.014752576736135838,-0.009132483051402828,0.009132483051402828,13,12
10,3,SPOOFING,1,Variance,0.5815005116587723,0.5221419438220991,-0.05935856783667315,0.05935856783667315,1,2
10,4,SPOOFING,1,Header_Length,0.0007804166219665611,0.0012012643518072583,0.00042084772984069723,0.00042084772984069723,19,19
10,4,SPOOFING,1,Protocol Type,0.0002564124470587465,0.0001273740288058017,-0.0001290384182529448,0.0001290384182529448,21,25
10,4,SPOOFING,1,Time_To_Live,0.031527568960021325,0.0404128332504413,0.008885264290419977,0.008885264290419977,11,10
10,4,SPOOFING,1,Rate,0.0014365996268069891,0.006380101722266648,0.004943502095459659,0.004943502095459659,18,16
10,4,SPOOFING,1,fin_flag_number,0.00012476417470376537,0.00010535939111340187,-1.94047835903635e-05,1.94047835903635e-05,26,26
10,4,SPOOFING,1,syn_flag_number,0.04112914788266773,0.09634201008175247,0.05521286219908474,0.05521286219908474,8,7
10,4,SPOOFING,1,rst_flag_number,0.00024134727470153983,0.0002826758246868417,4.132854998530186e-05,4.132854998530186e-05,22,24
10,4,SPOOFING,1,psh_flag_number,0.00020169291324552435,0.0005202027126121607,0.00031850979936663633,0.00031850979936663633,23,22
10,4,SPOOFING,1,ack_flag_number,0.0286753603743624,0.04593317243012573,0.01725781205576333,0.01725781205576333,12,9
10,4,SPOOFING,1,ece_flag_number,0.0,0.0,0.0,0.0,33,32
10,4,SPOOFING,1,cwr_flag_number,0.0,0.0,0.0,0.0,34,33
10,4,SPOOFING,1,ack_count,0.003998708007804768,0.002967615182131457,-0.0010310928256733114,0.0010310928256733114,17,17
10,4,SPOOFING,1,syn_count,0.012191434065627194,0.0249406197387309,0.012749185673103706,0.012749185673103706,14,13
10,4,SPOOFING,1,fin_count,0.006864933057667688,0.00287508406592479,-0.003989848991742898,0.003989848991742898,16,18
10,4,SPOOFING,1,rst_count,0.011030053105133683,0.010404096121908258,-0.0006259569832254251,0.0006259569832254251,15,15
10,4,SPOOFING,1,HTTP,2.3357091120235265e-05,1.9151099787862255e-05,-4.20599133237301e-06,4.20599133237301e-06,27,27
10,4,SPOOFING,1,HTTPS,0.00016201663152411974,0.0007539376377550774,0.0005919210062309576,0.0005919210062309576,25,20
10,4,SPOOFING,1,DNS,1.837734564236205e-05,6.029834833634816e-06,-1.2347510808727233e-05,1.2347510808727233e-05,28,30
10,4,SPOOFING,1,Telnet,0.0,0.0,0.0,0.0,35,34
10,4,SPOOFING,1,SMTP,0.0,0.0,0.0,0.0,36,35
10,4,SPOOFING,1,SSH,0.0,0.0,0.0,0.0,37,36
10,4,SPOOFING,1,IRC,0.0,0.0,0.0,0.0,38,37
10,4,SPOOFING,1,TCP,0.00025818053817984064,0.00046045401690274803,0.0002022734787229074,0.0002022734787229074,20,23
10,4,SPOOFING,1,UDP,0.033318924430641515,0.027304025716956403,-0.006014898713685112,0.006014898713685112,10,12
10,4,SPOOFING,1,DHCP,3.756738377211997e-09,0.0,-3.756738377211997e-09,3.756738377211997e-09,32,38
10,4,SPOOFING,1,ARP,8.507513904717114e-06,5.764423019965958e-06,-2.743090884751156e-06,2.743090884751156e-06,30,31
10,4,SPOOFING,1,ICMP,0.00019290778332765507,0.0007365957864425586,0.0005436880031149035,0.0005436880031149035,24,21
10,4,SPOOFING,1,IGMP,0.0,0.0,0.0,0.0,39,39
10,4,SPOOFING,1,IPv,5.118898655032023e-06,6.21157057768722e-06,1.092671922655197e-06,1.092671922655197e-06,31,29
10,4,SPOOFING,1,LLC,1.62497403046466e-05,1.1019926828531178e-05,-5.229813476115423e-06,5.229813476115423e-06,29,28
10,4,SPOOFING,1,Tot sum,0.32855651609963843,0.31513740380406635,-0.013419112295572078,0.013419112295572078,4,4
10,4,SPOOFING,1,Min,0.06694963002583655,0.16108967029717938,0.09414004027134283,0.09414004027134283,7,5
10,4,SPOOFING,1,Max,0.036896800482012264,0.03123995105802352,-0.005656849423988745,0.005656849423988745,9,11
10,4,SPOOFING,1,AVG,0.401867950561674,0.5917770419659409,0.18990909140426693,0.18990909140426693,3,1
10,4,SPOOFING,1,Std,0.20102680605201922,0.10551625250034578,-0.09551055355167344,0.09551055355167344,5,6
10,4,SPOOFING,1,Tot size,0.5782016204164961,0.45939921913140164,-0.1188024012850945,0.1188024012850945,2,3
10,4,SPOOFING,1,IAT,0.07945118902283536,0.024004473713591514,-0.055446715309243846,0.055446715309243846,6,14
10,4,SPOOFING,1,Number,0.023885059787538666,0.07503688732560446,0.05115182753806579,0.05115182753806579,13,8
10,4,SPOOFING,1,Variance,0.5815005116587723,0.5297290936876452,-0.051771417971127054,0.051771417971127054,1,2
10,5,SPOOFING,1,Header_Length,0.0007804166219665611,0.00010715292168441002,-0.0006732637002821511,0.0006732637002821511,19,21
10,5,SPOOFING,1,Protocol Type,0.0002564124470587465,8.902597783601028e-05,-0.0001673864692227362,0.0001673864692227362,21,23
10,5,SPOOFING,1,Time_To_Live,0.031527568960021325,0.016720691801985536,-0.014806877158035789,0.014806877158035789,11,9
10,5,SPOOFING,1,Rate,0.0014365996268069891,0.0001541544194778546,-0.0012824452073291344,0.0012824452073291344,18,20
10,5,SPOOFING,1,fin_flag_number,0.00012476417470376537,4.851847136179371e-05,-7.624570334197166e-05,7.624570334197166e-05,26,25
10,5,SPOOFING,1,syn_flag_number,0.04112914788266773,0.01075218673284559,-0.03037696114982214,0.03037696114982214,8,10
10,5,SPOOFING,1,rst_flag_number,0.00024134727470153983,0.00015597034673149788,-8.537692797004194e-05,8.537692797004194e-05,22,19
10,5,SPOOFING,1,psh_flag_number,0.00020169291324552435,0.00017064550765557586,-3.1047405589948484e-05,3.1047405589948484e-05,23,18
10,5,SPOOFING,1,ack_flag_number,0.0286753603743624,0.0032217353236372297,-0.025453625050725168,0.025453625050725168,12,14
10,5,SPOOFING,1,ece_flag_number,0.0,0.0,0.0,0.0,33,32
10,5,SPOOFING,1,cwr_flag_number,0.0,0.0,0.0,0.0,34,33
10,5,SPOOFING,1,ack_count,0.003998708007804768,0.002212797884363893,-0.001785910123440875,0.001785910123440875,17,16
10,5,SPOOFING,1,syn_count,0.012191434065627194,0.0029416972369806626,-0.009249736828646531,0.009249736828646531,14,15
10,5,SPOOFING,1,fin_count,0.006864933057667688,0.0020324566408395947,-0.004832476416828093,0.004832476416828093,16,17
10,5,SPOOFING,1,rst_count,0.011030053105133683,0.007137889203381131,-0.0038921639017525517,0.0038921639017525517,15,12
10,5,SPOOFING,1,HTTP,2.3357091120235265e-05,6.450081867476931e-06,-1.6907009252758335e-05,1.6907009252758335e-05,27,27
10,5,SPOOFING,1,HTTPS,0.00016201663152411974,5.241977962451453e-05,-0.00010959685189960522,0.00010959685189960522,25,24
10,5,SPOOFING,1,DNS,1.837734564236205e-05,2.2589723290939678e-07,-1.8151448409452652e-05,1.8151448409452652e-05,28,29
10,5,SPOOFING,1,Telnet,0.0,0.0,0.0,0.0,35,34
10,5,SPOOFING,1,SMTP,0.0,0.0,0.0,0.0,36,35
10,5,SPOOFING,1,SSH,0.0,0.0,0.0,0.0,37,36
10,5,SPOOFING,1,IRC,0.0,0.0,0.0,0.0,38,37
10,5,SPOOFING,1,TCP,0.00025818053817984064,3.995870259572634e-05,-0.0002182218355841143,0.0002182218355841143,20,26
10,5,SPOOFING,1,UDP,0.033318924430641515,0.006664215363170522,-0.026654709067470993,0.026654709067470993,10,13
10,5,SPOOFING,1,DHCP,3.756738377211997e-09,0.0,-3.756738377211997e-09,3.756738377211997e-09,32,38
10,5,SPOOFING,1,ARP,8.507513904717114e-06,1.0512304906029834e-07,-8.402390855656815e-06,8.402390855656815e-06,30,31
10,5,SPOOFING,1,ICMP,0.00019290778332765507,0.00010652781609853632,-8.637996722911876e-05,8.637996722911876e-05,24,22
10,5,SPOOFING,1,IGMP,0.0,0.0,0.0,0.0,39,39
10,5,SPOOFING,1,IPv,5.118898655032023e-06,2.5004519509850313e-07,-4.86885345993352e-06,4.86885345993352e-06,31,28
10,5,SPOOFING,1,LLC,1.62497403046466e-05,2.1408041422692792e-07,-1.6035659890419673e-05,1.6035659890419673e-05,29,30
10,5,SPOOFING,1,Tot sum,0.32855651609963843,0.18944179632510988,-0.13911471977452855,0.13911471977452855,4,4
10,5,SPOOFING,1,Min,0.06694963002583655,0.046181216004775066,-0.020768414021061485,0.020768414021061485,7,6
10,5,SPOOFING,1,Max,0.036896800482012264,0.01954405210406065,-0.017352748377951612,0.017352748377951612,9,8
10,5,SPOOFING,1,AVG,0.401867950561674,0.4303731503545645,0.028505199792890512,0.028505199792890512,3,3
10,5,SPOOFING,1,Std,0.20102680605201922,0.06867842131527789,-0.13234838473674132,0.13234838473674132,5,5
10,5,SPOOFING,1,Tot size,0.5782016204164961,0.5189254609827946,-0.05927615943370157,0.05927615943370157,2,2
10,5,SPOOFING,1,IAT,0.07945118902283536,0.03798304925981431,-0.04146813976302106,0.04146813976302106,6,7
10,5,SPOOFING,1,Number,0.023885059787538666,0.009940898697763037,-0.01394416108977563,0.01394416108977563,13,11
10,5,SPOOFING,1,Variance,0.5815005116587723,0.707329811305755,0.12582929964698275,0.12582929964698275,1,1
10,1,WEB,1,Header_Length,0.000702645322825388,0.0005757567267301755,-0.0001268885960952125,0.0001268885960952125,18,18
10,1,WEB,1,Protocol Type,0.0002854350417127166,0.0003535811742826104,6.81461325698938e-05,6.81461325698938e-05,19,19
10,1,WEB,1,Time_To_Live,0.05494056974310243,0.06366026005359278,0.008719690310490351,0.008719690310490351,7,7
10,1,WEB,1,Rate,0.00016706867365816794,0.00018629085301125135,1.922217935308341e-05,1.922217935308341e-05,23,22
10,1,WEB,1,fin_flag_number,5.649151833308334e-05,0.00015105854788548777,9.456702955240443e-05,9.456702955240443e-05,26,23
10,1,WEB,1,syn_flag_number,0.010152449013438257,0.020623673655640967,0.01047122464220271,0.01047122464220271,13,10
10,1,WEB,1,rst_flag_number,7.758481848029378e-05,0.0002570920346117419,0.00017950721613144813,0.00017950721613144813,24,21
10,1,WEB,1,psh_flag_number,0.00017249692449083806,0.0003404805114674492,0.00016798358697661116,0.00016798358697661116,22,20
10,1,WEB,1,ack_flag_number,0.015076613840589384,0.017451831433551595,0.0023752175929622112,0.0023752175929622112,11,11
10,1,WEB,1,ece_flag_number,0.0,0.0,0.0,0.0,34,35
10,1,WEB,1,cwr_flag_number,0.0,0.0,0.0,0.0,35,36
10,1,WEB,1,ack_count,0.003703123357912626,0.005448628023945203,0.001745504666032577,0.001745504666032577,14,16
10,1,WEB,1,syn_count,0.003175307144956395,0.011296197513652923,0.008120890368696529,0.008120890368696529,16,13
10,1,WEB,1,fin_count,0.002939660188205738,0.005421512254758805,0.002481852066553067,0.002481852066553067,17,17
10,1,WEB,1,rst_count,0.003557121704550898,0.009720430068360599,0.0061633083638097,0.0061633083638097,15,14
10,1,WEB,1,HTTP,2.6150018278855936e-05,3.482395461597308e-05,8.673936337117141e-06,8.673936337117141e-06,29,27
10,1,WEB,1,HTTPS,6.080695445195248e-05,7.622342591153147e-05,1.5416471459578994e-05,1.5416471459578994e-05,25,26
10,1,WEB,1,DNS,5.505647145098624e-06,8.610100844191236e-06,3.1044536990926116e-06,3.1044536990926116e-06,32,31
10,1,WEB,1,Telnet,0.0,0.0,0.0,0.0,36,37
10,1,WEB,1,SMTP,0.0,0.0,0.0,0.0,37,38
10,1,WEB,1,SSH,3.022036762615796e-05,1.2368552288096094e-05,-1.7851815338061866e-05,1.7851815338061866e-05,28,30
10,1,WEB,1,IRC,0.0,1.8778028317550867e-07,1.8778028317550867e-07,1.8778028317550867e-07,38,33
10,1,WEB,1,TCP,0.0001760556567588593,0.0001253539453516929,-5.070171140716641e-05,5.070171140716641e-05,21,25
10,1,WEB,1,UDP,0.017676226066275624,0.02337341189595372,0.0056971858296780975,0.0056971858296780975,9,9
10,1,WEB,1,DHCP,2.693109902412633e-07,1.6592578195600663e-08,-2.5271841204566266e-07,2.5271841204566266e-07,33,34
10,1,WEB,1,ARP,3.3573555787870464e-05,2.42644169993948e-05,-9.309138788475665e-06,9.309138788475665e-06,27,28
10,1,WEB,1,ICMP,0.00028269242711462445,0.0001336233498575079,-0.00014906907725711655,0.00014906907725711655,20,24
10,1,WEB,1,IGMP,0.0,0.0,0.0,0.0,39,39
10,1,WEB,1,IPv,1.037779295901522e-05,2.279237136268208e-05,1.2414578403666859e-05,1.2414578403666859e-05,31,29
10,1,WEB,1,LLC,1.6752161139777603e-05,7.114778348981932e-06,-9.63738279079567e-06,9.63738279079567e-06,30,32
10,1,WEB,1,Tot sum,0.42772069913901833,0.5611283490893277,0.1334076499503094,0.1334076499503094,2,2
10,1,WEB,1,Min,0.013048557369634499,0.008133959196536901,-0.004914598173097598,0.004914598173097598,12,15
10,1,WEB,1,Max,0.026825549265022588,0.04996384243425975,0.02313829316923716,0.02313829316923716,8,8
10,1,WEB,1,AVG,0.08196242904015495,0.1286951747793532,0.046732745739198236,0.046732745739198236,6,6
10,1,WEB,1,Std,0.16214246960068782,0.3072793552273374,0.1451368856266496,0.1451368856266496,5,3
10,1,WEB,1,Tot size,0.22220365483143462,0.162753042102899,-0.05945061272853561,0.05945061272853561,4,5
10,1,WEB,1,IAT,0.771586860122373,0.7028649648040929,-0.0687218953182801,0.0687218953182801,1,1
10,1,WEB,1,Number,0.015945610239172122,0.017122206247337336,0.0011765960081652135,0.0011765960081652135,10,12
10,1,WEB,1,Variance,0.36670827238836895,0.21255056053882507,-0.15415771184954388,0.15415771184954388,3,4
10,2,WEB,1,Header_Length,0.000702645322825388,0.0004761803551846596,-0.00022646496764072835,0.00022646496764072835,18,17
10,2,WEB,1,Protocol Type,0.0002854350417127166,0.00030728430066466386,2.1849258951947234e-05,2.1849258951947234e-05,19,19
10,2,WEB,1,Time_To_Live,0.05494056974310243,0.065899944103782,0.01095937436067957,0.01095937436067957,7,7
10,2,WEB,1,Rate,0.00016706867365816794,0.000167333188855659,2.645151974910696e-07,2.645151974910696e-07,23,21
10,2,WEB,1,fin_flag_number,5.649151833308334e-05,1.4966186434532174e-05,-4.152533189855117e-05,4.152533189855117e-05,26,28
10,2,WEB,1,syn_flag_number,0.010152449013438257,0.012137986799380414,0.0019855377859421576,0.0019855377859421576,13,12
10,2,WEB,1,rst_flag_number,7.758481848029378e-05,2.013771299221657e-05,-5.7447105488077204e-05,5.7447105488077204e-05,24,27
10,2,WEB,1,psh_flag_number,0.00017249692449083806,0.0003432246165229756,0.00017072769203213756,0.00017072769203213756,22,18
10,2,WEB,1,ack_flag_number,0.015076613840589384,0.01800140691134875,0.0029247930707593673,0.0029247930707593673,11,10
10,2,WEB,1,ece_flag_number,0.0,1.5702987707853338e-08,1.5702987707853338e-08,1.5702987707853338e-08,34,34
10,2,WEB,1,cwr_flag_number,0.0,0.0,0.0,0.0,35,36
10,2,WEB,1,ack_count,0.003703123357912626,0.003723214483935083,2.0091126022456652e-05,2.0091126022456652e-05,14,14
10,2,WEB,1,syn_count,0.003175307144956395,0.004381372168040159,0.0012060650230837637,0.0012060650230837637,16,13
10,2,WEB,1,fin_count,0.002939660188205738,8.233242632149302e-05,-0.002857327761884245,0.002857327761884245,17,22
10,2,WEB,1,rst_count,0.003557121704550898,0.0006731695528776502,-0.0028839521516732477,0.0028839521516732477,15,16
10,2,WEB,1,HTTP,2.6150018278855936e-05,4.128406747049097e-05,1.5134049191635036e-05,1.5134049191635036e-05,29,25
10,2,WEB,1,HTTPS,6.080695445195248e-05,5.662544510907813e-05,-4.181509342874348e-06,4.181509342874348e-06,25,24
10,2,WEB,1,DNS,5.505647145098624e-06,3.952240288974296e-06,-1.553406856124328e-06,1.553406856124328e-06,32,31
10,2,WEB,1,Telnet,0.0,0.0,0.0,0.0,36,37
10,2,WEB,1,SMTP,0.0,0.0,0.0,0.0,37,38
10,2,WEB,1,SSH,3.022036762615796e-05,3.6811386771109196e-06,-2.653922894904704e-05,2.653922894904704e-05,28,32
10,2,WEB,1,IRC,0.0,0.0,0.0,0.0,38,39
10,2,WEB,1,TCP,0.0001760556567588593,0.00017834168918353087,2.2860324246715613e-06,2.2860324246715613e-06,21,20
10,2,WEB,1,UDP,0.017676226066275624,0.01927067346942005,0.0015944474031444264,0.0015944474031444264,9,9
10,2,WEB,1,DHCP,2.693109902412633e-07,1.4092423440055747e-08,-2.552185668012076e-07,2.552185668012076e-07,33,35
10,2,WEB,1,ARP,3.3573555787870464e-05,2.6476975732092703e-05,-7.096580055777761e-06,7.096580055777761e-06,27,26
10,2,WEB,1,ICMP,0.00028269242711462445,5.6737343583185526e-05,-0.00022595508353143894,0.00022595508353143894,20,23
10,2,WEB,1,IGMP,0.0,1.044206829106592e-06,1.044206829106592e-06,1.044206829106592e-06,39,33
10,2,WEB,1,IPv,1.037779295901522e-05,1.0476297128434833e-05,9.850416941961353e-08,9.850416941961353e-08,31,29
10,2,WEB,1,LLC,1.6752161139777603e-05,8.133466436435018e-06,-8.618694703342584e-06,8.618694703342584e-06,30,30
10,2,WEB,1,Tot sum,0.42772069913901833,0.49687122800192557,0.06915052886290723,0.06915052886290723,2,2
10,2,WEB,1,Min,0.013048557369634499,0.0017867900649711531,-0.011261767304663346,0.011261767304663346,12,15
10,2,WEB,1,Max,0.026825549265022588,0.029181216571570925,0.0023556673065483376,0.0023556673065483376,8,8
10,2,WEB,1,AVG,0.08196242904015495,0.10262592735979013,0.020663498319635182,0.020663498319635182,6,6
10,2,WEB,1,Std,0.16214246960068782,0.1812282187216351,0.019085749120947293,0.019085749120947293,5,4
10,2,WEB,1,Tot size,0.22220365483143462,0.15987970024382955,-0.06232395458760506,0.06232395458760506,4,5
10,2,WEB,1,IAT,0.771586860122373,0.7467734142828145,-0.024813445839558468,0.024813445839558468,1,1
10,2,WEB,1,Number,0.015945610239172122,0.017853803451482103,0.001908193212309981,0.001908193212309981,10,11
10,2,WEB,1,Variance,0.36670827238836895,0.3465806102700511,-0.020127662118317846,0.020127662118317846,3,3
10,3,WEB,1,Header_Length,0.000702645322825388,0.000337821724378747,-0.00036482359844664094,0.00036482359844664094,18,20
10,3,WEB,1,Protocol Type,0.0002854350417127166,0.0003464166540332068,6.09816123204902e-05,6.09816123204902e-05,19,19
10,3,WEB,1,Time_To_Live,0.05494056974310243,0.06944607256908647,0.014505502825984042,0.014505502825984042,7,8
10,3,WEB,1,Rate,0.00016706867365816794,0.0003498119658851093,0.00018274329222694137,0.00018274329222694137,23,18
10,3,WEB,1,fin_flag_number,5.649151833308334e-05,4.660126246723856e-05,-9.890255865844783e-06,9.890255865844783e-06,26,27
10,3,WEB,1,syn_flag_number,0.010152449013438257,0.022777216013234656,0.0126247669997964,0.0126247669997964,13,12
10,3,WEB,1,rst_flag_number,7.758481848029378e-05,8.779821937446966e-05,1.021340089417588e-05,1.021340089417588e-05,24,23
10,3,WEB,1,psh_flag_number,0.00017249692449083806,0.00017543118712076548,2.934262629927418e-06,2.934262629927418e-06,22,21
10,3,WEB,1,ack_flag_number,0.015076613840589384,0.0073270680902917254,-0.007749545750297658,0.007749545750297658,11,14
10,3,WEB,1,ece_flag_number,0.0,0.0,0.0,0.0,34,33
10,3,WEB,1,cwr_flag_number,0.0,0.0,0.0,0.0,35,34
10,3,WEB,1,ack_count,0.003703123357912626,0.00330096321600669,-0.00040216014190593615,0.00040216014190593615,14,16
10,3,WEB,1,syn_count,0.003175307144956395,0.009394396743230391,0.006219089598273997,0.006219089598273997,16,13
10,3,WEB,1,fin_count,0.002939660188205738,0.0021133450724670566,-0.0008263151157386814,0.0008263151157386814,17,17
10,3,WEB,1,rst_count,0.003557121704550898,0.005309199714112768,0.0017520780095618698,0.0017520780095618698,15,15
10,3,WEB,1,HTTP,2.6150018278855936e-05,1.0006251445548502e-05,-1.6143766833307435e-05,1.6143766833307435e-05,29,30
10,3,WEB,1,HTTPS,6.080695445195248e-05,3.9520127482830886e-05,-2.128682696912159e-05,2.128682696912159e-05,25,28
10,3,WEB,1,DNS,5.505647145098624e-06,4.693355095335338e-05,4.1427903808254754e-05,4.1427903808254754e-05,32,26
10,3,WEB,1,Telnet,0.0,0.0,0.0,0.0,36,35
10,3,WEB,1,SMTP,0.0,0.0,0.0,0.0,37,36
10,3,WEB,1,SSH,3.022036762615796e-05,4.9518048092874277e-05,1.9297680466716318e-05,1.9297680466716318e-05,28,25
10,3,WEB,1,IRC,0.0,0.0,0.0,0.0,38,37
10,3,WEB,1,TCP,0.0001760556567588593,0.0001585834091301977,-1.747224762866162e-05,1.747224762866162e-05,21,22
10,3,WEB,1,UDP,0.017676226066275624,0.02355772498246366,0.0058814989161880375,0.0058814989161880375,9,11
10,3,WEB,1,DHCP,2.693109902412633e-07,0.0,-2.693109902412633e-07,2.693109902412633e-07,33,38
10,3,WEB,1,ARP,3.3573555787870464e-05,1.5442658409110224e-05,-1.813089737876024e-05,1.813089737876024e-05,27,29
10,3,WEB,1,ICMP,0.00028269242711462445,7.21287751642503e-05,-0.00021056365195037415,0.00021056365195037415,20,24
10,3,WEB,1,IGMP,0.0,0.0,0.0,0.0,39,39
10,3,WEB,1,IPv,1.037779295901522e-05,3.5638510947892875e-06,-6.813941864225932e-06,6.813941864225932e-06,31,32
10,3,WEB,1,LLC,1.6752161139777603e-05,4.860825605057739e-06,-1.1891335534719863e-05,1.1891335534719863e-05,30,31
10,3,WEB,1,Tot sum,0.42772069913901833,0.4663251551498091,0.038604456010790766,0.038604456010790766,2,2
10,3,WEB,1,Min,0.013048557369634499,0.1277841812634869,0.11473562389385239,0.11473562389385239,12,6
10,3,WEB,1,Max,0.026825549265022588,0.04307796831292046,0.016252419047897874,0.016252419047897874,8,9
10,3,WEB,1,AVG,0.08196242904015495,0.26035477019042863,0.1783923411502737,0.1783923411502737,6,5
10,3,WEB,1,Std,0.16214246960068782,0.1050444527367751,-0.05709801686391272,0.05709801686391272,5,7
10,3,WEB,1,Tot size,0.22220365483143462,0.4359244411633052,0.21372078633187058,0.21372078633187058,4,4
10,3,WEB,1,IAT,0.771586860122373,0.5271516237776173,-0.24443523634475572,0.24443523634475572,1,1
10,3,WEB,1,Number,0.015945610239172122,0.029449174547410258,0.013503564308238136,0.013503564308238136,10,10
10,3,WEB,1,Variance,0.36670827238836895,0.45898664612450724,0.09227837373613829,0.09227837373613829,3,3
10,4,WEB,1,Header_Length,0.000702645322825388,0.0003457298287745145,-0.0003569154940508735,0.0003569154940508735,18,19
10,4,WEB,1,Protocol Type,0.0002854350417127166,0.0001926810804842733,-9.275396122844333e-05,9.275396122844333e-05,19,20
10,4,WEB,1,Time_To_Live,0.05494056974310243,0.04979228603917865,-0.005148283703923777,0.005148283703923777,7,7
10,4,WEB,1,Rate,0.00016706867365816794,0.0006157432546101599,0.00044867458095199195,0.00044867458095199195,23,18
10,4,WEB,1,fin_flag_number,5.649151833308334e-05,2.912238994306029e-05,-2.736912839002305e-05,2.736912839002305e-05,26,27
10,4,WEB,1,syn_flag_number,0.010152449013438257,0.02610310637568368,0.01595065736224542,0.01595065736224542,13,8
10,4,WEB,1,rst_flag_number,7.758481848029378e-05,9.472154552480284e-05,1.7136727044509063e-05,1.7136727044509063e-05,24,23
10,4,WEB,1,psh_flag_number,0.00017249692449083806,8.675828911324697e-05,-8.573863537759109e-05,8.573863537759109e-05,22,24
10,4,WEB,1,ack_flag_number,0.015076613840589384,0.007941527605261546,-0.007135086235327838,0.007135086235327838,11,13
10,4,WEB,1,ece_flag_number,0.0,0.0,0.0,0.0,34,34
10,4,WEB,1,cwr_flag_number,0.0,0.0,0.0,0.0,35,35
10,4,WEB,1,ack_count,0.003703123357912626,0.0016676276519580972,-0.0020354957059545292,0.0020354957059545292,14,17
10,4,WEB,1,syn_count,0.003175307144956395,0.0073690339364654665,0.004193726791509072,0.004193726791509072,16,14
10,4,WEB,1,fin_count,0.002939660188205738,0.0018066943435313414,-0.0011329658446743967,0.0011329658446743967,17,16
10,4,WEB,1,rst_count,0.003557121704550898,0.0037493931069579513,0.00019227140240705336,0.00019227140240705336,15,15
10,4,WEB,1,HTTP,2.6150018278855936e-05,2.000211675834473e-05,-6.147901520511208e-06,6.147901520511208e-06,29,31
10,4,WEB,1,HTTPS,6.080695445195248e-05,9.993196767942071e-05,3.9125013227468236e-05,3.9125013227468236e-05,25,22
10,4,WEB,1,DNS,5.505647145098624e-06,1.296054434387471e-05,7.454897198776086e-06,7.454897198776086e-06,32,32
10,4,WEB,1,Telnet,0.0,0.0,0.0,0.0,36,36
10,4,WEB,1,SMTP,0.0,0.0,0.0,0.0,37,37
10,4,WEB,1,SSH,3.022036762615796e-05,2.196328479199178e-05,-8.257082834166178e-06,8.257082834166178e-06,28,29
10,4,WEB,1,IRC,0.0,0.0,0.0,0.0,38,38
10,4,WEB,1,TCP,0.0001760556567588593,8.539755536708146e-05,-9.065810139177785e-05,9.065810139177785e-05,21,25
10,4,WEB,1,UDP,0.017676226066275624,0.008062856598295505,-0.009613369467980118,0.009613369467980118,9,12
10,4,WEB,1,DHCP,2.693109902412633e-07,0.0,-2.693109902412633e-07,2.693109902412633e-07,33,39
10,4,WEB,1,ARP,3.3573555787870464e-05,4.4767213824949554e-05,1.119365803707909e-05,1.119365803707909e-05,27,26
10,4,WEB,1,ICMP,0.00028269242711462445,0.00016917730658142053,-0.00011351512053320393,0.00011351512053320393,20,21
10,4,WEB,1,IGMP,0.0,1.442459646458651e-07,1.442459646458651e-07,1.442459646458651e-07,39,33
10,4,WEB,1,IPv,1.037779295901522e-05,2.1570747803900053e-05,1.1192954844884833e-05,1.1192954844884833e-05,31,30
10,4,WEB,1,LLC,1.6752161139777603e-05,2.900653137999359e-05,1.2254370240215986e-05,1.2254370240215986e-05,30,28
10,4,WEB,1,Tot sum,0.42772069913901833,0.40907893638849874,-0.018641762750519597,0.018641762750519597,2,4
10,4,WEB,1,Min,0.013048557369634499,0.019703379781119135,0.006654822411484636,0.006654822411484636,12,10
10,4,WEB,1,Max,0.026825549265022588,0.025153158665209896,-0.0016723905998126919,0.0016723905998126919,8,9
10,4,WEB,1,AVG,0.08196242904015495,0.21504972515875212,0.13308729611859715,0.13308729611859715,6,5
10,4,WEB,1,Std,0.16214246960068782,0.0813094357624294,-0.08083303383825842,0.08083303383825842,5,6
10,4,WEB,1,Tot size,0.22220365483143462,0.5178703333187578,0.29566667848732314,0.29566667848732314,4,2
10,4,WEB,1,IAT,0.771586860122373,0.4414136850259473,-0.3301731750964257,0.3301731750964257,1,3
10,4,WEB,1,Number,0.015945610239172122,0.01901403963783969,0.0030684293986675687,0.0030684293986675687,10,11
10,4,WEB,1,Variance,0.36670827238836895,0.558582959703461,0.191874687315092,0.191874687315092,3,1
10,5,WEB,1,Header_Length,0.000702645322825388,0.00041323022908937545,-0.0002894150937360125,0.0002894150937360125,18,18
10,5,WEB,1,Protocol Type,0.0002854350417127166,0.00012638495238840227,-0.00015905008932431435,0.00015905008932431435,19,22
10,5,WEB,1,Time_To_Live,0.05494056974310243,0.04394861167076202,-0.010991958072340408,0.010991958072340408,7,7
10,5,WEB,1,Rate,0.00016706867365816794,0.0003022424236475475,0.00013517374998937953,0.00013517374998937953,23,19
10,5,WEB,1,fin_flag_number,5.649151833308334e-05,4.8183160600746714e-05,-8.308357732336628e-06,8.308357732336628e-06,26,26
10,5,WEB,1,syn_flag_number,0.010152449013438257,0.016373871604629043,0.006221422591190786,0.006221422591190786,13,10
10,5,WEB,1,rst_flag_number,7.758481848029378e-05,0.00015080219003381416,7.321737155352039e-05,7.321737155352039e-05,24,21
10,5,WEB,1,psh_flag_number,0.00017249692449083806,0.00010758549402297285,-6.491143046786521e-05,6.491143046786521e-05,22,24
10,5,WEB,1,ack_flag_number,0.015076613840589384,0.008943276510543004,-0.00613333733004638,0.00613333733004638,11,11
10,5,WEB,1,ece_flag_number,0.0,0.0,0.0,0.0,34,34
10,5,WEB,1,cwr_flag_number,0.0,0.0,0.0,0.0,35,35
10,5,WEB,1,ack_count,0.003703123357912626,0.002126206655902443,-0.0015769167020101833,0.0015769167020101833,14,17
10,5,WEB,1,syn_count,0.003175307144956395,0.0029067884217351095,-0.0002685187232212855,0.0002685187232212855,16,16
10,5,WEB,1,fin_count,0.002939660188205738,0.0032673229260095915,0.00032766273780385343,0.00032766273780385343,17,14
10,5,WEB,1,rst_count,0.003557121704550898,0.0064599691512690575,0.0029028474467181595,0.0029028474467181595,15,12
10,5,WEB,1,HTTP,2.6150018278855936e-05,1.2866627184234081e-05,-1.3283391094621855e-05,1.3283391094621855e-05,29,31
10,5,WEB,1,HTTPS,6.080695445195248e-05,0.00012410099377512567,6.32940393231732e-05,6.32940393231732e-05,25,23
10,5,WEB,1,DNS,5.505647145098624e-06,6.111769344527912e-06,6.061221994292879e-07,6.061221994292879e-07,32,32
10,5,WEB,1,Telnet,0.0,0.0,0.0,0.0,36,36
10,5,WEB,1,SMTP,0.0,0.0,0.0,0.0,37,37
10,5,WEB,1,SSH,3.022036762615796e-05,2.703121303890597e-05,-3.1891545872519885e-06,3.1891545872519885e-06,28,28
10,5,WEB,1,IRC,0.0,0.0,0.0,0.0,38,38
10,5,WEB,1,TCP,0.0001760556567588593,8.888452099442518e-05,-8.717113576443413e-05,8.717113576443413e-05,21,25
10,5,WEB,1,UDP,0.017676226066275624,0.006397509041385679,-0.011278717024889945,0.011278717024889945,9,13
10,5,WEB,1,DHCP,2.693109902412633e-07,5.0493608872446e-07,2.3562509848319673e-07,2.3562509848319673e-07,33,33
10,5,WEB,1,ARP,3.3573555787870464e-05,3.140615202706112e-05,-2.1674037608093475e-06,2.1674037608093475e-06,27,27
10,5,WEB,1,ICMP,0.00028269242711462445,0.00019343221858208532,-8.926020853253913e-05,8.926020853253913e-05,20,20
10,5,WEB,1,IGMP,0.0,0.0,0.0,0.0,39,39
10,5,WEB,1,IPv,1.037779295901522e-05,1.9582701715235817e-05,9.204908756220598e-06,9.204908756220598e-06,31,30
10,5,WEB,1,LLC,1.6752161139777603e-05,2.4359004196787976e-05,7.606843057010373e-06,7.606843057010373e-06,30,29
10,5,WEB,1,Tot sum,0.42772069913901833,0.1985566318780832,-0.22916406726093513,0.22916406726093513,2,5
10,5,WEB,1,Min,0.013048557369634499,0.0031343620405824254,-0.009914195329052074,0.009914195329052074,12,15
10,5,WEB,1,Max,0.026825549265022588,0.01936973035613739,-0.007455818908885199,0.007455818908885199,8,9
10,5,WEB,1,AVG,0.08196242904015495,0.33089079627660817,0.24892836723645323,0.24892836723645323,6,4
10,5,WEB,1,Std,0.16214246960068782,0.06950540859937826,-0.09263706100130956,0.09263706100130956,5,6
10,5,WEB,1,Tot size,0.22220365483143462,0.5183877590489573,0.29618410421752267,0.29618410421752267,4,2
10,5,WEB,1,IAT,0.771586860122373,0.3774832898822655,-0.3941035702401075,0.3941035702401075,1,3
10,5,WEB,1,Number,0.015945610239172122,0.02558324560963322,0.009637635370461098,0.009637635370461098,10,8
10,5,WEB,1,Variance,0.36670827238836895,0.6569705301454348,0.2902622577570659,0.2902622577570659,3,1
