round,client_id,feature,shap_value,shap_source_round,shap_calculated_this_round
1,1,Header_Length,0.00017659069595087117,1,1
1,1,Protocol Type,2.6347929041903308e-05,1,1
1,1,Time_To_Live,0.0044959985506395125,1,1
1,1,Rate,8.192779621293057e-05,1,1
1,1,fin_flag_number,3.6238918556419364e-05,1,1
1,1,syn_flag_number,0.007131806257832806,1,1
1,1,rst_flag_number,2.2365844120117995e-05,1,1
1,1,psh_flag_number,2.589246773218364e-05,1,1
1,1,ack_flag_number,0.008474425635601222,1,1
1,1,ece_flag_number,0.0,1,1
1,1,cwr_flag_number,0.0,1,1
1,1,ack_count,0.00287348258342206,1,1
1,1,syn_count,0.006549597439794752,1,1
1,1,fin_count,0.003158728624677778,1,1
1,1,rst_count,0.003796193191474231,1,1
1,1,HTTP,1.043777635214127e-05,1,1
1,1,HTTPS,3.62348086267339e-05,1,1
1,1,DNS,1.1422324854884828e-07,1,1
1,1,Telnet,0.0,1,1
1,1,SMTP,0.0,1,1
1,1,SSH,0.0,1,1
1,1,IRC,0.0,1,1
1,1,TCP,0.00012584952553293505,1,1
1,1,UDP,0.0007775817842841093,1,1
1,1,DHCP,0.0,1,1
1,1,ARP,2.3664227825429158e-07,1,1
1,1,ICMP,3.399605978442244e-05,1,1
1,1,IGMP,0.0,1,1
1,1,IPv,2.391627869920143e-07,1,1
1,1,LLC,1.6051048631570558e-07,1,1
1,1,Tot sum,0.02296471678596049,1,1
1,1,Min,0.00013144825555010174,1,1
1,1,Max,0.00014653209614017725,1,1
1,1,AVG,0.0021687608369890653,1,1
1,1,Std,0.00027227080240813,1,1
1,1,Tot size,0.0016600073268604376,1,1
1,1,IAT,0.0020684840485682265,1,1
1,1,Number,0.001839417002320456,1,1
1,1,Variance,0.004650583720855223,1,1
1,2,Header_Length,0.00030967468532454133,1,1
1,2,Protocol Type,8.288118769216978e-05,1,1
1,2,Time_To_Live,0.003092847952076454,1,1
1,2,Rate,0.00010754651886351052,1,1
1,2,fin_flag_number,0.00017840331999837032,1,1
1,2,syn_flag_number,0.010991084867946484,1,1
1,2,rst_flag_number,0.00011058786146635136,1,1
1,2,psh_flag_number,0.00019235327134245583,1,1
1,2,ack_flag_number,0.02304614016166738,1,1
1,2,ece_flag_number,0.0,1,1
1,2,cwr_flag_number,0.0,1,1
1,2,ack_count,0.006557739909311131,1,1
1,2,syn_count,0.013255050400691743,1,1
1,2,fin_count,0.010408222357586965,1,1
1,2,rst_count,0.005626838657781264,1,1
1,2,HTTP,1.5235864398945865e-05,1,1
1,2,HTTPS,5.759341282598029e-05,1,1
1,2,DNS,2.6153366425255705e-07,1,1
1,2,Telnet,0.0,1,1
1,2,SMTP,0.0,1,1
1,2,SSH,0.0,1,1
1,2,IRC,0.0,1,1
1,2,TCP,0.00015855208237214313,1,1
1,2,UDP,0.001574747369346028,1,1
1,2,DHCP,0.0,1,1
1,2,ARP,5.346142717979618e-07,1,1
1,2,ICMP,0.00011870722193775162,1,1
1,2,IGMP,0.0,1,1
1,2,IPv,4.797729544959994e-07,1,1
1,2,LLC,4.925313040936296e-07,1,1
1,2,Tot sum,0.01431766674678812,1,1
1,2,Min,7.259637739073454e-05,1,1
1,2,Max,0.00036908627320137555,1,1
1,2,AVG,0.0023078412107554415,1,1
1,2,Std,0.0008714099205724324,1,1
1,2,Tot size,0.0019061052824122981,1,1
1,2,IAT,0.0028580914422440176,1,1
1,2,Number,0.0017396714904604948,1,1
1,2,Variance,0.006996783621467486,1,1
1,3,Header_Length,0.004506223810045676,1,1
1,3,Protocol Type,0.0013596964369100074,1,1
1,3,Time_To_Live,0.0019643614039571845,1,1
1,3,Rate,0.0007660112960178011,1,1
1,3,fin_flag_number,0.00039656547709544744,1,1
1,3,syn_flag_number,0.012624827114380354,1,1
1,3,rst_flag_number,0.0002469008147300214,1,1
1,3,psh_flag_number,0.0007703119107901408,1,1
1,3,ack_flag_number,0.059853294998155206,1,1
1,3,ece_flag_number,0.0,1,1
1,3,cwr_flag_number,0.0,1,1
1,3,ack_count,0.03856830691126824,1,1
1,3,syn_count,0.01778067373833082,1,1
1,3,fin_count,0.018359294976935985,1,1
1,3,rst_count,0.008972377500926675,1,1
1,3,HTTP,2.5770437443579653e-05,1,1
1,3,HTTPS,8.633160969177322e-05,1,1
1,3,DNS,3.6156671020960286e-07,1,1
1,3,Telnet,0.0,1,1
1,3,SMTP,0.0,1,1
1,3,SSH,0.0,1,1
1,3,IRC,0.0,1,1
1,3,TCP,0.0007865392042511355,1,1
1,3,UDP,0.0006270291679101092,1,1
1,3,DHCP,0.0,1,1
1,3,ARP,1.210354345831527e-06,1,1
1,3,ICMP,0.00031160261389561405,1,1
1,3,IGMP,0.0,1,1
1,3,IPv,1.7145738993371625e-06,1,1
1,3,LLC,1.571284973910514e-06,1,1
1,3,Tot sum,0.014399015928117648,1,1
1,3,Min,9.775095435688996e-05,1,1
1,3,Max,0.0004420263896410237,1,1
1,3,AVG,0.0014454925045593826,1,1
1,3,Std,0.0006842548623395328,1,1
1,3,Tot size,0.0019342864435493822,1,1
1,3,IAT,0.0021488350524912292,1,1
1,3,Number,0.0010663876417845587,1,1
1,3,Variance,0.008248064677692781,1,1
1,4,Header_Length,0.005859774104584261,1,1
1,4,Protocol Type,0.0015432887610451473,1,1
1,4,Time_To_Live,0.0027090133920520997,1,1
1,4,Rate,0.00015369988837486305,1,1
1,4,fin_flag_number,0.0005054725007770911,1,1
1,4,syn_flag_number,0.01642682021572135,1,1
1,4,rst_flag_number,0.0004126515129541275,1,1
1,4,psh_flag_number,0.001458080496380255,1,1
1,4,ack_flag_number,0.1043520734804224,1,1
1,4,ece_flag_number,0.0,1,1
1,4,cwr_flag_number,0.0,1,1
1,4,ack_count,0.07605949503594531,1,1
1,4,syn_count,0.021152930457676574,1,1
1,4,fin_count,0.03055433952340252,1,1
1,4,rst_count,0.016202736663108227,1,1
1,4,HTTP,1.292084194354004e-05,1,1
1,4,HTTPS,3.5353906099082624e-05,1,1
1,4,DNS,3.665676138190743e-07,1,1
1,4,Telnet,0.0,1,1
1,4,SMTP,0.0,1,1
1,4,SSH,0.0,1,1
1,4,IRC,0.0,1,1
1,4,TCP,0.0006424384525359983,1,1
1,4,UDP,0.004707460434291271,1,1
1,4,DHCP,0.0,1,1
1,4,ARP,1.697947126477195e-06,1,1
1,4,ICMP,0.0003719717621493812,1,1
1,4,IGMP,0.0,1,1
1,4,IPv,1.8439171187614387e-06,1,1
1,4,LLC,1.8514908493007798e-06,1,1
1,4,Tot sum,0.018102209567725822,1,1
1,4,Min,0.00010638924423562734,1,1
1,4,Max,0.000538397421532153,1,1
1,4,AVG,0.0030148518461598607,1,1
1,4,Std,0.001006533440546633,1,1
1,4,Tot size,0.0016647473851355698,1,1
1,4,IAT,0.0034642617051989077,1,1
1,4,Number,0.0023290620936180064,1,1
1,4,Variance,0.00973143722850125,1,1
1,5,Header_Length,0.00017795527806197976,1,1
1,5,Protocol Type,6.610307866665721e-05,1,1
1,5,Time_To_Live,0.0018118244376688609,1,1
1,5,Rate,7.834486115271489e-05,1,1
1,5,fin_flag_number,8.825662943628742e-05,1,1
1,5,syn_flag_number,0.007842695892440368,1,1
1,5,rst_flag_number,5.71108976440815e-05,1,1
1,5,psh_flag_number,0.00010876468545876427,1,1
1,5,ack_flag_number,0.010036373840339365,1,1
1,5,ece_flag_number,0.0,1,1
1,5,cwr_flag_number,0.0,1,1
1,5,ack_count,0.004360804876873772,1,1
1,5,syn_count,0.009803388312172956,1,1
1,5,fin_count,0.00747854585109053,1,1
1,5,rst_count,0.0051605891197387165,1,1
1,5,HTTP,2.2298314198891943e-05,1,1
1,5,HTTPS,4.76345003672396e-05,1,1
1,5,DNS,2.0022895510555215e-07,1,1
1,5,Telnet,0.0,1,1
1,5,SMTP,0.0,1,1
1,5,SSH,0.0,1,1
1,5,IRC,0.0,1,1
1,5,TCP,0.00013821867718144532,1,1
1,5,UDP,0.0014102244694646515,1,1
1,5,DHCP,0.0,1,1
1,5,ARP,4.333810396018635e-07,1,1
1,5,ICMP,8.202366375485326e-05,1,1
1,5,IGMP,0.0,1,1
1,5,IPv,2.8166847921347326e-07,1,1
1,5,LLC,3.112313229258756e-07,1,1
1,5,Tot sum,0.012339528936881833,1,1
1,5,Min,6.0844473455645697e-05,1,1
1,5,Max,0.0002233258548950623,1,1
1,5,AVG,0.0009847780469178246,1,1
1,5,Std,0.0006812435938218186,1,1
1,5,Tot size,0.0012813958356679223,1,1
1,5,IAT,0.0011255041088966066,1,1
1,5,Number,0.001070184982127671,1,1
1,5,Variance,0.005327430438333067,1,1
2,1,Header_Length,0.00017659069595087117,1,0
2,1,Protocol Type,2.6347929041903308e-05,1,0
2,1,Time_To_Live,0.0044959985506395125,1,0
2,1,Rate,8.192779621293057e-05,1,0
2,1,fin_flag_number,3.6238918556419364e-05,1,0
2,1,syn_flag_number,0.007131806257832806,1,0
2,1,rst_flag_number,2.2365844120117995e-05,1,0
2,1,psh_flag_number,2.589246773218364e-05,1,0
2,1,ack_flag_number,0.008474425635601222,1,0
2,1,ece_flag_number,0.0,1,0
2,1,cwr_flag_number,0.0,1,0
2,1,ack_count,0.00287348258342206,1,0
2,1,syn_count,0.006549597439794752,1,0
2,1,fin_count,0.003158728624677778,1,0
2,1,rst_count,0.003796193191474231,1,0
2,1,HTTP,1.043777635214127e-05,1,0
2,1,HTTPS,3.62348086267339e-05,1,0
2,1,DNS,1.1422324854884828e-07,1,0
2,1,Telnet,0.0,1,0
2,1,SMTP,0.0,1,0
2,1,SSH,0.0,1,0
2,1,IRC,0.0,1,0
2,1,TCP,0.00012584952553293505,1,0
2,1,UDP,0.0007775817842841093,1,0
2,1,DHCP,0.0,1,0
2,1,ARP,2.3664227825429158e-07,1,0
2,1,ICMP,3.399605978442244e-05,1,0
2,1,IGMP,0.0,1,0
2,1,IPv,2.391627869920143e-07,1,0
2,1,LLC,1.6051048631570558e-07,1,0
2,1,Tot sum,0.02296471678596049,1,0
2,1,Min,0.00013144825555010174,1,0
2,1,Max,0.00014653209614017725,1,0
2,1,AVG,0.0021687608369890653,1,0
2,1,Std,0.00027227080240813,1,0
2,1,Tot size,0.0016600073268604376,1,0
2,1,IAT,0.0020684840485682265,1,0
2,1,Number,0.001839417002320456,1,0
2,1,Variance,0.004650583720855223,1,0
2,2,Header_Length,0.00030967468532454133,1,0
2,2,Protocol Type,8.288118769216978e-05,1,0
2,2,Time_To_Live,0.003092847952076454,1,0
2,2,Rate,0.00010754651886351052,1,0
2,2,fin_flag_number,0.00017840331999837032,1,0
2,2,syn_flag_number,0.010991084867946484,1,0
2,2,rst_flag_number,0.00011058786146635136,1,0
2,2,psh_flag_number,0.00019235327134245583,1,0
2,2,ack_flag_number,0.02304614016166738,1,0
2,2,ece_flag_number,0.0,1,0
2,2,cwr_flag_number,0.0,1,0
2,2,ack_count,0.006557739909311131,1,0
2,2,syn_count,0.013255050400691743,1,0
2,2,fin_count,0.010408222357586965,1,0
2,2,rst_count,0.005626838657781264,1,0
2,2,HTTP,1.5235864398945865e-05,1,0
2,2,HTTPS,5.759341282598029e-05,1,0
2,2,DNS,2.6153366425255705e-07,1,0
2,2,Telnet,0.0,1,0
2,2,SMTP,0.0,1,0
2,2,SSH,0.0,1,0
2,2,IRC,0.0,1,0
2,2,TCP,0.00015855208237214313,1,0
2,2,UDP,0.001574747369346028,1,0
2,2,DHCP,0.0,1,0
2,2,ARP,5.346142717979618e-07,1,0
2,2,ICMP,0.00011870722193775162,1,0
2,2,IGMP,0.0,1,0
2,2,IPv,4.797729544959994e-07,1,0
2,2,LLC,4.925313040936296e-07,1,0
2,2,Tot sum,0.01431766674678812,1,0
2,2,Min,7.259637739073454e-05,1,0
2,2,Max,0.00036908627320137555,1,0
2,2,AVG,0.0023078412107554415,1,0
2,2,Std,0.0008714099205724324,1,0
2,2,Tot size,0.0019061052824122981,1,0
2,2,IAT,0.0028580914422440176,1,0
2,2,Number,0.0017396714904604948,1,0
2,2,Variance,0.006996783621467486,1,0
2,3,Header_Length,0.004506223810045676,1,0
2,3,Protocol Type,0.0013596964369100074,1,0
2,3,Time_To_Live,0.0019643614039571845,1,0
2,3,Rate,0.0007660112960178011,1,0
2,3,fin_flag_number,0.00039656547709544744,1,0
2,3,syn_flag_number,0.012624827114380354,1,0
2,3,rst_flag_number,0.0002469008147300214,1,0
2,3,psh_flag_number,0.0007703119107901408,1,0
2,3,ack_flag_number,0.059853294998155206,1,0
2,3,ece_flag_number,0.0,1,0
2,3,cwr_flag_number,0.0,1,0
2,3,ack_count,0.03856830691126824,1,0
2,3,syn_count,0.01778067373833082,1,0
2,3,fin_count,0.018359294976935985,1,0
2,3,rst_count,0.008972377500926675,1,0
2,3,HTTP,2.5770437443579653e-05,1,0
2,3,HTTPS,8.633160969177322e-05,1,0
2,3,DNS,3.6156671020960286e-07,1,0
2,3,Telnet,0.0,1,0
2,3,SMTP,0.0,1,0
2,3,SSH,0.0,1,0
2,3,IRC,0.0,1,0
2,3,TCP,0.0007865392042511355,1,0
2,3,UDP,0.0006270291679101092,1,0
2,3,DHCP,0.0,1,0
2,3,ARP,1.210354345831527e-06,1,0
2,3,ICMP,0.00031160261389561405,1,0
2,3,IGMP,0.0,1,0
2,3,IPv,1.7145738993371625e-06,1,0
2,3,LLC,1.571284973910514e-06,1,0
2,3,Tot sum,0.014399015928117648,1,0
2,3,Min,9.775095435688996e-05,1,0
2,3,Max,0.0004420263896410237,1,0
2,3,AVG,0.0014454925045593826,1,0
2,3,Std,0.0006842548623395328,1,0
2,3,Tot size,0.0019342864435493822,1,0
2,3,IAT,0.0021488350524912292,1,0
2,3,Number,0.0010663876417845587,1,0
2,3,Variance,0.008248064677692781,1,0
2,4,Header_Length,0.005859774104584261,1,0
2,4,Protocol Type,0.0015432887610451473,1,0
2,4,Time_To_Live,0.0027090133920520997,1,0
2,4,Rate,0.00015369988837486305,1,0
2,4,fin_flag_number,0.0005054725007770911,1,0
2,4,syn_flag_number,0.01642682021572135,1,0
2,4,rst_flag_number,0.0004126515129541275,1,0
2,4,psh_flag_number,0.001458080496380255,1,0
2,4,ack_flag_number,0.1043520734804224,1,0
2,4,ece_flag_number,0.0,1,0
2,4,cwr_flag_number,0.0,1,0
2,4,ack_count,0.07605949503594531,1,0
2,4,syn_count,0.021152930457676574,1,0
2,4,fin_count,0.03055433952340252,1,0
2,4,rst_count,0.016202736663108227,1,0
2,4,HTTP,1.292084194354004e-05,1,0
2,4,HTTPS,3.5353906099082624e-05,1,0
2,4,DNS,3.665676138190743e-07,1,0
2,4,Telnet,0.0,1,0
2,4,SMTP,0.0,1,0
2,4,SSH,0.0,1,0
2,4,IRC,0.0,1,0
2,4,TCP,0.0006424384525359983,1,0
2,4,UDP,0.004707460434291271,1,0
2,4,DHCP,0.0,1,0
2,4,ARP,1.697947126477195e-06,1,0
2,4,ICMP,0.0003719717621493812,1,0
2,4,IGMP,0.0,1,0
2,4,IPv,1.8439171187614387e-06,1,0
2,4,LLC,1.8514908493007798e-06,1,0
2,4,Tot sum,0.018102209567725822,1,0
2,4,Min,0.00010638924423562734,1,0
2,4,Max,0.000538397421532153,1,0
2,4,AVG,0.0030148518461598607,1,0
2,4,Std,0.001006533440546633,1,0
2,4,Tot size,0.0016647473851355698,1,0
2,4,IAT,0.0034642617051989077,1,0
2,4,Number,0.0023290620936180064,1,0
2,4,Variance,0.00973143722850125,1,0
2,5,Header_Length,0.00017795527806197976,1,0
2,5,Protocol Type,6.610307866665721e-05,1,0
2,5,Time_To_Live,0.0018118244376688609,1,0
2,5,Rate,7.834486115271489e-05,1,0
2,5,fin_flag_number,8.825662943628742e-05,1,0
2,5,syn_flag_number,0.007842695892440368,1,0
2,5,rst_flag_number,5.71108976440815e-05,1,0
2,5,psh_flag_number,0.00010876468545876427,1,0
2,5,ack_flag_number,0.010036373840339365,1,0
2,5,ece_flag_number,0.0,1,0
2,5,cwr_flag_number,0.0,1,0
2,5,ack_count,0.004360804876873772,1,0
2,5,syn_count,0.009803388312172956,1,0
2,5,fin_count,0.00747854585109053,1,0
2,5,rst_count,0.0051605891197387165,1,0
2,5,HTTP,2.2298314198891943e-05,1,0
2,5,HTTPS,4.76345003672396e-05,1,0
2,5,DNS,2.0022895510555215e-07,1,0
2,5,Telnet,0.0,1,0
2,5,SMTP,0.0,1,0
2,5,SSH,0.0,1,0
2,5,IRC,0.0,1,0
2,5,TCP,0.00013821867718144532,1,0
2,5,UDP,0.0014102244694646515,1,0
2,5,DHCP,0.0,1,0
2,5,ARP,4.333810396018635e-07,1,0
2,5,ICMP,8.202366375485326e-05,1,0
2,5,IGMP,0.0,1,0
2,5,IPv,2.8166847921347326e-07,1,0
2,5,LLC,3.112313229258756e-07,1,0
2,5,Tot sum,0.012339528936881833,1,0
2,5,Min,6.0844473455645697e-05,1,0
2,5,Max,0.0002233258548950623,1,0
2,5,AVG,0.0009847780469178246,1,0
2,5,Std,0.0006812435938218186,1,0
2,5,Tot size,0.0012813958356679223,1,0
2,5,IAT,0.0011255041088966066,1,0
2,5,Number,0.001070184982127671,1,0
2,5,Variance,0.005327430438333067,1,0
3,1,Header_Length,0.00017659069595087117,1,0
3,1,Protocol Type,2.6347929041903308e-05,1,0
3,1,Time_To_Live,0.0044959985506395125,1,0
3,1,Rate,8.192779621293057e-05,1,0
3,1,fin_flag_number,3.6238918556419364e-05,1,0
3,1,syn_flag_number,0.007131806257832806,1,0
3,1,rst_flag_number,2.2365844120117995e-05,1,0
3,1,psh_flag_number,2.589246773218364e-05,1,0
3,1,ack_flag_number,0.008474425635601222,1,0
3,1,ece_flag_number,0.0,1,0
3,1,cwr_flag_number,0.0,1,0
3,1,ack_count,0.00287348258342206,1,0
3,1,syn_count,0.006549597439794752,1,0
3,1,fin_count,0.003158728624677778,1,0
3,1,rst_count,0.003796193191474231,1,0
3,1,HTTP,1.043777635214127e-05,1,0
3,1,HTTPS,3.62348086267339e-05,1,0
3,1,DNS,1.1422324854884828e-07,1,0
3,1,Telnet,0.0,1,0
3,1,SMTP,0.0,1,0
3,1,SSH,0.0,1,0
3,1,IRC,0.0,1,0
3,1,TCP,0.00012584952553293505,1,0
3,1,UDP,0.0007775817842841093,1,0
3,1,DHCP,0.0,1,0
3,1,ARP,2.3664227825429158e-07,1,0
3,1,ICMP,3.399605978442244e-05,1,0
3,1,IGMP,0.0,1,0
3,1,IPv,2.391627869920143e-07,1,0
3,1,LLC,1.6051048631570558e-07,1,0
3,1,Tot sum,0.02296471678596049,1,0
3,1,Min,0.00013144825555010174,1,0
3,1,Max,0.00014653209614017725,1,0
3,1,AVG,0.0021687608369890653,1,0
3,1,Std,0.00027227080240813,1,0
3,1,Tot size,0.0016600073268604376,1,0
3,1,IAT,0.0020684840485682265,1,0
3,1,Number,0.001839417002320456,1,0
3,1,Variance,0.004650583720855223,1,0
3,2,Header_Length,0.00030967468532454133,1,0
3,2,Protocol Type,8.288118769216978e-05,1,0
3,2,Time_To_Live,0.003092847952076454,1,0
3,2,Rate,0.00010754651886351052,1,0
3,2,fin_flag_number,0.00017840331999837032,1,0
3,2,syn_flag_number,0.010991084867946484,1,0
3,2,rst_flag_number,0.00011058786146635136,1,0
3,2,psh_flag_number,0.00019235327134245583,1,0
3,2,ack_flag_number,0.02304614016166738,1,0
3,2,ece_flag_number,0.0,1,0
3,2,cwr_flag_number,0.0,1,0
3,2,ack_count,0.006557739909311131,1,0
3,2,syn_count,0.013255050400691743,1,0
3,2,fin_count,0.010408222357586965,1,0
3,2,rst_count,0.005626838657781264,1,0
3,2,HTTP,1.5235864398945865e-05,1,0
3,2,HTTPS,5.759341282598029e-05,1,0
3,2,DNS,2.6153366425255705e-07,1,0
3,2,Telnet,0.0,1,0
3,2,SMTP,0.0,1,0
3,2,SSH,0.0,1,0
3,2,IRC,0.0,1,0
3,2,TCP,0.00015855208237214313,1,0
3,2,UDP,0.001574747369346028,1,0
3,2,DHCP,0.0,1,0
3,2,ARP,5.346142717979618e-07,1,0
3,2,ICMP,0.00011870722193775162,1,0
3,2,IGMP,0.0,1,0
3,2,IPv,4.797729544959994e-07,1,0
3,2,LLC,4.925313040936296e-07,1,0
3,2,Tot sum,0.01431766674678812,1,0
3,2,Min,7.259637739073454e-05,1,0
3,2,Max,0.00036908627320137555,1,0
3,2,AVG,0.0023078412107554415,1,0
3,2,Std,0.0008714099205724324,1,0
3,2,Tot size,0.0019061052824122981,1,0
3,2,IAT,0.0028580914422440176,1,0
3,2,Number,0.0017396714904604948,1,0
3,2,Variance,0.006996783621467486,1,0
3,3,Header_Length,0.004506223810045676,1,0
3,3,Protocol Type,0.0013596964369100074,1,0
3,3,Time_To_Live,0.0019643614039571845,1,0
3,3,Rate,0.0007660112960178011,1,0
3,3,fin_flag_number,0.00039656547709544744,1,0
3,3,syn_flag_number,0.012624827114380354,1,0
3,3,rst_flag_number,0.0002469008147300214,1,0
3,3,psh_flag_number,0.0007703119107901408,1,0
3,3,ack_flag_number,0.059853294998155206,1,0
3,3,ece_flag_number,0.0,1,0
3,3,cwr_flag_number,0.0,1,0
3,3,ack_count,0.03856830691126824,1,0
3,3,syn_count,0.01778067373833082,1,0
3,3,fin_count,0.018359294976935985,1,0
3,3,rst_count,0.008972377500926675,1,0
3,3,HTTP,2.5770437443579653e-05,1,0
3,3,HTTPS,8.633160969177322e-05,1,0
3,3,DNS,3.6156671020960286e-07,1,0
3,3,Telnet,0.0,1,0
3,3,SMTP,0.0,1,0
3,3,SSH,0.0,1,0
3,3,IRC,0.0,1,0
3,3,TCP,0.0007865392042511355,1,0
3,3,UDP,0.0006270291679101092,1,0
3,3,DHCP,0.0,1,0
3,3,ARP,1.210354345831527e-06,1,0
3,3,ICMP,0.00031160261389561405,1,0
3,3,IGMP,0.0,1,0
3,3,IPv,1.7145738993371625e-06,1,0
3,3,LLC,1.571284973910514e-06,1,0
3,3,Tot sum,0.014399015928117648,1,0
3,3,Min,9.775095435688996e-05,1,0
3,3,Max,0.0004420263896410237,1,0
3,3,AVG,0.0014454925045593826,1,0
3,3,Std,0.0006842548623395328,1,0
3,3,Tot size,0.0019342864435493822,1,0
3,3,IAT,0.0021488350524912292,1,0
3,3,Number,0.0010663876417845587,1,0
3,3,Variance,0.008248064677692781,1,0
3,4,Header_Length,0.005859774104584261,1,0
3,4,Protocol Type,0.0015432887610451473,1,0
3,4,Time_To_Live,0.0027090133920520997,1,0
3,4,Rate,0.00015369988837486305,1,0
3,4,fin_flag_number,0.0005054725007770911,1,0
3,4,syn_flag_number,0.01642682021572135,1,0
3,4,rst_flag_number,0.0004126515129541275,1,0
3,4,psh_flag_number,0.001458080496380255,1,0
3,4,ack_flag_number,0.1043520734804224,1,0
3,4,ece_flag_number,0.0,1,0
3,4,cwr_flag_number,0.0,1,0
3,4,ack_count,0.07605949503594531,1,0
3,4,syn_count,0.021152930457676574,1,0
3,4,fin_count,0.03055433952340252,1,0
3,4,rst_count,0.016202736663108227,1,0
3,4,HTTP,1.292084194354004e-05,1,0
3,4,HTTPS,3.5353906099082624e-05,1,0
3,4,DNS,3.665676138190743e-07,1,0
3,4,Telnet,0.0,1,0
3,4,SMTP,0.0,1,0
3,4,SSH,0.0,1,0
3,4,IRC,0.0,1,0
3,4,TCP,0.0006424384525359983,1,0
3,4,UDP,0.004707460434291271,1,0
3,4,DHCP,0.0,1,0
3,4,ARP,1.697947126477195e-06,1,0
3,4,ICMP,0.0003719717621493812,1,0
3,4,IGMP,0.0,1,0
3,4,IPv,1.8439171187614387e-06,1,0
3,4,LLC,1.8514908493007798e-06,1,0
3,4,Tot sum,0.018102209567725822,1,0
3,4,Min,0.00010638924423562734,1,0
3,4,Max,0.000538397421532153,1,0
3,4,AVG,0.0030148518461598607,1,0
3,4,Std,0.001006533440546633,1,0
3,4,Tot size,0.0016647473851355698,1,0
3,4,IAT,0.0034642617051989077,1,0
3,4,Number,0.0023290620936180064,1,0
3,4,Variance,0.00973143722850125,1,0
3,5,Header_Length,0.00017795527806197976,1,0
3,5,Protocol Type,6.610307866665721e-05,1,0
3,5,Time_To_Live,0.0018118244376688609,1,0
3,5,Rate,7.834486115271489e-05,1,0
3,5,fin_flag_number,8.825662943628742e-05,1,0
3,5,syn_flag_number,0.007842695892440368,1,0
3,5,rst_flag_number,5.71108976440815e-05,1,0
3,5,psh_flag_number,0.00010876468545876427,1,0
3,5,ack_flag_number,0.010036373840339365,1,0
3,5,ece_flag_number,0.0,1,0
3,5,cwr_flag_number,0.0,1,0
3,5,ack_count,0.004360804876873772,1,0
3,5,syn_count,0.009803388312172956,1,0
3,5,fin_count,0.00747854585109053,1,0
3,5,rst_count,0.0051605891197387165,1,0
3,5,HTTP,2.2298314198891943e-05,1,0
3,5,HTTPS,4.76345003672396e-05,1,0
3,5,DNS,2.0022895510555215e-07,1,0
3,5,Telnet,0.0,1,0
3,5,SMTP,0.0,1,0
3,5,SSH,0.0,1,0
3,5,IRC,0.0,1,0
3,5,TCP,0.00013821867718144532,1,0
3,5,UDP,0.0014102244694646515,1,0
3,5,DHCP,0.0,1,0
3,5,ARP,4.333810396018635e-07,1,0
3,5,ICMP,8.202366375485326e-05,1,0
3,5,IGMP,0.0,1,0
3,5,IPv,2.8166847921347326e-07,1,0
3,5,LLC,3.112313229258756e-07,1,0
3,5,Tot sum,0.012339528936881833,1,0
3,5,Min,6.0844473455645697e-05,1,0
3,5,Max,0.0002233258548950623,1,0
3,5,AVG,0.0009847780469178246,1,0
3,5,Std,0.0006812435938218186,1,0
3,5,Tot size,0.0012813958356679223,1,0
3,5,IAT,0.0011255041088966066,1,0
3,5,Number,0.001070184982127671,1,0
3,5,Variance,0.005327430438333067,1,0
4,1,Header_Length,0.00017659069595087117,1,0
4,1,Protocol Type,2.6347929041903308e-05,1,0
4,1,Time_To_Live,0.0044959985506395125,1,0
4,1,Rate,8.192779621293057e-05,1,0
4,1,fin_flag_number,3.6238918556419364e-05,1,0
4,1,syn_flag_number,0.007131806257832806,1,0
4,1,rst_flag_number,2.2365844120117995e-05,1,0
4,1,psh_flag_number,2.589246773218364e-05,1,0
4,1,ack_flag_number,0.008474425635601222,1,0
4,1,ece_flag_number,0.0,1,0
4,1,cwr_flag_number,0.0,1,0
4,1,ack_count,0.00287348258342206,1,0
4,1,syn_count,0.006549597439794752,1,0
4,1,fin_count,0.003158728624677778,1,0
4,1,rst_count,0.003796193191474231,1,0
4,1,HTTP,1.043777635214127e-05,1,0
4,1,HTTPS,3.62348086267339e-05,1,0
4,1,DNS,1.1422324854884828e-07,1,0
4,1,Telnet,0.0,1,0
4,1,SMTP,0.0,1,0
4,1,SSH,0.0,1,0
4,1,IRC,0.0,1,0
4,1,TCP,0.00012584952553293505,1,0
4,1,UDP,0.0007775817842841093,1,0
4,1,DHCP,0.0,1,0
4,1,ARP,2.3664227825429158e-07,1,0
4,1,ICMP,3.399605978442244e-05,1,0
4,1,IGMP,0.0,1,0
4,1,IPv,2.391627869920143e-07,1,0
4,1,LLC,1.6051048631570558e-07,1,0
4,1,Tot sum,0.02296471678596049,1,0
4,1,Min,0.00013144825555010174,1,0
4,1,Max,0.00014653209614017725,1,0
4,1,AVG,0.0021687608369890653,1,0
4,1,Std,0.00027227080240813,1,0
4,1,Tot size,0.0016600073268604376,1,0
4,1,IAT,0.0020684840485682265,1,0
4,1,Number,0.001839417002320456,1,0
4,1,Variance,0.004650583720855223,1,0
4,2,Header_Length,0.00030967468532454133,1,0
4,2,Protocol Type,8.288118769216978e-05,1,0
4,2,Time_To_Live,0.003092847952076454,1,0
4,2,Rate,0.00010754651886351052,1,0
4,2,fin_flag_number,0.00017840331999837032,1,0
4,2,syn_flag_number,0.010991084867946484,1,0
4,2,rst_flag_number,0.00011058786146635136,1,0
4,2,psh_flag_number,0.00019235327134245583,1,0
4,2,ack_flag_number,0.02304614016166738,1,0
4,2,ece_flag_number,0.0,1,0
4,2,cwr_flag_number,0.0,1,0
4,2,ack_count,0.006557739909311131,1,0
4,2,syn_count,0.013255050400691743,1,0
4,2,fin_count,0.010408222357586965,1,0
4,2,rst_count,0.005626838657781264,1,0
4,2,HTTP,1.5235864398945865e-05,1,0
4,2,HTTPS,5.759341282598029e-05,1,0
4,2,DNS,2.6153366425255705e-07,1,0
4,2,Telnet,0.0,1,0
4,2,SMTP,0.0,1,0
4,2,SSH,0.0,1,0
4,2,IRC,0.0,1,0
4,2,TCP,0.00015855208237214313,1,0
4,2,UDP,0.001574747369346028,1,0
4,2,DHCP,0.0,1,0
4,2,ARP,5.346142717979618e-07,1,0
4,2,ICMP,0.00011870722193775162,1,0
4,2,IGMP,0.0,1,0
4,2,IPv,4.797729544959994e-07,1,0
4,2,LLC,4.925313040936296e-07,1,0
4,2,Tot sum,0.01431766674678812,1,0
4,2,Min,7.259637739073454e-05,1,0
4,2,Max,0.00036908627320137555,1,0
4,2,AVG,0.0023078412107554415,1,0
4,2,Std,0.0008714099205724324,1,0
4,2,Tot size,0.0019061052824122981,1,0
4,2,IAT,0.0028580914422440176,1,0
4,2,Number,0.0017396714904604948,1,0
4,2,Variance,0.006996783621467486,1,0
4,3,Header_Length,0.004506223810045676,1,0
4,3,Protocol Type,0.0013596964369100074,1,0
4,3,Time_To_Live,0.0019643614039571845,1,0
4,3,Rate,0.0007660112960178011,1,0
4,3,fin_flag_number,0.00039656547709544744,1,0
4,3,syn_flag_number,0.012624827114380354,1,0
4,3,rst_flag_number,0.0002469008147300214,1,0
4,3,psh_flag_number,0.0007703119107901408,1,0
4,3,ack_flag_number,0.059853294998155206,1,0
4,3,ece_flag_number,0.0,1,0
4,3,cwr_flag_number,0.0,1,0
4,3,ack_count,0.03856830691126824,1,0
4,3,syn_count,0.01778067373833082,1,0
4,3,fin_count,0.018359294976935985,1,0
4,3,rst_count,0.008972377500926675,1,0
4,3,HTTP,2.5770437443579653e-05,1,0
4,3,HTTPS,8.633160969177322e-05,1,0
4,3,DNS,3.6156671020960286e-07,1,0
4,3,Telnet,0.0,1,0
4,3,SMTP,0.0,1,0
4,3,SSH,0.0,1,0
4,3,IRC,0.0,1,0
4,3,TCP,0.0007865392042511355,1,0
4,3,UDP,0.0006270291679101092,1,0
4,3,DHCP,0.0,1,0
4,3,ARP,1.210354345831527e-06,1,0
4,3,ICMP,0.00031160261389561405,1,0
4,3,IGMP,0.0,1,0
4,3,IPv,1.7145738993371625e-06,1,0
4,3,LLC,1.571284973910514e-06,1,0
4,3,Tot sum,0.014399015928117648,1,0
4,3,Min,9.775095435688996e-05,1,0
4,3,Max,0.0004420263896410237,1,0
4,3,AVG,0.0014454925045593826,1,0
4,3,Std,0.0006842548623395328,1,0
4,3,Tot size,0.0019342864435493822,1,0
4,3,IAT,0.0021488350524912292,1,0
4,3,Number,0.0010663876417845587,1,0
4,3,Variance,0.008248064677692781,1,0
4,4,Header_Length,0.005859774104584261,1,0
4,4,Protocol Type,0.0015432887610451473,1,0
4,4,Time_To_Live,0.0027090133920520997,1,0
4,4,Rate,0.00015369988837486305,1,0
4,4,fin_flag_number,0.0005054725007770911,1,0
4,4,syn_flag_number,0.01642682021572135,1,0
4,4,rst_flag_number,0.0004126515129541275,1,0
4,4,psh_flag_number,0.001458080496380255,1,0
4,4,ack_flag_number,0.1043520734804224,1,0
4,4,ece_flag_number,0.0,1,0
4,4,cwr_flag_number,0.0,1,0
4,4,ack_count,0.07605949503594531,1,0
4,4,syn_count,0.021152930457676574,1,0
4,4,fin_count,0.03055433952340252,1,0
4,4,rst_count,0.016202736663108227,1,0
4,4,HTTP,1.292084194354004e-05,1,0
4,4,HTTPS,3.5353906099082624e-05,1,0
4,4,DNS,3.665676138190743e-07,1,0
4,4,Telnet,0.0,1,0
4,4,SMTP,0.0,1,0
4,4,SSH,0.0,1,0
4,4,IRC,0.0,1,0
4,4,TCP,0.0006424384525359983,1,0
4,4,UDP,0.004707460434291271,1,0
4,4,DHCP,0.0,1,0
4,4,ARP,1.697947126477195e-06,1,0
4,4,ICMP,0.0003719717621493812,1,0
4,4,IGMP,0.0,1,0
4,4,IPv,1.8439171187614387e-06,1,0
4,4,LLC,1.8514908493007798e-06,1,0
4,4,Tot sum,0.018102209567725822,1,0
4,4,Min,0.00010638924423562734,1,0
4,4,Max,0.000538397421532153,1,0
4,4,AVG,0.0030148518461598607,1,0
4,4,Std,0.001006533440546633,1,0
4,4,Tot size,0.0016647473851355698,1,0
4,4,IAT,0.0034642617051989077,1,0
4,4,Number,0.0023290620936180064,1,0
4,4,Variance,0.00973143722850125,1,0
4,5,Header_Length,0.00017795527806197976,1,0
4,5,Protocol Type,6.610307866665721e-05,1,0
4,5,Time_To_Live,0.0018118244376688609,1,0
4,5,Rate,7.834486115271489e-05,1,0
4,5,fin_flag_number,8.825662943628742e-05,1,0
4,5,syn_flag_number,0.007842695892440368,1,0
4,5,rst_flag_number,5.71108976440815e-05,1,0
4,5,psh_flag_number,0.00010876468545876427,1,0
4,5,ack_flag_number,0.010036373840339365,1,0
4,5,ece_flag_number,0.0,1,0
4,5,cwr_flag_number,0.0,1,0
4,5,ack_count,0.004360804876873772,1,0
4,5,syn_count,0.009803388312172956,1,0
4,5,fin_count,0.00747854585109053,1,0
4,5,rst_count,0.0051605891197387165,1,0
4,5,HTTP,2.2298314198891943e-05,1,0
4,5,HTTPS,4.76345003672396e-05,1,0
4,5,DNS,2.0022895510555215e-07,1,0
4,5,Telnet,0.0,1,0
4,5,SMTP,0.0,1,0
4,5,SSH,0.0,1,0
4,5,IRC,0.0,1,0
4,5,TCP,0.00013821867718144532,1,0
4,5,UDP,0.0014102244694646515,1,0
4,5,DHCP,0.0,1,0
4,5,ARP,4.333810396018635e-07,1,0
4,5,ICMP,8.202366375485326e-05,1,0
4,5,IGMP,0.0,1,0
4,5,IPv,2.8166847921347326e-07,1,0
4,5,LLC,3.112313229258756e-07,1,0
4,5,Tot sum,0.012339528936881833,1,0
4,5,Min,6.0844473455645697e-05,1,0
4,5,Max,0.0002233258548950623,1,0
4,5,AVG,0.0009847780469178246,1,0
4,5,Std,0.0006812435938218186,1,0
4,5,Tot size,0.0012813958356679223,1,0
4,5,IAT,0.0011255041088966066,1,0
4,5,Number,0.001070184982127671,1,0
4,5,Variance,0.005327430438333067,1,0
5,1,Header_Length,0.0018017618120617152,5,1
5,1,Protocol Type,0.00041827200350912194,5,1
5,1,Time_To_Live,0.005133344197199365,5,1
5,1,Rate,0.00013697786783482878,5,1
5,1,fin_flag_number,0.0003585618233188725,5,1
5,1,syn_flag_number,0.010931906188944112,5,1
5,1,rst_flag_number,0.0003118154545145729,5,1
5,1,psh_flag_number,0.0003647768632682341,5,1
5,1,ack_flag_number,0.021301776721221587,5,1
5,1,ece_flag_number,0.0,5,1
5,1,cwr_flag_number,0.0,5,1
5,1,ack_count,0.018090429774565705,5,1
5,1,syn_count,0.009826419112779802,5,1
5,1,fin_count,0.013785572383092415,5,1
5,1,rst_count,0.011976935024637213,5,1
5,1,HTTP,2.8675376316531497e-05,5,1
5,1,HTTPS,2.4225301218648853e-05,5,1
5,1,DNS,1.2554144297017514e-06,5,1
5,1,Telnet,0.0,5,1
5,1,SMTP,0.0,5,1
5,1,SSH,0.0,5,1
5,1,IRC,0.0,5,1
5,1,TCP,0.0005220229056517,5,1
5,1,UDP,0.0006584154017054545,5,1
5,1,DHCP,0.0,5,1
5,1,ARP,1.6566876376305746e-06,5,1
5,1,ICMP,0.00026740753656669667,5,1
5,1,IGMP,0.0,5,1
5,1,IPv,1.9144829438481893e-06,5,1
5,1,LLC,1.8306368081053514e-06,5,1
5,1,Tot sum,0.01897106919787319,5,1
5,1,Min,5.8146254188982256e-05,5,1
5,1,Max,0.00386455529630072,5,1
5,1,AVG,0.005509646047351939,5,1
5,1,Std,0.0017446566340171366,5,1
5,1,Tot size,0.002460550941770281,5,1
5,1,IAT,0.001774323313395918,5,1
5,1,Number,0.0025055897805891726,5,1
5,1,Variance,0.00479419222931666,5,1
5,2,Header_Length,0.0017084100868344089,5,1
5,2,Protocol Type,0.0005263775301025141,5,1
5,2,Time_To_Live,0.002474138172713083,5,1
5,2,Rate,0.0002066724446463794,5,1
5,2,fin_flag_number,0.00010667711094813347,5,1
5,2,syn_flag_number,0.021907638140533977,5,1
5,2,rst_flag_number,5.907656227191471e-05,5,1
5,2,psh_flag_number,0.0003177730714192045,5,1
5,2,ack_flag_number,0.03143714353054364,5,1
5,2,ece_flag_number,0.0,5,1
5,2,cwr_flag_number,0.0,5,1
5,2,ack_count,0.004330773977077853,5,1
5,2,syn_count,0.019649609799518332,5,1
5,2,fin_count,0.01487676681487919,5,1
5,2,rst_count,0.003085898047263189,5,1
5,2,HTTP,1.49505584019749e-05,5,1
5,2,HTTPS,2.732761468162648e-05,5,1
5,2,DNS,3.3549368011559067e-07,5,1
5,2,Telnet,0.0,5,1
5,2,SMTP,0.0,5,1
5,2,SSH,0.0,5,1
5,2,IRC,0.0,5,1
5,2,TCP,0.00048048553566761867,5,1
5,2,UDP,0.0015595340223373455,5,1
5,2,DHCP,0.0,5,1
5,2,ARP,1.185594384179434e-06,5,1
5,2,ICMP,0.00016861415770893977,5,1
5,2,IGMP,0.0,5,1
5,2,IPv,9.380746598139142e-07,5,1
5,2,LLC,8.083099739741622e-07,5,1
5,2,Tot sum,0.02132370141997626,5,1
5,2,Min,0.00017077396574987524,5,1
5,2,Max,0.0004716500544981861,5,1
5,2,AVG,0.0034147252079976907,5,1
5,2,Std,0.0006828800130634028,5,1
5,2,Tot size,0.005213881577673832,5,1
5,2,IAT,0.00350784931268862,5,1
5,2,Number,0.002449090532660847,5,1
5,2,Variance,0.006350817654618206,5,1
5,3,Header_Length,0.000986714158857329,5,1
5,3,Protocol Type,0.00037864130148090424,5,1
5,3,Time_To_Live,0.0042767983771508965,5,1
5,3,Rate,0.0006999051052339111,5,1
5,3,fin_flag_number,1.1135120220683304e-05,5,1
5,3,syn_flag_number,0.03064705216982121,5,1
5,3,rst_flag_number,2.137772367199739e-05,5,1
5,3,psh_flag_number,2.5689984619572254e-05,5,1
5,3,ack_flag_number,0.010549862560853704,5,1
5,3,ece_flag_number,0.0,5,1
5,3,cwr_flag_number,0.0,5,1
5,3,ack_count,0.015975956179157712,5,1
5,3,syn_count,0.023819925838268804,5,1
5,3,fin_count,0.011712865633987945,5,1
5,3,rst_count,0.005713690546247898,5,1
5,3,HTTP,5.670942376370281e-05,5,1
5,3,HTTPS,2.49905643856696e-05,5,1
5,3,DNS,4.10225994636624e-07,5,1
5,3,Telnet,0.0,5,1
5,3,SMTP,0.0,5,1
5,3,SSH,0.0,5,1
5,3,IRC,0.0,5,1
5,3,TCP,0.0005894382867131992,5,1
5,3,UDP,0.002540316889379808,5,1
5,3,DHCP,0.0,5,1
5,3,ARP,1.3238289500445543e-06,5,1
5,3,ICMP,8.530186840886689e-05,5,1
5,3,IGMP,0.0,5,1
5,3,IPv,4.4278669919626415e-07,5,1
5,3,LLC,2.367963547790107e-07,5,1
5,3,Tot sum,0.013342885442817191,5,1
5,3,Min,0.00015696596074270098,5,1
5,3,Max,0.00021142352897263823,5,1
5,3,AVG,0.0017757908046752392,5,1
5,3,Std,0.0005605385496256554,5,1
5,3,Tot size,0.0013845309690167795,5,1
5,3,IAT,0.0026382184505913384,5,1
5,3,Number,0.0016348796130638376,5,1
5,3,Variance,0.00825512945405727,5,1
5,4,Header_Length,0.012746147442159463,5,1
5,4,Protocol Type,0.0039057937193297397,5,1
5,4,Time_To_Live,0.003440194817119746,5,1
5,4,Rate,0.0003868453978936692,5,1
5,4,fin_flag_number,0.0005815430920896513,5,1
5,4,syn_flag_number,0.09430326695794747,5,1
5,4,rst_flag_number,0.00048171871353772653,5,1
5,4,psh_flag_number,0.0010055160971125616,5,1
5,4,ack_flag_number,0.07103342108978161,5,1
5,4,ece_flag_number,0.0,5,1
5,4,cwr_flag_number,0.0,5,1
5,4,ack_count,0.04720424182977226,5,1
5,4,syn_count,0.09461897500686575,5,1
5,4,fin_count,0.03235472454114586,5,1
5,4,rst_count,0.016488887923349013,5,1
5,4,HTTP,0.000142246119249059,5,1
5,4,HTTPS,5.2795144530901616e-05,5,1
5,4,DNS,7.983558820390416e-06,5,1
5,4,Telnet,0.0,5,1
5,4,SMTP,0.0,5,1
5,4,SSH,0.0,5,1
5,4,IRC,0.0,5,1
5,4,TCP,0.002539523766098375,5,1
5,4,UDP,0.006794645491076068,5,1
5,4,DHCP,0.0,5,1
5,4,ARP,9.814675374700006e-06,5,1
5,4,ICMP,0.0019200958570000759,5,1
5,4,IGMP,0.0,5,1
5,4,IPv,1.3171080539501248e-05,5,1
5,4,LLC,1.1873096602702007e-05,5,1
5,4,Tot sum,0.022339083997691203,5,1
5,4,Min,0.00015280676124183046,5,1
5,4,Max,0.008764343294018087,5,1
5,4,AVG,0.006552647991525689,5,1
5,4,Std,0.004527421293465057,5,1
5,4,Tot size,0.003257495584218635,5,1
5,4,IAT,0.005668444881905401,5,1
5,4,Number,0.003837502824322634,5,1
5,4,Variance,0.012197280799116363,5,1
5,5,Header_Length,0.003105969197522104,5,1
5,5,Protocol Type,0.0007249335492499708,5,1
5,5,Time_To_Live,0.003380071450976061,5,1
5,5,Rate,0.00026861669942870316,5,1
5,5,fin_flag_number,0.00030974799826946316,5,1
5,5,syn_flag_number,0.01868480121044214,5,1
5,5,rst_flag_number,0.0002710577820311316,5,1
5,5,psh_flag_number,0.00026699976599588057,5,1
5,5,ack_flag_number,0.022920887748354168,5,1
5,5,ece_flag_number,0.0,5,1
5,5,cwr_flag_number,0.0,5,1
5,5,ack_count,0.005140185703454465,5,1
5,5,syn_count,0.02198325687648328,5,1
5,5,fin_count,0.022685129217251722,5,1
5,5,rst_count,0.00908177574819767,5,1
5,5,HTTP,3.40214690952112e-05,5,1
5,5,HTTPS,2.2815943701401943e-05,5,1
5,5,DNS,2.2254903137549753e-06,5,1
5,5,Telnet,0.0,5,1
5,5,SMTP,0.0,5,1
5,5,SSH,0.0,5,1
5,5,IRC,0.0,5,1
5,5,TCP,0.0009389241643139988,5,1
5,5,UDP,0.0021287299930896177,5,1
5,5,DHCP,0.0,5,1
5,5,ARP,2.5419828267193077e-06,5,1
5,5,ICMP,0.0005414224163899383,5,1
5,5,IGMP,0.0,5,1
5,5,IPv,3.39073359324024e-06,5,1
5,5,LLC,2.9926559133014063e-06,5,1
5,5,Tot sum,0.02236929339077278,5,1
5,5,Min,0.0001593539593605975,5,1
5,5,Max,0.0019056770141011076,5,1
5,5,AVG,0.004617608653928995,5,1
5,5,Std,0.0010547970042558274,5,1
5,5,Tot size,0.0033791982595758386,5,1
5,5,IAT,0.0020497833891319674,5,1
5,5,Number,0.0019818259604419096,5,1
5,5,Variance,0.009855142096126687,5,1
6,1,Header_Length,0.0018017618120617152,5,0
6,1,Protocol Type,0.00041827200350912194,5,0
6,1,Time_To_Live,0.005133344197199365,5,0
6,1,Rate,0.00013697786783482878,5,0
6,1,fin_flag_number,0.0003585618233188725,5,0
6,1,syn_flag_number,0.010931906188944112,5,0
6,1,rst_flag_number,0.0003118154545145729,5,0
6,1,psh_flag_number,0.0003647768632682341,5,0
6,1,ack_flag_number,0.021301776721221587,5,0
6,1,ece_flag_number,0.0,5,0
6,1,cwr_flag_number,0.0,5,0
6,1,ack_count,0.018090429774565705,5,0
6,1,syn_count,0.009826419112779802,5,0
6,1,fin_count,0.013785572383092415,5,0
6,1,rst_count,0.011976935024637213,5,0
6,1,HTTP,2.8675376316531497e-05,5,0
6,1,HTTPS,2.4225301218648853e-05,5,0
6,1,DNS,1.2554144297017514e-06,5,0
6,1,Telnet,0.0,5,0
6,1,SMTP,0.0,5,0
6,1,SSH,0.0,5,0
6,1,IRC,0.0,5,0
6,1,TCP,0.0005220229056517,5,0
6,1,UDP,0.0006584154017054545,5,0
6,1,DHCP,0.0,5,0
6,1,ARP,1.6566876376305746e-06,5,0
6,1,ICMP,0.00026740753656669667,5,0
6,1,IGMP,0.0,5,0
6,1,IPv,1.9144829438481893e-06,5,0
6,1,LLC,1.8306368081053514e-06,5,0
6,1,Tot sum,0.01897106919787319,5,0
6,1,Min,5.8146254188982256e-05,5,0
6,1,Max,0.00386455529630072,5,0
6,1,AVG,0.005509646047351939,5,0
6,1,Std,0.0017446566340171366,5,0
6,1,Tot size,0.002460550941770281,5,0
6,1,IAT,0.001774323313395918,5,0
6,1,Number,0.0025055897805891726,5,0
6,1,Variance,0.00479419222931666,5,0
6,2,Header_Length,0.0017084100868344089,5,0
6,2,Protocol Type,0.0005263775301025141,5,0
6,2,Time_To_Live,0.002474138172713083,5,0
6,2,Rate,0.0002066724446463794,5,0
6,2,fin_flag_number,0.00010667711094813347,5,0
6,2,syn_flag_number,0.021907638140533977,5,0
6,2,rst_flag_number,5.907656227191471e-05,5,0
6,2,psh_flag_number,0.0003177730714192045,5,0
6,2,ack_flag_number,0.03143714353054364,5,0
6,2,ece_flag_number,0.0,5,0
6,2,cwr_flag_number,0.0,5,0
6,2,ack_count,0.004330773977077853,5,0
6,2,syn_count,0.019649609799518332,5,0
6,2,fin_count,0.01487676681487919,5,0
6,2,rst_count,0.003085898047263189,5,0
6,2,HTTP,1.49505584019749e-05,5,0
6,2,HTTPS,2.732761468162648e-05,5,0
6,2,DNS,3.3549368011559067e-07,5,0
6,2,Telnet,0.0,5,0
6,2,SMTP,0.0,5,0
6,2,SSH,0.0,5,0
6,2,IRC,0.0,5,0
6,2,TCP,0.00048048553566761867,5,0
6,2,UDP,0.0015595340223373455,5,0
6,2,DHCP,0.0,5,0
6,2,ARP,1.185594384179434e-06,5,0
6,2,ICMP,0.00016861415770893977,5,0
6,2,IGMP,0.0,5,0
6,2,IPv,9.380746598139142e-07,5,0
6,2,LLC,8.083099739741622e-07,5,0
6,2,Tot sum,0.02132370141997626,5,0
6,2,Min,0.00017077396574987524,5,0
6,2,Max,0.0004716500544981861,5,0
6,2,AVG,0.0034147252079976907,5,0
6,2,Std,0.0006828800130634028,5,0
6,2,Tot size,0.005213881577673832,5,0
6,2,IAT,0.00350784931268862,5,0
6,2,Number,0.002449090532660847,5,0
6,2,Variance,0.006350817654618206,5,0
6,3,Header_Length,0.000986714158857329,5,0
6,3,Protocol Type,0.00037864130148090424,5,0
6,3,Time_To_Live,0.0042767983771508965,5,0
6,3,Rate,0.0006999051052339111,5,0
6,3,fin_flag_number,1.1135120220683304e-05,5,0
6,3,syn_flag_number,0.03064705216982121,5,0
6,3,rst_flag_number,2.137772367199739e-05,5,0
6,3,psh_flag_number,2.5689984619572254e-05,5,0
6,3,ack_flag_number,0.010549862560853704,5,0
6,3,ece_flag_number,0.0,5,0
6,3,cwr_flag_number,0.0,5,0
6,3,ack_count,0.015975956179157712,5,0
6,3,syn_count,0.023819925838268804,5,0
6,3,fin_count,0.011712865633987945,5,0
6,3,rst_count,0.005713690546247898,5,0
6,3,HTTP,5.670942376370281e-05,5,0
6,3,HTTPS,2.49905643856696e-05,5,0
6,3,DNS,4.10225994636624e-07,5,0
6,3,Telnet,0.0,5,0
6,3,SMTP,0.0,5,0
6,3,SSH,0.0,5,0
6,3,IRC,0.0,5,0
6,3,TCP,0.0005894382867131992,5,0
6,3,UDP,0.002540316889379808,5,0
6,3,DHCP,0.0,5,0
6,3,ARP,1.3238289500445543e-06,5,0
6,3,ICMP,8.530186840886689e-05,5,0
6,3,IGMP,0.0,5,0
6,3,IPv,4.4278669919626415e-07,5,0
6,3,LLC,2.367963547790107e-07,5,0
6,3,Tot sum,0.013342885442817191,5,0
6,3,Min,0.00015696596074270098,5,0
6,3,Max,0.00021142352897263823,5,0
6,3,AVG,0.0017757908046752392,5,0
6,3,Std,0.0005605385496256554,5,0
6,3,Tot size,0.0013845309690167795,5,0
6,3,IAT,0.0026382184505913384,5,0
6,3,Number,0.0016348796130638376,5,0
6,3,Variance,0.00825512945405727,5,0
6,4,Header_Length,0.012746147442159463,5,0
6,4,Protocol Type,0.0039057937193297397,5,0
6,4,Time_To_Live,0.003440194817119746,5,0
6,4,Rate,0.0003868453978936692,5,0
6,4,fin_flag_number,0.0005815430920896513,5,0
6,4,syn_flag_number,0.09430326695794747,5,0
6,4,rst_flag_number,0.00048171871353772653,5,0
6,4,psh_flag_number,0.0010055160971125616,5,0
6,4,ack_flag_number,0.07103342108978161,5,0
6,4,ece_flag_number,0.0,5,0
6,4,cwr_flag_number,0.0,5,0
6,4,ack_count,0.04720424182977226,5,0
6,4,syn_count,0.09461897500686575,5,0
6,4,fin_count,0.03235472454114586,5,0
6,4,rst_count,0.016488887923349013,5,0
6,4,HTTP,0.000142246119249059,5,0
6,4,HTTPS,5.2795144530901616e-05,5,0
6,4,DNS,7.983558820390416e-06,5,0
6,4,Telnet,0.0,5,0
6,4,SMTP,0.0,5,0
6,4,SSH,0.0,5,0
6,4,IRC,0.0,5,0
6,4,TCP,0.002539523766098375,5,0
6,4,UDP,0.006794645491076068,5,0
6,4,DHCP,0.0,5,0
6,4,ARP,9.814675374700006e-06,5,0
6,4,ICMP,0.0019200958570000759,5,0
6,4,IGMP,0.0,5,0
6,4,IPv,1.3171080539501248e-05,5,0
6,4,LLC,1.1873096602702007e-05,5,0
6,4,Tot sum,0.022339083997691203,5,0
6,4,Min,0.00015280676124183046,5,0
6,4,Max,0.008764343294018087,5,0
6,4,AVG,0.006552647991525689,5,0
6,4,Std,0.004527421293465057,5,0
6,4,Tot size,0.003257495584218635,5,0
6,4,IAT,0.005668444881905401,5,0
6,4,Number,0.003837502824322634,5,0
6,4,Variance,0.012197280799116363,5,0
6,5,Header_Length,0.003105969197522104,5,0
6,5,Protocol Type,0.0007249335492499708,5,0
6,5,Time_To_Live,0.003380071450976061,5,0
6,5,Rate,0.00026861669942870316,5,0
6,5,fin_flag_number,0.00030974799826946316,5,0
6,5,syn_flag_number,0.01868480121044214,5,0
6,5,rst_flag_number,0.0002710577820311316,5,0
6,5,psh_flag_number,0.00026699976599588057,5,0
6,5,ack_flag_number,0.022920887748354168,5,0
6,5,ece_flag_number,0.0,5,0
6,5,cwr_flag_number,0.0,5,0
6,5,ack_count,0.005140185703454465,5,0
6,5,syn_count,0.02198325687648328,5,0
6,5,fin_count,0.022685129217251722,5,0
6,5,rst_count,0.00908177574819767,5,0
6,5,HTTP,3.40214690952112e-05,5,0
6,5,HTTPS,2.2815943701401943e-05,5,0
6,5,DNS,2.2254903137549753e-06,5,0
6,5,Telnet,0.0,5,0
6,5,SMTP,0.0,5,0
6,5,SSH,0.0,5,0
6,5,IRC,0.0,5,0
6,5,TCP,0.0009389241643139988,5,0
6,5,UDP,0.0021287299930896177,5,0
6,5,DHCP,0.0,5,0
6,5,ARP,2.5419828267193077e-06,5,0
6,5,ICMP,0.0005414224163899383,5,0
6,5,IGMP,0.0,5,0
6,5,IPv,3.39073359324024e-06,5,0
6,5,LLC,2.9926559133014063e-06,5,0
6,5,Tot sum,0.02236929339077278,5,0
6,5,Min,0.0001593539593605975,5,0
6,5,Max,0.0019056770141011076,5,0
6,5,AVG,0.004617608653928995,5,0
6,5,Std,0.0010547970042558274,5,0
6,5,Tot size,0.0033791982595758386,5,0
6,5,IAT,0.0020497833891319674,5,0
6,5,Number,0.0019818259604419096,5,0
6,5,Variance,0.009855142096126687,5,0
7,1,Header_Length,0.0018017618120617152,5,0
7,1,Protocol Type,0.00041827200350912194,5,0
7,1,Time_To_Live,0.005133344197199365,5,0
7,1,Rate,0.00013697786783482878,5,0
7,1,fin_flag_number,0.0003585618233188725,5,0
7,1,syn_flag_number,0.010931906188944112,5,0
7,1,rst_flag_number,0.0003118154545145729,5,0
7,1,psh_flag_number,0.0003647768632682341,5,0
7,1,ack_flag_number,0.021301776721221587,5,0
7,1,ece_flag_number,0.0,5,0
7,1,cwr_flag_number,0.0,5,0
7,1,ack_count,0.018090429774565705,5,0
7,1,syn_count,0.009826419112779802,5,0
7,1,fin_count,0.013785572383092415,5,0
7,1,rst_count,0.011976935024637213,5,0
7,1,HTTP,2.8675376316531497e-05,5,0
7,1,HTTPS,2.4225301218648853e-05,5,0
7,1,DNS,1.2554144297017514e-06,5,0
7,1,Telnet,0.0,5,0
7,1,SMTP,0.0,5,0
7,1,SSH,0.0,5,0
7,1,IRC,0.0,5,0
7,1,TCP,0.0005220229056517,5,0
7,1,UDP,0.0006584154017054545,5,0
7,1,DHCP,0.0,5,0
7,1,ARP,1.6566876376305746e-06,5,0
7,1,ICMP,0.00026740753656669667,5,0
7,1,IGMP,0.0,5,0
7,1,IPv,1.9144829438481893e-06,5,0
7,1,LLC,1.8306368081053514e-06,5,0
7,1,Tot sum,0.01897106919787319,5,0
7,1,Min,5.8146254188982256e-05,5,0
7,1,Max,0.00386455529630072,5,0
7,1,AVG,0.005509646047351939,5,0
7,1,Std,0.0017446566340171366,5,0
7,1,Tot size,0.002460550941770281,5,0
7,1,IAT,0.001774323313395918,5,0
7,1,Number,0.0025055897805891726,5,0
7,1,Variance,0.00479419222931666,5,0
7,2,Header_Length,0.0017084100868344089,5,0
7,2,Protocol Type,0.0005263775301025141,5,0
7,2,Time_To_Live,0.002474138172713083,5,0
7,2,Rate,0.0002066724446463794,5,0
7,2,fin_flag_number,0.00010667711094813347,5,0
7,2,syn_flag_number,0.021907638140533977,5,0
7,2,rst_flag_number,5.907656227191471e-05,5,0
7,2,psh_flag_number,0.0003177730714192045,5,0
7,2,ack_flag_number,0.03143714353054364,5,0
7,2,ece_flag_number,0.0,5,0
7,2,cwr_flag_number,0.0,5,0
7,2,ack_count,0.004330773977077853,5,0
7,2,syn_count,0.019649609799518332,5,0
7,2,fin_count,0.01487676681487919,5,0
7,2,rst_count,0.003085898047263189,5,0
7,2,HTTP,1.49505584019749e-05,5,0
7,2,HTTPS,2.732761468162648e-05,5,0
7,2,DNS,3.3549368011559067e-07,5,0
7,2,Telnet,0.0,5,0
7,2,SMTP,0.0,5,0
7,2,SSH,0.0,5,0
7,2,IRC,0.0,5,0
7,2,TCP,0.00048048553566761867,5,0
7,2,UDP,0.0015595340223373455,5,0
7,2,DHCP,0.0,5,0
7,2,ARP,1.185594384179434e-06,5,0
7,2,ICMP,0.00016861415770893977,5,0
7,2,IGMP,0.0,5,0
7,2,IPv,9.380746598139142e-07,5,0
7,2,LLC,8.083099739741622e-07,5,0
7,2,Tot sum,0.02132370141997626,5,0
7,2,Min,0.00017077396574987524,5,0
7,2,Max,0.0004716500544981861,5,0
7,2,AVG,0.0034147252079976907,5,0
7,2,Std,0.0006828800130634028,5,0
7,2,Tot size,0.005213881577673832,5,0
7,2,IAT,0.00350784931268862,5,0
7,2,Number,0.002449090532660847,5,0
7,2,Variance,0.006350817654618206,5,0
7,3,Header_Length,0.000986714158857329,5,0
7,3,Protocol Type,0.00037864130148090424,5,0
7,3,Time_To_Live,0.0042767983771508965,5,0
7,3,Rate,0.0006999051052339111,5,0
7,3,fin_flag_number,1.1135120220683304e-05,5,0
7,3,syn_flag_number,0.03064705216982121,5,0
7,3,rst_flag_number,2.137772367199739e-05,5,0
7,3,psh_flag_number,2.5689984619572254e-05,5,0
7,3,ack_flag_number,0.010549862560853704,5,0
7,3,ece_flag_number,0.0,5,0
7,3,cwr_flag_number,0.0,5,0
7,3,ack_count,0.015975956179157712,5,0
7,3,syn_count,0.023819925838268804,5,0
7,3,fin_count,0.011712865633987945,5,0
7,3,rst_count,0.005713690546247898,5,0
7,3,HTTP,5.670942376370281e-05,5,0
7,3,HTTPS,2.49905643856696e-05,5,0
7,3,DNS,4.10225994636624e-07,5,0
7,3,Telnet,0.0,5,0
7,3,SMTP,0.0,5,0
7,3,SSH,0.0,5,0
7,3,IRC,0.0,5,0
7,3,TCP,0.0005894382867131992,5,0
7,3,UDP,0.002540316889379808,5,0
7,3,DHCP,0.0,5,0
7,3,ARP,1.3238289500445543e-06,5,0
7,3,ICMP,8.530186840886689e-05,5,0
7,3,IGMP,0.0,5,0
7,3,IPv,4.4278669919626415e-07,5,0
7,3,LLC,2.367963547790107e-07,5,0
7,3,Tot sum,0.013342885442817191,5,0
7,3,Min,0.00015696596074270098,5,0
7,3,Max,0.00021142352897263823,5,0
7,3,AVG,0.0017757908046752392,5,0
7,3,Std,0.0005605385496256554,5,0
7,3,Tot size,0.0013845309690167795,5,0
7,3,IAT,0.0026382184505913384,5,0
7,3,Number,0.0016348796130638376,5,0
7,3,Variance,0.00825512945405727,5,0
7,4,Header_Length,0.012746147442159463,5,0
7,4,Protocol Type,0.0039057937193297397,5,0
7,4,Time_To_Live,0.003440194817119746,5,0
7,4,Rate,0.0003868453978936692,5,0
7,4,fin_flag_number,0.0005815430920896513,5,0
7,4,syn_flag_number,0.09430326695794747,5,0
7,4,rst_flag_number,0.00048171871353772653,5,0
7,4,psh_flag_number,0.0010055160971125616,5,0
7,4,ack_flag_number,0.07103342108978161,5,0
7,4,ece_flag_number,0.0,5,0
7,4,cwr_flag_number,0.0,5,0
7,4,ack_count,0.04720424182977226,5,0
7,4,syn_count,0.09461897500686575,5,0
7,4,fin_count,0.03235472454114586,5,0
7,4,rst_count,0.016488887923349013,5,0
7,4,HTTP,0.000142246119249059,5,0
7,4,HTTPS,5.2795144530901616e-05,5,0
7,4,DNS,7.983558820390416e-06,5,0
7,4,Telnet,0.0,5,0
7,4,SMTP,0.0,5,0
7,4,SSH,0.0,5,0
7,4,IRC,0.0,5,0
7,4,TCP,0.002539523766098375,5,0
7,4,UDP,0.006794645491076068,5,0
7,4,DHCP,0.0,5,0
7,4,ARP,9.814675374700006e-06,5,0
7,4,ICMP,0.0019200958570000759,5,0
7,4,IGMP,0.0,5,0
7,4,IPv,1.3171080539501248e-05,5,0
7,4,LLC,1.1873096602702007e-05,5,0
7,4,Tot sum,0.022339083997691203,5,0
7,4,Min,0.00015280676124183046,5,0
7,4,Max,0.008764343294018087,5,0
7,4,AVG,0.006552647991525689,5,0
7,4,Std,0.004527421293465057,5,0
7,4,Tot size,0.003257495584218635,5,0
7,4,IAT,0.005668444881905401,5,0
7,4,Number,0.003837502824322634,5,0
7,4,Variance,0.012197280799116363,5,0
7,5,Header_Length,0.003105969197522104,5,0
7,5,Protocol Type,0.0007249335492499708,5,0
7,5,Time_To_Live,0.003380071450976061,5,0
7,5,Rate,0.00026861669942870316,5,0
7,5,fin_flag_number,0.00030974799826946316,5,0
7,5,syn_flag_number,0.01868480121044214,5,0
7,5,rst_flag_number,0.0002710577820311316,5,0
7,5,psh_flag_number,0.00026699976599588057,5,0
7,5,ack_flag_number,0.022920887748354168,5,0
7,5,ece_flag_number,0.0,5,0
7,5,cwr_flag_number,0.0,5,0
7,5,ack_count,0.005140185703454465,5,0
7,5,syn_count,0.02198325687648328,5,0
7,5,fin_count,0.022685129217251722,5,0
7,5,rst_count,0.00908177574819767,5,0
7,5,HTTP,3.40214690952112e-05,5,0
7,5,HTTPS,2.2815943701401943e-05,5,0
7,5,DNS,2.2254903137549753e-06,5,0
7,5,Telnet,0.0,5,0
7,5,SMTP,0.0,5,0
7,5,SSH,0.0,5,0
7,5,IRC,0.0,5,0
7,5,TCP,0.0009389241643139988,5,0
7,5,UDP,0.0021287299930896177,5,0
7,5,DHCP,0.0,5,0
7,5,ARP,2.5419828267193077e-06,5,0
7,5,ICMP,0.0005414224163899383,5,0
7,5,IGMP,0.0,5,0
7,5,IPv,3.39073359324024e-06,5,0
7,5,LLC,2.9926559133014063e-06,5,0
7,5,Tot sum,0.02236929339077278,5,0
7,5,Min,0.0001593539593605975,5,0
7,5,Max,0.0019056770141011076,5,0
7,5,AVG,0.004617608653928995,5,0
7,5,Std,0.0010547970042558274,5,0
7,5,Tot size,0.0033791982595758386,5,0
7,5,IAT,0.0020497833891319674,5,0
7,5,Number,0.0019818259604419096,5,0
7,5,Variance,0.009855142096126687,5,0
8,1,Header_Length,0.0018017618120617152,5,0
8,1,Protocol Type,0.00041827200350912194,5,0
8,1,Time_To_Live,0.005133344197199365,5,0
8,1,Rate,0.00013697786783482878,5,0
8,1,fin_flag_number,0.0003585618233188725,5,0
8,1,syn_flag_number,0.010931906188944112,5,0
8,1,rst_flag_number,0.0003118154545145729,5,0
8,1,psh_flag_number,0.0003647768632682341,5,0
8,1,ack_flag_number,0.021301776721221587,5,0
8,1,ece_flag_number,0.0,5,0
8,1,cwr_flag_number,0.0,5,0
8,1,ack_count,0.018090429774565705,5,0
8,1,syn_count,0.009826419112779802,5,0
8,1,fin_count,0.013785572383092415,5,0
8,1,rst_count,0.011976935024637213,5,0
8,1,HTTP,2.8675376316531497e-05,5,0
8,1,HTTPS,2.4225301218648853e-05,5,0
8,1,DNS,1.2554144297017514e-06,5,0
8,1,Telnet,0.0,5,0
8,1,SMTP,0.0,5,0
8,1,SSH,0.0,5,0
8,1,IRC,0.0,5,0
8,1,TCP,0.0005220229056517,5,0
8,1,UDP,0.0006584154017054545,5,0
8,1,DHCP,0.0,5,0
8,1,ARP,1.6566876376305746e-06,5,0
8,1,ICMP,0.00026740753656669667,5,0
8,1,IGMP,0.0,5,0
8,1,IPv,1.9144829438481893e-06,5,0
8,1,LLC,1.8306368081053514e-06,5,0
8,1,Tot sum,0.01897106919787319,5,0
8,1,Min,5.8146254188982256e-05,5,0
8,1,Max,0.00386455529630072,5,0
8,1,AVG,0.005509646047351939,5,0
8,1,Std,0.0017446566340171366,5,0
8,1,Tot size,0.002460550941770281,5,0
8,1,IAT,0.001774323313395918,5,0
8,1,Number,0.0025055897805891726,5,0
8,1,Variance,0.00479419222931666,5,0
8,2,Header_Length,0.0017084100868344089,5,0
8,2,Protocol Type,0.0005263775301025141,5,0
8,2,Time_To_Live,0.002474138172713083,5,0
8,2,Rate,0.0002066724446463794,5,0
8,2,fin_flag_number,0.00010667711094813347,5,0
8,2,syn_flag_number,0.021907638140533977,5,0
8,2,rst_flag_number,5.907656227191471e-05,5,0
8,2,psh_flag_number,0.0003177730714192045,5,0
8,2,ack_flag_number,0.03143714353054364,5,0
8,2,ece_flag_number,0.0,5,0
8,2,cwr_flag_number,0.0,5,0
8,2,ack_count,0.004330773977077853,5,0
8,2,syn_count,0.019649609799518332,5,0
8,2,fin_count,0.01487676681487919,5,0
8,2,rst_count,0.003085898047263189,5,0
8,2,HTTP,1.49505584019749e-05,5,0
8,2,HTTPS,2.732761468162648e-05,5,0
8,2,DNS,3.3549368011559067e-07,5,0
8,2,Telnet,0.0,5,0
8,2,SMTP,0.0,5,0
8,2,SSH,0.0,5,0
8,2,IRC,0.0,5,0
8,2,TCP,0.00048048553566761867,5,0
8,2,UDP,0.0015595340223373455,5,0
8,2,DHCP,0.0,5,0
8,2,ARP,1.185594384179434e-06,5,0
8,2,ICMP,0.00016861415770893977,5,0
8,2,IGMP,0.0,5,0
8,2,IPv,9.380746598139142e-07,5,0
8,2,LLC,8.083099739741622e-07,5,0
8,2,Tot sum,0.02132370141997626,5,0
8,2,Min,0.00017077396574987524,5,0
8,2,Max,0.0004716500544981861,5,0
8,2,AVG,0.0034147252079976907,5,0
8,2,Std,0.0006828800130634028,5,0
8,2,Tot size,0.005213881577673832,5,0
8,2,IAT,0.00350784931268862,5,0
8,2,Number,0.002449090532660847,5,0
8,2,Variance,0.006350817654618206,5,0
8,3,Header_Length,0.000986714158857329,5,0
8,3,Protocol Type,0.00037864130148090424,5,0
8,3,Time_To_Live,0.0042767983771508965,5,0
8,3,Rate,0.0006999051052339111,5,0
8,3,fin_flag_number,1.1135120220683304e-05,5,0
8,3,syn_flag_number,0.03064705216982121,5,0
8,3,rst_flag_number,2.137772367199739e-05,5,0
8,3,psh_flag_number,2.5689984619572254e-05,5,0
8,3,ack_flag_number,0.010549862560853704,5,0
8,3,ece_flag_number,0.0,5,0
8,3,cwr_flag_number,0.0,5,0
8,3,ack_count,0.015975956179157712,5,0
8,3,syn_count,0.023819925838268804,5,0
8,3,fin_count,0.011712865633987945,5,0
8,3,rst_count,0.005713690546247898,5,0
8,3,HTTP,5.670942376370281e-05,5,0
8,3,HTTPS,2.49905643856696e-05,5,0
8,3,DNS,4.10225994636624e-07,5,0
8,3,Telnet,0.0,5,0
8,3,SMTP,0.0,5,0
8,3,SSH,0.0,5,0
8,3,IRC,0.0,5,0
8,3,TCP,0.0005894382867131992,5,0
8,3,UDP,0.002540316889379808,5,0
8,3,DHCP,0.0,5,0
8,3,ARP,1.3238289500445543e-06,5,0
8,3,ICMP,8.530186840886689e-05,5,0
8,3,IGMP,0.0,5,0
8,3,IPv,4.4278669919626415e-07,5,0
8,3,LLC,2.367963547790107e-07,5,0
8,3,Tot sum,0.013342885442817191,5,0
8,3,Min,0.00015696596074270098,5,0
8,3,Max,0.00021142352897263823,5,0
8,3,AVG,0.0017757908046752392,5,0
8,3,Std,0.0005605385496256554,5,0
8,3,Tot size,0.0013845309690167795,5,0
8,3,IAT,0.0026382184505913384,5,0
8,3,Number,0.0016348796130638376,5,0
8,3,Variance,0.00825512945405727,5,0
8,4,Header_Length,0.012746147442159463,5,0
8,4,Protocol Type,0.0039057937193297397,5,0
8,4,Time_To_Live,0.003440194817119746,5,0
8,4,Rate,0.0003868453978936692,5,0
8,4,fin_flag_number,0.0005815430920896513,5,0
8,4,syn_flag_number,0.09430326695794747,5,0
8,4,rst_flag_number,0.00048171871353772653,5,0
8,4,psh_flag_number,0.0010055160971125616,5,0
8,4,ack_flag_number,0.07103342108978161,5,0
8,4,ece_flag_number,0.0,5,0
8,4,cwr_flag_number,0.0,5,0
8,4,ack_count,0.04720424182977226,5,0
8,4,syn_count,0.09461897500686575,5,0
8,4,fin_count,0.03235472454114586,5,0
8,4,rst_count,0.016488887923349013,5,0
8,4,HTTP,0.000142246119249059,5,0
8,4,HTTPS,5.2795144530901616e-05,5,0
8,4,DNS,7.983558820390416e-06,5,0
8,4,Telnet,0.0,5,0
8,4,SMTP,0.0,5,0
8,4,SSH,0.0,5,0
8,4,IRC,0.0,5,0
8,4,TCP,0.002539523766098375,5,0
8,4,UDP,0.006794645491076068,5,0
8,4,DHCP,0.0,5,0
8,4,ARP,9.814675374700006e-06,5,0
8,4,ICMP,0.0019200958570000759,5,0
8,4,IGMP,0.0,5,0
8,4,IPv,1.3171080539501248e-05,5,0
8,4,LLC,1.1873096602702007e-05,5,0
8,4,Tot sum,0.022339083997691203,5,0
8,4,Min,0.00015280676124183046,5,0
8,4,Max,0.008764343294018087,5,0
8,4,AVG,0.006552647991525689,5,0
8,4,Std,0.004527421293465057,5,0
8,4,Tot size,0.003257495584218635,5,0
8,4,IAT,0.005668444881905401,5,0
8,4,Number,0.003837502824322634,5,0
8,4,Variance,0.012197280799116363,5,0
8,5,Header_Length,0.003105969197522104,5,0
8,5,Protocol Type,0.0007249335492499708,5,0
8,5,Time_To_Live,0.003380071450976061,5,0
8,5,Rate,0.00026861669942870316,5,0
8,5,fin_flag_number,0.00030974799826946316,5,0
8,5,syn_flag_number,0.01868480121044214,5,0
8,5,rst_flag_number,0.0002710577820311316,5,0
8,5,psh_flag_number,0.00026699976599588057,5,0
8,5,ack_flag_number,0.022920887748354168,5,0
8,5,ece_flag_number,0.0,5,0
8,5,cwr_flag_number,0.0,5,0
8,5,ack_count,0.005140185703454465,5,0
8,5,syn_count,0.02198325687648328,5,0
8,5,fin_count,0.022685129217251722,5,0
8,5,rst_count,0.00908177574819767,5,0
8,5,HTTP,3.40214690952112e-05,5,0
8,5,HTTPS,2.2815943701401943e-05,5,0
8,5,DNS,2.2254903137549753e-06,5,0
8,5,Telnet,0.0,5,0
8,5,SMTP,0.0,5,0
8,5,SSH,0.0,5,0
8,5,IRC,0.0,5,0
8,5,TCP,0.0009389241643139988,5,0
8,5,UDP,0.0021287299930896177,5,0
8,5,DHCP,0.0,5,0
8,5,ARP,2.5419828267193077e-06,5,0
8,5,ICMP,0.0005414224163899383,5,0
8,5,IGMP,0.0,5,0
8,5,IPv,3.39073359324024e-06,5,0
8,5,LLC,2.9926559133014063e-06,5,0
8,5,Tot sum,0.02236929339077278,5,0
8,5,Min,0.0001593539593605975,5,0
8,5,Max,0.0019056770141011076,5,0
8,5,AVG,0.004617608653928995,5,0
8,5,Std,0.0010547970042558274,5,0
8,5,Tot size,0.0033791982595758386,5,0
8,5,IAT,0.0020497833891319674,5,0
8,5,Number,0.0019818259604419096,5,0
8,5,Variance,0.009855142096126687,5,0
9,1,Header_Length,0.0018017618120617152,5,0
9,1,Protocol Type,0.00041827200350912194,5,0
9,1,Time_To_Live,0.005133344197199365,5,0
9,1,Rate,0.00013697786783482878,5,0
9,1,fin_flag_number,0.0003585618233188725,5,0
9,1,syn_flag_number,0.010931906188944112,5,0
9,1,rst_flag_number,0.0003118154545145729,5,0
9,1,psh_flag_number,0.0003647768632682341,5,0
9,1,ack_flag_number,0.021301776721221587,5,0
9,1,ece_flag_number,0.0,5,0
9,1,cwr_flag_number,0.0,5,0
9,1,ack_count,0.018090429774565705,5,0
9,1,syn_count,0.009826419112779802,5,0
9,1,fin_count,0.013785572383092415,5,0
9,1,rst_count,0.011976935024637213,5,0
9,1,HTTP,2.8675376316531497e-05,5,0
9,1,HTTPS,2.4225301218648853e-05,5,0
9,1,DNS,1.2554144297017514e-06,5,0
9,1,Telnet,0.0,5,0
9,1,SMTP,0.0,5,0
9,1,SSH,0.0,5,0
9,1,IRC,0.0,5,0
9,1,TCP,0.0005220229056517,5,0
9,1,UDP,0.0006584154017054545,5,0
9,1,DHCP,0.0,5,0
9,1,ARP,1.6566876376305746e-06,5,0
9,1,ICMP,0.00026740753656669667,5,0
9,1,IGMP,0.0,5,0
9,1,IPv,1.9144829438481893e-06,5,0
9,1,LLC,1.8306368081053514e-06,5,0
9,1,Tot sum,0.01897106919787319,5,0
9,1,Min,5.8146254188982256e-05,5,0
9,1,Max,0.00386455529630072,5,0
9,1,AVG,0.005509646047351939,5,0
9,1,Std,0.0017446566340171366,5,0
9,1,Tot size,0.002460550941770281,5,0
9,1,IAT,0.001774323313395918,5,0
9,1,Number,0.0025055897805891726,5,0
9,1,Variance,0.00479419222931666,5,0
9,2,Header_Length,0.0017084100868344089,5,0
9,2,Protocol Type,0.0005263775301025141,5,0
9,2,Time_To_Live,0.002474138172713083,5,0
9,2,Rate,0.0002066724446463794,5,0
9,2,fin_flag_number,0.00010667711094813347,5,0
9,2,syn_flag_number,0.021907638140533977,5,0
9,2,rst_flag_number,5.907656227191471e-05,5,0
9,2,psh_flag_number,0.0003177730714192045,5,0
9,2,ack_flag_number,0.03143714353054364,5,0
9,2,ece_flag_number,0.0,5,0
9,2,cwr_flag_number,0.0,5,0
9,2,ack_count,0.004330773977077853,5,0
9,2,syn_count,0.019649609799518332,5,0
9,2,fin_count,0.01487676681487919,5,0
9,2,rst_count,0.003085898047263189,5,0
9,2,HTTP,1.49505584019749e-05,5,0
9,2,HTTPS,2.732761468162648e-05,5,0
9,2,DNS,3.3549368011559067e-07,5,0
9,2,Telnet,0.0,5,0
9,2,SMTP,0.0,5,0
9,2,SSH,0.0,5,0
9,2,IRC,0.0,5,0
9,2,TCP,0.00048048553566761867,5,0
9,2,UDP,0.0015595340223373455,5,0
9,2,DHCP,0.0,5,0
9,2,ARP,1.185594384179434e-06,5,0
9,2,ICMP,0.00016861415770893977,5,0
9,2,IGMP,0.0,5,0
9,2,IPv,9.380746598139142e-07,5,0
9,2,LLC,8.083099739741622e-07,5,0
9,2,Tot sum,0.02132370141997626,5,0
9,2,Min,0.00017077396574987524,5,0
9,2,Max,0.0004716500544981861,5,0
9,2,AVG,0.0034147252079976907,5,0
9,2,Std,0.0006828800130634028,5,0
9,2,Tot size,0.005213881577673832,5,0
9,2,IAT,0.00350784931268862,5,0
9,2,Number,0.002449090532660847,5,0
9,2,Variance,0.006350817654618206,5,0
9,3,Header_Length,0.000986714158857329,5,0
9,3,Protocol Type,0.00037864130148090424,5,0
9,3,Time_To_Live,0.0042767983771508965,5,0
9,3,Rate,0.0006999051052339111,5,0
9,3,fin_flag_number,1.1135120220683304e-05,5,0
9,3,syn_flag_number,0.03064705216982121,5,0
9,3,rst_flag_number,2.137772367199739e-05,5,0
9,3,psh_flag_number,2.5689984619572254e-05,5,0
9,3,ack_flag_number,0.010549862560853704,5,0
9,3,ece_flag_number,0.0,5,0
9,3,cwr_flag_number,0.0,5,0
9,3,ack_count,0.015975956179157712,5,0
9,3,syn_count,0.023819925838268804,5,0
9,3,fin_count,0.011712865633987945,5,0
9,3,rst_count,0.005713690546247898,5,0
9,3,HTTP,5.670942376370281e-05,5,0
9,3,HTTPS,2.49905643856696e-05,5,0
9,3,DNS,4.10225994636624e-07,5,0
9,3,Telnet,0.0,5,0
9,3,SMTP,0.0,5,0
9,3,SSH,0.0,5,0
9,3,IRC,0.0,5,0
9,3,TCP,0.0005894382867131992,5,0
9,3,UDP,0.002540316889379808,5,0
9,3,DHCP,0.0,5,0
9,3,ARP,1.3238289500445543e-06,5,0
9,3,ICMP,8.530186840886689e-05,5,0
9,3,IGMP,0.0,5,0
9,3,IPv,4.4278669919626415e-07,5,0
9,3,LLC,2.367963547790107e-07,5,0
9,3,Tot sum,0.013342885442817191,5,0
9,3,Min,0.00015696596074270098,5,0
9,3,Max,0.00021142352897263823,5,0
9,3,AVG,0.0017757908046752392,5,0
9,3,Std,0.0005605385496256554,5,0
9,3,Tot size,0.0013845309690167795,5,0
9,3,IAT,0.0026382184505913384,5,0
9,3,Number,0.0016348796130638376,5,0
9,3,Variance,0.00825512945405727,5,0
9,4,Header_Length,0.012746147442159463,5,0
9,4,Protocol Type,0.0039057937193297397,5,0
9,4,Time_To_Live,0.003440194817119746,5,0
9,4,Rate,0.0003868453978936692,5,0
9,4,fin_flag_number,0.0005815430920896513,5,0
9,4,syn_flag_number,0.09430326695794747,5,0
9,4,rst_flag_number,0.00048171871353772653,5,0
9,4,psh_flag_number,0.0010055160971125616,5,0
9,4,ack_flag_number,0.07103342108978161,5,0
9,4,ece_flag_number,0.0,5,0
9,4,cwr_flag_number,0.0,5,0
9,4,ack_count,0.04720424182977226,5,0
9,4,syn_count,0.09461897500686575,5,0
9,4,fin_count,0.03235472454114586,5,0
9,4,rst_count,0.016488887923349013,5,0
9,4,HTTP,0.000142246119249059,5,0
9,4,HTTPS,5.2795144530901616e-05,5,0
9,4,DNS,7.983558820390416e-06,5,0
9,4,Telnet,0.0,5,0
9,4,SMTP,0.0,5,0
9,4,SSH,0.0,5,0
9,4,IRC,0.0,5,0
9,4,TCP,0.002539523766098375,5,0
9,4,UDP,0.006794645491076068,5,0
9,4,DHCP,0.0,5,0
9,4,ARP,9.814675374700006e-06,5,0
9,4,ICMP,0.0019200958570000759,5,0
9,4,IGMP,0.0,5,0
9,4,IPv,1.3171080539501248e-05,5,0
9,4,LLC,1.1873096602702007e-05,5,0
9,4,Tot sum,0.022339083997691203,5,0
9,4,Min,0.00015280676124183046,5,0
9,4,Max,0.008764343294018087,5,0
9,4,AVG,0.006552647991525689,5,0
9,4,Std,0.004527421293465057,5,0
9,4,Tot size,0.003257495584218635,5,0
9,4,IAT,0.005668444881905401,5,0
9,4,Number,0.003837502824322634,5,0
9,4,Variance,0.012197280799116363,5,0
9,5,Header_Length,0.003105969197522104,5,0
9,5,Protocol Type,0.0007249335492499708,5,0
9,5,Time_To_Live,0.003380071450976061,5,0
9,5,Rate,0.00026861669942870316,5,0
9,5,fin_flag_number,0.00030974799826946316,5,0
9,5,syn_flag_number,0.01868480121044214,5,0
9,5,rst_flag_number,0.0002710577820311316,5,0
9,5,psh_flag_number,0.00026699976599588057,5,0
9,5,ack_flag_number,0.022920887748354168,5,0
9,5,ece_flag_number,0.0,5,0
9,5,cwr_flag_number,0.0,5,0
9,5,ack_count,0.005140185703454465,5,0
9,5,syn_count,0.02198325687648328,5,0
9,5,fin_count,0.022685129217251722,5,0
9,5,rst_count,0.00908177574819767,5,0
9,5,HTTP,3.40214690952112e-05,5,0
9,5,HTTPS,2.2815943701401943e-05,5,0
9,5,DNS,2.2254903137549753e-06,5,0
9,5,Telnet,0.0,5,0
9,5,SMTP,0.0,5,0
9,5,SSH,0.0,5,0
9,5,IRC,0.0,5,0
9,5,TCP,0.0009389241643139988,5,0
9,5,UDP,0.0021287299930896177,5,0
9,5,DHCP,0.0,5,0
9,5,ARP,2.5419828267193077e-06,5,0
9,5,ICMP,0.0005414224163899383,5,0
9,5,IGMP,0.0,5,0
9,5,IPv,3.39073359324024e-06,5,0
9,5,LLC,2.9926559133014063e-06,5,0
9,5,Tot sum,0.02236929339077278,5,0
9,5,Min,0.0001593539593605975,5,0
9,5,Max,0.0019056770141011076,5,0
9,5,AVG,0.004617608653928995,5,0
9,5,Std,0.0010547970042558274,5,0
9,5,Tot size,0.0033791982595758386,5,0
9,5,IAT,0.0020497833891319674,5,0
9,5,Number,0.0019818259604419096,5,0
9,5,Variance,0.009855142096126687,5,0
10,1,Header_Length,0.0009169088736730446,10,1
10,1,Protocol Type,0.00018280004156869033,10,1
10,1,Time_To_Live,0.004572489460320827,10,1
10,1,Rate,0.0001060122021969298,10,1
10,1,fin_flag_number,9.64375395931771e-05,10,1
10,1,syn_flag_number,0.006624938902936677,10,1
10,1,rst_flag_number,0.00011067165179321048,10,1
10,1,psh_flag_number,0.0001309167772742792,10,1
10,1,ack_flag_number,0.007920996088071206,10,1
10,1,ece_flag_number,0.0,10,1
10,1,cwr_flag_number,0.0,10,1
10,1,ack_count,0.005341138184253298,10,1
10,1,syn_count,0.005592820721316962,10,1
10,1,fin_count,0.004968545026424991,10,1
10,1,rst_count,0.0038455485892685284,10,1
10,1,HTTP,3.157373166133015e-05,10,1
10,1,HTTPS,2.066535829755585e-05,10,1
10,1,DNS,4.1491271687056776e-07,10,1
10,1,Telnet,0.0,10,1
10,1,SMTP,0.0,10,1
10,1,SSH,0.0,10,1
10,1,IRC,0.0,10,1
10,1,TCP,0.0003790122980277724,10,1
10,1,UDP,0.0007368678295017261,10,1
10,1,DHCP,0.0,10,1
10,1,ARP,5.549203500426197e-07,10,1
10,1,ICMP,0.00021994588516118017,10,1
10,1,IGMP,0.0,10,1
10,1,IPv,6.965170825951939e-07,10,1
10,1,LLC,6.495306059137889e-07,10,1
10,1,Tot sum,0.019608814773418987,10,1
10,1,Min,0.00011042072402906944,10,1
10,1,Max,0.0010834897012501066,10,1
10,1,AVG,0.003400788575660503,10,1
10,1,Std,0.0005924733831158329,10,1
10,1,Tot size,0.002631559151895422,10,1
10,1,IAT,0.0014550593596059614,10,1
10,1,Number,0.0020642743311861623,10,1
10,1,Variance,0.003287636110692991,10,1
10,2,Header_Length,0.005558452019672089,10,1
10,2,Protocol Type,0.0007221699135963168,10,1
10,2,Time_To_Live,0.00444974999850217,10,1
10,2,Rate,0.0009372822240360402,10,1
10,2,fin_flag_number,6.692614378232412e-05,10,1
10,2,syn_flag_number,0.047557636159656254,10,1
10,2,rst_flag_number,0.0003884065672933136,10,1
10,2,psh_flag_number,0.00010871910532105614,10,1
10,2,ack_flag_number,0.009960578643297992,10,1
10,2,ece_flag_number,0.0,10,1
10,2,cwr_flag_number,0.0,10,1
10,2,ack_count,0.016159360587840864,10,1
10,2,syn_count,0.04619700970572467,10,1
10,2,fin_count,0.02962498172952735,10,1
10,2,rst_count,0.01638085650356185,10,1
10,2,HTTP,0.00033133267434136247,10,1
10,2,HTTPS,0.00012613470495464684,10,1
10,2,DNS,4.888175946231895e-07,10,1
10,2,Telnet,0.0,10,1
10,2,SMTP,0.0,10,1
10,2,SSH,0.0,10,1
10,2,IRC,0.0,10,1
10,2,TCP,0.0029826715523086356,10,1
10,2,UDP,0.008622370397523178,10,1
10,2,DHCP,0.0,10,1
10,2,ARP,2.373190226394729e-06,10,1
10,2,ICMP,0.0022618657395221697,10,1
10,2,IGMP,0.0,10,1
10,2,IPv,6.494036236715135e-07,10,1
10,2,LLC,1.106434211495001e-06,10,1
10,2,Tot sum,0.018250604971160343,10,1
10,2,Min,0.00022082302296515976,10,1
10,2,Max,0.0007124055134312379,10,1
10,2,AVG,0.0033088034955044065,10,1
10,2,Std,0.0008251344463353926,10,1
10,2,Tot size,0.0024841537401760405,10,1
10,2,IAT,0.003944530096980401,10,1
10,2,Number,0.004368914734718316,10,1
10,2,Variance,0.01090312743584913,10,1
10,3,Header_Length,0.006857019034464367,10,1
10,3,Protocol Type,0.0015070843788612042,10,1
10,3,Time_To_Live,0.00483118357820274,10,1
10,3,Rate,0.0019252708625241794,10,1
10,3,fin_flag_number,7.821204440138937e-05,10,1
10,3,syn_flag_number,0.050197875215378766,10,1
10,3,rst_flag_number,0.0004090525793003949,10,1
10,3,psh_flag_number,0.00022037264827592224,10,1
10,3,ack_flag_number,0.011453877738822466,10,1
10,3,ece_flag_number,0.0,10,1
10,3,cwr_flag_number,0.0,10,1
10,3,ack_count,0.018021672309307225,10,1
10,3,syn_count,0.0493732934169887,10,1
10,3,fin_count,0.03308979009799376,10,1
10,3,rst_count,0.01677519687281001,10,1
10,3,HTTP,0.00015136064518652347,10,1
10,3,HTTPS,0.00017356982820500023,10,1
10,3,DNS,5.303453670164908e-07,10,1
10,3,Telnet,0.0,10,1
10,3,SMTP,0.0,10,1
10,3,SSH,0.0,10,1
10,3,IRC,0.0,10,1
10,3,TCP,0.004167344521358726,10,1
10,3,UDP,0.008175125256470642,10,1
10,3,DHCP,0.0,10,1
10,3,ARP,1.4878186396101836e-06,10,1
10,3,ICMP,0.003066323785390891,10,1
10,3,IGMP,0.0,10,1
10,3,IPv,1.4101417854263529e-06,10,1
10,3,LLC,1.1676768978799207e-06,10,1
10,3,Tot sum,0.01874617452212078,10,1
10,3,Min,9.475736275840418e-05,10,1
10,3,Max,0.0014797406287395537,10,1
10,3,AVG,0.0036222781664936574,10,1
10,3,Std,0.0014650214173877352,10,1
10,3,Tot size,0.002992993923164384,10,1
10,3,IAT,0.002285992185887693,10,1
10,3,Number,0.002749237372613358,10,1
10,3,Variance,0.013325408124065206,10,1
10,4,Header_Length,0.01262080569918762,10,1
10,4,Protocol Type,0.004446109644513108,10,1
10,4,Time_To_Live,0.0036744446186227717,10,1
10,4,Rate,0.0008920586815257547,10,1
10,4,fin_flag_number,0.0009261811691060695,10,1
10,4,syn_flag_number,0.08415091032066847,10,1
10,4,rst_flag_number,0.0009410038723934188,10,1
10,4,psh_flag_number,0.0007622331095031598,10,1
10,4,ack_flag_number,0.06098284482454204,10,1
10,4,ece_flag_number,0.0,10,1
10,4,cwr_flag_number,0.0,10,1
10,4,ack_count,0.038375320403096394,10,1
10,4,syn_count,0.0898932360547962,10,1
10,4,fin_count,0.04751059858817881,10,1
10,4,rst_count,0.02983956749560747,10,1
10,4,HTTP,0.00036135247908282707,10,1
10,4,HTTPS,0.0001272565546722148,10,1
10,4,DNS,1.0757300929731018e-05,10,1
10,4,Telnet,0.0,10,1
10,4,SMTP,0.0,10,1
10,4,SSH,0.0,10,1
10,4,IRC,0.0,10,1
10,4,TCP,0.004247681549873348,10,1
10,4,UDP,0.009943411454012896,10,1
10,4,DHCP,0.0,10,1
10,4,ARP,1.2391806852275785e-05,10,1
10,4,ICMP,0.004187562426381155,10,1
10,4,IGMP,0.0,10,1
10,4,IPv,1.517854423043548e-05,10,1
10,4,LLC,1.4259138292871018e-05,10,1
10,4,Tot sum,0.02512936596060186,10,1
10,4,Min,0.00019050046276913868,10,1
10,4,Max,0.018617631599734015,10,1
10,4,AVG,0.010242629875814445,10,1
10,4,Std,0.00962466062775441,10,1
10,4,Tot size,0.004741307397378786,10,1
10,4,IAT,0.005676192767328274,10,1
10,4,Number,0.002998181629272807,10,1
10,4,Variance,0.011139024852434308,10,1
10,5,Header_Length,0.003765964835027482,10,1
10,5,Protocol Type,0.0005824601172211166,10,1
10,5,Time_To_Live,0.0029964802695928937,10,1
10,5,Rate,0.0006651028033521261,10,1
10,5,fin_flag_number,7.637035790202966e-05,10,1
10,5,syn_flag_number,0.02356904785937379,10,1
10,5,rst_flag_number,0.0004341308937519622,10,1
10,5,psh_flag_number,0.00012013381910031683,10,1
10,5,ack_flag_number,0.007757579060469197,10,1
10,5,ece_flag_number,0.0,10,1
10,5,cwr_flag_number,0.0,10,1
10,5,ack_count,0.011174517279483496,10,1
10,5,syn_count,0.02798146160952809,10,1
10,5,fin_count,0.030334963602679982,10,1
10,5,rst_count,0.01995378381397954,10,1
10,5,HTTP,0.0001513234569149524,10,1
10,5,HTTPS,7.434178821404292e-05,10,1
10,5,DNS,4.703879206768635e-07,10,1
10,5,Telnet,0.0,10,1
10,5,SMTP,0.0,10,1
10,5,SSH,0.0,10,1
10,5,IRC,0.0,10,1
10,5,TCP,0.0020119757347594903,10,1
10,5,UDP,0.005960247625840843,10,1
10,5,DHCP,0.0,10,1
10,5,ARP,1.5044724767380897e-06,10,1
10,5,ICMP,0.0013954732744556814,10,1
10,5,IGMP,0.0,10,1
10,5,IPv,8.2036336574961e-07,10,1
10,5,LLC,6.124020973356659e-07,10,1
10,5,Tot sum,0.017558979721311516,10,1
10,5,Min,0.0001723198751759014,10,1
10,5,Max,0.00066988466300348,10,1
10,5,AVG,0.002781714179717536,10,1
10,5,Std,0.0010983161019667077,10,1
10,5,Tot size,0.001465700436725541,10,1
10,5,IAT,0.002162103257941155,10,1
10,5,Number,0.003064854692447976,10,1
10,5,Variance,0.009667667752798117,10,1
11,1,Header_Length,0.0009169088736730446,10,0
11,1,Protocol Type,0.00018280004156869033,10,0
11,1,Time_To_Live,0.004572489460320827,10,0
11,1,Rate,0.0001060122021969298,10,0
11,1,fin_flag_number,9.64375395931771e-05,10,0
11,1,syn_flag_number,0.006624938902936677,10,0
11,1,rst_flag_number,0.00011067165179321048,10,0
11,1,psh_flag_number,0.0001309167772742792,10,0
11,1,ack_flag_number,0.007920996088071206,10,0
11,1,ece_flag_number,0.0,10,0
11,1,cwr_flag_number,0.0,10,0
11,1,ack_count,0.005341138184253298,10,0
11,1,syn_count,0.005592820721316962,10,0
11,1,fin_count,0.004968545026424991,10,0
11,1,rst_count,0.0038455485892685284,10,0
11,1,HTTP,3.157373166133015e-05,10,0
11,1,HTTPS,2.066535829755585e-05,10,0
11,1,DNS,4.1491271687056776e-07,10,0
11,1,Telnet,0.0,10,0
11,1,SMTP,0.0,10,0
11,1,SSH,0.0,10,0
11,1,IRC,0.0,10,0
11,1,TCP,0.0003790122980277724,10,0
11,1,UDP,0.0007368678295017261,10,0
11,1,DHCP,0.0,10,0
11,1,ARP,5.549203500426197e-07,10,0
11,1,ICMP,0.00021994588516118017,10,0
11,1,IGMP,0.0,10,0
11,1,IPv,6.965170825951939e-07,10,0
11,1,LLC,6.495306059137889e-07,10,0
11,1,Tot sum,0.019608814773418987,10,0
11,1,Min,0.00011042072402906944,10,0
11,1,Max,0.0010834897012501066,10,0
11,1,AVG,0.003400788575660503,10,0
11,1,Std,0.0005924733831158329,10,0
11,1,Tot size,0.002631559151895422,10,0
11,1,IAT,0.0014550593596059614,10,0
11,1,Number,0.0020642743311861623,10,0
11,1,Variance,0.003287636110692991,10,0
11,2,Header_Length,0.005558452019672089,10,0
11,2,Protocol Type,0.0007221699135963168,10,0
11,2,Time_To_Live,0.00444974999850217,10,0
11,2,Rate,0.0009372822240360402,10,0
11,2,fin_flag_number,6.692614378232412e-05,10,0
11,2,syn_flag_number,0.047557636159656254,10,0
11,2,rst_flag_number,0.0003884065672933136,10,0
11,2,psh_flag_number,0.00010871910532105614,10,0
11,2,ack_flag_number,0.009960578643297992,10,0
11,2,ece_flag_number,0.0,10,0
11,2,cwr_flag_number,0.0,10,0
11,2,ack_count,0.016159360587840864,10,0
11,2,syn_count,0.04619700970572467,10,0
11,2,fin_count,0.02962498172952735,10,0
11,2,rst_count,0.01638085650356185,10,0
11,2,HTTP,0.00033133267434136247,10,0
11,2,HTTPS,0.00012613470495464684,10,0
11,2,DNS,4.888175946231895e-07,10,0
11,2,Telnet,0.0,10,0
11,2,SMTP,0.0,10,0
11,2,SSH,0.0,10,0
11,2,IRC,0.0,10,0
11,2,TCP,0.0029826715523086356,10,0
11,2,UDP,0.008622370397523178,10,0
11,2,DHCP,0.0,10,0
11,2,ARP,2.373190226394729e-06,10,0
11,2,ICMP,0.0022618657395221697,10,0
11,2,IGMP,0.0,10,0
11,2,IPv,6.494036236715135e-07,10,0
11,2,LLC,1.106434211495001e-06,10,0
11,2,Tot sum,0.018250604971160343,10,0
11,2,Min,0.00022082302296515976,10,0
11,2,Max,0.0007124055134312379,10,0
11,2,AVG,0.0033088034955044065,10,0
11,2,Std,0.0008251344463353926,10,0
11,2,Tot size,0.0024841537401760405,10,0
11,2,IAT,0.003944530096980401,10,0
11,2,Number,0.004368914734718316,10,0
11,2,Variance,0.01090312743584913,10,0
11,3,Header_Length,0.006857019034464367,10,0
11,3,Protocol Type,0.0015070843788612042,10,0
11,3,Time_To_Live,0.00483118357820274,10,0
11,3,Rate,0.0019252708625241794,10,0
11,3,fin_flag_number,7.821204440138937e-05,10,0
11,3,syn_flag_number,0.050197875215378766,10,0
11,3,rst_flag_number,0.0004090525793003949,10,0
11,3,psh_flag_number,0.00022037264827592224,10,0
11,3,ack_flag_number,0.011453877738822466,10,0
11,3,ece_flag_number,0.0,10,0
11,3,cwr_flag_number,0.0,10,0
11,3,ack_count,0.018021672309307225,10,0
11,3,syn_count,0.0493732934169887,10,0
11,3,fin_count,0.03308979009799376,10,0
11,3,rst_count,0.01677519687281001,10,0
11,3,HTTP,0.00015136064518652347,10,0
11,3,HTTPS,0.00017356982820500023,10,0
11,3,DNS,5.303453670164908e-07,10,0
11,3,Telnet,0.0,10,0
11,3,SMTP,0.0,10,0
11,3,SSH,0.0,10,0
11,3,IRC,0.0,10,0
11,3,TCP,0.004167344521358726,10,0
11,3,UDP,0.008175125256470642,10,0
11,3,DHCP,0.0,10,0
11,3,ARP,1.4878186396101836e-06,10,0
11,3,ICMP,0.003066323785390891,10,0
11,3,IGMP,0.0,10,0
11,3,IPv,1.4101417854263529e-06,10,0
11,3,LLC,1.1676768978799207e-06,10,0
11,3,Tot sum,0.01874617452212078,10,0
11,3,Min,9.475736275840418e-05,10,0
11,3,Max,0.0014797406287395537,10,0
11,3,AVG,0.0036222781664936574,10,0
11,3,Std,0.0014650214173877352,10,0
11,3,Tot size,0.002992993923164384,10,0
11,3,IAT,0.002285992185887693,10,0
11,3,Number,0.002749237372613358,10,0
11,3,Variance,0.013325408124065206,10,0
11,4,Header_Length,0.01262080569918762,10,0
11,4,Protocol Type,0.004446109644513108,10,0
11,4,Time_To_Live,0.0036744446186227717,10,0
11,4,Rate,0.0008920586815257547,10,0
11,4,fin_flag_number,0.0009261811691060695,10,0
11,4,syn_flag_number,0.08415091032066847,10,0
11,4,rst_flag_number,0.0009410038723934188,10,0
11,4,psh_flag_number,0.0007622331095031598,10,0
11,4,ack_flag_number,0.06098284482454204,10,0
11,4,ece_flag_number,0.0,10,0
11,4,cwr_flag_number,0.0,10,0
11,4,ack_count,0.038375320403096394,10,0
11,4,syn_count,0.0898932360547962,10,0
11,4,fin_count,0.04751059858817881,10,0
11,4,rst_count,0.02983956749560747,10,0
11,4,HTTP,0.00036135247908282707,10,0
11,4,HTTPS,0.0001272565546722148,10,0
11,4,DNS,1.0757300929731018e-05,10,0
11,4,Telnet,0.0,10,0
11,4,SMTP,0.0,10,0
11,4,SSH,0.0,10,0
11,4,IRC,0.0,10,0
11,4,TCP,0.004247681549873348,10,0
11,4,UDP,0.009943411454012896,10,0
11,4,DHCP,0.0,10,0
11,4,ARP,1.2391806852275785e-05,10,0
11,4,ICMP,0.004187562426381155,10,0
11,4,IGMP,0.0,10,0
11,4,IPv,1.517854423043548e-05,10,0
11,4,LLC,1.4259138292871018e-05,10,0
11,4,Tot sum,0.02512936596060186,10,0
11,4,Min,0.00019050046276913868,10,0
11,4,Max,0.018617631599734015,10,0
11,4,AVG,0.010242629875814445,10,0
11,4,Std,0.00962466062775441,10,0
11,4,Tot size,0.004741307397378786,10,0
11,4,IAT,0.005676192767328274,10,0
11,4,Number,0.002998181629272807,10,0
11,4,Variance,0.011139024852434308,10,0
11,5,Header_Length,0.003765964835027482,10,0
11,5,Protocol Type,0.0005824601172211166,10,0
11,5,Time_To_Live,0.0029964802695928937,10,0
11,5,Rate,0.0006651028033521261,10,0
11,5,fin_flag_number,7.637035790202966e-05,10,0
11,5,syn_flag_number,0.02356904785937379,10,0
11,5,rst_flag_number,0.0004341308937519622,10,0
11,5,psh_flag_number,0.00012013381910031683,10,0
11,5,ack_flag_number,0.007757579060469197,10,0
11,5,ece_flag_number,0.0,10,0
11,5,cwr_flag_number,0.0,10,0
11,5,ack_count,0.011174517279483496,10,0
11,5,syn_count,0.02798146160952809,10,0
11,5,fin_count,0.030334963602679982,10,0
11,5,rst_count,0.01995378381397954,10,0
11,5,HTTP,0.0001513234569149524,10,0
11,5,HTTPS,7.434178821404292e-05,10,0
11,5,DNS,4.703879206768635e-07,10,0
11,5,Telnet,0.0,10,0
11,5,SMTP,0.0,10,0
11,5,SSH,0.0,10,0
11,5,IRC,0.0,10,0
11,5,TCP,0.0020119757347594903,10,0
11,5,UDP,0.005960247625840843,10,0
11,5,DHCP,0.0,10,0
11,5,ARP,1.5044724767380897e-06,10,0
11,5,ICMP,0.0013954732744556814,10,0
11,5,IGMP,0.0,10,0
11,5,IPv,8.2036336574961e-07,10,0
11,5,LLC,6.124020973356659e-07,10,0
11,5,Tot sum,0.017558979721311516,10,0
11,5,Min,0.0001723198751759014,10,0
11,5,Max,0.00066988466300348,10,0
11,5,AVG,0.002781714179717536,10,0
11,5,Std,0.0010983161019667077,10,0
11,5,Tot size,0.001465700436725541,10,0
11,5,IAT,0.002162103257941155,10,0
11,5,Number,0.003064854692447976,10,0
11,5,Variance,0.009667667752798117,10,0
12,1,Header_Length,0.0009169088736730446,10,0
12,1,Protocol Type,0.00018280004156869033,10,0
12,1,Time_To_Live,0.004572489460320827,10,0
12,1,Rate,0.0001060122021969298,10,0
12,1,fin_flag_number,9.64375395931771e-05,10,0
12,1,syn_flag_number,0.006624938902936677,10,0
12,1,rst_flag_number,0.00011067165179321048,10,0
12,1,psh_flag_number,0.0001309167772742792,10,0
12,1,ack_flag_number,0.007920996088071206,10,0
12,1,ece_flag_number,0.0,10,0
12,1,cwr_flag_number,0.0,10,0
12,1,ack_count,0.005341138184253298,10,0
12,1,syn_count,0.005592820721316962,10,0
12,1,fin_count,0.004968545026424991,10,0
12,1,rst_count,0.0038455485892685284,10,0
12,1,HTTP,3.157373166133015e-05,10,0
12,1,HTTPS,2.066535829755585e-05,10,0
12,1,DNS,4.1491271687056776e-07,10,0
12,1,Telnet,0.0,10,0
12,1,SMTP,0.0,10,0
12,1,SSH,0.0,10,0
12,1,IRC,0.0,10,0
12,1,TCP,0.0003790122980277724,10,0
12,1,UDP,0.0007368678295017261,10,0
12,1,DHCP,0.0,10,0
12,1,ARP,5.549203500426197e-07,10,0
12,1,ICMP,0.00021994588516118017,10,0
12,1,IGMP,0.0,10,0
12,1,IPv,6.965170825951939e-07,10,0
12,1,LLC,6.495306059137889e-07,10,0
12,1,Tot sum,0.019608814773418987,10,0
12,1,Min,0.00011042072402906944,10,0
12,1,Max,0.0010834897012501066,10,0
12,1,AVG,0.003400788575660503,10,0
12,1,Std,0.0005924733831158329,10,0
12,1,Tot size,0.002631559151895422,10,0
12,1,IAT,0.0014550593596059614,10,0
12,1,Number,0.0020642743311861623,10,0
12,1,Variance,0.003287636110692991,10,0
12,2,Header_Length,0.005558452019672089,10,0
12,2,Protocol Type,0.0007221699135963168,10,0
12,2,Time_To_Live,0.00444974999850217,10,0
12,2,Rate,0.0009372822240360402,10,0
12,2,fin_flag_number,6.692614378232412e-05,10,0
12,2,syn_flag_number,0.047557636159656254,10,0
12,2,rst_flag_number,0.0003884065672933136,10,0
12,2,psh_flag_number,0.00010871910532105614,10,0
12,2,ack_flag_number,0.009960578643297992,10,0
12,2,ece_flag_number,0.0,10,0
12,2,cwr_flag_number,0.0,10,0
12,2,ack_count,0.016159360587840864,10,0
12,2,syn_count,0.04619700970572467,10,0
12,2,fin_count,0.02962498172952735,10,0
12,2,rst_count,0.01638085650356185,10,0
12,2,HTTP,0.00033133267434136247,10,0
12,2,HTTPS,0.00012613470495464684,10,0
12,2,DNS,4.888175946231895e-07,10,0
12,2,Telnet,0.0,10,0
12,2,SMTP,0.0,10,0
12,2,SSH,0.0,10,0
12,2,IRC,0.0,10,0
12,2,TCP,0.0029826715523086356,10,0
12,2,UDP,0.008622370397523178,10,0
12,2,DHCP,0.0,10,0
12,2,ARP,2.373190226394729e-06,10,0
12,2,ICMP,0.0022618657395221697,10,0
12,2,IGMP,0.0,10,0
12,2,IPv,6.494036236715135e-07,10,0
12,2,LLC,1.106434211495001e-06,10,0
12,2,Tot sum,0.018250604971160343,10,0
12,2,Min,0.00022082302296515976,10,0
12,2,Max,0.0007124055134312379,10,0
12,2,AVG,0.0033088034955044065,10,0
12,2,Std,0.0008251344463353926,10,0
12,2,Tot size,0.0024841537401760405,10,0
12,2,IAT,0.003944530096980401,10,0
12,2,Number,0.004368914734718316,10,0
12,2,Variance,0.01090312743584913,10,0
12,3,Header_Length,0.006857019034464367,10,0
12,3,Protocol Type,0.0015070843788612042,10,0
12,3,Time_To_Live,0.00483118357820274,10,0
12,3,Rate,0.0019252708625241794,10,0
12,3,fin_flag_number,7.821204440138937e-05,10,0
12,3,syn_flag_number,0.050197875215378766,10,0
12,3,rst_flag_number,0.0004090525793003949,10,0
12,3,psh_flag_number,0.00022037264827592224,10,0
12,3,ack_flag_number,0.011453877738822466,10,0
12,3,ece_flag_number,0.0,10,0
12,3,cwr_flag_number,0.0,10,0
12,3,ack_count,0.018021672309307225,10,0
12,3,syn_count,0.0493732934169887,10,0
12,3,fin_count,0.03308979009799376,10,0
12,3,rst_count,0.01677519687281001,10,0
12,3,HTTP,0.00015136064518652347,10,0
12,3,HTTPS,0.00017356982820500023,10,0
12,3,DNS,5.303453670164908e-07,10,0
12,3,Telnet,0.0,10,0
12,3,SMTP,0.0,10,0
12,3,SSH,0.0,10,0
12,3,IRC,0.0,10,0
12,3,TCP,0.004167344521358726,10,0
12,3,UDP,0.008175125256470642,10,0
12,3,DHCP,0.0,10,0
12,3,ARP,1.4878186396101836e-06,10,0
12,3,ICMP,0.003066323785390891,10,0
12,3,IGMP,0.0,10,0
12,3,IPv,1.4101417854263529e-06,10,0
12,3,LLC,1.1676768978799207e-06,10,0
12,3,Tot sum,0.01874617452212078,10,0
12,3,Min,9.475736275840418e-05,10,0
12,3,Max,0.0014797406287395537,10,0
12,3,AVG,0.0036222781664936574,10,0
12,3,Std,0.0014650214173877352,10,0
12,3,Tot size,0.002992993923164384,10,0
12,3,IAT,0.002285992185887693,10,0
12,3,Number,0.002749237372613358,10,0
12,3,Variance,0.013325408124065206,10,0
12,4,Header_Length,0.01262080569918762,10,0
12,4,Protocol Type,0.004446109644513108,10,0
12,4,Time_To_Live,0.0036744446186227717,10,0
12,4,Rate,0.0008920586815257547,10,0
12,4,fin_flag_number,0.0009261811691060695,10,0
12,4,syn_flag_number,0.08415091032066847,10,0
12,4,rst_flag_number,0.0009410038723934188,10,0
12,4,psh_flag_number,0.0007622331095031598,10,0
12,4,ack_flag_number,0.06098284482454204,10,0
12,4,ece_flag_number,0.0,10,0
12,4,cwr_flag_number,0.0,10,0
12,4,ack_count,0.038375320403096394,10,0
12,4,syn_count,0.0898932360547962,10,0
12,4,fin_count,0.04751059858817881,10,0
12,4,rst_count,0.02983956749560747,10,0
12,4,HTTP,0.00036135247908282707,10,0
12,4,HTTPS,0.0001272565546722148,10,0
12,4,DNS,1.0757300929731018e-05,10,0
12,4,Telnet,0.0,10,0
12,4,SMTP,0.0,10,0
12,4,SSH,0.0,10,0
12,4,IRC,0.0,10,0
12,4,TCP,0.004247681549873348,10,0
12,4,UDP,0.009943411454012896,10,0
12,4,DHCP,0.0,10,0
12,4,ARP,1.2391806852275785e-05,10,0
12,4,ICMP,0.004187562426381155,10,0
12,4,IGMP,0.0,10,0
12,4,IPv,1.517854423043548e-05,10,0
12,4,LLC,1.4259138292871018e-05,10,0
12,4,Tot sum,0.02512936596060186,10,0
12,4,Min,0.00019050046276913868,10,0
12,4,Max,0.018617631599734015,10,0
12,4,AVG,0.010242629875814445,10,0
12,4,Std,0.00962466062775441,10,0
12,4,Tot size,0.004741307397378786,10,0
12,4,IAT,0.005676192767328274,10,0
12,4,Number,0.002998181629272807,10,0
12,4,Variance,0.011139024852434308,10,0
12,5,Header_Length,0.003765964835027482,10,0
12,5,Protocol Type,0.0005824601172211166,10,0
12,5,Time_To_Live,0.0029964802695928937,10,0
12,5,Rate,0.0006651028033521261,10,0
12,5,fin_flag_number,7.637035790202966e-05,10,0
12,5,syn_flag_number,0.02356904785937379,10,0
12,5,rst_flag_number,0.0004341308937519622,10,0
12,5,psh_flag_number,0.00012013381910031683,10,0
12,5,ack_flag_number,0.007757579060469197,10,0
12,5,ece_flag_number,0.0,10,0
12,5,cwr_flag_number,0.0,10,0
12,5,ack_count,0.011174517279483496,10,0
12,5,syn_count,0.02798146160952809,10,0
12,5,fin_count,0.030334963602679982,10,0
12,5,rst_count,0.01995378381397954,10,0
12,5,HTTP,0.0001513234569149524,10,0
12,5,HTTPS,7.434178821404292e-05,10,0
12,5,DNS,4.703879206768635e-07,10,0
12,5,Telnet,0.0,10,0
12,5,SMTP,0.0,10,0
12,5,SSH,0.0,10,0
12,5,IRC,0.0,10,0
12,5,TCP,0.0020119757347594903,10,0
12,5,UDP,0.005960247625840843,10,0
12,5,DHCP,0.0,10,0
12,5,ARP,1.5044724767380897e-06,10,0
12,5,ICMP,0.0013954732744556814,10,0
12,5,IGMP,0.0,10,0
12,5,IPv,8.2036336574961e-07,10,0
12,5,LLC,6.124020973356659e-07,10,0
12,5,Tot sum,0.017558979721311516,10,0
12,5,Min,0.0001723198751759014,10,0
12,5,Max,0.00066988466300348,10,0
12,5,AVG,0.002781714179717536,10,0
12,5,Std,0.0010983161019667077,10,0
12,5,Tot size,0.001465700436725541,10,0
12,5,IAT,0.002162103257941155,10,0
12,5,Number,0.003064854692447976,10,0
12,5,Variance,0.009667667752798117,10,0
13,1,Header_Length,0.0009169088736730446,10,0
13,1,Protocol Type,0.00018280004156869033,10,0
13,1,Time_To_Live,0.004572489460320827,10,0
13,1,Rate,0.0001060122021969298,10,0
13,1,fin_flag_number,9.64375395931771e-05,10,0
13,1,syn_flag_number,0.006624938902936677,10,0
13,1,rst_flag_number,0.00011067165179321048,10,0
13,1,psh_flag_number,0.0001309167772742792,10,0
13,1,ack_flag_number,0.007920996088071206,10,0
13,1,ece_flag_number,0.0,10,0
13,1,cwr_flag_number,0.0,10,0
13,1,ack_count,0.005341138184253298,10,0
13,1,syn_count,0.005592820721316962,10,0
13,1,fin_count,0.004968545026424991,10,0
13,1,rst_count,0.0038455485892685284,10,0
13,1,HTTP,3.157373166133015e-05,10,0
13,1,HTTPS,2.066535829755585e-05,10,0
13,1,DNS,4.1491271687056776e-07,10,0
13,1,Telnet,0.0,10,0
13,1,SMTP,0.0,10,0
13,1,SSH,0.0,10,0
13,1,IRC,0.0,10,0
13,1,TCP,0.0003790122980277724,10,0
13,1,UDP,0.0007368678295017261,10,0
13,1,DHCP,0.0,10,0
13,1,ARP,5.549203500426197e-07,10,0
13,1,ICMP,0.00021994588516118017,10,0
13,1,IGMP,0.0,10,0
13,1,IPv,6.965170825951939e-07,10,0
13,1,LLC,6.495306059137889e-07,10,0
13,1,Tot sum,0.019608814773418987,10,0
13,1,Min,0.00011042072402906944,10,0
13,1,Max,0.0010834897012501066,10,0
13,1,AVG,0.003400788575660503,10,0
13,1,Std,0.0005924733831158329,10,0
13,1,Tot size,0.002631559151895422,10,0
13,1,IAT,0.0014550593596059614,10,0
13,1,Number,0.0020642743311861623,10,0
13,1,Variance,0.003287636110692991,10,0
13,2,Header_Length,0.005558452019672089,10,0
13,2,Protocol Type,0.0007221699135963168,10,0
13,2,Time_To_Live,0.00444974999850217,10,0
13,2,Rate,0.0009372822240360402,10,0
13,2,fin_flag_number,6.692614378232412e-05,10,0
13,2,syn_flag_number,0.047557636159656254,10,0
13,2,rst_flag_number,0.0003884065672933136,10,0
13,2,psh_flag_number,0.00010871910532105614,10,0
13,2,ack_flag_number,0.009960578643297992,10,0
13,2,ece_flag_number,0.0,10,0
13,2,cwr_flag_number,0.0,10,0
13,2,ack_count,0.016159360587840864,10,0
13,2,syn_count,0.04619700970572467,10,0
13,2,fin_count,0.02962498172952735,10,0
13,2,rst_count,0.01638085650356185,10,0
13,2,HTTP,0.00033133267434136247,10,0
13,2,HTTPS,0.00012613470495464684,10,0
13,2,DNS,4.888175946231895e-07,10,0
13,2,Telnet,0.0,10,0
13,2,SMTP,0.0,10,0
13,2,SSH,0.0,10,0
13,2,IRC,0.0,10,0
13,2,TCP,0.0029826715523086356,10,0
13,2,UDP,0.008622370397523178,10,0
13,2,DHCP,0.0,10,0
13,2,ARP,2.373190226394729e-06,10,0
13,2,ICMP,0.0022618657395221697,10,0
13,2,IGMP,0.0,10,0
13,2,IPv,6.494036236715135e-07,10,0
13,2,LLC,1.106434211495001e-06,10,0
13,2,Tot sum,0.018250604971160343,10,0
13,2,Min,0.00022082302296515976,10,0
13,2,Max,0.0007124055134312379,10,0
13,2,AVG,0.0033088034955044065,10,0
13,2,Std,0.0008251344463353926,10,0
13,2,Tot size,0.0024841537401760405,10,0
13,2,IAT,0.003944530096980401,10,0
13,2,Number,0.004368914734718316,10,0
13,2,Variance,0.01090312743584913,10,0
13,3,Header_Length,0.006857019034464367,10,0
13,3,Protocol Type,0.0015070843788612042,10,0
13,3,Time_To_Live,0.00483118357820274,10,0
13,3,Rate,0.0019252708625241794,10,0
13,3,fin_flag_number,7.821204440138937e-05,10,0
13,3,syn_flag_number,0.050197875215378766,10,0
13,3,rst_flag_number,0.0004090525793003949,10,0
13,3,psh_flag_number,0.00022037264827592224,10,0
13,3,ack_flag_number,0.011453877738822466,10,0
13,3,ece_flag_number,0.0,10,0
13,3,cwr_flag_number,0.0,10,0
13,3,ack_count,0.018021672309307225,10,0
13,3,syn_count,0.0493732934169887,10,0
13,3,fin_count,0.03308979009799376,10,0
13,3,rst_count,0.01677519687281001,10,0
13,3,HTTP,0.00015136064518652347,10,0
13,3,HTTPS,0.00017356982820500023,10,0
13,3,DNS,5.303453670164908e-07,10,0
13,3,Telnet,0.0,10,0
13,3,SMTP,0.0,10,0
13,3,SSH,0.0,10,0
13,3,IRC,0.0,10,0
13,3,TCP,0.004167344521358726,10,0
13,3,UDP,0.008175125256470642,10,0
13,3,DHCP,0.0,10,0
13,3,ARP,1.4878186396101836e-06,10,0
13,3,ICMP,0.003066323785390891,10,0
13,3,IGMP,0.0,10,0
13,3,IPv,1.4101417854263529e-06,10,0
13,3,LLC,1.1676768978799207e-06,10,0
13,3,Tot sum,0.01874617452212078,10,0
13,3,Min,9.475736275840418e-05,10,0
13,3,Max,0.0014797406287395537,10,0
13,3,AVG,0.0036222781664936574,10,0
13,3,Std,0.0014650214173877352,10,0
13,3,Tot size,0.002992993923164384,10,0
13,3,IAT,0.002285992185887693,10,0
13,3,Number,0.002749237372613358,10,0
13,3,Variance,0.013325408124065206,10,0
13,4,Header_Length,0.01262080569918762,10,0
13,4,Protocol Type,0.004446109644513108,10,0
13,4,Time_To_Live,0.0036744446186227717,10,0
13,4,Rate,0.0008920586815257547,10,0
13,4,fin_flag_number,0.0009261811691060695,10,0
13,4,syn_flag_number,0.08415091032066847,10,0
13,4,rst_flag_number,0.0009410038723934188,10,0
13,4,psh_flag_number,0.0007622331095031598,10,0
13,4,ack_flag_number,0.06098284482454204,10,0
13,4,ece_flag_number,0.0,10,0
13,4,cwr_flag_number,0.0,10,0
13,4,ack_count,0.038375320403096394,10,0
13,4,syn_count,0.0898932360547962,10,0
13,4,fin_count,0.04751059858817881,10,0
13,4,rst_count,0.02983956749560747,10,0
13,4,HTTP,0.00036135247908282707,10,0
13,4,HTTPS,0.0001272565546722148,10,0
13,4,DNS,1.0757300929731018e-05,10,0
13,4,Telnet,0.0,10,0
13,4,SMTP,0.0,10,0
13,4,SSH,0.0,10,0
13,4,IRC,0.0,10,0
13,4,TCP,0.004247681549873348,10,0
13,4,UDP,0.009943411454012896,10,0
13,4,DHCP,0.0,10,0
13,4,ARP,1.2391806852275785e-05,10,0
13,4,ICMP,0.004187562426381155,10,0
13,4,IGMP,0.0,10,0
13,4,IPv,1.517854423043548e-05,10,0
13,4,LLC,1.4259138292871018e-05,10,0
13,4,Tot sum,0.02512936596060186,10,0
13,4,Min,0.00019050046276913868,10,0
13,4,Max,0.018617631599734015,10,0
13,4,AVG,0.010242629875814445,10,0
13,4,Std,0.00962466062775441,10,0
13,4,Tot size,0.004741307397378786,10,0
13,4,IAT,0.005676192767328274,10,0
13,4,Number,0.002998181629272807,10,0
13,4,Variance,0.011139024852434308,10,0
13,5,Header_Length,0.003765964835027482,10,0
13,5,Protocol Type,0.0005824601172211166,10,0
13,5,Time_To_Live,0.0029964802695928937,10,0
13,5,Rate,0.0006651028033521261,10,0
13,5,fin_flag_number,7.637035790202966e-05,10,0
13,5,syn_flag_number,0.02356904785937379,10,0
13,5,rst_flag_number,0.0004341308937519622,10,0
13,5,psh_flag_number,0.00012013381910031683,10,0
13,5,ack_flag_number,0.007757579060469197,10,0
13,5,ece_flag_number,0.0,10,0
13,5,cwr_flag_number,0.0,10,0
13,5,ack_count,0.011174517279483496,10,0
13,5,syn_count,0.02798146160952809,10,0
13,5,fin_count,0.030334963602679982,10,0
13,5,rst_count,0.01995378381397954,10,0
13,5,HTTP,0.0001513234569149524,10,0
13,5,HTTPS,7.434178821404292e-05,10,0
13,5,DNS,4.703879206768635e-07,10,0
13,5,Telnet,0.0,10,0
13,5,SMTP,0.0,10,0
13,5,SSH,0.0,10,0
13,5,IRC,0.0,10,0
13,5,TCP,0.0020119757347594903,10,0
13,5,UDP,0.005960247625840843,10,0
13,5,DHCP,0.0,10,0
13,5,ARP,1.5044724767380897e-06,10,0
13,5,ICMP,0.0013954732744556814,10,0
13,5,IGMP,0.0,10,0
13,5,IPv,8.2036336574961e-07,10,0
13,5,LLC,6.124020973356659e-07,10,0
13,5,Tot sum,0.017558979721311516,10,0
13,5,Min,0.0001723198751759014,10,0
13,5,Max,0.00066988466300348,10,0
13,5,AVG,0.002781714179717536,10,0
13,5,Std,0.0010983161019667077,10,0
13,5,Tot size,0.001465700436725541,10,0
13,5,IAT,0.002162103257941155,10,0
13,5,Number,0.003064854692447976,10,0
13,5,Variance,0.009667667752798117,10,0
14,1,Header_Length,0.0009169088736730446,10,0
14,1,Protocol Type,0.00018280004156869033,10,0
14,1,Time_To_Live,0.004572489460320827,10,0
14,1,Rate,0.0001060122021969298,10,0
14,1,fin_flag_number,9.64375395931771e-05,10,0
14,1,syn_flag_number,0.006624938902936677,10,0
14,1,rst_flag_number,0.00011067165179321048,10,0
14,1,psh_flag_number,0.0001309167772742792,10,0
14,1,ack_flag_number,0.007920996088071206,10,0
14,1,ece_flag_number,0.0,10,0
14,1,cwr_flag_number,0.0,10,0
14,1,ack_count,0.005341138184253298,10,0
14,1,syn_count,0.005592820721316962,10,0
14,1,fin_count,0.004968545026424991,10,0
14,1,rst_count,0.0038455485892685284,10,0
14,1,HTTP,3.157373166133015e-05,10,0
14,1,HTTPS,2.066535829755585e-05,10,0
14,1,DNS,4.1491271687056776e-07,10,0
14,1,Telnet,0.0,10,0
14,1,SMTP,0.0,10,0
14,1,SSH,0.0,10,0
14,1,IRC,0.0,10,0
14,1,TCP,0.0003790122980277724,10,0
14,1,UDP,0.0007368678295017261,10,0
14,1,DHCP,0.0,10,0
14,1,ARP,5.549203500426197e-07,10,0
14,1,ICMP,0.00021994588516118017,10,0
14,1,IGMP,0.0,10,0
14,1,IPv,6.965170825951939e-07,10,0
14,1,LLC,6.495306059137889e-07,10,0
14,1,Tot sum,0.019608814773418987,10,0
14,1,Min,0.00011042072402906944,10,0
14,1,Max,0.0010834897012501066,10,0
14,1,AVG,0.003400788575660503,10,0
14,1,Std,0.0005924733831158329,10,0
14,1,Tot size,0.002631559151895422,10,0
14,1,IAT,0.0014550593596059614,10,0
14,1,Number,0.0020642743311861623,10,0
14,1,Variance,0.003287636110692991,10,0
14,2,Header_Length,0.005558452019672089,10,0
14,2,Protocol Type,0.0007221699135963168,10,0
14,2,Time_To_Live,0.00444974999850217,10,0
14,2,Rate,0.0009372822240360402,10,0
14,2,fin_flag_number,6.692614378232412e-05,10,0
14,2,syn_flag_number,0.047557636159656254,10,0
14,2,rst_flag_number,0.0003884065672933136,10,0
14,2,psh_flag_number,0.00010871910532105614,10,0
14,2,ack_flag_number,0.009960578643297992,10,0
14,2,ece_flag_number,0.0,10,0
14,2,cwr_flag_number,0.0,10,0
14,2,ack_count,0.016159360587840864,10,0
14,2,syn_count,0.04619700970572467,10,0
14,2,fin_count,0.02962498172952735,10,0
14,2,rst_count,0.01638085650356185,10,0
14,2,HTTP,0.00033133267434136247,10,0
14,2,HTTPS,0.00012613470495464684,10,0
14,2,DNS,4.888175946231895e-07,10,0
14,2,Telnet,0.0,10,0
14,2,SMTP,0.0,10,0
14,2,SSH,0.0,10,0
14,2,IRC,0.0,10,0
14,2,TCP,0.0029826715523086356,10,0
14,2,UDP,0.008622370397523178,10,0
14,2,DHCP,0.0,10,0
14,2,ARP,2.373190226394729e-06,10,0
14,2,ICMP,0.0022618657395221697,10,0
14,2,IGMP,0.0,10,0
14,2,IPv,6.494036236715135e-07,10,0
14,2,LLC,1.106434211495001e-06,10,0
14,2,Tot sum,0.018250604971160343,10,0
14,2,Min,0.00022082302296515976,10,0
14,2,Max,0.0007124055134312379,10,0
14,2,AVG,0.0033088034955044065,10,0
14,2,Std,0.0008251344463353926,10,0
14,2,Tot size,0.0024841537401760405,10,0
14,2,IAT,0.003944530096980401,10,0
14,2,Number,0.004368914734718316,10,0
14,2,Variance,0.01090312743584913,10,0
14,3,Header_Length,0.006857019034464367,10,0
14,3,Protocol Type,0.0015070843788612042,10,0
14,3,Time_To_Live,0.00483118357820274,10,0
14,3,Rate,0.0019252708625241794,10,0
14,3,fin_flag_number,7.821204440138937e-05,10,0
14,3,syn_flag_number,0.050197875215378766,10,0
14,3,rst_flag_number,0.0004090525793003949,10,0
14,3,psh_flag_number,0.00022037264827592224,10,0
14,3,ack_flag_number,0.011453877738822466,10,0
14,3,ece_flag_number,0.0,10,0
14,3,cwr_flag_number,0.0,10,0
14,3,ack_count,0.018021672309307225,10,0
14,3,syn_count,0.0493732934169887,10,0
14,3,fin_count,0.03308979009799376,10,0
14,3,rst_count,0.01677519687281001,10,0
14,3,HTTP,0.00015136064518652347,10,0
14,3,HTTPS,0.00017356982820500023,10,0
14,3,DNS,5.303453670164908e-07,10,0
14,3,Telnet,0.0,10,0
14,3,SMTP,0.0,10,0
14,3,SSH,0.0,10,0
14,3,IRC,0.0,10,0
14,3,TCP,0.004167344521358726,10,0
14,3,UDP,0.008175125256470642,10,0
14,3,DHCP,0.0,10,0
14,3,ARP,1.4878186396101836e-06,10,0
14,3,ICMP,0.003066323785390891,10,0
14,3,IGMP,0.0,10,0
14,3,IPv,1.4101417854263529e-06,10,0
14,3,LLC,1.1676768978799207e-06,10,0
14,3,Tot sum,0.01874617452212078,10,0
14,3,Min,9.475736275840418e-05,10,0
14,3,Max,0.0014797406287395537,10,0
14,3,AVG,0.0036222781664936574,10,0
14,3,Std,0.0014650214173877352,10,0
14,3,Tot size,0.002992993923164384,10,0
14,3,IAT,0.002285992185887693,10,0
14,3,Number,0.002749237372613358,10,0
14,3,Variance,0.013325408124065206,10,0
14,4,Header_Length,0.01262080569918762,10,0
14,4,Protocol Type,0.004446109644513108,10,0
14,4,Time_To_Live,0.0036744446186227717,10,0
14,4,Rate,0.0008920586815257547,10,0
14,4,fin_flag_number,0.0009261811691060695,10,0
14,4,syn_flag_number,0.08415091032066847,10,0
14,4,rst_flag_number,0.0009410038723934188,10,0
14,4,psh_flag_number,0.0007622331095031598,10,0
14,4,ack_flag_number,0.06098284482454204,10,0
14,4,ece_flag_number,0.0,10,0
14,4,cwr_flag_number,0.0,10,0
14,4,ack_count,0.038375320403096394,10,0
14,4,syn_count,0.0898932360547962,10,0
14,4,fin_count,0.04751059858817881,10,0
14,4,rst_count,0.02983956749560747,10,0
14,4,HTTP,0.00036135247908282707,10,0
14,4,HTTPS,0.0001272565546722148,10,0
14,4,DNS,1.0757300929731018e-05,10,0
14,4,Telnet,0.0,10,0
14,4,SMTP,0.0,10,0
14,4,SSH,0.0,10,0
14,4,IRC,0.0,10,0
14,4,TCP,0.004247681549873348,10,0
14,4,UDP,0.009943411454012896,10,0
14,4,DHCP,0.0,10,0
14,4,ARP,1.2391806852275785e-05,10,0
14,4,ICMP,0.004187562426381155,10,0
14,4,IGMP,0.0,10,0
14,4,IPv,1.517854423043548e-05,10,0
14,4,LLC,1.4259138292871018e-05,10,0
14,4,Tot sum,0.02512936596060186,10,0
14,4,Min,0.00019050046276913868,10,0
14,4,Max,0.018617631599734015,10,0
14,4,AVG,0.010242629875814445,10,0
14,4,Std,0.00962466062775441,10,0
14,4,Tot size,0.004741307397378786,10,0
14,4,IAT,0.005676192767328274,10,0
14,4,Number,0.002998181629272807,10,0
14,4,Variance,0.011139024852434308,10,0
14,5,Header_Length,0.003765964835027482,10,0
14,5,Protocol Type,0.0005824601172211166,10,0
14,5,Time_To_Live,0.0029964802695928937,10,0
14,5,Rate,0.0006651028033521261,10,0
14,5,fin_flag_number,7.637035790202966e-05,10,0
14,5,syn_flag_number,0.02356904785937379,10,0
14,5,rst_flag_number,0.0004341308937519622,10,0
14,5,psh_flag_number,0.00012013381910031683,10,0
14,5,ack_flag_number,0.007757579060469197,10,0
14,5,ece_flag_number,0.0,10,0
14,5,cwr_flag_number,0.0,10,0
14,5,ack_count,0.011174517279483496,10,0
14,5,syn_count,0.02798146160952809,10,0
14,5,fin_count,0.030334963602679982,10,0
14,5,rst_count,0.01995378381397954,10,0
14,5,HTTP,0.0001513234569149524,10,0
14,5,HTTPS,7.434178821404292e-05,10,0
14,5,DNS,4.703879206768635e-07,10,0
14,5,Telnet,0.0,10,0
14,5,SMTP,0.0,10,0
14,5,SSH,0.0,10,0
14,5,IRC,0.0,10,0
14,5,TCP,0.0020119757347594903,10,0
14,5,UDP,0.005960247625840843,10,0
14,5,DHCP,0.0,10,0
14,5,ARP,1.5044724767380897e-06,10,0
14,5,ICMP,0.0013954732744556814,10,0
14,5,IGMP,0.0,10,0
14,5,IPv,8.2036336574961e-07,10,0
14,5,LLC,6.124020973356659e-07,10,0
14,5,Tot sum,0.017558979721311516,10,0
14,5,Min,0.0001723198751759014,10,0
14,5,Max,0.00066988466300348,10,0
14,5,AVG,0.002781714179717536,10,0
14,5,Std,0.0010983161019667077,10,0
14,5,Tot size,0.001465700436725541,10,0
14,5,IAT,0.002162103257941155,10,0
14,5,Number,0.003064854692447976,10,0
14,5,Variance,0.009667667752798117,10,0
15,1,Header_Length,0.00064500271841336,15,1
15,1,Protocol Type,0.00010500557265163926,15,1
15,1,Time_To_Live,0.0033371224451325255,15,1
15,1,Rate,0.0001415482565901438,15,1
15,1,fin_flag_number,2.37099340180108e-05,15,1
15,1,syn_flag_number,0.00542389484582573,15,1
15,1,rst_flag_number,7.476829651588121e-05,15,1
15,1,psh_flag_number,1.5772260273313573e-05,15,1
15,1,ack_flag_number,0.0087503861232927,15,1
15,1,ece_flag_number,0.0,15,1
15,1,cwr_flag_number,0.0,15,1
15,1,ack_count,0.00832197168696001,15,1
15,1,syn_count,0.0035915521090567303,15,1
15,1,fin_count,0.003820970201943865,15,1
15,1,rst_count,0.0028915537570580073,15,1
15,1,HTTP,4.654810425144096e-05,15,1
15,1,HTTPS,4.478396016329239e-05,15,1
15,1,DNS,2.5237954603351205e-07,15,1
15,1,Telnet,0.0,15,1
15,1,SMTP,0.0,15,1
15,1,SSH,0.0,15,1
15,1,IRC,0.0,15,1
15,1,TCP,0.0003682080362429141,15,1
15,1,UDP,0.0008144365176867607,15,1
15,1,DHCP,0.0,15,1
15,1,ARP,2.72408385066747e-07,15,1
15,1,ICMP,0.00022117108490115567,15,1
15,1,IGMP,0.0,15,1
15,1,IPv,8.387110242509605e-08,15,1
15,1,LLC,1.805954573604259e-07,15,1
15,1,Tot sum,0.014811533687224668,15,1
15,1,Min,8.644686979175086e-05,15,1
15,1,Max,0.0002170994548137395,15,1
15,1,AVG,0.0021224836560812493,15,1
15,1,Std,0.00043904488807822053,15,1
15,1,Tot size,0.0027892227676474713,15,1
15,1,IAT,0.0013010927091026403,15,1
15,1,Number,0.002947996132247015,15,1
15,1,Variance,0.002714060935798024,15,1
15,2,Header_Length,0.00602401216817412,15,1
15,2,Protocol Type,0.0012455782313669252,15,1
15,2,Time_To_Live,0.0028008753457061174,15,1
15,2,Rate,0.0013009766574436962,15,1
15,2,fin_flag_number,0.0001288711578163401,15,1
15,2,syn_flag_number,0.04248588799101393,15,1
15,2,rst_flag_number,0.000419537166838912,15,1
15,2,psh_flag_number,7.228464404954636e-05,15,1
15,2,ack_flag_number,0.010301400581131475,15,1
15,2,ece_flag_number,0.0,15,1
15,2,cwr_flag_number,0.0,15,1
15,2,ack_count,0.0234235038918529,15,1
15,2,syn_count,0.04469076237905441,15,1
15,2,fin_count,0.03685127324419745,15,1
15,2,rst_count,0.02380491073234127,15,1
15,2,HTTP,0.00032607697640954503,15,1
15,2,HTTPS,0.00011209393643505373,15,1
15,2,DNS,1.4089587013734746e-06,15,1
15,2,Telnet,0.0,15,1
15,2,SMTP,0.0,15,1
15,2,SSH,0.0,15,1
15,2,IRC,0.0,15,1
15,2,TCP,0.0030987834346128786,15,1
15,2,UDP,0.009263385060108452,15,1
15,2,DHCP,0.0,15,1
15,2,ARP,1.5552832056117396e-06,15,1
15,2,ICMP,0.002160041218042758,15,1
15,2,IGMP,0.0,15,1
15,2,IPv,6.687677731853775e-07,15,1
15,2,LLC,1.1529267833784087e-06,15,1
15,2,Tot sum,0.014787098925605306,15,1
15,2,Min,0.00023598637771399922,15,1
15,2,Max,0.0008713090104828813,15,1
15,2,AVG,0.0032574386508978036,15,1
15,2,Std,0.0021250948257747443,15,1
15,2,Tot size,0.002156099828245832,15,1
15,2,IAT,0.0033350865703390296,15,1
15,2,Number,0.0031082327553713183,15,1
15,2,Variance,0.01648099409727207,15,1
15,3,Header_Length,0.007817922411910167,15,1
15,3,Protocol Type,0.0015573671563778246,15,1
15,3,Time_To_Live,0.004409203168580404,15,1
15,3,Rate,0.0022928100979128854,15,1
15,3,fin_flag_number,7.774338360645865e-05,15,1
15,3,syn_flag_number,0.06076171126386589,15,1
15,3,rst_flag_number,0.0003952400378615321,15,1
15,3,psh_flag_number,8.483549291814666e-05,15,1
15,3,ack_flag_number,0.012809008207394825,15,1
15,3,ece_flag_number,0.0,15,1
15,3,cwr_flag_number,0.0,15,1
15,3,ack_count,0.02553848280725351,15,1
15,3,syn_count,0.0629589202056727,15,1
15,3,fin_count,0.025460681828474403,15,1
15,3,rst_count,0.012446219417281827,15,1
15,3,HTTP,0.00036902940776724585,15,1
15,3,HTTPS,0.00014400012959109475,15,1
15,3,DNS,2.708323182815721e-06,15,1
15,3,Telnet,0.0,15,1
15,3,SMTP,0.0,15,1
15,3,SSH,0.0,15,1
15,3,IRC,0.0,15,1
15,3,TCP,0.003938152025275484,15,1
15,3,UDP,0.008446875058201037,15,1
15,3,DHCP,0.0,15,1
15,3,ARP,1.6849379167734112e-06,15,1
15,3,ICMP,0.0027903991616609323,15,1
15,3,IGMP,0.0,15,1
15,3,IPv,7.794444373528564e-07,15,1
15,3,LLC,1.2380210999844016e-06,15,1
15,3,Tot sum,0.01758760143859547,15,1
15,3,Min,6.092405475433216e-05,15,1
15,3,Max,0.002643244371424679,15,1
15,3,AVG,0.004313066245766634,15,1
15,3,Std,0.004364697740918364,15,1
15,3,Tot size,0.004616449595052288,15,1
15,3,IAT,0.003195566525758338,15,1
15,3,Number,0.0025138078025831413,15,1
15,3,Variance,0.03322133526189,15,1
15,4,Header_Length,0.006534041725587247,15,1
15,4,Protocol Type,0.0014729889247413047,15,1
15,4,Time_To_Live,0.004450184281514637,15,1
15,4,Rate,0.0022109518243854736,15,1
15,4,fin_flag_number,0.00010066561743654575,15,1
15,4,syn_flag_number,0.06947319020905937,15,1
15,4,rst_flag_number,0.0003005912196619764,15,1
15,4,psh_flag_number,2.7164155242464567e-05,15,1
15,4,ack_flag_number,0.010772055102515879,15,1
15,4,ece_flag_number,0.0,15,1
15,4,cwr_flag_number,0.0,15,1
15,4,ack_count,0.023412116648733453,15,1
15,4,syn_count,0.07446391529898096,15,1
15,4,fin_count,0.03729805592105019,15,1
15,4,rst_count,0.016894957439326366,15,1
15,4,HTTP,0.00041204032451220283,15,1
15,4,HTTPS,0.00013603265191167613,15,1
15,4,DNS,1.5145774919143048e-06,15,1
15,4,Telnet,0.0,15,1
15,4,SMTP,0.0,15,1
15,4,SSH,0.0,15,1
15,4,IRC,0.0,15,1
15,4,TCP,0.0033627448461864516,15,1
15,4,UDP,0.0101117357190281,15,1
15,4,DHCP,0.0,15,1
15,4,ARP,2.056603236350445e-06,15,1
15,4,ICMP,0.0023927173939927793,15,1
15,4,IGMP,0.0,15,1
15,4,IPv,1.1972988698112966e-06,15,1
15,4,LLC,1.1596822945023408e-06,15,1
15,4,Tot sum,0.021497922388599024,15,1
15,4,Min,0.00016812564152848708,15,1
15,4,Max,0.0006235517271259352,15,1
15,4,AVG,0.004034027703196727,15,1
15,4,Std,0.002361730548231922,15,1
15,4,Tot size,0.0027507067260781424,15,1
15,4,IAT,0.002755155169800787,15,1
15,4,Number,0.004214080198966954,15,1
15,4,Variance,0.013052772151052138,15,1
15,5,Header_Length,0.005590933636169806,15,1
15,5,Protocol Type,0.0010302265308537047,15,1
15,5,Time_To_Live,0.002926989614213937,15,1
15,5,Rate,0.001039453583014559,15,1
15,5,fin_flag_number,0.00017029292937914217,15,1
15,5,syn_flag_number,0.025613346231068944,15,1
15,5,rst_flag_number,0.0005458230781912524,15,1
15,5,psh_flag_number,9.37485452041327e-05,15,1
15,5,ack_flag_number,0.011296866184553096,15,1
15,5,ece_flag_number,0.0,15,1
15,5,cwr_flag_number,0.0,15,1
15,5,ack_count,0.022231675922779123,15,1
15,5,syn_count,0.033374194617416794,15,1
15,5,fin_count,0.04238474571843764,15,1
15,5,rst_count,0.03230385245473478,15,1
15,5,HTTP,0.00029971101990341364,15,1
15,5,HTTPS,9.566508336546598e-05,15,1
15,5,DNS,6.390649008506245e-07,15,1
15,5,Telnet,0.0,15,1
15,5,SMTP,0.0,15,1
15,5,SSH,0.0,15,1
15,5,IRC,0.0,15,1
15,5,TCP,0.003105333359998444,15,1
15,5,UDP,0.00778241707142929,15,1
15,5,DHCP,0.0,15,1
15,5,ARP,1.2224481128051353e-06,15,1
15,5,ICMP,0.002009206286565894,15,1
15,5,IGMP,0.0,15,1
15,5,IPv,2.4016525353158893e-07,15,1
15,5,LLC,1.03359169515956e-06,15,1
15,5,Tot sum,0.01609524534897673,15,1
15,5,Min,0.00018632295871839232,15,1
15,5,Max,0.000449664263593966,15,1
15,5,AVG,0.0023947314222400175,15,1
15,5,Std,0.0014265086668673666,15,1
15,5,Tot size,0.002795645864687515,15,1
15,5,IAT,0.0024831753556649083,15,1
15,5,Number,0.001988676999161889,15,1
15,5,Variance,0.010074198716982594,15,1
16,1,Header_Length,0.00064500271841336,15,0
16,1,Protocol Type,0.00010500557265163926,15,0
16,1,Time_To_Live,0.0033371224451325255,15,0
16,1,Rate,0.0001415482565901438,15,0
16,1,fin_flag_number,2.37099340180108e-05,15,0
16,1,syn_flag_number,0.00542389484582573,15,0
16,1,rst_flag_number,7.476829651588121e-05,15,0
16,1,psh_flag_number,1.5772260273313573e-05,15,0
16,1,ack_flag_number,0.0087503861232927,15,0
16,1,ece_flag_number,0.0,15,0
16,1,cwr_flag_number,0.0,15,0
16,1,ack_count,0.00832197168696001,15,0
16,1,syn_count,0.0035915521090567303,15,0
16,1,fin_count,0.003820970201943865,15,0
16,1,rst_count,0.0028915537570580073,15,0
16,1,HTTP,4.654810425144096e-05,15,0
16,1,HTTPS,4.478396016329239e-05,15,0
16,1,DNS,2.5237954603351205e-07,15,0
16,1,Telnet,0.0,15,0
16,1,SMTP,0.0,15,0
16,1,SSH,0.0,15,0
16,1,IRC,0.0,15,0
16,1,TCP,0.0003682080362429141,15,0
16,1,UDP,0.0008144365176867607,15,0
16,1,DHCP,0.0,15,0
16,1,ARP,2.72408385066747e-07,15,0
16,1,ICMP,0.00022117108490115567,15,0
16,1,IGMP,0.0,15,0
16,1,IPv,8.387110242509605e-08,15,0
16,1,LLC,1.805954573604259e-07,15,0
16,1,Tot sum,0.014811533687224668,15,0
16,1,Min,8.644686979175086e-05,15,0
16,1,Max,0.0002170994548137395,15,0
16,1,AVG,0.0021224836560812493,15,0
16,1,Std,0.00043904488807822053,15,0
16,1,Tot size,0.0027892227676474713,15,0
16,1,IAT,0.0013010927091026403,15,0
16,1,Number,0.002947996132247015,15,0
16,1,Variance,0.002714060935798024,15,0
16,2,Header_Length,0.00602401216817412,15,0
16,2,Protocol Type,0.0012455782313669252,15,0
16,2,Time_To_Live,0.0028008753457061174,15,0
16,2,Rate,0.0013009766574436962,15,0
16,2,fin_flag_number,0.0001288711578163401,15,0
16,2,syn_flag_number,0.04248588799101393,15,0
16,2,rst_flag_number,0.000419537166838912,15,0
16,2,psh_flag_number,7.228464404954636e-05,15,0
16,2,ack_flag_number,0.010301400581131475,15,0
16,2,ece_flag_number,0.0,15,0
16,2,cwr_flag_number,0.0,15,0
16,2,ack_count,0.0234235038918529,15,0
16,2,syn_count,0.04469076237905441,15,0
16,2,fin_count,0.03685127324419745,15,0
16,2,rst_count,0.02380491073234127,15,0
16,2,HTTP,0.00032607697640954503,15,0
16,2,HTTPS,0.00011209393643505373,15,0
16,2,DNS,1.4089587013734746e-06,15,0
16,2,Telnet,0.0,15,0
16,2,SMTP,0.0,15,0
16,2,SSH,0.0,15,0
16,2,IRC,0.0,15,0
16,2,TCP,0.0030987834346128786,15,0
16,2,UDP,0.009263385060108452,15,0
16,2,DHCP,0.0,15,0
16,2,ARP,1.5552832056117396e-06,15,0
16,2,ICMP,0.002160041218042758,15,0
16,2,IGMP,0.0,15,0
16,2,IPv,6.687677731853775e-07,15,0
16,2,LLC,1.1529267833784087e-06,15,0
16,2,Tot sum,0.014787098925605306,15,0
16,2,Min,0.00023598637771399922,15,0
16,2,Max,0.0008713090104828813,15,0
16,2,AVG,0.0032574386508978036,15,0
16,2,Std,0.0021250948257747443,15,0
16,2,Tot size,0.002156099828245832,15,0
16,2,IAT,0.0033350865703390296,15,0
16,2,Number,0.0031082327553713183,15,0
16,2,Variance,0.01648099409727207,15,0
16,3,Header_Length,0.007817922411910167,15,0
16,3,Protocol Type,0.0015573671563778246,15,0
16,3,Time_To_Live,0.004409203168580404,15,0
16,3,Rate,0.0022928100979128854,15,0
16,3,fin_flag_number,7.774338360645865e-05,15,0
16,3,syn_flag_number,0.06076171126386589,15,0
16,3,rst_flag_number,0.0003952400378615321,15,0
16,3,psh_flag_number,8.483549291814666e-05,15,0
16,3,ack_flag_number,0.012809008207394825,15,0
16,3,ece_flag_number,0.0,15,0
16,3,cwr_flag_number,0.0,15,0
16,3,ack_count,0.02553848280725351,15,0
16,3,syn_count,0.0629589202056727,15,0
16,3,fin_count,0.025460681828474403,15,0
16,3,rst_count,0.012446219417281827,15,0
16,3,HTTP,0.00036902940776724585,15,0
16,3,HTTPS,0.00014400012959109475,15,0
16,3,DNS,2.708323182815721e-06,15,0
16,3,Telnet,0.0,15,0
16,3,SMTP,0.0,15,0
16,3,SSH,0.0,15,0
16,3,IRC,0.0,15,0
16,3,TCP,0.003938152025275484,15,0
16,3,UDP,0.008446875058201037,15,0
16,3,DHCP,0.0,15,0
16,3,ARP,1.6849379167734112e-06,15,0
16,3,ICMP,0.0027903991616609323,15,0
16,3,IGMP,0.0,15,0
16,3,IPv,7.794444373528564e-07,15,0
16,3,LLC,1.2380210999844016e-06,15,0
16,3,Tot sum,0.01758760143859547,15,0
16,3,Min,6.092405475433216e-05,15,0
16,3,Max,0.002643244371424679,15,0
16,3,AVG,0.004313066245766634,15,0
16,3,Std,0.004364697740918364,15,0
16,3,Tot size,0.004616449595052288,15,0
16,3,IAT,0.003195566525758338,15,0
16,3,Number,0.0025138078025831413,15,0
16,3,Variance,0.03322133526189,15,0
16,4,Header_Length,0.006534041725587247,15,0
16,4,Protocol Type,0.0014729889247413047,15,0
16,4,Time_To_Live,0.004450184281514637,15,0
16,4,Rate,0.0022109518243854736,15,0
16,4,fin_flag_number,0.00010066561743654575,15,0
16,4,syn_flag_number,0.06947319020905937,15,0
16,4,rst_flag_number,0.0003005912196619764,15,0
16,4,psh_flag_number,2.7164155242464567e-05,15,0
16,4,ack_flag_number,0.010772055102515879,15,0
16,4,ece_flag_number,0.0,15,0
16,4,cwr_flag_number,0.0,15,0
16,4,ack_count,0.023412116648733453,15,0
16,4,syn_count,0.07446391529898096,15,0
16,4,fin_count,0.03729805592105019,15,0
16,4,rst_count,0.016894957439326366,15,0
16,4,HTTP,0.00041204032451220283,15,0
16,4,HTTPS,0.00013603265191167613,15,0
16,4,DNS,1.5145774919143048e-06,15,0
16,4,Telnet,0.0,15,0
16,4,SMTP,0.0,15,0
16,4,SSH,0.0,15,0
16,4,IRC,0.0,15,0
16,4,TCP,0.0033627448461864516,15,0
16,4,UDP,0.0101117357190281,15,0
16,4,DHCP,0.0,15,0
16,4,ARP,2.056603236350445e-06,15,0
16,4,ICMP,0.0023927173939927793,15,0
16,4,IGMP,0.0,15,0
16,4,IPv,1.1972988698112966e-06,15,0
16,4,LLC,1.1596822945023408e-06,15,0
16,4,Tot sum,0.021497922388599024,15,0
16,4,Min,0.00016812564152848708,15,0
16,4,Max,0.0006235517271259352,15,0
16,4,AVG,0.004034027703196727,15,0
16,4,Std,0.002361730548231922,15,0
16,4,Tot size,0.0027507067260781424,15,0
16,4,IAT,0.002755155169800787,15,0
16,4,Number,0.004214080198966954,15,0
16,4,Variance,0.013052772151052138,15,0
16,5,Header_Length,0.005590933636169806,15,0
16,5,Protocol Type,0.0010302265308537047,15,0
16,5,Time_To_Live,0.002926989614213937,15,0
16,5,Rate,0.001039453583014559,15,0
16,5,fin_flag_number,0.00017029292937914217,15,0
16,5,syn_flag_number,0.025613346231068944,15,0
16,5,rst_flag_number,0.0005458230781912524,15,0
16,5,psh_flag_number,9.37485452041327e-05,15,0
16,5,ack_flag_number,0.011296866184553096,15,0
16,5,ece_flag_number,0.0,15,0
16,5,cwr_flag_number,0.0,15,0
16,5,ack_count,0.022231675922779123,15,0
16,5,syn_count,0.033374194617416794,15,0
16,5,fin_count,0.04238474571843764,15,0
16,5,rst_count,0.03230385245473478,15,0
16,5,HTTP,0.00029971101990341364,15,0
16,5,HTTPS,9.566508336546598e-05,15,0
16,5,DNS,6.390649008506245e-07,15,0
16,5,Telnet,0.0,15,0
16,5,SMTP,0.0,15,0
16,5,SSH,0.0,15,0
16,5,IRC,0.0,15,0
16,5,TCP,0.003105333359998444,15,0
16,5,UDP,0.00778241707142929,15,0
16,5,DHCP,0.0,15,0
16,5,ARP,1.2224481128051353e-06,15,0
16,5,ICMP,0.002009206286565894,15,0
16,5,IGMP,0.0,15,0
16,5,IPv,2.4016525353158893e-07,15,0
16,5,LLC,1.03359169515956e-06,15,0
16,5,Tot sum,0.01609524534897673,15,0
16,5,Min,0.00018632295871839232,15,0
16,5,Max,0.000449664263593966,15,0
16,5,AVG,0.0023947314222400175,15,0
16,5,Std,0.0014265086668673666,15,0
16,5,Tot size,0.002795645864687515,15,0
16,5,IAT,0.0024831753556649083,15,0
16,5,Number,0.001988676999161889,15,0
16,5,Variance,0.010074198716982594,15,0
17,1,Header_Length,0.00064500271841336,15,0
17,1,Protocol Type,0.00010500557265163926,15,0
17,1,Time_To_Live,0.0033371224451325255,15,0
17,1,Rate,0.0001415482565901438,15,0
17,1,fin_flag_number,2.37099340180108e-05,15,0
17,1,syn_flag_number,0.00542389484582573,15,0
17,1,rst_flag_number,7.476829651588121e-05,15,0
17,1,psh_flag_number,1.5772260273313573e-05,15,0
17,1,ack_flag_number,0.0087503861232927,15,0
17,1,ece_flag_number,0.0,15,0
17,1,cwr_flag_number,0.0,15,0
17,1,ack_count,0.00832197168696001,15,0
17,1,syn_count,0.0035915521090567303,15,0
17,1,fin_count,0.003820970201943865,15,0
17,1,rst_count,0.0028915537570580073,15,0
17,1,HTTP,4.654810425144096e-05,15,0
17,1,HTTPS,4.478396016329239e-05,15,0
17,1,DNS,2.5237954603351205e-07,15,0
17,1,Telnet,0.0,15,0
17,1,SMTP,0.0,15,0
17,1,SSH,0.0,15,0
17,1,IRC,0.0,15,0
17,1,TCP,0.0003682080362429141,15,0
17,1,UDP,0.0008144365176867607,15,0
17,1,DHCP,0.0,15,0
17,1,ARP,2.72408385066747e-07,15,0
17,1,ICMP,0.00022117108490115567,15,0
17,1,IGMP,0.0,15,0
17,1,IPv,8.387110242509605e-08,15,0
17,1,LLC,1.805954573604259e-07,15,0
17,1,Tot sum,0.014811533687224668,15,0
17,1,Min,8.644686979175086e-05,15,0
17,1,Max,0.0002170994548137395,15,0
17,1,AVG,0.0021224836560812493,15,0
17,1,Std,0.00043904488807822053,15,0
17,1,Tot size,0.0027892227676474713,15,0
17,1,IAT,0.0013010927091026403,15,0
17,1,Number,0.002947996132247015,15,0
17,1,Variance,0.002714060935798024,15,0
17,2,Header_Length,0.00602401216817412,15,0
17,2,Protocol Type,0.0012455782313669252,15,0
17,2,Time_To_Live,0.0028008753457061174,15,0
17,2,Rate,0.0013009766574436962,15,0
17,2,fin_flag_number,0.0001288711578163401,15,0
17,2,syn_flag_number,0.04248588799101393,15,0
17,2,rst_flag_number,0.000419537166838912,15,0
17,2,psh_flag_number,7.228464404954636e-05,15,0
17,2,ack_flag_number,0.010301400581131475,15,0
17,2,ece_flag_number,0.0,15,0
17,2,cwr_flag_number,0.0,15,0
17,2,ack_count,0.0234235038918529,15,0
17,2,syn_count,0.04469076237905441,15,0
17,2,fin_count,0.03685127324419745,15,0
17,2,rst_count,0.02380491073234127,15,0
17,2,HTTP,0.00032607697640954503,15,0
17,2,HTTPS,0.00011209393643505373,15,0
17,2,DNS,1.4089587013734746e-06,15,0
17,2,Telnet,0.0,15,0
17,2,SMTP,0.0,15,0
17,2,SSH,0.0,15,0
17,2,IRC,0.0,15,0
17,2,TCP,0.0030987834346128786,15,0
17,2,UDP,0.009263385060108452,15,0
17,2,DHCP,0.0,15,0
17,2,ARP,1.5552832056117396e-06,15,0
17,2,ICMP,0.002160041218042758,15,0
17,2,IGMP,0.0,15,0
17,2,IPv,6.687677731853775e-07,15,0
17,2,LLC,1.1529267833784087e-06,15,0
17,2,Tot sum,0.014787098925605306,15,0
17,2,Min,0.00023598637771399922,15,0
17,2,Max,0.0008713090104828813,15,0
17,2,AVG,0.0032574386508978036,15,0
17,2,Std,0.0021250948257747443,15,0
17,2,Tot size,0.002156099828245832,15,0
17,2,IAT,0.0033350865703390296,15,0
17,2,Number,0.0031082327553713183,15,0
17,2,Variance,0.01648099409727207,15,0
17,3,Header_Length,0.007817922411910167,15,0
17,3,Protocol Type,0.0015573671563778246,15,0
17,3,Time_To_Live,0.004409203168580404,15,0
17,3,Rate,0.0022928100979128854,15,0
17,3,fin_flag_number,7.774338360645865e-05,15,0
17,3,syn_flag_number,0.06076171126386589,15,0
17,3,rst_flag_number,0.0003952400378615321,15,0
17,3,psh_flag_number,8.483549291814666e-05,15,0
17,3,ack_flag_number,0.012809008207394825,15,0
17,3,ece_flag_number,0.0,15,0
17,3,cwr_flag_number,0.0,15,0
17,3,ack_count,0.02553848280725351,15,0
17,3,syn_count,0.0629589202056727,15,0
17,3,fin_count,0.025460681828474403,15,0
17,3,rst_count,0.012446219417281827,15,0
17,3,HTTP,0.00036902940776724585,15,0
17,3,HTTPS,0.00014400012959109475,15,0
17,3,DNS,2.708323182815721e-06,15,0
17,3,Telnet,0.0,15,0
17,3,SMTP,0.0,15,0
17,3,SSH,0.0,15,0
17,3,IRC,0.0,15,0
17,3,TCP,0.003938152025275484,15,0
17,3,UDP,0.008446875058201037,15,0
17,3,DHCP,0.0,15,0
17,3,ARP,1.6849379167734112e-06,15,0
17,3,ICMP,0.0027903991616609323,15,0
17,3,IGMP,0.0,15,0
17,3,IPv,7.794444373528564e-07,15,0
17,3,LLC,1.2380210999844016e-06,15,0
17,3,Tot sum,0.01758760143859547,15,0
17,3,Min,6.092405475433216e-05,15,0
17,3,Max,0.002643244371424679,15,0
17,3,AVG,0.004313066245766634,15,0
17,3,Std,0.004364697740918364,15,0
17,3,Tot size,0.004616449595052288,15,0
17,3,IAT,0.003195566525758338,15,0
17,3,Number,0.0025138078025831413,15,0
17,3,Variance,0.03322133526189,15,0
17,4,Header_Length,0.006534041725587247,15,0
17,4,Protocol Type,0.0014729889247413047,15,0
17,4,Time_To_Live,0.004450184281514637,15,0
17,4,Rate,0.0022109518243854736,15,0
17,4,fin_flag_number,0.00010066561743654575,15,0
17,4,syn_flag_number,0.06947319020905937,15,0
17,4,rst_flag_number,0.0003005912196619764,15,0
17,4,psh_flag_number,2.7164155242464567e-05,15,0
17,4,ack_flag_number,0.010772055102515879,15,0
17,4,ece_flag_number,0.0,15,0
17,4,cwr_flag_number,0.0,15,0
17,4,ack_count,0.023412116648733453,15,0
17,4,syn_count,0.07446391529898096,15,0
17,4,fin_count,0.03729805592105019,15,0
17,4,rst_count,0.016894957439326366,15,0
17,4,HTTP,0.00041204032451220283,15,0
17,4,HTTPS,0.00013603265191167613,15,0
17,4,DNS,1.5145774919143048e-06,15,0
17,4,Telnet,0.0,15,0
17,4,SMTP,0.0,15,0
17,4,SSH,0.0,15,0
17,4,IRC,0.0,15,0
17,4,TCP,0.0033627448461864516,15,0
17,4,UDP,0.0101117357190281,15,0
17,4,DHCP,0.0,15,0
17,4,ARP,2.056603236350445e-06,15,0
17,4,ICMP,0.0023927173939927793,15,0
17,4,IGMP,0.0,15,0
17,4,IPv,1.1972988698112966e-06,15,0
17,4,LLC,1.1596822945023408e-06,15,0
17,4,Tot sum,0.021497922388599024,15,0
17,4,Min,0.00016812564152848708,15,0
17,4,Max,0.0006235517271259352,15,0
17,4,AVG,0.004034027703196727,15,0
17,4,Std,0.002361730548231922,15,0
17,4,Tot size,0.0027507067260781424,15,0
17,4,IAT,0.002755155169800787,15,0
17,4,Number,0.004214080198966954,15,0
17,4,Variance,0.013052772151052138,15,0
17,5,Header_Length,0.005590933636169806,15,0
17,5,Protocol Type,0.0010302265308537047,15,0
17,5,Time_To_Live,0.002926989614213937,15,0
17,5,Rate,0.001039453583014559,15,0
17,5,fin_flag_number,0.00017029292937914217,15,0
17,5,syn_flag_number,0.025613346231068944,15,0
17,5,rst_flag_number,0.0005458230781912524,15,0
17,5,psh_flag_number,9.37485452041327e-05,15,0
17,5,ack_flag_number,0.011296866184553096,15,0
17,5,ece_flag_number,0.0,15,0
17,5,cwr_flag_number,0.0,15,0
17,5,ack_count,0.022231675922779123,15,0
17,5,syn_count,0.033374194617416794,15,0
17,5,fin_count,0.04238474571843764,15,0
17,5,rst_count,0.03230385245473478,15,0
17,5,HTTP,0.00029971101990341364,15,0
17,5,HTTPS,9.566508336546598e-05,15,0
17,5,DNS,6.390649008506245e-07,15,0
17,5,Telnet,0.0,15,0
17,5,SMTP,0.0,15,0
17,5,SSH,0.0,15,0
17,5,IRC,0.0,15,0
17,5,TCP,0.003105333359998444,15,0
17,5,UDP,0.00778241707142929,15,0
17,5,DHCP,0.0,15,0
17,5,ARP,1.2224481128051353e-06,15,0
17,5,ICMP,0.002009206286565894,15,0
17,5,IGMP,0.0,15,0
17,5,IPv,2.4016525353158893e-07,15,0
17,5,LLC,1.03359169515956e-06,15,0
17,5,Tot sum,0.01609524534897673,15,0
17,5,Min,0.00018632295871839232,15,0
17,5,Max,0.000449664263593966,15,0
17,5,AVG,0.0023947314222400175,15,0
17,5,Std,0.0014265086668673666,15,0
17,5,Tot size,0.002795645864687515,15,0
17,5,IAT,0.0024831753556649083,15,0
17,5,Number,0.001988676999161889,15,0
17,5,Variance,0.010074198716982594,15,0
18,1,Header_Length,0.00064500271841336,15,0
18,1,Protocol Type,0.00010500557265163926,15,0
18,1,Time_To_Live,0.0033371224451325255,15,0
18,1,Rate,0.0001415482565901438,15,0
18,1,fin_flag_number,2.37099340180108e-05,15,0
18,1,syn_flag_number,0.00542389484582573,15,0
18,1,rst_flag_number,7.476829651588121e-05,15,0
18,1,psh_flag_number,1.5772260273313573e-05,15,0
18,1,ack_flag_number,0.0087503861232927,15,0
18,1,ece_flag_number,0.0,15,0
18,1,cwr_flag_number,0.0,15,0
18,1,ack_count,0.00832197168696001,15,0
18,1,syn_count,0.0035915521090567303,15,0
18,1,fin_count,0.003820970201943865,15,0
18,1,rst_count,0.0028915537570580073,15,0
18,1,HTTP,4.654810425144096e-05,15,0
18,1,HTTPS,4.478396016329239e-05,15,0
18,1,DNS,2.5237954603351205e-07,15,0
18,1,Telnet,0.0,15,0
18,1,SMTP,0.0,15,0
18,1,SSH,0.0,15,0
18,1,IRC,0.0,15,0
18,1,TCP,0.0003682080362429141,15,0
18,1,UDP,0.0008144365176867607,15,0
18,1,DHCP,0.0,15,0
18,1,ARP,2.72408385066747e-07,15,0
18,1,ICMP,0.00022117108490115567,15,0
18,1,IGMP,0.0,15,0
18,1,IPv,8.387110242509605e-08,15,0
18,1,LLC,1.805954573604259e-07,15,0
18,1,Tot sum,0.014811533687224668,15,0
18,1,Min,8.644686979175086e-05,15,0
18,1,Max,0.0002170994548137395,15,0
18,1,AVG,0.0021224836560812493,15,0
18,1,Std,0.00043904488807822053,15,0
18,1,Tot size,0.0027892227676474713,15,0
18,1,IAT,0.0013010927091026403,15,0
18,1,Number,0.002947996132247015,15,0
18,1,Variance,0.002714060935798024,15,0
18,2,Header_Length,0.00602401216817412,15,0
18,2,Protocol Type,0.0012455782313669252,15,0
18,2,Time_To_Live,0.0028008753457061174,15,0
18,2,Rate,0.0013009766574436962,15,0
18,2,fin_flag_number,0.0001288711578163401,15,0
18,2,syn_flag_number,0.04248588799101393,15,0
18,2,rst_flag_number,0.000419537166838912,15,0
18,2,psh_flag_number,7.228464404954636e-05,15,0
18,2,ack_flag_number,0.010301400581131475,15,0
18,2,ece_flag_number,0.0,15,0
18,2,cwr_flag_number,0.0,15,0
18,2,ack_count,0.0234235038918529,15,0
18,2,syn_count,0.04469076237905441,15,0
18,2,fin_count,0.03685127324419745,15,0
18,2,rst_count,0.02380491073234127,15,0
18,2,HTTP,0.00032607697640954503,15,0
18,2,HTTPS,0.00011209393643505373,15,0
18,2,DNS,1.4089587013734746e-06,15,0
18,2,Telnet,0.0,15,0
18,2,SMTP,0.0,15,0
18,2,SSH,0.0,15,0
18,2,IRC,0.0,15,0
18,2,TCP,0.0030987834346128786,15,0
18,2,UDP,0.009263385060108452,15,0
18,2,DHCP,0.0,15,0
18,2,ARP,1.5552832056117396e-06,15,0
18,2,ICMP,0.002160041218042758,15,0
18,2,IGMP,0.0,15,0
18,2,IPv,6.687677731853775e-07,15,0
18,2,LLC,1.1529267833784087e-06,15,0
18,2,Tot sum,0.014787098925605306,15,0
18,2,Min,0.00023598637771399922,15,0
18,2,Max,0.0008713090104828813,15,0
18,2,AVG,0.0032574386508978036,15,0
18,2,Std,0.0021250948257747443,15,0
18,2,Tot size,0.002156099828245832,15,0
18,2,IAT,0.0033350865703390296,15,0
18,2,Number,0.0031082327553713183,15,0
18,2,Variance,0.01648099409727207,15,0
18,3,Header_Length,0.007817922411910167,15,0
18,3,Protocol Type,0.0015573671563778246,15,0
18,3,Time_To_Live,0.004409203168580404,15,0
18,3,Rate,0.0022928100979128854,15,0
18,3,fin_flag_number,7.774338360645865e-05,15,0
18,3,syn_flag_number,0.06076171126386589,15,0
18,3,rst_flag_number,0.0003952400378615321,15,0
18,3,psh_flag_number,8.483549291814666e-05,15,0
18,3,ack_flag_number,0.012809008207394825,15,0
18,3,ece_flag_number,0.0,15,0
18,3,cwr_flag_number,0.0,15,0
18,3,ack_count,0.02553848280725351,15,0
18,3,syn_count,0.0629589202056727,15,0
18,3,fin_count,0.025460681828474403,15,0
18,3,rst_count,0.012446219417281827,15,0
18,3,HTTP,0.00036902940776724585,15,0
18,3,HTTPS,0.00014400012959109475,15,0
18,3,DNS,2.708323182815721e-06,15,0
18,3,Telnet,0.0,15,0
18,3,SMTP,0.0,15,0
18,3,SSH,0.0,15,0
18,3,IRC,0.0,15,0
18,3,TCP,0.003938152025275484,15,0
18,3,UDP,0.008446875058201037,15,0
18,3,DHCP,0.0,15,0
18,3,ARP,1.6849379167734112e-06,15,0
18,3,ICMP,0.0027903991616609323,15,0
18,3,IGMP,0.0,15,0
18,3,IPv,7.794444373528564e-07,15,0
18,3,LLC,1.2380210999844016e-06,15,0
18,3,Tot sum,0.01758760143859547,15,0
18,3,Min,6.092405475433216e-05,15,0
18,3,Max,0.002643244371424679,15,0
18,3,AVG,0.004313066245766634,15,0
18,3,Std,0.004364697740918364,15,0
18,3,Tot size,0.004616449595052288,15,0
18,3,IAT,0.003195566525758338,15,0
18,3,Number,0.0025138078025831413,15,0
18,3,Variance,0.03322133526189,15,0
18,4,Header_Length,0.006534041725587247,15,0
18,4,Protocol Type,0.0014729889247413047,15,0
18,4,Time_To_Live,0.004450184281514637,15,0
18,4,Rate,0.0022109518243854736,15,0
18,4,fin_flag_number,0.00010066561743654575,15,0
18,4,syn_flag_number,0.06947319020905937,15,0
18,4,rst_flag_number,0.0003005912196619764,15,0
18,4,psh_flag_number,2.7164155242464567e-05,15,0
18,4,ack_flag_number,0.010772055102515879,15,0
18,4,ece_flag_number,0.0,15,0
18,4,cwr_flag_number,0.0,15,0
18,4,ack_count,0.023412116648733453,15,0
18,4,syn_count,0.07446391529898096,15,0
18,4,fin_count,0.03729805592105019,15,0
18,4,rst_count,0.016894957439326366,15,0
18,4,HTTP,0.00041204032451220283,15,0
18,4,HTTPS,0.00013603265191167613,15,0
18,4,DNS,1.5145774919143048e-06,15,0
18,4,Telnet,0.0,15,0
18,4,SMTP,0.0,15,0
18,4,SSH,0.0,15,0
18,4,IRC,0.0,15,0
18,4,TCP,0.0033627448461864516,15,0
18,4,UDP,0.0101117357190281,15,0
18,4,DHCP,0.0,15,0
18,4,ARP,2.056603236350445e-06,15,0
18,4,ICMP,0.0023927173939927793,15,0
18,4,IGMP,0.0,15,0
18,4,IPv,1.1972988698112966e-06,15,0
18,4,LLC,1.1596822945023408e-06,15,0
18,4,Tot sum,0.021497922388599024,15,0
18,4,Min,0.00016812564152848708,15,0
18,4,Max,0.0006235517271259352,15,0
18,4,AVG,0.004034027703196727,15,0
18,4,Std,0.002361730548231922,15,0
18,4,Tot size,0.0027507067260781424,15,0
18,4,IAT,0.002755155169800787,15,0
18,4,Number,0.004214080198966954,15,0
18,4,Variance,0.013052772151052138,15,0
18,5,Header_Length,0.005590933636169806,15,0
18,5,Protocol Type,0.0010302265308537047,15,0
18,5,Time_To_Live,0.002926989614213937,15,0
18,5,Rate,0.001039453583014559,15,0
18,5,fin_flag_number,0.00017029292937914217,15,0
18,5,syn_flag_number,0.025613346231068944,15,0
18,5,rst_flag_number,0.0005458230781912524,15,0
18,5,psh_flag_number,9.37485452041327e-05,15,0
18,5,ack_flag_number,0.011296866184553096,15,0
18,5,ece_flag_number,0.0,15,0
18,5,cwr_flag_number,0.0,15,0
18,5,ack_count,0.022231675922779123,15,0
18,5,syn_count,0.033374194617416794,15,0
18,5,fin_count,0.04238474571843764,15,0
18,5,rst_count,0.03230385245473478,15,0
18,5,HTTP,0.00029971101990341364,15,0
18,5,HTTPS,9.566508336546598e-05,15,0
18,5,DNS,6.390649008506245e-07,15,0
18,5,Telnet,0.0,15,0
18,5,SMTP,0.0,15,0
18,5,SSH,0.0,15,0
18,5,IRC,0.0,15,0
18,5,TCP,0.003105333359998444,15,0
18,5,UDP,0.00778241707142929,15,0
18,5,DHCP,0.0,15,0
18,5,ARP,1.2224481128051353e-06,15,0
18,5,ICMP,0.002009206286565894,15,0
18,5,IGMP,0.0,15,0
18,5,IPv,2.4016525353158893e-07,15,0
18,5,LLC,1.03359169515956e-06,15,0
18,5,Tot sum,0.01609524534897673,15,0
18,5,Min,0.00018632295871839232,15,0
18,5,Max,0.000449664263593966,15,0
18,5,AVG,0.0023947314222400175,15,0
18,5,Std,0.0014265086668673666,15,0
18,5,Tot size,0.002795645864687515,15,0
18,5,IAT,0.0024831753556649083,15,0
18,5,Number,0.001988676999161889,15,0
18,5,Variance,0.010074198716982594,15,0
19,1,Header_Length,0.00064500271841336,15,0
19,1,Protocol Type,0.00010500557265163926,15,0
19,1,Time_To_Live,0.0033371224451325255,15,0
19,1,Rate,0.0001415482565901438,15,0
19,1,fin_flag_number,2.37099340180108e-05,15,0
19,1,syn_flag_number,0.00542389484582573,15,0
19,1,rst_flag_number,7.476829651588121e-05,15,0
19,1,psh_flag_number,1.5772260273313573e-05,15,0
19,1,ack_flag_number,0.0087503861232927,15,0
19,1,ece_flag_number,0.0,15,0
19,1,cwr_flag_number,0.0,15,0
19,1,ack_count,0.00832197168696001,15,0
19,1,syn_count,0.0035915521090567303,15,0
19,1,fin_count,0.003820970201943865,15,0
19,1,rst_count,0.0028915537570580073,15,0
19,1,HTTP,4.654810425144096e-05,15,0
19,1,HTTPS,4.478396016329239e-05,15,0
19,1,DNS,2.5237954603351205e-07,15,0
19,1,Telnet,0.0,15,0
19,1,SMTP,0.0,15,0
19,1,SSH,0.0,15,0
19,1,IRC,0.0,15,0
19,1,TCP,0.0003682080362429141,15,0
19,1,UDP,0.0008144365176867607,15,0
19,1,DHCP,0.0,15,0
19,1,ARP,2.72408385066747e-07,15,0
19,1,ICMP,0.00022117108490115567,15,0
19,1,IGMP,0.0,15,0
19,1,IPv,8.387110242509605e-08,15,0
19,1,LLC,1.805954573604259e-07,15,0
19,1,Tot sum,0.014811533687224668,15,0
19,1,Min,8.644686979175086e-05,15,0
19,1,Max,0.0002170994548137395,15,0
19,1,AVG,0.0021224836560812493,15,0
19,1,Std,0.00043904488807822053,15,0
19,1,Tot size,0.0027892227676474713,15,0
19,1,IAT,0.0013010927091026403,15,0
19,1,Number,0.002947996132247015,15,0
19,1,Variance,0.002714060935798024,15,0
19,2,Header_Length,0.00602401216817412,15,0
19,2,Protocol Type,0.0012455782313669252,15,0
19,2,Time_To_Live,0.0028008753457061174,15,0
19,2,Rate,0.0013009766574436962,15,0
19,2,fin_flag_number,0.0001288711578163401,15,0
19,2,syn_flag_number,0.04248588799101393,15,0
19,2,rst_flag_number,0.000419537166838912,15,0
19,2,psh_flag_number,7.228464404954636e-05,15,0
19,2,ack_flag_number,0.010301400581131475,15,0
19,2,ece_flag_number,0.0,15,0
19,2,cwr_flag_number,0.0,15,0
19,2,ack_count,0.0234235038918529,15,0
19,2,syn_count,0.04469076237905441,15,0
19,2,fin_count,0.03685127324419745,15,0
19,2,rst_count,0.02380491073234127,15,0
19,2,HTTP,0.00032607697640954503,15,0
19,2,HTTPS,0.00011209393643505373,15,0
19,2,DNS,1.4089587013734746e-06,15,0
19,2,Telnet,0.0,15,0
19,2,SMTP,0.0,15,0
19,2,SSH,0.0,15,0
19,2,IRC,0.0,15,0
19,2,TCP,0.0030987834346128786,15,0
19,2,UDP,0.009263385060108452,15,0
19,2,DHCP,0.0,15,0
19,2,ARP,1.5552832056117396e-06,15,0
19,2,ICMP,0.002160041218042758,15,0
19,2,IGMP,0.0,15,0
19,2,IPv,6.687677731853775e-07,15,0
19,2,LLC,1.1529267833784087e-06,15,0
19,2,Tot sum,0.014787098925605306,15,0
19,2,Min,0.00023598637771399922,15,0
19,2,Max,0.0008713090104828813,15,0
19,2,AVG,0.0032574386508978036,15,0
19,2,Std,0.0021250948257747443,15,0
19,2,Tot size,0.002156099828245832,15,0
19,2,IAT,0.0033350865703390296,15,0
19,2,Number,0.0031082327553713183,15,0
19,2,Variance,0.01648099409727207,15,0
19,3,Header_Length,0.007817922411910167,15,0
19,3,Protocol Type,0.0015573671563778246,15,0
19,3,Time_To_Live,0.004409203168580404,15,0
19,3,Rate,0.0022928100979128854,15,0
19,3,fin_flag_number,7.774338360645865e-05,15,0
19,3,syn_flag_number,0.06076171126386589,15,0
19,3,rst_flag_number,0.0003952400378615321,15,0
19,3,psh_flag_number,8.483549291814666e-05,15,0
19,3,ack_flag_number,0.012809008207394825,15,0
19,3,ece_flag_number,0.0,15,0
19,3,cwr_flag_number,0.0,15,0
19,3,ack_count,0.02553848280725351,15,0
19,3,syn_count,0.0629589202056727,15,0
19,3,fin_count,0.025460681828474403,15,0
19,3,rst_count,0.012446219417281827,15,0
19,3,HTTP,0.00036902940776724585,15,0
19,3,HTTPS,0.00014400012959109475,15,0
19,3,DNS,2.708323182815721e-06,15,0
19,3,Telnet,0.0,15,0
19,3,SMTP,0.0,15,0
19,3,SSH,0.0,15,0
19,3,IRC,0.0,15,0
19,3,TCP,0.003938152025275484,15,0
19,3,UDP,0.008446875058201037,15,0
19,3,DHCP,0.0,15,0
19,3,ARP,1.6849379167734112e-06,15,0
19,3,ICMP,0.0027903991616609323,15,0
19,3,IGMP,0.0,15,0
19,3,IPv,7.794444373528564e-07,15,0
19,3,LLC,1.2380210999844016e-06,15,0
19,3,Tot sum,0.01758760143859547,15,0
19,3,Min,6.092405475433216e-05,15,0
19,3,Max,0.002643244371424679,15,0
19,3,AVG,0.004313066245766634,15,0
19,3,Std,0.004364697740918364,15,0
19,3,Tot size,0.004616449595052288,15,0
19,3,IAT,0.003195566525758338,15,0
19,3,Number,0.0025138078025831413,15,0
19,3,Variance,0.03322133526189,15,0
19,4,Header_Length,0.006534041725587247,15,0
19,4,Protocol Type,0.0014729889247413047,15,0
19,4,Time_To_Live,0.004450184281514637,15,0
19,4,Rate,0.0022109518243854736,15,0
19,4,fin_flag_number,0.00010066561743654575,15,0
19,4,syn_flag_number,0.06947319020905937,15,0
19,4,rst_flag_number,0.0003005912196619764,15,0
19,4,psh_flag_number,2.7164155242464567e-05,15,0
19,4,ack_flag_number,0.010772055102515879,15,0
19,4,ece_flag_number,0.0,15,0
19,4,cwr_flag_number,0.0,15,0
19,4,ack_count,0.023412116648733453,15,0
19,4,syn_count,0.07446391529898096,15,0
19,4,fin_count,0.03729805592105019,15,0
19,4,rst_count,0.016894957439326366,15,0
19,4,HTTP,0.00041204032451220283,15,0
19,4,HTTPS,0.00013603265191167613,15,0
19,4,DNS,1.5145774919143048e-06,15,0
19,4,Telnet,0.0,15,0
19,4,SMTP,0.0,15,0
19,4,SSH,0.0,15,0
19,4,IRC,0.0,15,0
19,4,TCP,0.0033627448461864516,15,0
19,4,UDP,0.0101117357190281,15,0
19,4,DHCP,0.0,15,0
19,4,ARP,2.056603236350445e-06,15,0
19,4,ICMP,0.0023927173939927793,15,0
19,4,IGMP,0.0,15,0
19,4,IPv,1.1972988698112966e-06,15,0
19,4,LLC,1.1596822945023408e-06,15,0
19,4,Tot sum,0.021497922388599024,15,0
19,4,Min,0.00016812564152848708,15,0
19,4,Max,0.0006235517271259352,15,0
19,4,AVG,0.004034027703196727,15,0
19,4,Std,0.002361730548231922,15,0
19,4,Tot size,0.0027507067260781424,15,0
19,4,IAT,0.002755155169800787,15,0
19,4,Number,0.004214080198966954,15,0
19,4,Variance,0.013052772151052138,15,0
19,5,Header_Length,0.005590933636169806,15,0
19,5,Protocol Type,0.0010302265308537047,15,0
19,5,Time_To_Live,0.002926989614213937,15,0
19,5,Rate,0.001039453583014559,15,0
19,5,fin_flag_number,0.00017029292937914217,15,0
19,5,syn_flag_number,0.025613346231068944,15,0
19,5,rst_flag_number,0.0005458230781912524,15,0
19,5,psh_flag_number,9.37485452041327e-05,15,0
19,5,ack_flag_number,0.011296866184553096,15,0
19,5,ece_flag_number,0.0,15,0
19,5,cwr_flag_number,0.0,15,0
19,5,ack_count,0.022231675922779123,15,0
19,5,syn_count,0.033374194617416794,15,0
19,5,fin_count,0.04238474571843764,15,0
19,5,rst_count,0.03230385245473478,15,0
19,5,HTTP,0.00029971101990341364,15,0
19,5,HTTPS,9.566508336546598e-05,15,0
19,5,DNS,6.390649008506245e-07,15,0
19,5,Telnet,0.0,15,0
19,5,SMTP,0.0,15,0
19,5,SSH,0.0,15,0
19,5,IRC,0.0,15,0
19,5,TCP,0.003105333359998444,15,0
19,5,UDP,0.00778241707142929,15,0
19,5,DHCP,0.0,15,0
19,5,ARP,1.2224481128051353e-06,15,0
19,5,ICMP,0.002009206286565894,15,0
19,5,IGMP,0.0,15,0
19,5,IPv,2.4016525353158893e-07,15,0
19,5,LLC,1.03359169515956e-06,15,0
19,5,Tot sum,0.01609524534897673,15,0
19,5,Min,0.00018632295871839232,15,0
19,5,Max,0.000449664263593966,15,0
19,5,AVG,0.0023947314222400175,15,0
19,5,Std,0.0014265086668673666,15,0
19,5,Tot size,0.002795645864687515,15,0
19,5,IAT,0.0024831753556649083,15,0
19,5,Number,0.001988676999161889,15,0
19,5,Variance,0.010074198716982594,15,0
20,1,Header_Length,0.0004997245931701099,20,1
20,1,Protocol Type,7.124900102975722e-05,20,1
20,1,Time_To_Live,0.004284798894307436,20,1
20,1,Rate,0.0002860040165189578,20,1
20,1,fin_flag_number,6.432864303128165e-06,20,1
20,1,syn_flag_number,0.010560893781365311,20,1
20,1,rst_flag_number,3.944139408315367e-05,20,1
20,1,psh_flag_number,1.356636310631501e-05,20,1
20,1,ack_flag_number,0.0052795302234305555,20,1
20,1,ece_flag_number,0.0,20,1
20,1,cwr_flag_number,0.0,20,1
20,1,ack_count,0.003878835097095674,20,1
20,1,syn_count,0.009552024439778685,20,1
20,1,fin_count,0.0024157652751020096,20,1
20,1,rst_count,0.0016613071803306823,20,1
20,1,HTTP,3.7810039388719356e-05,20,1
20,1,HTTPS,4.125301249298552e-05,20,1
20,1,DNS,3.314996273147278e-07,20,1
20,1,Telnet,0.0,20,1
20,1,SMTP,0.0,20,1
20,1,SSH,0.0,20,1
20,1,IRC,0.0,20,1
20,1,TCP,0.0002430282175671008,20,1
20,1,UDP,0.0006877556843749278,20,1
20,1,DHCP,0.0,20,1
20,1,ARP,1.996766134128275e-07,20,1
20,1,ICMP,0.00018298413318905402,20,1
20,1,IGMP,0.0,20,1
20,1,IPv,1.6449083472033976e-07,20,1
20,1,LLC,1.699514855464456e-07,20,1
20,1,Tot sum,0.017837923379232058,20,1
20,1,Min,0.0001409784607333206,20,1
20,1,Max,0.00013404855680585248,20,1
20,1,AVG,0.002962686268203463,20,1
20,1,Std,0.0007443176862874895,20,1
20,1,Tot size,0.004931754346707767,20,1
20,1,IAT,0.0014247787824583757,20,1
20,1,Number,0.002626609745421069,20,1
20,1,Variance,0.003130554079567798,20,1
20,2,Header_Length,0.005301713799665843,20,1
20,2,Protocol Type,0.0016674869432117365,20,1
20,2,Time_To_Live,0.0024085279223671563,20,1
20,2,Rate,0.0023751738971613,20,1
20,2,fin_flag_number,0.00014207843253917908,20,1
20,2,syn_flag_number,0.06587948711242088,20,1
20,2,rst_flag_number,0.0002466949379937024,20,1
20,2,psh_flag_number,7.305622018739506e-05,20,1
20,2,ack_flag_number,0.013700994351872353,20,1
20,2,ece_flag_number,0.0,20,1
20,2,cwr_flag_number,0.0,20,1
20,2,ack_count,0.006689862872149846,20,1
20,2,syn_count,0.06661004740836991,20,1
20,2,fin_count,0.03822389420071446,20,1
20,2,rst_count,0.02509100404484301,20,1
20,2,HTTP,0.00014671664851665156,20,1
20,2,HTTPS,3.250645971247107e-05,20,1
20,2,DNS,2.870733511277156e-06,20,1
20,2,Telnet,0.0,20,1
20,2,SMTP,0.0,20,1
20,2,SSH,0.0,20,1
20,2,IRC,0.0,20,1
20,2,TCP,0.0022083513026211615,20,1
20,2,UDP,0.006260707589529252,20,1
20,2,DHCP,0.0,20,1
20,2,ARP,1.3585526491248737e-06,20,1
20,2,ICMP,0.0011875801560958293,20,1
20,2,IGMP,0.0,20,1
20,2,IPv,7.720481585588056e-07,20,1
20,2,LLC,1.0793227485336463e-06,20,1
20,2,Tot sum,0.015240145535388336,20,1
20,2,Min,0.0001294938571719917,20,1
20,2,Max,0.0019695247860628453,20,1
20,2,AVG,0.0030607988576901233,20,1
20,2,Std,0.003491207147078328,20,1
20,2,Tot size,0.0037122156401368043,20,1
20,2,IAT,0.004172025948617453,20,1
20,2,Number,0.0024283338577358736,20,1
20,2,Variance,0.013838666368820014,20,1
20,3,Header_Length,0.006946356565804191,20,1
20,3,Protocol Type,0.0014420155065278605,20,1
20,3,Time_To_Live,0.0041928232822954214,20,1
20,3,Rate,0.002719703277719899,20,1
20,3,fin_flag_number,0.00013987967666258128,20,1
20,3,syn_flag_number,0.07439136807716391,20,1
20,3,rst_flag_number,0.0006505904239946686,20,1
20,3,psh_flag_number,2.238023910106697e-05,20,1
20,3,ack_flag_number,0.015178852812957189,20,1
20,3,ece_flag_number,0.0,20,1
20,3,cwr_flag_number,0.0,20,1
20,3,ack_count,0.029223255869928407,20,1
20,3,syn_count,0.07486534138458532,20,1
20,3,fin_count,0.035141870962668506,20,1
20,3,rst_count,0.021657690277651596,20,1
20,3,HTTP,0.000489257851660036,20,1
20,3,HTTPS,0.00021194918810240492,20,1
20,3,DNS,1.7668318038622415e-06,20,1
20,3,Telnet,0.0,20,1
20,3,SMTP,0.0,20,1
20,3,SSH,0.0,20,1
20,3,IRC,0.0,20,1
20,3,TCP,0.0037260496109908794,20,1
20,3,UDP,0.007804501483128952,20,1
20,3,DHCP,0.0,20,1
20,3,ARP,4.763418429849299e-06,20,1
20,3,ICMP,0.0028039612956115654,20,1
20,3,IGMP,0.0,20,1
20,3,IPv,9.62664110360791e-07,20,1
20,3,LLC,1.1716587563692823e-06,20,1
20,3,Tot sum,0.02592304968088122,20,1
20,3,Min,0.00010581116743976882,20,1
20,3,Max,0.0013903310546277492,20,1
20,3,AVG,0.007519486147939461,20,1
20,3,Std,0.004199935722575141,20,1
20,3,Tot size,0.011412118752123437,20,1
20,3,IAT,0.0036008210379737038,20,1
20,3,Number,0.0029530391780584965,20,1
20,3,Variance,0.008627002909590644,20,1
20,4,Header_Length,0.006901234713150573,20,1
20,4,Protocol Type,0.0017464897961220604,20,1
20,4,Time_To_Live,0.003526309907506544,20,1
20,4,Rate,0.0025559028850197884,20,1
20,4,fin_flag_number,9.918276278057414e-05,20,1
20,4,syn_flag_number,0.07936728396021484,20,1
20,4,rst_flag_number,0.00024095046087944458,20,1
20,4,psh_flag_number,2.325563378627403e-05,20,1
20,4,ack_flag_number,0.006778508461180835,20,1
20,4,ece_flag_number,0.0,20,1
20,4,cwr_flag_number,0.0,20,1
20,4,ack_count,0.014256692412098032,20,1
20,4,syn_count,0.08551932397406739,20,1
20,4,fin_count,0.03129309682002681,20,1
20,4,rst_count,0.01282785868179202,20,1
20,4,HTTP,0.0005629333356012923,20,1
20,4,HTTPS,0.00011318946644712668,20,1
20,4,DNS,3.0644273018938346e-06,20,1
20,4,Telnet,0.0,20,1
20,4,SMTP,0.0,20,1
20,4,SSH,0.0,20,1
20,4,IRC,0.0,20,1
20,4,TCP,0.00338453038741261,20,1
20,4,UDP,0.01088601799517925,20,1
20,4,DHCP,0.0,20,1
20,4,ARP,2.4299499194019283e-06,20,1
20,4,ICMP,0.0026864597588705697,20,1
20,4,IGMP,0.0,20,1
20,4,IPv,1.4528055370758587e-06,20,1
20,4,LLC,1.1872449308891612e-06,20,1
20,4,Tot sum,0.0205455663229759,20,1
20,4,Min,0.00019090977474107263,20,1
20,4,Max,0.0017250926514363084,20,1
20,4,AVG,0.006661537418746404,20,1
20,4,Std,0.00450700354737831,20,1
20,4,Tot size,0.004511672378146283,20,1
20,4,IAT,0.0044044747249373725,20,1
20,4,Number,0.00318434188660234,20,1
20,4,Variance,0.012653286947273723,20,1
20,5,Header_Length,0.0054252517718401845,20,1
20,5,Protocol Type,0.001469834546234043,20,1
20,5,Time_To_Live,0.003020112366665687,20,1
20,5,Rate,0.0014276310139638968,20,1
20,5,fin_flag_number,0.00015986836773811662,20,1
20,5,syn_flag_number,0.034445851927342785,20,1
20,5,rst_flag_number,0.0004251987104538799,20,1
20,5,psh_flag_number,9.00664721386711e-05,20,1
20,5,ack_flag_number,0.006378047406888647,20,1
20,5,ece_flag_number,0.0,20,1
20,5,cwr_flag_number,0.0,20,1
20,5,ack_count,0.01470665427117767,20,1
20,5,syn_count,0.04249601869979846,20,1
20,5,fin_count,0.040078646416394026,20,1
20,5,rst_count,0.028797419358735813,20,1
20,5,HTTP,0.00023293886328357605,20,1
20,5,HTTPS,8.983777736160419e-05,20,1
20,5,DNS,3.0194183018121035e-06,20,1
20,5,Telnet,0.0,20,1
20,5,SMTP,0.0,20,1
20,5,SSH,0.0,20,1
20,5,IRC,0.0,20,1
20,5,TCP,0.002830269412006594,20,1
20,5,UDP,0.008480540540134147,20,1
20,5,DHCP,0.0,20,1
20,5,ARP,8.085024312455445e-07,20,1
20,5,ICMP,0.0017488330900629692,20,1
20,5,IGMP,0.0,20,1
20,5,IPv,5.853258072998862e-07,20,1
20,5,LLC,1.6438663867339942e-06,20,1
20,5,Tot sum,0.020875313278617115,20,1
20,5,Min,0.00010762827186287404,20,1
20,5,Max,0.0020550086559376944,20,1
20,5,AVG,0.003897050935680344,20,1
20,5,Std,0.0037977561879261085,20,1
20,5,Tot size,0.0018762379369392623,20,1
20,5,IAT,0.002908237966474121,20,1
20,5,Number,0.0024234452674614915,20,1
20,5,Variance,0.011705336131702423,20,1
