round,client_id,class_name,available,feature_name,server_normalized_mean_abs_shap,client_normalized_mean_abs_shap,client_minus_server,absolute_difference,server_rank,client_rank
10,1,BENIGN,1,Header_Length,0.0018447597466784323,0.000771094037743672,-0.0010736657089347604,0.0010736657089347604,18,18
10,1,BENIGN,1,Protocol Type,7.850810974537686e-05,5.393317766782545e-05,-2.457493207755141e-05,2.457493207755141e-05,24,24
10,1,BENIGN,1,Time_To_Live,0.17404132357731986,0.16821524029519527,-0.005826083282124583,0.005826083282124583,6,4
10,1,BENIGN,1,Rate,0.00042488453312404783,0.0002851669266703452,-0.0001397176064537026,0.0001397176064537026,19,19
10,1,BENIGN,1,fin_flag_number,9.502794272864169e-05,7.454862041461582e-05,-2.047932231402587e-05,2.047932231402587e-05,23,23
10,1,BENIGN,1,syn_flag_number,0.006536112818454587,0.0030570341052750206,-0.0034790787131795666,0.0034790787131795666,16,16
10,1,BENIGN,1,rst_flag_number,4.243144213779979e-05,1.538983229350934e-05,-2.7041609844290448e-05,2.7041609844290448e-05,26,27
10,1,BENIGN,1,psh_flag_number,5.3383151356459586e-05,4.503098626834923e-05,-8.352165088110355e-06,8.352165088110355e-06,25,25
10,1,BENIGN,1,ack_flag_number,0.02641698376799088,0.031057352358723395,0.004640368590732514,0.004640368590732514,10,10
10,1,BENIGN,1,ece_flag_number,0.0,0.0,0.0,0.0,34,34
10,1,BENIGN,1,cwr_flag_number,0.0,0.0,0.0,0.0,35,35
10,1,BENIGN,1,ack_count,0.002602819135511162,0.001815620258017152,-0.00078719887749401,0.00078719887749401,17,17
10,1,BENIGN,1,syn_count,0.018406380902074207,0.007891115496383756,-0.010515265405690451,0.010515265405690451,12,12
10,1,BENIGN,1,fin_count,0.009633418827792332,0.006204827788252417,-0.0034285910395399155,0.0034285910395399155,14,13
10,1,BENIGN,1,rst_count,0.0072317895242967395,0.003676209960156361,-0.0035555795641403786,0.0035555795641403786,15,15
10,1,BENIGN,1,HTTP,2.7867751155677402e-05,2.221732253349005e-05,-5.650428622187353e-06,5.650428622187353e-06,27,26
10,1,BENIGN,1,HTTPS,0.0001723868091636048,0.00012677908661667782,-4.560772254692699e-05,4.560772254692699e-05,22,22
10,1,BENIGN,1,DNS,6.238215763396946e-06,2.503915106054361e-06,-3.734300657342585e-06,3.734300657342585e-06,29,30
10,1,BENIGN,1,Telnet,0.0,0.0,0.0,0.0,36,36
10,1,BENIGN,1,SMTP,0.0,0.0,0.0,0.0,37,37
10,1,BENIGN,1,SSH,2.7305090707944745e-08,1.0606034161984998e-06,1.033298325490555e-06,1.033298325490555e-06,33,32
10,1,BENIGN,1,IRC,0.0,0.0,0.0,0.0,38,38
10,1,BENIGN,1,TCP,0.00030842596266750786,0.00013925476769026369,-0.00016917119497724417,0.00016917119497724417,20,21
10,1,BENIGN,1,UDP,0.013679079763269217,0.005049911848136414,-0.008629167915132803,0.008629167915132803,13,14
10,1,BENIGN,1,DHCP,3.1107854596856727e-08,6.881027999329902e-09,-2.4226826597526826e-08,2.4226826597526826e-08,32,33
10,1,BENIGN,1,ARP,2.7755283114199283e-06,4.413167097185864e-06,1.637638785765936e-06,1.637638785765936e-06,30,29
10,1,BENIGN,1,ICMP,0.00020464833844166042,0.0001625226394010586,-4.212569904060183e-05,4.212569904060183e-05,21,20
10,1,BENIGN,1,IGMP,0.0,0.0,0.0,0.0,39,39
10,1,BENIGN,1,IPv,1.4405264113168212e-05,2.421623755889906e-06,-1.1983640357278305e-05,1.1983640357278305e-05,28,31
10,1,BENIGN,1,LLC,1.820685191571564e-06,4.828096306357881e-06,3.0074111147863173e-06,3.0074111147863173e-06,31,28
10,1,BENIGN,1,Tot sum,0.713311985531309,0.4636780413491571,-0.24963394418215196,0.24963394418215196,1,2
10,1,BENIGN,1,Min,0.02333645604667705,0.012491700338682467,-0.010844755707994582,0.010844755707994582,11,11
10,1,BENIGN,1,Max,0.07542437020315207,0.03140668662767906,-0.04401768357547301,0.04401768357547301,8,9
10,1,BENIGN,1,AVG,0.3381213919355209,0.1424344570630008,-0.19568693487252006,0.19568693487252006,3,6
10,1,BENIGN,1,Std,0.31107073255132767,0.18072644928703227,-0.1303442832642954,0.1303442832642954,4,3
10,1,BENIGN,1,Tot size,0.20177292264524951,0.16352557320416694,-0.03824734944108257,0.03824734944108257,5,5
10,1,BENIGN,1,IAT,0.13198054199040848,0.04785166052559285,-0.08412888146481563,0.08412888146481563,7,7
10,1,BENIGN,1,Number,0.06350186011527276,0.04704604332747334,-0.016455816787799414,0.016455816787799414,9,8
10,1,BENIGN,1,Variance,0.4242467766254834,0.8186896846634061,0.3944429080379227,0.3944429080379227,2,1
10,2,BENIGN,1,Header_Length,0.0018447597466784323,8.207664619220114e-05,-0.001762683100486231,0.001762683100486231,18,18
10,2,BENIGN,1,Protocol Type,7.850810974537686e-05,2.7625187120220113e-05,-5.088292262515675e-05,5.088292262515675e-05,24,23
10,2,BENIGN,1,Time_To_Live,0.17404132357731986,0.00577020190979868,-0.16827112166752117,0.16827112166752117,6,10
10,2,BENIGN,1,Rate,0.00042488453312404783,7.394625805558519e-05,-0.00035093827506846266,0.00035093827506846266,19,19
10,2,BENIGN,1,fin_flag_number,9.502794272864169e-05,1.2547228773220994e-05,-8.24807139554207e-05,8.24807139554207e-05,23,24
10,2,BENIGN,1,syn_flag_number,0.006536112818454587,0.0029365334542425,-0.0035995793642120875,0.0035995793642120875,16,13
10,2,BENIGN,1,rst_flag_number,4.243144213779979e-05,2.172871120054417e-06,-4.025857101774537e-05,4.025857101774537e-05,26,32
10,2,BENIGN,1,psh_flag_number,5.3383151356459586e-05,4.247143074999791e-05,-1.0911720606461672e-05,1.0911720606461672e-05,25,21
10,2,BENIGN,1,ack_flag_number,0.02641698376799088,0.009396312441353713,-0.01702067132663717,0.01702067132663717,10,9
10,2,BENIGN,1,ece_flag_number,0.0,0.0,0.0,0.0,34,34
10,2,BENIGN,1,cwr_flag_number,0.0,0.0,0.0,0.0,35,35
10,2,BENIGN,1,ack_count,0.002602819135511162,0.0007920040347538101,-0.0018108151007573518,0.0018108151007573518,17,16
10,2,BENIGN,1,syn_count,0.018406380902074207,0.005220451585301643,-0.013185929316772564,0.013185929316772564,12,11
10,2,BENIGN,1,fin_count,0.009633418827792332,0.0010051075099647144,-0.008628311317827618,0.008628311317827618,14,14
10,2,BENIGN,1,rst_count,0.0072317895242967395,0.0008689084586966382,-0.006362881065600101,0.006362881065600101,15,15
10,2,BENIGN,1,HTTP,2.7867751155677402e-05,8.540341470762664e-06,-1.9327409684914736e-05,1.9327409684914736e-05,27,26
10,2,BENIGN,1,HTTPS,0.0001723868091636048,3.3443968878631565e-05,-0.00013894284028497325,0.00013894284028497325,22,22
10,2,BENIGN,1,DNS,6.238215763396946e-06,2.374337885590524e-06,-3.8638778778064225e-06,3.8638778778064225e-06,29,31
10,2,BENIGN,1,Telnet,0.0,0.0,0.0,0.0,36,36
10,2,BENIGN,1,SMTP,0.0,0.0,0.0,0.0,37,37
10,2,BENIGN,1,SSH,2.7305090707944745e-08,8.747613917729528e-08,6.017104846935054e-08,6.017104846935054e-08,33,33
10,2,BENIGN,1,IRC,0.0,0.0,0.0,0.0,38,38
10,2,BENIGN,1,TCP,0.00030842596266750786,6.234729540557682e-05,-0.00024607866726193104,0.00024607866726193104,20,20
10,2,BENIGN,1,UDP,0.013679079763269217,0.0045565752907701035,-0.009122504472499113,0.009122504472499113,13,12
10,2,BENIGN,1,DHCP,3.1107854596856727e-08,2.485856963517123e-06,2.4547491089202664e-06,2.4547491089202664e-06,32,30
10,2,BENIGN,1,ARP,2.7755283114199283e-06,7.772784787897832e-06,4.997256476477904e-06,4.997256476477904e-06,30,27
10,2,BENIGN,1,ICMP,0.00020464833844166042,6.825238205718868e-06,-0.00019782310023594156,0.00019782310023594156,21,28
10,2,BENIGN,1,IGMP,0.0,0.0,0.0,0.0,39,39
10,2,BENIGN,1,IPv,1.4405264113168212e-05,9.665839169725228e-06,-4.739424943442984e-06,4.739424943442984e-06,28,25
10,2,BENIGN,1,LLC,1.820685191571564e-06,5.7391888178281285e-06,3.918503626256565e-06,3.918503626256565e-06,31,29
10,2,BENIGN,1,Tot sum,0.713311985531309,0.2770469344389719,-0.43626505109233715,0.43626505109233715,1,4
10,2,BENIGN,1,Min,0.02333645604667705,0.0006566855948928313,-0.02267977045178422,0.02267977045178422,11,17
10,2,BENIGN,1,Max,0.07542437020315207,0.06292415323153977,-0.012500216971612299,0.012500216971612299,8,6
10,2,BENIGN,1,AVG,0.3381213919355209,0.3438969890915769,0.005775597156056023,0.005775597156056023,3,2
10,2,BENIGN,1,Std,0.31107073255132767,0.3123618312229513,0.0012910986716236361,0.0012910986716236361,4,3
10,2,BENIGN,1,Tot size,0.20177292264524951,0.2389157198787167,0.037142797233467195,0.037142797233467195,5,5
10,2,BENIGN,1,IAT,0.13198054199040848,0.017142359271258983,-0.1148381827191495,0.1148381827191495,7,8
10,2,BENIGN,1,Number,0.06350186011527276,0.02561310600018635,-0.03788875411508641,0.03788875411508641,9,7
10,2,BENIGN,1,Variance,0.4242467766254834,0.8032675848152627,0.37902080818977935,0.37902080818977935,2,1
10,3,BENIGN,1,Header_Length,0.0018447597466784323,0.0010086706458888753,-0.000836089100789557,0.000836089100789557,18,18
10,3,BENIGN,1,Protocol Type,7.850810974537686e-05,2.515580167141739e-05,-5.335230807395948e-05,5.335230807395948e-05,24,26
10,3,BENIGN,1,Time_To_Live,0.17404132357731986,0.3482267529916318,0.17418542941431195,0.17418542941431195,6,3
10,3,BENIGN,1,Rate,0.00042488453312404783,0.0005186253015262777,9.374076840222985e-05,9.374076840222985e-05,19,19
10,3,BENIGN,1,fin_flag_number,9.502794272864169e-05,0.00011929073052276953,2.4262787794127844e-05,2.4262787794127844e-05,23,21
10,3,BENIGN,1,syn_flag_number,0.006536112818454587,0.003903433324793951,-0.0026326794936606364,0.0026326794936606364,16,16
10,3,BENIGN,1,rst_flag_number,4.243144213779979e-05,2.9927623588183904e-05,-1.2503818549615884e-05,1.2503818549615884e-05,26,25
10,3,BENIGN,1,psh_flag_number,5.3383151356459586e-05,6.83976520035879e-05,1.501450064712831e-05,1.501450064712831e-05,25,23
10,3,BENIGN,1,ack_flag_number,0.02641698376799088,0.018632449421016658,-0.007784534346974223,0.007784534346974223,10,9
10,3,BENIGN,1,ece_flag_number,0.0,0.0,0.0,0.0,34,33
10,3,BENIGN,1,cwr_flag_number,0.0,0.0,0.0,0.0,35,34
10,3,BENIGN,1,ack_count,0.002602819135511162,0.0018528069263094873,-0.0007500122092016746,0.0007500122092016746,17,17
10,3,BENIGN,1,syn_count,0.018406380902074207,0.00570954071480133,-0.012696840187272877,0.012696840187272877,12,13
10,3,BENIGN,1,fin_count,0.009633418827792332,0.008731147640178504,-0.0009022711876138286,0.0009022711876138286,14,11
10,3,BENIGN,1,rst_count,0.0072317895242967395,0.005391358140289126,-0.001840431384007613,0.001840431384007613,15,14
10,3,BENIGN,1,HTTP,2.7867751155677402e-05,9.618323552623759e-07,-2.6905918800415027e-05,2.6905918800415027e-05,27,31
10,3,BENIGN,1,HTTPS,0.0001723868091636048,0.00019038080313915805,1.7993993975553234e-05,1.7993993975553234e-05,22,20
10,3,BENIGN,1,DNS,6.238215763396946e-06,2.105079616779286e-06,-4.1331361466176606e-06,4.1331361466176606e-06,29,30
10,3,BENIGN,1,Telnet,0.0,0.0,0.0,0.0,36,35
10,3,BENIGN,1,SMTP,0.0,0.0,0.0,0.0,37,36
10,3,BENIGN,1,SSH,2.7305090707944745e-08,6.662243063253526e-08,3.931733992459051e-08,3.931733992459051e-08,33,32
10,3,BENIGN,1,IRC,0.0,0.0,0.0,0.0,38,37
10,3,BENIGN,1,TCP,0.00030842596266750786,8.306553430454468e-05,-0.00022536042836296318,0.00022536042836296318,20,22
10,3,BENIGN,1,UDP,0.013679079763269217,0.005200925917942323,-0.008478153845326894,0.008478153845326894,13,15
10,3,BENIGN,1,DHCP,3.1107854596856727e-08,0.0,-3.1107854596856727e-08,3.1107854596856727e-08,32,38
10,3,BENIGN,1,ARP,2.7755283114199283e-06,7.707343947910242e-06,4.931815636490314e-06,4.931815636490314e-06,30,28
10,3,BENIGN,1,ICMP,0.00020464833844166042,4.692206184469772e-05,-0.0001577262765969627,0.0001577262765969627,21,24
10,3,BENIGN,1,IGMP,0.0,0.0,0.0,0.0,39,39
10,3,BENIGN,1,IPv,1.4405264113168212e-05,5.238630532086182e-06,-9.16663358108203e-06,9.16663358108203e-06,28,29
10,3,BENIGN,1,LLC,1.820685191571564e-06,7.853826373092847e-06,6.033141181521283e-06,6.033141181521283e-06,31,27
10,3,BENIGN,1,Tot sum,0.713311985531309,0.478774529594845,-0.23453745593646402,0.23453745593646402,1,2
10,3,BENIGN,1,Min,0.02333645604667705,0.008445738517729695,-0.014890717528947354,0.014890717528947354,11,12
10,3,BENIGN,1,Max,0.07542437020315207,0.017890977206886028,-0.057533392996266045,0.057533392996266045,8,10
10,3,BENIGN,1,AVG,0.3381213919355209,0.08861118276140431,-0.24951020917411657,0.24951020917411657,3,7
10,3,BENIGN,1,Std,0.31107073255132767,0.12759958534583818,-0.1834711472054895,0.1834711472054895,4,5
10,3,BENIGN,1,Tot size,0.20177292264524951,0.23016416680922877,0.028391244163979257,0.028391244163979257,5,4
10,3,BENIGN,1,IAT,0.13198054199040848,0.11846027225887369,-0.013520269731534793,0.013520269731534793,7,6
10,3,BENIGN,1,Number,0.06350186011527276,0.06159496232807349,-0.0019068977871992687,0.0019068977871992687,9,8
10,3,BENIGN,1,Variance,0.4242467766254834,0.7440790329904897,0.31983225636500634,0.31983225636500634,2,1
10,4,BENIGN,1,Header_Length,0.0018447597466784323,0.004075882985038545,0.0022311232383601127,0.0022311232383601127,18,16
10,4,BENIGN,1,Protocol Type,7.850810974537686e-05,2.0887078595331894e-05,-5.762103115004497e-05,5.762103115004497e-05,24,26
10,4,BENIGN,1,Time_To_Live,0.17404132357731986,0.626449798008622,0.45240847443130217,0.45240847443130217,6,1
10,4,BENIGN,1,Rate,0.00042488453312404783,0.0013795502285454402,0.0009546656954213923,0.0009546656954213923,19,18
10,4,BENIGN,1,fin_flag_number,9.502794272864169e-05,8.534007212106282e-05,-9.687870607578871e-06,9.687870607578871e-06,23,23
10,4,BENIGN,1,syn_flag_number,0.006536112818454587,0.0026813369265838833,-0.003854775891870704,0.003854775891870704,16,17
10,4,BENIGN,1,rst_flag_number,4.243144213779979e-05,4.500946683784208e-05,2.5780247000422923e-06,2.5780247000422923e-06,26,24
10,4,BENIGN,1,psh_flag_number,5.3383151356459586e-05,3.5378468143906574e-05,-1.8004683212553012e-05,1.8004683212553012e-05,25,25
10,4,BENIGN,1,ack_flag_number,0.02641698376799088,0.00700429111008767,-0.01941269265790321,0.01941269265790321,10,13
10,4,BENIGN,1,ece_flag_number,0.0,0.0,0.0,0.0,34,33
10,4,BENIGN,1,cwr_flag_number,0.0,0.0,0.0,0.0,35,34
10,4,BENIGN,1,ack_count,0.002602819135511162,0.00016862865963352812,-0.002434190475877634,0.002434190475877634,17,22
10,4,BENIGN,1,syn_count,0.018406380902074207,0.009548770703350157,-0.00885761019872405,0.00885761019872405,12,10
10,4,BENIGN,1,fin_count,0.009633418827792332,0.008093474542733816,-0.0015399442850585164,0.0015399442850585164,14,12
10,4,BENIGN,1,rst_count,0.0072317895242967395,0.005965485810941455,-0.0012663037133552844,0.0012663037133552844,15,14
10,4,BENIGN,1,HTTP,2.7867751155677402e-05,1.1302107660183116e-05,-1.6565643495494285e-05,1.6565643495494285e-05,27,27
10,4,BENIGN,1,HTTPS,0.0001723868091636048,0.0005303413822088938,0.000357954573045289,0.000357954573045289,22,19
10,4,BENIGN,1,DNS,6.238215763396946e-06,3.610394517269834e-08,-6.202111818224248e-06,6.202111818224248e-06,29,31
10,4,BENIGN,1,Telnet,0.0,0.0,0.0,0.0,36,35
10,4,BENIGN,1,SMTP,0.0,0.0,0.0,0.0,37,36
10,4,BENIGN,1,SSH,2.7305090707944745e-08,0.0,-2.7305090707944745e-08,2.7305090707944745e-08,33,37
10,4,BENIGN,1,IRC,0.0,0.0,0.0,0.0,38,38
10,4,BENIGN,1,TCP,0.00030842596266750786,0.0003729366015036991,6.451063883619124e-05,6.451063883619124e-05,20,21
10,4,BENIGN,1,UDP,0.013679079763269217,0.009341595208855177,-0.00433748455441404,0.00433748455441404,13,11
10,4,BENIGN,1,DHCP,3.1107854596856727e-08,0.0,-3.1107854596856727e-08,3.1107854596856727e-08,32,39
10,4,BENIGN,1,ARP,2.7755283114199283e-06,1.4275572327984567e-07,-2.6327725881400824e-06,2.6327725881400824e-06,30,29
10,4,BENIGN,1,ICMP,0.00020464833844166042,0.0004021917404726171,0.0001975434020309567,0.0001975434020309567,21,20
10,4,BENIGN,1,IGMP,0.0,5.6042474643672214e-08,5.6042474643672214e-08,5.6042474643672214e-08,39,30
10,4,BENIGN,1,IPv,1.4405264113168212e-05,8.609961553966401e-07,-1.3544267957771571e-05,1.3544267957771571e-05,28,28
10,4,BENIGN,1,LLC,1.820685191571564e-06,3.949575281514703e-09,-1.8167356162900494e-06,1.8167356162900494e-06,31,32
10,4,BENIGN,1,Tot sum,0.713311985531309,0.52351205160168,-0.18979993392962902,0.18979993392962902,1,3
10,4,BENIGN,1,Min,0.02333645604667705,0.004599730457202372,-0.018736725589474677,0.018736725589474677,11,15
10,4,BENIGN,1,Max,0.07542437020315207,0.024485070182492595,-0.050939300020659474,0.050939300020659474,8,6
10,4,BENIGN,1,AVG,0.3381213919355209,0.013502554847528374,-0.3246188370879925,0.3246188370879925,3,7
10,4,BENIGN,1,Std,0.31107073255132767,0.12125553595560863,-0.18981519659571905,0.18981519659571905,4,5
10,4,BENIGN,1,Tot size,0.20177292264524951,0.012117060136692356,-0.18965586250855715,0.18965586250855715,5,8
10,4,BENIGN,1,IAT,0.13198054199040848,0.010292879293992566,-0.12168766269641591,0.12168766269641591,7,9
10,4,BENIGN,1,Number,0.06350186011527276,0.1607503725268244,0.09724851241155164,0.09724851241155164,9,4
10,4,BENIGN,1,Variance,0.4242467766254834,0.5399458402246261,0.11569906359914273,0.11569906359914273,2,2
10,5,BENIGN,0,Header_Length,0.0018447597466784323,0.0,-0.0018447597466784323,0.0018447597466784323,18,1
10,5,BENIGN,0,Protocol Type,7.850810974537686e-05,0.0,-7.850810974537686e-05,7.850810974537686e-05,24,2
10,5,BENIGN,0,Time_To_Live,0.17404132357731986,0.0,-0.17404132357731986,0.17404132357731986,6,3
10,5,BENIGN,0,Rate,0.00042488453312404783,0.0,-0.00042488453312404783,0.00042488453312404783,19,4
10,5,BENIGN,0,fin_flag_number,9.502794272864169e-05,0.0,-9.502794272864169e-05,9.502794272864169e-05,23,5
10,5,BENIGN,0,syn_flag_number,0.006536112818454587,0.0,-0.006536112818454587,0.006536112818454587,16,6
10,5,BENIGN,0,rst_flag_number,4.243144213779979e-05,0.0,-4.243144213779979e-05,4.243144213779979e-05,26,7
10,5,BENIGN,0,psh_flag_number,5.3383151356459586e-05,0.0,-5.3383151356459586e-05,5.3383151356459586e-05,25,8
10,5,BENIGN,0,ack_flag_number,0.02641698376799088,0.0,-0.02641698376799088,0.02641698376799088,10,9
10,5,BENIGN,0,ece_flag_number,0.0,0.0,0.0,0.0,34,10
10,5,BENIGN,0,cwr_flag_number,0.0,0.0,0.0,0.0,35,11
10,5,BENIGN,0,ack_count,0.002602819135511162,0.0,-0.002602819135511162,0.002602819135511162,17,12
10,5,BENIGN,0,syn_count,0.018406380902074207,0.0,-0.018406380902074207,0.018406380902074207,12,13
10,5,BENIGN,0,fin_count,0.009633418827792332,0.0,-0.009633418827792332,0.009633418827792332,14,14
10,5,BENIGN,0,rst_count,0.0072317895242967395,0.0,-0.0072317895242967395,0.0072317895242967395,15,15
10,5,BENIGN,0,HTTP,2.7867751155677402e-05,0.0,-2.7867751155677402e-05,2.7867751155677402e-05,27,16
10,5,BENIGN,0,HTTPS,0.0001723868091636048,0.0,-0.0001723868091636048,0.0001723868091636048,22,17
10,5,BENIGN,0,DNS,6.238215763396946e-06,0.0,-6.238215763396946e-06,6.238215763396946e-06,29,18
10,5,BENIGN,0,Telnet,0.0,0.0,0.0,0.0,36,19
10,5,BENIGN,0,SMTP,0.0,0.0,0.0,0.0,37,20
10,5,BENIGN,0,SSH,2.7305090707944745e-08,0.0,-2.7305090707944745e-08,2.7305090707944745e-08,33,21
10,5,BENIGN,0,IRC,0.0,0.0,0.0,0.0,38,22
10,5,BENIGN,0,TCP,0.00030842596266750786,0.0,-0.00030842596266750786,0.00030842596266750786,20,23
10,5,BENIGN,0,UDP,0.013679079763269217,0.0,-0.013679079763269217,0.013679079763269217,13,24
10,5,BENIGN,0,DHCP,3.1107854596856727e-08,0.0,-3.1107854596856727e-08,3.1107854596856727e-08,32,25
10,5,BENIGN,0,ARP,2.7755283114199283e-06,0.0,-2.7755283114199283e-06,2.7755283114199283e-06,30,26
10,5,BENIGN,0,ICMP,0.00020464833844166042,0.0,-0.00020464833844166042,0.00020464833844166042,21,27
10,5,BENIGN,0,IGMP,0.0,0.0,0.0,0.0,39,28
10,5,BENIGN,0,IPv,1.4405264113168212e-05,0.0,-1.4405264113168212e-05,1.4405264113168212e-05,28,29
10,5,BENIGN,0,LLC,1.820685191571564e-06,0.0,-1.820685191571564e-06,1.820685191571564e-06,31,30
10,5,BENIGN,0,Tot sum,0.713311985531309,0.0,-0.713311985531309,0.713311985531309,1,31
10,5,BENIGN,0,Min,0.02333645604667705,0.0,-0.02333645604667705,0.02333645604667705,11,32
10,5,BENIGN,0,Max,0.07542437020315207,0.0,-0.07542437020315207,0.07542437020315207,8,33
10,5,BENIGN,0,AVG,0.3381213919355209,0.0,-0.3381213919355209,0.3381213919355209,3,34
10,5,BENIGN,0,Std,0.31107073255132767,0.0,-0.31107073255132767,0.31107073255132767,4,35
10,5,BENIGN,0,Tot size,0.20177292264524951,0.0,-0.20177292264524951,0.20177292264524951,5,36
10,5,BENIGN,0,IAT,0.13198054199040848,0.0,-0.13198054199040848,0.13198054199040848,7,37
10,5,BENIGN,0,Number,0.06350186011527276,0.0,-0.06350186011527276,0.06350186011527276,9,38
10,5,BENIGN,0,Variance,0.4242467766254834,0.0,-0.4242467766254834,0.4242467766254834,2,39
10,1,DDOS,1,Header_Length,0.03140447959232602,0.10150148847553599,0.07009700888320997,0.07009700888320997,13,12
10,1,DDOS,1,Protocol Type,0.009440573487512665,0.024847354295199454,0.015406780807686789,0.015406780807686789,21,19
10,1,DDOS,1,Time_To_Live,0.010908578217314589,0.042963746976522325,0.03205516875920773,0.03205516875920773,20,17
10,1,DDOS,1,Rate,0.0069699650042014324,0.01596234620062786,0.008992381196426428,0.008992381196426428,23,21
10,1,DDOS,1,fin_flag_number,0.00045604869160852346,0.001869330129809207,0.0014132814382006836,0.0014132814382006836,26,24
10,1,DDOS,1,syn_flag_number,0.1738493389573968,0.3879296261062567,0.2140802871488599,0.2140802871488599,6,4
10,1,DDOS,1,rst_flag_number,0.0005014868825711546,0.0006588189025340522,0.0001573320199628976,0.0001573320199628976,25,25
10,1,DDOS,1,psh_flag_number,0.008995074803604224,0.017900879469947645,0.008905804666343421,0.008905804666343421,22,20
10,1,DDOS,1,ack_flag_number,0.055294400253078003,0.13663527430306346,0.08134087404998547,0.08134087404998547,12,9
10,1,DDOS,1,ece_flag_number,0.0,0.0,0.0,0.0,33,33
10,1,DDOS,1,cwr_flag_number,0.0,0.0,0.0,0.0,34,34
10,1,DDOS,1,ack_count,0.029595653999885032,0.05190652311180491,0.022310869111919877,0.022310869111919877,14,15
10,1,DDOS,1,syn_count,0.09175434802663716,0.24162824771010308,0.14987389968346593,0.14987389968346593,9,5
10,1,DDOS,1,fin_count,0.1067871075877533,0.41812019540036216,0.3113330878126089,0.3113330878126089,8,3
10,1,DDOS,1,rst_count,0.06159737817868277,0.11856933019415203,0.05697195201546926,0.05697195201546926,11,10
10,1,DDOS,1,HTTP,0.0007264876686854573,0.0004498499598586321,-0.00027663770882682524,0.00027663770882682524,24,26
10,1,DDOS,1,HTTPS,5.706419618433856e-05,0.0003411202053243674,0.0002840560091400289,0.0002840560091400289,27,27
10,1,DDOS,1,DNS,1.5833525055608165e-05,7.936767590909446e-05,6.35341508534863e-05,6.35341508534863e-05,28,28
10,1,DDOS,1,Telnet,0.0,0.0,0.0,0.0,35,35
10,1,DDOS,1,SMTP,0.0,0.0,0.0,0.0,36,36
10,1,DDOS,1,SSH,0.0,0.0,0.0,0.0,37,37
10,1,DDOS,1,IRC,0.0,0.0,0.0,0.0,38,38
10,1,DDOS,1,TCP,0.014444631252728948,0.043967419221183475,0.029522787968454527,0.029522787968454527,18,16
10,1,DDOS,1,UDP,0.11332767088172944,0.17555484736724847,0.06222717648551902,0.06222717648551902,7,7
10,1,DDOS,1,DHCP,5.691536115416371e-08,7.4428643981869e-08,1.7513282827705287e-08,1.7513282827705287e-08,32,32
10,1,DDOS,1,ARP,1.0635189987779782e-05,5.045664599451079e-06,-5.589525388328703e-06,5.589525388328703e-06,30,31
10,1,DDOS,1,ICMP,0.019624781652796686,0.07357593372309294,0.05395115207029626,0.05395115207029626,15,13
10,1,DDOS,1,IGMP,0.0,0.0,0.0,0.0,39,39
10,1,DDOS,1,IPv,3.7826532631452617e-06,7.500325025269437e-06,3.7176717621241757e-06,3.7176717621241757e-06,31,30
10,1,DDOS,1,LLC,1.3870270772823674e-05,9.245512085590261e-06,-4.6247586872334126e-06,4.6247586872334126e-06,29,29
10,1,DDOS,1,Tot sum,0.4376630312243772,0.4560832090496238,0.018420177825246575,0.018420177825246575,3,2
10,1,DDOS,1,Min,0.019036882614181114,0.0053602057122602255,-0.013676676901920887,0.013676676901920887,16,23
10,1,DDOS,1,Max,0.06632432612366852,0.05321521557164842,-0.013109110552020103,0.013109110552020103,10,14
10,1,DDOS,1,AVG,0.5014492457347676,0.18365049187999985,-0.31779875385476775,0.31779875385476775,2,6
10,1,DDOS,1,Std,0.2404458539016239,0.11562546606665014,-0.12482038783497376,0.12482038783497376,5,11
10,1,DDOS,1,Tot size,0.5530876776465179,0.1697493983680869,-0.383338279278431,0.383338279278431,1,8
10,1,DDOS,1,IAT,0.012370880099825387,0.03712073803969388,0.024749857939868496,0.024749857939868496,19,18
10,1,DDOS,1,Number,0.0178571177583974,0.012959088601709806,-0.004898029156687593,0.004898029156687593,17,22
10,1,DDOS,1,Variance,0.3398690436373914,0.4909565862815949,0.1510875426442035,0.1510875426442035,4,1
10,2,DDOS,1,Header_Length,0.03140447959232602,0.14456638537309005,0.11316190578076403,0.11316190578076403,13,7
10,2,DDOS,1,Protocol Type,0.009440573487512665,0.0384432920140407,0.02900271852652804,0.02900271852652804,21,15
10,2,DDOS,1,Time_To_Live,0.010908578217314589,0.03845072132879852,0.027542143111483935,0.027542143111483935,20,14
10,2,DDOS,1,Rate,0.0069699650042014324,0.02171096623233946,0.014741001228138026,0.014741001228138026,23,20
10,2,DDOS,1,fin_flag_number,0.00045604869160852346,0.0014128472560162677,0.0009567985644077443,0.0009567985644077443,26,25
10,2,DDOS,1,syn_flag_number,0.1738493389573968,0.2558360493551863,0.08198671039778949,0.08198671039778949,6,4
10,2,DDOS,1,rst_flag_number,0.0005014868825711546,0.0007214147777917426,0.00021992789522058795,0.00021992789522058795,25,26
10,2,DDOS,1,psh_flag_number,0.008995074803604224,0.014184340748177955,0.005189265944573732,0.005189265944573732,22,21
10,2,DDOS,1,ack_flag_number,0.055294400253078003,0.12419958712287367,0.06890518686979566,0.06890518686979566,12,8
10,2,DDOS,1,ece_flag_number,0.0,0.0,0.0,0.0,33,31
10,2,DDOS,1,cwr_flag_number,0.0,0.0,0.0,0.0,34,32
10,2,DDOS,1,ack_count,0.029595653999885032,0.037202851344461184,0.007607197344576152,0.007607197344576152,14,17
10,2,DDOS,1,syn_count,0.09175434802663716,0.20007980696259065,0.10832545893595348,0.10832545893595348,9,5
10,2,DDOS,1,fin_count,0.1067871075877533,0.35402087703284213,0.24723376944508885,0.24723376944508885,8,3
10,2,DDOS,1,rst_count,0.06159737817868277,0.12196079918526564,0.060363421006582874,0.060363421006582874,11,9
10,2,DDOS,1,HTTP,0.0007264876686854573,0.0030399837492473543,0.002313496080561897,0.002313496080561897,24,23
10,2,DDOS,1,HTTPS,5.706419618433856e-05,0.0076257107569725315,0.007568646560788193,0.007568646560788193,27,22
10,2,DDOS,1,DNS,1.5833525055608165e-05,2.9045296776694488e-05,1.3211771721086322e-05,1.3211771721086322e-05,28,30
10,2,DDOS,1,Telnet,0.0,0.0,0.0,0.0,35,33
10,2,DDOS,1,SMTP,0.0,0.0,0.0,0.0,36,34
10,2,DDOS,1,SSH,0.0,0.0,0.0,0.0,37,35
10,2,DDOS,1,IRC,0.0,0.0,0.0,0.0,38,36
10,2,DDOS,1,TCP,0.014444631252728948,0.0696987946755605,0.055254163422831556,0.055254163422831556,18,11
10,2,DDOS,1,UDP,0.11332767088172944,0.19291117474711594,0.0795835038653865,0.0795835038653865,7,6
10,2,DDOS,1,DHCP,5.691536115416371e-08,0.0,-5.691536115416371e-08,5.691536115416371e-08,32,37
10,2,DDOS,1,ARP,1.0635189987779782e-05,8.487423120751598e-05,7.423904121973621e-05,7.423904121973621e-05,30,27
10,2,DDOS,1,ICMP,0.019624781652796686,0.09671877746569166,0.07709399581289497,0.07709399581289497,15,10
10,2,DDOS,1,IGMP,0.0,0.0,0.0,0.0,39,38
10,2,DDOS,1,IPv,3.7826532631452617e-06,3.081680802278196e-05,2.70341547596367e-05,2.70341547596367e-05,31,29
10,2,DDOS,1,LLC,1.3870270772823674e-05,3.978097684681748e-05,2.591070607399381e-05,2.591070607399381e-05,29,28
10,2,DDOS,1,Tot sum,0.4376630312243772,0.586293216068385,0.1486301848440078,0.1486301848440078,3,1
10,2,DDOS,1,Min,0.019036882614181114,0.0024718928577500306,-0.016564989756431083,0.016564989756431083,16,24
10,2,DDOS,1,Max,0.06632432612366852,0.03787654335549154,-0.028447782768176985,0.028447782768176985,10,16
10,2,DDOS,1,AVG,0.5014492457347676,0.03052678752764328,-0.4709224582071243,0.4709224582071243,2,18
10,2,DDOS,1,Std,0.2404458539016239,0.0590907377280017,-0.1813551161736222,0.1813551161736222,5,13
10,2,DDOS,1,Tot size,0.5530876776465179,0.0616808286714789,-0.491406848975039,0.491406848975039,1,12
10,2,DDOS,1,IAT,0.012370880099825387,0.0286921012159563,0.016321221116130914,0.016321221116130914,19,19
10,2,DDOS,1,Number,0.0178571177583974,0.0,-0.0178571177583974,0.0178571177583974,17,39
10,2,DDOS,1,Variance,0.3398690436373914,0.5542958672663402,0.21442682362894877,0.21442682362894877,4,2
10,3,DDOS,1,Header_Length,0.03140447959232602,0.01493658327608894,-0.01646789631623708,0.01646789631623708,13,12
10,3,DDOS,1,Protocol Type,0.009440573487512665,0.004590199457556018,-0.004850374029956647,0.004850374029956647,21,18
10,3,DDOS,1,Time_To_Live,0.010908578217314589,0.001933437558112,-0.008975140659202588,0.008975140659202588,20,22
10,3,DDOS,1,Rate,0.0069699650042014324,0.0027607213080395377,-0.004209243696161895,0.004209243696161895,23,20
10,3,DDOS,1,fin_flag_number,0.00045604869160852346,0.0002967684551992256,-0.00015928023640929788,0.00015928023640929788,26,23
10,3,DDOS,1,syn_flag_number,0.1738493389573968,0.08249403044607864,-0.09135530851131815,0.09135530851131815,6,5
10,3,DDOS,1,rst_flag_number,0.0005014868825711546,0.00021375602107046767,-0.0002877308615006869,0.0002877308615006869,25,24
10,3,DDOS,1,psh_flag_number,0.008995074803604224,0.003186337371327819,-0.005808737432276404,0.005808737432276404,22,19
10,3,DDOS,1,ack_flag_number,0.055294400253078003,0.020954332490329373,-0.03434006776274863,0.03434006776274863,12,10
10,3,DDOS,1,ece_flag_number,0.0,0.0,0.0,0.0,33,32
10,3,DDOS,1,cwr_flag_number,0.0,0.0,0.0,0.0,34,33
10,3,DDOS,1,ack_count,0.029595653999885032,0.01446740091549668,-0.015128253084388352,0.015128253084388352,14,13
10,3,DDOS,1,syn_count,0.09175434802663716,0.03230668163032044,-0.059447666396316726,0.059447666396316726,9,8
10,3,DDOS,1,fin_count,0.1067871075877533,0.07254509681240234,-0.03424201077535095,0.03424201077535095,8,6
10,3,DDOS,1,rst_count,0.06159737817868277,0.027106102738763228,-0.03449127543991955,0.03449127543991955,11,9
10,3,DDOS,1,HTTP,0.0007264876686854573,3.583783509975319e-05,-0.0006906498335857041,0.0006906498335857041,24,25
10,3,DDOS,1,HTTPS,5.706419618433856e-05,1.8113382525997834e-05,-3.895081365834072e-05,3.895081365834072e-05,27,26
10,3,DDOS,1,DNS,1.5833525055608165e-05,4.689977469268968e-06,-1.1143547586339197e-05,1.1143547586339197e-05,28,27
10,3,DDOS,1,Telnet,0.0,0.0,0.0,0.0,35,34
10,3,DDOS,1,SMTP,0.0,0.0,0.0,0.0,36,35
10,3,DDOS,1,SSH,0.0,0.0,0.0,0.0,37,36
10,3,DDOS,1,IRC,0.0,0.0,0.0,0.0,38,37
10,3,DDOS,1,TCP,0.014444631252728948,0.006746738426284085,-0.0076978928264448635,0.0076978928264448635,18,16
10,3,DDOS,1,UDP,0.11332767088172944,0.05601038433091967,-0.057317286550809775,0.057317286550809775,7,7
10,3,DDOS,1,DHCP,5.691536115416371e-08,1.428800784490237e-07,8.596471729485997e-08,8.596471729485997e-08,32,31
10,3,DDOS,1,ARP,1.0635189987779782e-05,7.983251410266258e-07,-9.836864846753156e-06,9.836864846753156e-06,30,28
10,3,DDOS,1,ICMP,0.019624781652796686,0.011777913197172847,-0.007846868455623839,0.007846868455623839,15,15
10,3,DDOS,1,IGMP,0.0,0.0,0.0,0.0,39,38
10,3,DDOS,1,IPv,3.7826532631452617e-06,4.960647034580743e-07,-3.2865885596871874e-06,3.2865885596871874e-06,31,30
10,3,DDOS,1,LLC,1.3870270772823674e-05,7.667484729387397e-07,-1.3103522299884935e-05,1.3103522299884935e-05,29,29
10,3,DDOS,1,Tot sum,0.4376630312243772,0.9552610226335438,0.5175979914091666,0.5175979914091666,3,1
10,3,DDOS,1,Min,0.019036882614181114,0.006410991280787544,-0.01262589133339357,0.01262589133339357,16,17
10,3,DDOS,1,Max,0.06632432612366852,0.011811852887477043,-0.05451247323619148,0.05451247323619148,10,14
10,3,DDOS,1,AVG,0.5014492457347676,0.12488001460253781,-0.37656923113222973,0.37656923113222973,2,4
10,3,DDOS,1,Std,0.2404458539016239,0.017461343115855805,-0.2229845107857681,0.2229845107857681,5,11
10,3,DDOS,1,Tot size,0.5530876776465179,0.1601514634356491,-0.3929362142108688,0.3929362142108688,1,3
10,3,DDOS,1,IAT,0.012370880099825387,0.002701863491498386,-0.009669016608327,0.009669016608327,19,21
10,3,DDOS,1,Number,0.0178571177583974,0.0,-0.0178571177583974,0.0178571177583974,17,39
10,3,DDOS,1,Variance,0.3398690436373914,0.166306709177969,-0.1735623344594224,0.1735623344594224,4,2
10,4,DDOS,1,Header_Length,0.03140447959232602,0.0839276635302813,0.052523183937955284,0.052523183937955284,13,12
10,4,DDOS,1,Protocol Type,0.009440573487512665,0.02062090244901243,0.011180328961499767,0.011180328961499767,21,18
10,4,DDOS,1,Time_To_Live,0.010908578217314589,0.016813782462256923,0.0059052042449423345,0.0059052042449423345,20,20
10,4,DDOS,1,Rate,0.0069699650042014324,0.022221583667290695,0.015251618663089262,0.015251618663089262,23,17
10,4,DDOS,1,fin_flag_number,0.00045604869160852346,0.0009450952135373562,0.0004890465219288328,0.0004890465219288328,26,25
10,4,DDOS,1,syn_flag_number,0.1738493389573968,0.3836249734857939,0.2097756345283971,0.2097756345283971,6,3
10,4,DDOS,1,rst_flag_number,0.0005014868825711546,0.0011560346221565123,0.0006545477395853577,0.0006545477395853577,25,24
10,4,DDOS,1,psh_flag_number,0.008995074803604224,0.017712749716050274,0.008717674912446051,0.008717674912446051,22,19
10,4,DDOS,1,ack_flag_number,0.055294400253078003,0.1224655959426166,0.06717119568953861,0.06717119568953861,12,8
10,4,DDOS,1,ece_flag_number,0.0,0.0,0.0,0.0,33,31
10,4,DDOS,1,cwr_flag_number,0.0,0.0,0.0,0.0,34,32
10,4,DDOS,1,ack_count,0.029595653999885032,0.08415615226759778,0.05456049826771274,0.05456049826771274,14,11
10,4,DDOS,1,syn_count,0.09175434802663716,0.1983036168676507,0.10654926884101353,0.10654926884101353,9,5
10,4,DDOS,1,fin_count,0.1067871075877533,0.21321306654539393,0.10642595895764063,0.10642595895764063,8,4
10,4,DDOS,1,rst_count,0.06159737817868277,0.13378067716711733,0.07218329898843456,0.07218329898843456,11,7
10,4,DDOS,1,HTTP,0.0007264876686854573,0.004142511250988166,0.0034160235823027085,0.0034160235823027085,24,22
10,4,DDOS,1,HTTPS,5.706419618433856e-05,0.0028874619946540696,0.002830397798469731,0.002830397798469731,27,23
10,4,DDOS,1,DNS,1.5833525055608165e-05,4.295515179109752e-05,2.7121626735489353e-05,2.7121626735489353e-05,28,27
10,4,DDOS,1,Telnet,0.0,0.0,0.0,0.0,35,33
10,4,DDOS,1,SMTP,0.0,0.0,0.0,0.0,36,34
10,4,DDOS,1,SSH,0.0,0.0,0.0,0.0,37,35
10,4,DDOS,1,IRC,0.0,0.0,0.0,0.0,38,36
10,4,DDOS,1,TCP,0.014444631252728948,0.03897947178944053,0.02453484053671158,0.02453484053671158,18,16
10,4,DDOS,1,UDP,0.11332767088172944,0.15556349343291936,0.04223582255118992,0.04223582255118992,7,6
10,4,DDOS,1,DHCP,5.691536115416371e-08,0.0,-5.691536115416371e-08,5.691536115416371e-08,32,37
10,4,DDOS,1,ARP,1.0635189987779782e-05,3.5366742906392626e-05,2.4731552918612843e-05,2.4731552918612843e-05,30,28
10,4,DDOS,1,ICMP,0.019624781652796686,0.04726138507224384,0.027636603419447153,0.027636603419447153,15,15
10,4,DDOS,1,IGMP,0.0,4.455942146890991e-07,4.455942146890991e-07,4.455942146890991e-07,39,30
10,4,DDOS,1,IPv,3.7826532631452617e-06,2.5941654341486408e-05,2.2159001078341147e-05,2.2159001078341147e-05,31,29
10,4,DDOS,1,LLC,1.3870270772823674e-05,5.6285038026466674e-05,4.2414767253643e-05,4.2414767253643e-05,29,26
10,4,DDOS,1,Tot sum,0.4376630312243772,0.583766741212755,0.14610370998837774,0.14610370998837774,3,1
10,4,DDOS,1,Min,0.019036882614181114,0.0,-0.019036882614181114,0.019036882614181114,16,38
10,4,DDOS,1,Max,0.06632432612366852,0.10134328960321054,0.03501896347954202,0.03501896347954202,10,10
10,4,DDOS,1,AVG,0.5014492457347676,0.06049202704004598,-0.4409572186947216,0.4409572186947216,2,14
10,4,DDOS,1,Std,0.2404458539016239,0.11806255217206216,-0.12238330172956174,0.12238330172956174,5,9
10,4,DDOS,1,Tot size,0.5530876776465179,0.06300489322036168,-0.4900827844261562,0.4900827844261562,1,13
10,4,DDOS,1,IAT,0.012370880099825387,0.013478222971076972,0.0011073428712515855,0.0011073428712515855,19,21
10,4,DDOS,1,Number,0.0178571177583974,0.0,-0.0178571177583974,0.0178571177583974,17,39
10,4,DDOS,1,Variance,0.3398690436373914,0.5645590333550311,0.2246899897176397,0.2246899897176397,4,2
10,5,DDOS,1,Header_Length,0.03140447959232602,0.004851444704645408,-0.026553034887680613,0.026553034887680613,13,15
10,5,DDOS,1,Protocol Type,0.009440573487512665,0.0009979091608478168,-0.008442664326664847,0.008442664326664847,21,23
10,5,DDOS,1,Time_To_Live,0.010908578217314589,0.00379718230114707,-0.007111395916167518,0.007111395916167518,20,17
10,5,DDOS,1,Rate,0.0069699650042014324,0.0012077026931188346,-0.005762262311082598,0.005762262311082598,23,20
10,5,DDOS,1,fin_flag_number,0.00045604869160852346,0.00013394362892982201,-0.00032210506267870147,0.00032210506267870147,26,24
10,5,DDOS,1,syn_flag_number,0.1738493389573968,0.04336762929147824,-0.13048170966591854,0.13048170966591854,6,7
10,5,DDOS,1,rst_flag_number,0.0005014868825711546,0.00012165243610752579,-0.0003798344464636288,0.0003798344464636288,25,25
10,5,DDOS,1,psh_flag_number,0.008995074803604224,0.0011674322244645309,-0.007827642579139692,0.007827642579139692,22,21
10,5,DDOS,1,ack_flag_number,0.055294400253078003,0.011786595413599877,-0.04350780483947812,0.04350780483947812,12,12
10,5,DDOS,1,ece_flag_number,0.0,0.0,0.0,0.0,33,32
10,5,DDOS,1,cwr_flag_number,0.0,0.0,0.0,0.0,34,33
10,5,DDOS,1,ack_count,0.029595653999885032,0.004399746960706008,-0.025195907039179025,0.025195907039179025,14,16
10,5,DDOS,1,syn_count,0.09175434802663716,0.031010575180969724,-0.06074377284566744,0.06074377284566744,9,8
10,5,DDOS,1,fin_count,0.1067871075877533,0.029312850560561248,-0.07747425702719204,0.07747425702719204,8,9
10,5,DDOS,1,rst_count,0.06159737817868277,0.009410362085259714,-0.05218701609342306,0.05218701609342306,11,13
10,5,DDOS,1,HTTP,0.0007264876686854573,3.48744953410905e-05,-0.0006916131733443668,0.0006916131733443668,24,27
10,5,DDOS,1,HTTPS,5.706419618433856e-05,8.552187744959718e-05,2.8457681265258618e-05,2.8457681265258618e-05,27,26
10,5,DDOS,1,DNS,1.5833525055608165e-05,2.8271561042173383e-06,-1.3006368951390827e-05,1.3006368951390827e-05,28,28
10,5,DDOS,1,Telnet,0.0,0.0,0.0,0.0,35,34
10,5,DDOS,1,SMTP,0.0,0.0,0.0,0.0,36,35
10,5,DDOS,1,SSH,0.0,0.0,0.0,0.0,37,36
10,5,DDOS,1,IRC,0.0,0.0,0.0,0.0,38,37
10,5,DDOS,1,TCP,0.014444631252728948,0.002165479841001383,-0.012279151411727566,0.012279151411727566,18,19
10,5,DDOS,1,UDP,0.11332767088172944,0.014419082699170815,-0.09890858818255863,0.09890858818255863,7,11
10,5,DDOS,1,DHCP,5.691536115416371e-08,0.0,-5.691536115416371e-08,5.691536115416371e-08,32,38
10,5,DDOS,1,ARP,1.0635189987779782e-05,8.813183652386827e-07,-9.753871622541099e-06,9.753871622541099e-06,30,31
10,5,DDOS,1,ICMP,0.019624781652796686,0.0030155119286028884,-0.016609269724193798,0.016609269724193798,15,18
10,5,DDOS,1,IGMP,0.0,0.0,0.0,0.0,39,39
10,5,DDOS,1,IPv,3.7826532631452617e-06,9.175410103113291e-07,-2.8651122528339326e-06,2.8651122528339326e-06,31,30
10,5,DDOS,1,LLC,1.3870270772823674e-05,2.0159657988414252e-06,-1.1854304973982248e-05,1.1854304973982248e-05,29,29
10,5,DDOS,1,Tot sum,0.4376630312243772,0.5855859959733362,0.14792296474895894,0.14792296474895894,3,1
10,5,DDOS,1,Min,0.019036882614181114,0.0010494338206969544,-0.01798744879348416,0.01798744879348416,16,22
10,5,DDOS,1,Max,0.06632432612366852,0.053360089180052285,-0.012964236943616238,0.012964236943616238,10,6
10,5,DDOS,1,AVG,0.5014492457347676,0.5328653699639855,0.03141612422921791,0.03141612422921791,2,2
10,5,DDOS,1,Std,0.2404458539016239,0.15977639320306167,-0.08066946069856223,0.08066946069856223,5,5
10,5,DDOS,1,Tot size,0.5530876776465179,0.44441997374999104,-0.10866770389652686,0.10866770389652686,1,3
10,5,DDOS,1,IAT,0.012370880099825387,0.00922354503103224,-0.003147335068793146,0.003147335068793146,19,14
10,5,DDOS,1,Number,0.0178571177583974,0.02090463947168452,0.0030475217132871213,0.0030475217132871213,17,10
10,5,DDOS,1,Variance,0.3398690436373914,0.37752279237895725,0.03765374874156585,0.03765374874156585,4,4
10,1,DOS,1,Header_Length,0.0315544521142718,0.07691431202777692,0.04535985991350512,0.04535985991350512,12,10
10,1,DOS,1,Protocol Type,0.012784037487130117,0.019076775303399744,0.006292737816269626,0.006292737816269626,19,19
10,1,DOS,1,Time_To_Live,0.03687171192475529,0.042866758314221105,0.005995046389465818,0.005995046389465818,11,15
10,1,DOS,1,Rate,0.007136815376825695,0.016939304401398743,0.009802489024573048,0.009802489024573048,20,20
10,1,DOS,1,fin_flag_number,0.0003860678217172944,0.0012060984092324342,0.0008200305875151399,0.0008200305875151399,25,25
10,1,DOS,1,syn_flag_number,0.2090030754532876,0.3633499636512453,0.15434688819795767,0.15434688819795767,4,4
10,1,DOS,1,rst_flag_number,0.00032571372747438205,0.0003841437620925747,5.843003461819264e-05,5.843003461819264e-05,26,27
10,1,DOS,1,psh_flag_number,0.005974613664612671,0.0077470128478951536,0.001772399183282483,0.001772399183282483,21,23
10,1,DOS,1,ack_flag_number,0.04594076499593539,0.07326577538081917,0.02732501038488378,0.02732501038488378,9,12
10,1,DOS,1,ece_flag_number,0.0,0.0,0.0,0.0,33,33
10,1,DOS,1,cwr_flag_number,0.0,0.0,0.0,0.0,34,34
10,1,DOS,1,ack_count,0.030607534754977614,0.030090729000252378,-0.0005168057547252358,0.0005168057547252358,13,16
10,1,DOS,1,syn_count,0.16497704563914056,0.37153648067808936,0.2065594350389488,0.2065594350389488,6,3
10,1,DOS,1,fin_count,0.08259080185443385,0.27296165262632943,0.19037085077189558,0.19037085077189558,8,5
10,1,DOS,1,rst_count,0.03978030532238779,0.07381169402453737,0.03403138870214958,0.03403138870214958,10,11
10,1,DOS,1,HTTP,0.0006090029585556618,0.000471265605040947,-0.00013773735351471482,0.00013773735351471482,24,26
10,1,DOS,1,HTTPS,0.001097452518287305,0.003324085276718526,0.002226632758431221,0.002226632758431221,23,24
10,1,DOS,1,DNS,2.7110536879707957e-05,5.930815492143613e-05,3.219761804172817e-05,3.219761804172817e-05,28,28
10,1,DOS,1,Telnet,0.0,0.0,0.0,0.0,35,35
10,1,DOS,1,SMTP,0.0,0.0,0.0,0.0,36,36
10,1,DOS,1,SSH,0.0,0.0,0.0,0.0,37,37
10,1,DOS,1,IRC,0.0,0.0,0.0,0.0,38,38
10,1,DOS,1,TCP,0.01934788318548804,0.04478817019667075,0.02544028701118271,0.02544028701118271,17,14
10,1,DOS,1,UDP,0.12449450827197318,0.1258444696875386,0.0013499614155654122,0.0013499614155654122,7,9
10,1,DOS,1,DHCP,2.741784029717508e-08,1.5899366625528631e-07,1.3157582595811122e-07,1.3157582595811122e-07,32,32
10,1,DOS,1,ARP,1.0289555665653866e-05,1.835152132589557e-05,8.061965660241704e-06,8.061965660241704e-06,30,31
10,1,DOS,1,ICMP,0.014989713007115503,0.029009920219556156,0.014020207212440653,0.014020207212440653,18,17
10,1,DOS,1,IGMP,0.0,0.0,0.0,0.0,39,39
10,1,DOS,1,IPv,4.001931052807256e-06,2.1394445025424652e-05,1.7392513972617395e-05,1.7392513972617395e-05,31,30
10,1,DOS,1,LLC,1.0859692905656252e-05,5.171465958711676e-05,4.085496668146051e-05,4.085496668146051e-05,29,29
10,1,DOS,1,Tot sum,0.593592576127042,0.5767956160428809,-0.016796960084161094,0.016796960084161094,1,1
10,1,DOS,1,Min,0.030300280961365243,0.009507812303413313,-0.02079246865795193,0.02079246865795193,14,22
10,1,DOS,1,Max,0.024167855630544608,0.05619824889056306,0.032030393260018455,0.032030393260018455,16,13
10,1,DOS,1,AVG,0.4047019888537793,0.17495485963605514,-0.22974712921772414,0.22974712921772414,3,7
10,1,DOS,1,Std,0.029677562737722173,0.14266980317228423,0.11299224043456205,0.11299224043456205,15,8
10,1,DOS,1,Tot size,0.5866157774991705,0.23656238031578458,-0.3500533971833859,0.3500533971833859,2,6
10,1,DOS,1,IAT,0.0033125038983010933,0.02327338399693895,0.019960880098637855,0.019960880098637855,22,18
10,1,DOS,1,Number,0.00020378229972181609,0.010754745384584414,0.010550963084862598,0.010550963084862598,27,21
10,1,DOS,1,Variance,0.19051589250440518,0.4159586516415614,0.22544275913715625,0.22544275913715625,5,2
10,2,DOS,1,Header_Length,0.0315544521142718,0.027675339726896397,-0.0038791123873753997,0.0038791123873753997,12,15
10,2,DOS,1,Protocol Type,0.012784037487130117,0.011612609887761808,-0.0011714275993683094,0.0011714275993683094,19,19
10,2,DOS,1,Time_To_Live,0.03687171192475529,0.03068370437731055,-0.006188007547444738,0.006188007547444738,11,13
10,2,DOS,1,Rate,0.007136815376825695,0.012946204866933394,0.005809389490107699,0.005809389490107699,20,17
10,2,DOS,1,fin_flag_number,0.0003860678217172944,0.00017676266086996215,-0.00020930516084733224,0.00020930516084733224,25,26
10,2,DOS,1,syn_flag_number,0.2090030754532876,0.11762467217323079,-0.09137840328005682,0.09137840328005682,4,4
10,2,DOS,1,rst_flag_number,0.00032571372747438205,0.0003458817003013107,2.016797282692863e-05,2.016797282692863e-05,26,25
10,2,DOS,1,psh_flag_number,0.005974613664612671,0.0013302324426505145,-0.0046443812219621565,0.0046443812219621565,21,23
10,2,DOS,1,ack_flag_number,0.04594076499593539,0.03958297136611405,-0.006357793629821341,0.006357793629821341,9,12
10,2,DOS,1,ece_flag_number,0.0,0.0,0.0,0.0,33,31
10,2,DOS,1,cwr_flag_number,0.0,0.0,0.0,0.0,34,32
10,2,DOS,1,ack_count,0.030607534754977614,0.030154511797604422,-0.000453022957373192,0.000453022957373192,13,14
10,2,DOS,1,syn_count,0.16497704563914056,0.18893167607298467,0.023954630433844104,0.023954630433844104,6,3
10,2,DOS,1,fin_count,0.08259080185443385,0.051822771427558964,-0.030768030426874884,0.030768030426874884,8,8
10,2,DOS,1,rst_count,0.03978030532238779,0.06195921373041561,0.022178908408027817,0.022178908408027817,10,7
10,2,DOS,1,HTTP,0.0006090029585556618,0.0018467700098841096,0.0012377670513284479,0.0012377670513284479,24,22
10,2,DOS,1,HTTPS,0.001097452518287305,0.003931024212063706,0.002833571693776401,0.002833571693776401,23,20
10,2,DOS,1,DNS,2.7110536879707957e-05,1.8012368194721592e-05,-9.098168684986366e-06,9.098168684986366e-06,28,29
10,2,DOS,1,Telnet,0.0,0.0,0.0,0.0,35,33
10,2,DOS,1,SMTP,0.0,0.0,0.0,0.0,36,34
10,2,DOS,1,SSH,0.0,0.0,0.0,0.0,37,35
10,2,DOS,1,IRC,0.0,0.0,0.0,0.0,38,36
10,2,DOS,1,TCP,0.01934788318548804,0.019152931189337866,-0.000194951996150175,0.000194951996150175,17,16
10,2,DOS,1,UDP,0.12449450827197318,0.044757998195088924,-0.07973651007688426,0.07973651007688426,7,9
10,2,DOS,1,DHCP,2.741784029717508e-08,0.0,-2.741784029717508e-08,2.741784029717508e-08,32,37
10,2,DOS,1,ARP,1.0289555665653866e-05,3.652233130557357e-05,2.6232775639919706e-05,2.6232775639919706e-05,30,28
10,2,DOS,1,ICMP,0.014989713007115503,0.0009782230784447172,-0.014011489928670785,0.014011489928670785,18,24
10,2,DOS,1,IGMP,0.0,0.0,0.0,0.0,39,38
10,2,DOS,1,IPv,4.001931052807256e-06,1.4354516541032329e-05,1.0352585488225073e-05,1.0352585488225073e-05,31,30
10,2,DOS,1,LLC,1.0859692905656252e-05,3.738954551657223e-05,2.652985261091598e-05,2.652985261091598e-05,29,27
10,2,DOS,1,Tot sum,0.593592576127042,0.5006174071923248,-0.09297516893471713,0.09297516893471713,1,2
10,2,DOS,1,Min,0.030300280961365243,0.003558253037421636,-0.026742027923943607,0.026742027923943607,14,21
10,2,DOS,1,Max,0.024167855630544608,0.04234431724714395,0.018176461616599342,0.018176461616599342,16,10
10,2,DOS,1,AVG,0.4047019888537793,0.04176516894161188,-0.3629368199121674,0.3629368199121674,3,11
10,2,DOS,1,Std,0.029677562737722173,0.0748111704407084,0.045133607702986224,0.045133607702986224,15,6
10,2,DOS,1,Tot size,0.5866157774991705,0.08335818835925396,-0.5032575891399165,0.5032575891399165,2,5
10,2,DOS,1,IAT,0.0033125038983010933,0.012373119763913447,0.009060615865612354,0.009060615865612354,22,18
10,2,DOS,1,Number,0.00020378229972181609,0.0,-0.00020378229972181609,0.00020378229972181609,27,39
10,2,DOS,1,Variance,0.19051589250440518,0.8186578448623407,0.6281419523579356,0.6281419523579356,5,1
10,3,DOS,1,Header_Length,0.0315544521142718,0.043003169463938756,0.01144871734966696,0.01144871734966696,12,11
10,3,DOS,1,Protocol Type,0.012784037487130117,0.011436413852503168,-0.0013476236346269491,0.0013476236346269491,19,19
10,3,DOS,1,Time_To_Live,0.03687171192475529,0.015426543593852737,-0.02144516833090255,0.02144516833090255,11,17
10,3,DOS,1,Rate,0.007136815376825695,0.008094322618218592,0.0009575072413928968,0.0009575072413928968,20,22
10,3,DOS,1,fin_flag_number,0.0003860678217172944,0.0011149034852950062,0.0007288356635777118,0.0007288356635777118,25,24
10,3,DOS,1,syn_flag_number,0.2090030754532876,0.12225275128016648,-0.08675032417312113,0.08675032417312113,4,7
10,3,DOS,1,rst_flag_number,0.00032571372747438205,0.0007029054145664493,0.00037719168709206724,0.00037719168709206724,26,25
10,3,DOS,1,psh_flag_number,0.005974613664612671,0.009717925412256431,0.0037433117476437603,0.0037433117476437603,21,20
10,3,DOS,1,ack_flag_number,0.04594076499593539,0.05643981296769631,0.01049904797176092,0.01049904797176092,9,10
10,3,DOS,1,ece_flag_number,0.0,0.0,0.0,0.0,33,31
10,3,DOS,1,cwr_flag_number,0.0,0.0,0.0,0.0,34,32
10,3,DOS,1,ack_count,0.030607534754977614,0.040110184415194705,0.009502649660217091,0.009502649660217091,13,12
10,3,DOS,1,syn_count,0.16497704563914056,0.08771382963295066,-0.0772632160061899,0.0772632160061899,6,8
10,3,DOS,1,fin_count,0.08259080185443385,0.23940892833260152,0.15681812647816767,0.15681812647816767,8,4
10,3,DOS,1,rst_count,0.03978030532238779,0.08219729393684945,0.04241698861446166,0.04241698861446166,10,9
10,3,DOS,1,HTTP,0.0006090029585556618,0.0006405556729299231,3.1552714374261256e-05,3.1552714374261256e-05,24,26
10,3,DOS,1,HTTPS,0.001097452518287305,0.0023302021988571833,0.0012327496805698782,0.0012327496805698782,23,23
10,3,DOS,1,DNS,2.7110536879707957e-05,6.788171859424166e-06,-2.032236502028379e-05,2.032236502028379e-05,28,29
10,3,DOS,1,Telnet,0.0,0.0,0.0,0.0,35,33
10,3,DOS,1,SMTP,0.0,0.0,0.0,0.0,36,34
10,3,DOS,1,SSH,0.0,0.0,0.0,0.0,37,35
10,3,DOS,1,IRC,0.0,0.0,0.0,0.0,38,36
10,3,DOS,1,TCP,0.01934788318548804,0.022439141079130042,0.0030912578936420007,0.0030912578936420007,17,16
10,3,DOS,1,UDP,0.12449450827197318,0.16749263119402194,0.042998122922048757,0.042998122922048757,7,5
10,3,DOS,1,DHCP,2.741784029717508e-08,0.0,-2.741784029717508e-08,2.741784029717508e-08,32,37
10,3,DOS,1,ARP,1.0289555665653866e-05,1.1410467539228159e-05,1.1209118735742925e-06,1.1209118735742925e-06,30,27
10,3,DOS,1,ICMP,0.014989713007115503,0.02826123168359185,0.013271518676476348,0.013271518676476348,18,15
10,3,DOS,1,IGMP,0.0,0.0,0.0,0.0,39,38
10,3,DOS,1,IPv,4.001931052807256e-06,4.005007988201989e-06,3.0769353947333387e-09,3.0769353947333387e-09,31,30
10,3,DOS,1,LLC,1.0859692905656252e-05,8.689410712996442e-06,-2.17028219265981e-06,2.17028219265981e-06,29,28
10,3,DOS,1,Tot sum,0.593592576127042,0.7144613274331854,0.12086875130614338,0.12086875130614338,1,1
10,3,DOS,1,Min,0.030300280961365243,0.013729711882015683,-0.016570569079349562,0.016570569079349562,14,18
10,3,DOS,1,Max,0.024167855630544608,0.03922685535981196,0.015058999729267355,0.015058999729267355,16,14
10,3,DOS,1,AVG,0.4047019888537793,0.5368004107802566,0.13209842192647736,0.13209842192647736,3,2
10,3,DOS,1,Std,0.029677562737722173,0.040020818364662404,0.010343255626940231,0.010343255626940231,15,13
10,3,DOS,1,Tot size,0.5866157774991705,0.24044961706903298,-0.3461661604301375,0.3461661604301375,2,3
10,3,DOS,1,IAT,0.0033125038983010933,0.008205277285316993,0.0048927733870159,0.0048927733870159,22,21
10,3,DOS,1,Number,0.00020378229972181609,0.0,-0.00020378229972181609,0.00020378229972181609,27,39
10,3,DOS,1,Variance,0.19051589250440518,0.13011432743486792,-0.060401565069537255,0.060401565069537255,5,6
10,4,DOS,0,Header_Length,0.0315544521142718,0.0,-0.0315544521142718,0.0315544521142718,12,1
10,4,DOS,0,Protocol Type,0.012784037487130117,0.0,-0.012784037487130117,0.012784037487130117,19,2
10,4,DOS,0,Time_To_Live,0.03687171192475529,0.0,-0.03687171192475529,0.03687171192475529,11,3
10,4,DOS,0,Rate,0.007136815376825695,0.0,-0.007136815376825695,0.007136815376825695,20,4
10,4,DOS,0,fin_flag_number,0.0003860678217172944,0.0,-0.0003860678217172944,0.0003860678217172944,25,5
10,4,DOS,0,syn_flag_number,0.2090030754532876,0.0,-0.2090030754532876,0.2090030754532876,4,6
10,4,DOS,0,rst_flag_number,0.00032571372747438205,0.0,-0.00032571372747438205,0.00032571372747438205,26,7
10,4,DOS,0,psh_flag_number,0.005974613664612671,0.0,-0.005974613664612671,0.005974613664612671,21,8
10,4,DOS,0,ack_flag_number,0.04594076499593539,0.0,-0.04594076499593539,0.04594076499593539,9,9
10,4,DOS,0,ece_flag_number,0.0,0.0,0.0,0.0,33,10
10,4,DOS,0,cwr_flag_number,0.0,0.0,0.0,0.0,34,11
10,4,DOS,0,ack_count,0.030607534754977614,0.0,-0.030607534754977614,0.030607534754977614,13,12
10,4,DOS,0,syn_count,0.16497704563914056,0.0,-0.16497704563914056,0.16497704563914056,6,13
10,4,DOS,0,fin_count,0.08259080185443385,0.0,-0.08259080185443385,0.08259080185443385,8,14
10,4,DOS,0,rst_count,0.03978030532238779,0.0,-0.03978030532238779,0.03978030532238779,10,15
10,4,DOS,0,HTTP,0.0006090029585556618,0.0,-0.0006090029585556618,0.0006090029585556618,24,16
10,4,DOS,0,HTTPS,0.001097452518287305,0.0,-0.001097452518287305,0.001097452518287305,23,17
10,4,DOS,0,DNS,2.7110536879707957e-05,0.0,-2.7110536879707957e-05,2.7110536879707957e-05,28,18
10,4,DOS,0,Telnet,0.0,0.0,0.0,0.0,35,19
10,4,DOS,0,SMTP,0.0,0.0,0.0,0.0,36,20
10,4,DOS,0,SSH,0.0,0.0,0.0,0.0,37,21
10,4,DOS,0,IRC,0.0,0.0,0.0,0.0,38,22
10,4,DOS,0,TCP,0.01934788318548804,0.0,-0.01934788318548804,0.01934788318548804,17,23
10,4,DOS,0,UDP,0.12449450827197318,0.0,-0.12449450827197318,0.12449450827197318,7,24
10,4,DOS,0,DHCP,2.741784029717508e-08,0.0,-2.741784029717508e-08,2.741784029717508e-08,32,25
10,4,DOS,0,ARP,1.0289555665653866e-05,0.0,-1.0289555665653866e-05,1.0289555665653866e-05,30,26
10,4,DOS,0,ICMP,0.014989713007115503,0.0,-0.014989713007115503,0.014989713007115503,18,27
10,4,DOS,0,IGMP,0.0,0.0,0.0,0.0,39,28
10,4,DOS,0,IPv,4.001931052807256e-06,0.0,-4.001931052807256e-06,4.001931052807256e-06,31,29
10,4,DOS,0,LLC,1.0859692905656252e-05,0.0,-1.0859692905656252e-05,1.0859692905656252e-05,29,30
10,4,DOS,0,Tot sum,0.593592576127042,0.0,-0.593592576127042,0.593592576127042,1,31
10,4,DOS,0,Min,0.030300280961365243,0.0,-0.030300280961365243,0.030300280961365243,14,32
10,4,DOS,0,Max,0.024167855630544608,0.0,-0.024167855630544608,0.024167855630544608,16,33
10,4,DOS,0,AVG,0.4047019888537793,0.0,-0.4047019888537793,0.4047019888537793,3,34
10,4,DOS,0,Std,0.029677562737722173,0.0,-0.029677562737722173,0.029677562737722173,15,35
10,4,DOS,0,Tot size,0.5866157774991705,0.0,-0.5866157774991705,0.5866157774991705,2,36
10,4,DOS,0,IAT,0.0033125038983010933,0.0,-0.0033125038983010933,0.0033125038983010933,22,37
10,4,DOS,0,Number,0.00020378229972181609,0.0,-0.00020378229972181609,0.00020378229972181609,27,38
10,4,DOS,0,Variance,0.19051589250440518,0.0,-0.19051589250440518,0.19051589250440518,5,39
10,5,DOS,0,Header_Length,0.0315544521142718,0.0,-0.0315544521142718,0.0315544521142718,12,1
10,5,DOS,0,Protocol Type,0.012784037487130117,0.0,-0.012784037487130117,0.012784037487130117,19,2
10,5,DOS,0,Time_To_Live,0.03687171192475529,0.0,-0.03687171192475529,0.03687171192475529,11,3
10,5,DOS,0,Rate,0.007136815376825695,0.0,-0.007136815376825695,0.007136815376825695,20,4
10,5,DOS,0,fin_flag_number,0.0003860678217172944,0.0,-0.0003860678217172944,0.0003860678217172944,25,5
10,5,DOS,0,syn_flag_number,0.2090030754532876,0.0,-0.2090030754532876,0.2090030754532876,4,6
10,5,DOS,0,rst_flag_number,0.00032571372747438205,0.0,-0.00032571372747438205,0.00032571372747438205,26,7
10,5,DOS,0,psh_flag_number,0.005974613664612671,0.0,-0.005974613664612671,0.005974613664612671,21,8
10,5,DOS,0,ack_flag_number,0.04594076499593539,0.0,-0.04594076499593539,0.04594076499593539,9,9
10,5,DOS,0,ece_flag_number,0.0,0.0,0.0,0.0,33,10
10,5,DOS,0,cwr_flag_number,0.0,0.0,0.0,0.0,34,11
10,5,DOS,0,ack_count,0.030607534754977614,0.0,-0.030607534754977614,0.030607534754977614,13,12
10,5,DOS,0,syn_count,0.16497704563914056,0.0,-0.16497704563914056,0.16497704563914056,6,13
10,5,DOS,0,fin_count,0.08259080185443385,0.0,-0.08259080185443385,0.08259080185443385,8,14
10,5,DOS,0,rst_count,0.03978030532238779,0.0,-0.03978030532238779,0.03978030532238779,10,15
10,5,DOS,0,HTTP,0.0006090029585556618,0.0,-0.0006090029585556618,0.0006090029585556618,24,16
10,5,DOS,0,HTTPS,0.001097452518287305,0.0,-0.001097452518287305,0.001097452518287305,23,17
10,5,DOS,0,DNS,2.7110536879707957e-05,0.0,-2.7110536879707957e-05,2.7110536879707957e-05,28,18
10,5,DOS,0,Telnet,0.0,0.0,0.0,0.0,35,19
10,5,DOS,0,SMTP,0.0,0.0,0.0,0.0,36,20
10,5,DOS,0,SSH,0.0,0.0,0.0,0.0,37,21
10,5,DOS,0,IRC,0.0,0.0,0.0,0.0,38,22
10,5,DOS,0,TCP,0.01934788318548804,0.0,-0.01934788318548804,0.01934788318548804,17,23
10,5,DOS,0,UDP,0.12449450827197318,0.0,-0.12449450827197318,0.12449450827197318,7,24
10,5,DOS,0,DHCP,2.741784029717508e-08,0.0,-2.741784029717508e-08,2.741784029717508e-08,32,25
10,5,DOS,0,ARP,1.0289555665653866e-05,0.0,-1.0289555665653866e-05,1.0289555665653866e-05,30,26
10,5,DOS,0,ICMP,0.014989713007115503,0.0,-0.014989713007115503,0.014989713007115503,18,27
10,5,DOS,0,IGMP,0.0,0.0,0.0,0.0,39,28
10,5,DOS,0,IPv,4.001931052807256e-06,0.0,-4.001931052807256e-06,4.001931052807256e-06,31,29
10,5,DOS,0,LLC,1.0859692905656252e-05,0.0,-1.0859692905656252e-05,1.0859692905656252e-05,29,30
10,5,DOS,0,Tot sum,0.593592576127042,0.0,-0.593592576127042,0.593592576127042,1,31
10,5,DOS,0,Min,0.030300280961365243,0.0,-0.030300280961365243,0.030300280961365243,14,32
10,5,DOS,0,Max,0.024167855630544608,0.0,-0.024167855630544608,0.024167855630544608,16,33
10,5,DOS,0,AVG,0.4047019888537793,0.0,-0.4047019888537793,0.4047019888537793,3,34
10,5,DOS,0,Std,0.029677562737722173,0.0,-0.029677562737722173,0.029677562737722173,15,35
10,5,DOS,0,Tot size,0.5866157774991705,0.0,-0.5866157774991705,0.5866157774991705,2,36
10,5,DOS,0,IAT,0.0033125038983010933,0.0,-0.0033125038983010933,0.0033125038983010933,22,37
10,5,DOS,0,Number,0.00020378229972181609,0.0,-0.00020378229972181609,0.00020378229972181609,27,38
10,5,DOS,0,Variance,0.19051589250440518,0.0,-0.19051589250440518,0.19051589250440518,5,39
10,1,MIRAI,1,Header_Length,0.00013407220524699586,0.00013531475984552142,1.242554598525564e-06,1.242554598525564e-06,17,18
10,1,MIRAI,1,Protocol Type,0.00015976029305045752,3.934420748597637e-05,-0.00012041608556448115,0.00012041608556448115,14,20
10,1,MIRAI,1,Time_To_Live,2.595580662145935e-05,0.0003576411123284149,0.0003316853057069556,0.0003316853057069556,20,16
10,1,MIRAI,1,Rate,1.3198818751243813e-05,1.2472343967993057e-05,-7.264747832507559e-07,7.264747832507559e-07,23,25
10,1,MIRAI,1,fin_flag_number,1.3312502576002413e-05,1.630742159719632e-05,2.994919021193907e-06,2.994919021193907e-06,22,23
10,1,MIRAI,1,syn_flag_number,0.003790425662341792,0.0033767454873798878,-0.0004136801749619044,0.0004136801749619044,8,9
10,1,MIRAI,1,rst_flag_number,1.1609704100115087e-05,1.6446822559091354e-05,4.837118458976267e-06,4.837118458976267e-06,24,22
10,1,MIRAI,1,psh_flag_number,1.6738476079353347e-05,1.4872026362355793e-05,-1.866449716997554e-06,1.866449716997554e-06,21,24
10,1,MIRAI,1,ack_flag_number,0.00015635503829036565,0.0006782802699716139,0.0005219252316812483,0.0005219252316812483,15,15
10,1,MIRAI,1,ece_flag_number,0.0,0.0,0.0,0.0,33,33
10,1,MIRAI,1,cwr_flag_number,0.0,0.0,0.0,0.0,34,34
10,1,MIRAI,1,ack_count,0.0013706051461078793,0.000678786733580099,-0.0006918184125277802,0.0006918184125277802,11,14
10,1,MIRAI,1,syn_count,0.0037091349098575034,0.0030597253259560427,-0.0006494095839014607,0.0006494095839014607,9,10
10,1,MIRAI,1,fin_count,0.0010463957803729885,0.0010613608414045735,1.4965061031584981e-05,1.4965061031584981e-05,12,13
10,1,MIRAI,1,rst_count,0.0008970418490265848,0.0013614811261534767,0.00046443927712689183,0.00046443927712689183,13,12
10,1,MIRAI,1,HTTP,7.733588571427814e-06,4.913337308216259e-06,-2.8202512632115548e-06,2.8202512632115548e-06,26,26
10,1,MIRAI,1,HTTPS,4.618453708012166e-07,4.2237856329734115e-07,-3.946680750387542e-08,3.946680750387542e-08,27,27
10,1,MIRAI,1,DNS,1.57877845849087e-07,6.372188797564705e-08,-9.415595787343996e-08,9.415595787343996e-08,28,31
10,1,MIRAI,1,Telnet,0.0,0.0,0.0,0.0,35,35
10,1,MIRAI,1,SMTP,0.0,0.0,0.0,0.0,36,36
10,1,MIRAI,1,SSH,0.0,0.0,0.0,0.0,37,37
10,1,MIRAI,1,IRC,0.0,0.0,0.0,0.0,38,38
10,1,MIRAI,1,TCP,4.473289819666078e-05,3.394194612263675e-05,-1.0790952074024026e-05,1.0790952074024026e-05,19,21
10,1,MIRAI,1,UDP,0.003706907351428602,0.004742220260476999,0.0010353129090483965,0.0010353129090483965,10,8
10,1,MIRAI,1,DHCP,2.603416136039991e-09,4.976185380111901e-10,-2.105797598028801e-09,2.105797598028801e-09,32,32
10,1,MIRAI,1,ARP,1.4800164875936326e-07,9.03092673157064e-08,-5.7692381443656856e-08,5.7692381443656856e-08,30,30
10,1,MIRAI,1,ICMP,5.059488592425213e-05,0.00012989240380552737,7.929751788127524e-05,7.929751788127524e-05,18,19
10,1,MIRAI,1,IGMP,0.0,0.0,0.0,0.0,39,39
10,1,MIRAI,1,IPv,1.4200029913081767e-07,1.502664463775639e-07,8.266147246746236e-09,8.266147246746236e-09,31,28
10,1,MIRAI,1,LLC,1.493674967114531e-07,1.401041345468464e-07,-9.263362164606703e-09,9.263362164606703e-09,29,29
10,1,MIRAI,1,Tot sum,0.7258197004747767,0.7356795492128181,0.009859848738041355,0.009859848738041355,1,1
10,1,MIRAI,1,Min,0.020076098653791924,0.011164670371837502,-0.008911428281954422,0.008911428281954422,7,7
10,1,MIRAI,1,Max,0.02893890620754118,0.03157985678149929,0.0026409505739581132,0.0026409505739581132,5,5
10,1,MIRAI,1,AVG,0.529897741089955,0.5471250243844757,0.017227283294520723,0.017227283294520723,2,2
10,1,MIRAI,1,Std,0.020406517280723513,0.031215960504999505,0.010809443224275992,0.010809443224275992,6,6
10,1,MIRAI,1,Tot size,0.43441487411925406,0.3788165369770125,-0.05559833714224155,0.05559833714224155,3,3
10,1,MIRAI,1,IAT,0.00015467583147392948,0.0002916197530320893,0.0001369439215581598,0.0001369439215581598,16,17
10,1,MIRAI,1,Number,8.046292789167101e-06,0.0014481947062876684,0.0014401484134985013,0.0014401484134985013,25,11
10,1,MIRAI,1,Variance,0.04444305574479592,0.11739660776068081,0.07295355201588488,0.07295355201588488,4,4
10,2,MIRAI,0,Header_Length,0.00013407220524699586,0.0,-0.00013407220524699586,0.00013407220524699586,17,1
10,2,MIRAI,0,Protocol Type,0.00015976029305045752,0.0,-0.00015976029305045752,0.00015976029305045752,14,2
10,2,MIRAI,0,Time_To_Live,2.595580662145935e-05,0.0,-2.595580662145935e-05,2.595580662145935e-05,20,3
10,2,MIRAI,0,Rate,1.3198818751243813e-05,0.0,-1.3198818751243813e-05,1.3198818751243813e-05,23,4
10,2,MIRAI,0,fin_flag_number,1.3312502576002413e-05,0.0,-1.3312502576002413e-05,1.3312502576002413e-05,22,5
10,2,MIRAI,0,syn_flag_number,0.003790425662341792,0.0,-0.003790425662341792,0.003790425662341792,8,6
10,2,MIRAI,0,rst_flag_number,1.1609704100115087e-05,0.0,-1.1609704100115087e-05,1.1609704100115087e-05,24,7
10,2,MIRAI,0,psh_flag_number,1.6738476079353347e-05,0.0,-1.6738476079353347e-05,1.6738476079353347e-05,21,8
10,2,MIRAI,0,ack_flag_number,0.00015635503829036565,0.0,-0.00015635503829036565,0.00015635503829036565,15,9
10,2,MIRAI,0,ece_flag_number,0.0,0.0,0.0,0.0,33,10
10,2,MIRAI,0,cwr_flag_number,0.0,0.0,0.0,0.0,34,11
10,2,MIRAI,0,ack_count,0.0013706051461078793,0.0,-0.0013706051461078793,0.0013706051461078793,11,12
10,2,MIRAI,0,syn_count,0.0037091349098575034,0.0,-0.0037091349098575034,0.0037091349098575034,9,13
10,2,MIRAI,0,fin_count,0.0010463957803729885,0.0,-0.0010463957803729885,0.0010463957803729885,12,14
10,2,MIRAI,0,rst_count,0.0008970418490265848,0.0,-0.0008970418490265848,0.0008970418490265848,13,15
10,2,MIRAI,0,HTTP,7.733588571427814e-06,0.0,-7.733588571427814e-06,7.733588571427814e-06,26,16
10,2,MIRAI,0,HTTPS,4.618453708012166e-07,0.0,-4.618453708012166e-07,4.618453708012166e-07,27,17
10,2,MIRAI,0,DNS,1.57877845849087e-07,0.0,-1.57877845849087e-07,1.57877845849087e-07,28,18
10,2,MIRAI,0,Telnet,0.0,0.0,0.0,0.0,35,19
10,2,MIRAI,0,SMTP,0.0,0.0,0.0,0.0,36,20
10,2,MIRAI,0,SSH,0.0,0.0,0.0,0.0,37,21
10,2,MIRAI,0,IRC,0.0,0.0,0.0,0.0,38,22
10,2,MIRAI,0,TCP,4.473289819666078e-05,0.0,-4.473289819666078e-05,4.473289819666078e-05,19,23
10,2,MIRAI,0,UDP,0.003706907351428602,0.0,-0.003706907351428602,0.003706907351428602,10,24
10,2,MIRAI,0,DHCP,2.603416136039991e-09,0.0,-2.603416136039991e-09,2.603416136039991e-09,32,25
10,2,MIRAI,0,ARP,1.4800164875936326e-07,0.0,-1.4800164875936326e-07,1.4800164875936326e-07,30,26
10,2,MIRAI,0,ICMP,5.059488592425213e-05,0.0,-5.059488592425213e-05,5.059488592425213e-05,18,27
10,2,MIRAI,0,IGMP,0.0,0.0,0.0,0.0,39,28
10,2,MIRAI,0,IPv,1.4200029913081767e-07,0.0,-1.4200029913081767e-07,1.4200029913081767e-07,31,29
10,2,MIRAI,0,LLC,1.493674967114531e-07,0.0,-1.493674967114531e-07,1.493674967114531e-07,29,30
10,2,MIRAI,0,Tot sum,0.7258197004747767,0.0,-0.7258197004747767,0.7258197004747767,1,31
10,2,MIRAI,0,Min,0.020076098653791924,0.0,-0.020076098653791924,0.020076098653791924,7,32
10,2,MIRAI,0,Max,0.02893890620754118,0.0,-0.02893890620754118,0.02893890620754118,5,33
10,2,MIRAI,0,AVG,0.529897741089955,0.0,-0.529897741089955,0.529897741089955,2,34
10,2,MIRAI,0,Std,0.020406517280723513,0.0,-0.020406517280723513,0.020406517280723513,6,35
10,2,MIRAI,0,Tot size,0.43441487411925406,0.0,-0.43441487411925406,0.43441487411925406,3,36
10,2,MIRAI,0,IAT,0.00015467583147392948,0.0,-0.00015467583147392948,0.00015467583147392948,16,37
10,2,MIRAI,0,Number,8.046292789167101e-06,0.0,-8.046292789167101e-06,8.046292789167101e-06,25,38
10,2,MIRAI,0,Variance,0.04444305574479592,0.0,-0.04444305574479592,0.04444305574479592,4,39
10,3,MIRAI,1,Header_Length,0.00013407220524699586,0.0001254349010189603,-8.637304228035564e-06,8.637304228035564e-06,17,16
10,3,MIRAI,1,Protocol Type,0.00015976029305045752,7.818845023073749e-05,-8.157184281972003e-05,8.157184281972003e-05,14,18
10,3,MIRAI,1,Time_To_Live,2.595580662145935e-05,8.22928240095282e-05,5.6337017388068856e-05,5.6337017388068856e-05,20,17
10,3,MIRAI,1,Rate,1.3198818751243813e-05,3.6086661849121196e-05,2.2887843097877383e-05,2.2887843097877383e-05,23,22
10,3,MIRAI,1,fin_flag_number,1.3312502576002413e-05,1.96798526908335e-05,6.367350114831085e-06,6.367350114831085e-06,22,24
10,3,MIRAI,1,syn_flag_number,0.003790425662341792,0.0033347485361991417,-0.0004556771261426504,0.0004556771261426504,8,9
10,3,MIRAI,1,rst_flag_number,1.1609704100115087e-05,1.762292176910073e-05,6.013217668985643e-06,6.013217668985643e-06,24,25
10,3,MIRAI,1,psh_flag_number,1.6738476079353347e-05,4.232295992861675e-05,2.5584483849263404e-05,2.5584483849263404e-05,21,21
10,3,MIRAI,1,ack_flag_number,0.00015635503829036565,0.0007865092549076732,0.0006301542166173076,0.0006301542166173076,15,14
10,3,MIRAI,1,ece_flag_number,0.0,0.0,0.0,0.0,33,33
10,3,MIRAI,1,cwr_flag_number,0.0,0.0,0.0,0.0,34,34
10,3,MIRAI,1,ack_count,0.0013706051461078793,0.0026861705724385023,0.001315565426330623,0.001315565426330623,11,11
10,3,MIRAI,1,syn_count,0.0037091349098575034,0.0031110399096232395,-0.0005980950002342639,0.0005980950002342639,9,10
10,3,MIRAI,1,fin_count,0.0010463957803729885,0.0017264038861235322,0.0006800081057505437,0.0006800081057505437,12,13
10,3,MIRAI,1,rst_count,0.0008970418490265848,0.0017677287336858808,0.000870686884659296,0.000870686884659296,13,12
10,3,MIRAI,1,HTTP,7.733588571427814e-06,3.548009004879623e-08,-7.698108481379017e-06,7.698108481379017e-06,26,31
10,3,MIRAI,1,HTTPS,4.618453708012166e-07,1.0475037479067601e-07,-3.570949960105406e-07,3.570949960105406e-07,27,30
10,3,MIRAI,1,DNS,1.57877845849087e-07,1.369534491509261e-07,-2.0924396698160914e-08,2.0924396698160914e-08,28,28
10,3,MIRAI,1,Telnet,0.0,0.0,0.0,0.0,35,35
10,3,MIRAI,1,SMTP,0.0,0.0,0.0,0.0,36,36
10,3,MIRAI,1,SSH,0.0,0.0,0.0,0.0,37,37
10,3,MIRAI,1,IRC,0.0,0.0,0.0,0.0,38,38
10,3,MIRAI,1,TCP,4.473289819666078e-05,5.5314918664715526e-05,1.058202046805475e-05,1.058202046805475e-05,19,20
10,3,MIRAI,1,UDP,0.003706907351428602,0.0043742266417852345,0.0006673192903566324,0.0006673192903566324,10,8
10,3,MIRAI,1,DHCP,2.603416136039991e-09,1.120872102724032e-08,8.60530489120033e-09,8.60530489120033e-09,32,32
10,3,MIRAI,1,ARP,1.4800164875936326e-07,1.2666568342608544e-07,-2.1335965333277824e-08,2.1335965333277824e-08,30,29
10,3,MIRAI,1,ICMP,5.059488592425213e-05,7.627596955381394e-05,2.5681083629561813e-05,2.5681083629561813e-05,18,19
10,3,MIRAI,1,IGMP,0.0,0.0,0.0,0.0,39,39
10,3,MIRAI,1,IPv,1.4200029913081767e-07,2.0255228939514014e-07,6.055199026432247e-08,6.055199026432247e-08,31,26
10,3,MIRAI,1,LLC,1.493674967114531e-07,1.5695030081394312e-07,7.582804102490007e-09,7.582804102490007e-09,29,27
10,3,MIRAI,1,Tot sum,0.7258197004747767,0.6868440822942731,-0.03897561818050366,0.03897561818050366,1,1
10,3,MIRAI,1,Min,0.020076098653791924,0.015707752044224678,-0.004368346609567246,0.004368346609567246,7,7
10,3,MIRAI,1,Max,0.02893890620754118,0.03654268980356284,0.0076037835960216585,0.0076037835960216585,5,6
10,3,MIRAI,1,AVG,0.529897741089955,0.5932145375858482,0.06331679649589317,0.06331679649589317,2,2
10,3,MIRAI,1,Std,0.020406517280723513,0.03681363545586914,0.016407118175145625,0.016407118175145625,6,5
10,3,MIRAI,1,Tot size,0.43441487411925406,0.40158661544605373,-0.03282825867320033,0.03282825867320033,3,3
10,3,MIRAI,1,IAT,0.00015467583147392948,0.00015231725984131831,-2.3585716326111666e-06,2.3585716326111666e-06,16,15
10,3,MIRAI,1,Number,8.046292789167101e-06,2.0458232195385304e-05,1.2411939406218203e-05,1.2411939406218203e-05,25,23
10,3,MIRAI,1,Variance,0.04444305574479592,0.10990280511836867,0.06545974937357274,0.06545974937357274,4,4
10,4,MIRAI,0,Header_Length,0.00013407220524699586,0.0,-0.00013407220524699586,0.00013407220524699586,17,1
10,4,MIRAI,0,Protocol Type,0.00015976029305045752,0.0,-0.00015976029305045752,0.00015976029305045752,14,2
10,4,MIRAI,0,Time_To_Live,2.595580662145935e-05,0.0,-2.595580662145935e-05,2.595580662145935e-05,20,3
10,4,MIRAI,0,Rate,1.3198818751243813e-05,0.0,-1.3198818751243813e-05,1.3198818751243813e-05,23,4
10,4,MIRAI,0,fin_flag_number,1.3312502576002413e-05,0.0,-1.3312502576002413e-05,1.3312502576002413e-05,22,5
10,4,MIRAI,0,syn_flag_number,0.003790425662341792,0.0,-0.003790425662341792,0.003790425662341792,8,6
10,4,MIRAI,0,rst_flag_number,1.1609704100115087e-05,0.0,-1.1609704100115087e-05,1.1609704100115087e-05,24,7
10,4,MIRAI,0,psh_flag_number,1.6738476079353347e-05,0.0,-1.6738476079353347e-05,1.6738476079353347e-05,21,8
10,4,MIRAI,0,ack_flag_number,0.00015635503829036565,0.0,-0.00015635503829036565,0.00015635503829036565,15,9
10,4,MIRAI,0,ece_flag_number,0.0,0.0,0.0,0.0,33,10
10,4,MIRAI,0,cwr_flag_number,0.0,0.0,0.0,0.0,34,11
10,4,MIRAI,0,ack_count,0.0013706051461078793,0.0,-0.0013706051461078793,0.0013706051461078793,11,12
10,4,MIRAI,0,syn_count,0.0037091349098575034,0.0,-0.0037091349098575034,0.0037091349098575034,9,13
10,4,MIRAI,0,fin_count,0.0010463957803729885,0.0,-0.0010463957803729885,0.0010463957803729885,12,14
10,4,MIRAI,0,rst_count,0.0008970418490265848,0.0,-0.0008970418490265848,0.0008970418490265848,13,15
10,4,MIRAI,0,HTTP,7.733588571427814e-06,0.0,-7.733588571427814e-06,7.733588571427814e-06,26,16
10,4,MIRAI,0,HTTPS,4.618453708012166e-07,0.0,-4.618453708012166e-07,4.618453708012166e-07,27,17
10,4,MIRAI,0,DNS,1.57877845849087e-07,0.0,-1.57877845849087e-07,1.57877845849087e-07,28,18
10,4,MIRAI,0,Telnet,0.0,0.0,0.0,0.0,35,19
10,4,MIRAI,0,SMTP,0.0,0.0,0.0,0.0,36,20
10,4,MIRAI,0,SSH,0.0,0.0,0.0,0.0,37,21
10,4,MIRAI,0,IRC,0.0,0.0,0.0,0.0,38,22
10,4,MIRAI,0,TCP,4.473289819666078e-05,0.0,-4.473289819666078e-05,4.473289819666078e-05,19,23
10,4,MIRAI,0,UDP,0.003706907351428602,0.0,-0.003706907351428602,0.003706907351428602,10,24
10,4,MIRAI,0,DHCP,2.603416136039991e-09,0.0,-2.603416136039991e-09,2.603416136039991e-09,32,25
10,4,MIRAI,0,ARP,1.4800164875936326e-07,0.0,-1.4800164875936326e-07,1.4800164875936326e-07,30,26
10,4,MIRAI,0,ICMP,5.059488592425213e-05,0.0,-5.059488592425213e-05,5.059488592425213e-05,18,27
10,4,MIRAI,0,IGMP,0.0,0.0,0.0,0.0,39,28
10,4,MIRAI,0,IPv,1.4200029913081767e-07,0.0,-1.4200029913081767e-07,1.4200029913081767e-07,31,29
10,4,MIRAI,0,LLC,1.493674967114531e-07,0.0,-1.493674967114531e-07,1.493674967114531e-07,29,30
10,4,MIRAI,0,Tot sum,0.7258197004747767,0.0,-0.7258197004747767,0.7258197004747767,1,31
10,4,MIRAI,0,Min,0.020076098653791924,0.0,-0.020076098653791924,0.020076098653791924,7,32
10,4,MIRAI,0,Max,0.02893890620754118,0.0,-0.02893890620754118,0.02893890620754118,5,33
10,4,MIRAI,0,AVG,0.529897741089955,0.0,-0.529897741089955,0.529897741089955,2,34
10,4,MIRAI,0,Std,0.020406517280723513,0.0,-0.020406517280723513,0.020406517280723513,6,35
10,4,MIRAI,0,Tot size,0.43441487411925406,0.0,-0.43441487411925406,0.43441487411925406,3,36
10,4,MIRAI,0,IAT,0.00015467583147392948,0.0,-0.00015467583147392948,0.00015467583147392948,16,37
10,4,MIRAI,0,Number,8.046292789167101e-06,0.0,-8.046292789167101e-06,8.046292789167101e-06,25,38
10,4,MIRAI,0,Variance,0.04444305574479592,0.0,-0.04444305574479592,0.04444305574479592,4,39
10,5,MIRAI,0,Header_Length,0.00013407220524699586,0.0,-0.00013407220524699586,0.00013407220524699586,17,1
10,5,MIRAI,0,Protocol Type,0.00015976029305045752,0.0,-0.00015976029305045752,0.00015976029305045752,14,2
10,5,MIRAI,0,Time_To_Live,2.595580662145935e-05,0.0,-2.595580662145935e-05,2.595580662145935e-05,20,3
10,5,MIRAI,0,Rate,1.3198818751243813e-05,0.0,-1.3198818751243813e-05,1.3198818751243813e-05,23,4
10,5,MIRAI,0,fin_flag_number,1.3312502576002413e-05,0.0,-1.3312502576002413e-05,1.3312502576002413e-05,22,5
10,5,MIRAI,0,syn_flag_number,0.003790425662341792,0.0,-0.003790425662341792,0.003790425662341792,8,6
10,5,MIRAI,0,rst_flag_number,1.1609704100115087e-05,0.0,-1.1609704100115087e-05,1.1609704100115087e-05,24,7
10,5,MIRAI,0,psh_flag_number,1.6738476079353347e-05,0.0,-1.6738476079353347e-05,1.6738476079353347e-05,21,8
10,5,MIRAI,0,ack_flag_number,0.00015635503829036565,0.0,-0.00015635503829036565,0.00015635503829036565,15,9
10,5,MIRAI,0,ece_flag_number,0.0,0.0,0.0,0.0,33,10
10,5,MIRAI,0,cwr_flag_number,0.0,0.0,0.0,0.0,34,11
10,5,MIRAI,0,ack_count,0.0013706051461078793,0.0,-0.0013706051461078793,0.0013706051461078793,11,12
10,5,MIRAI,0,syn_count,0.0037091349098575034,0.0,-0.0037091349098575034,0.0037091349098575034,9,13
10,5,MIRAI,0,fin_count,0.0010463957803729885,0.0,-0.0010463957803729885,0.0010463957803729885,12,14
10,5,MIRAI,0,rst_count,0.0008970418490265848,0.0,-0.0008970418490265848,0.0008970418490265848,13,15
10,5,MIRAI,0,HTTP,7.733588571427814e-06,0.0,-7.733588571427814e-06,7.733588571427814e-06,26,16
10,5,MIRAI,0,HTTPS,4.618453708012166e-07,0.0,-4.618453708012166e-07,4.618453708012166e-07,27,17
10,5,MIRAI,0,DNS,1.57877845849087e-07,0.0,-1.57877845849087e-07,1.57877845849087e-07,28,18
10,5,MIRAI,0,Telnet,0.0,0.0,0.0,0.0,35,19
10,5,MIRAI,0,SMTP,0.0,0.0,0.0,0.0,36,20
10,5,MIRAI,0,SSH,0.0,0.0,0.0,0.0,37,21
10,5,MIRAI,0,IRC,0.0,0.0,0.0,0.0,38,22
10,5,MIRAI,0,TCP,4.473289819666078e-05,0.0,-4.473289819666078e-05,4.473289819666078e-05,19,23
10,5,MIRAI,0,UDP,0.003706907351428602,0.0,-0.003706907351428602,0.003706907351428602,10,24
10,5,MIRAI,0,DHCP,2.603416136039991e-09,0.0,-2.603416136039991e-09,2.603416136039991e-09,32,25
10,5,MIRAI,0,ARP,1.4800164875936326e-07,0.0,-1.4800164875936326e-07,1.4800164875936326e-07,30,26
10,5,MIRAI,0,ICMP,5.059488592425213e-05,0.0,-5.059488592425213e-05,5.059488592425213e-05,18,27
10,5,MIRAI,0,IGMP,0.0,0.0,0.0,0.0,39,28
10,5,MIRAI,0,IPv,1.4200029913081767e-07,0.0,-1.4200029913081767e-07,1.4200029913081767e-07,31,29
10,5,MIRAI,0,LLC,1.493674967114531e-07,0.0,-1.493674967114531e-07,1.493674967114531e-07,29,30
10,5,MIRAI,0,Tot sum,0.7258197004747767,0.0,-0.7258197004747767,0.7258197004747767,1,31
10,5,MIRAI,0,Min,0.020076098653791924,0.0,-0.020076098653791924,0.020076098653791924,7,32
10,5,MIRAI,0,Max,0.02893890620754118,0.0,-0.02893890620754118,0.02893890620754118,5,33
10,5,MIRAI,0,AVG,0.529897741089955,0.0,-0.529897741089955,0.529897741089955,2,34
10,5,MIRAI,0,Std,0.020406517280723513,0.0,-0.020406517280723513,0.020406517280723513,6,35
10,5,MIRAI,0,Tot size,0.43441487411925406,0.0,-0.43441487411925406,0.43441487411925406,3,36
10,5,MIRAI,0,IAT,0.00015467583147392948,0.0,-0.00015467583147392948,0.00015467583147392948,16,37
10,5,MIRAI,0,Number,8.046292789167101e-06,0.0,-8.046292789167101e-06,8.046292789167101e-06,25,38
10,5,MIRAI,0,Variance,0.04444305574479592,0.0,-0.04444305574479592,0.04444305574479592,4,39
10,1,RECON,1,Header_Length,0.0011786650628506175,0.0008509046036820534,-0.00032776045916856403,0.00032776045916856403,18,18
10,1,RECON,1,Protocol Type,0.00015313649946253953,5.684011627815011e-05,-9.629638318438941e-05,9.629638318438941e-05,22,25
10,1,RECON,1,Time_To_Live,0.04086820400689917,0.023116498346297518,-0.01775170566060165,0.01775170566060165,10,10
10,1,RECON,1,Rate,0.0002694367777404664,0.00024121674773921404,-2.8220030001252348e-05,2.8220030001252348e-05,21,19
10,1,RECON,1,fin_flag_number,6.702285483881224e-05,6.240207811408516e-05,-4.6207767247270776e-06,4.6207767247270776e-06,25,24
10,1,RECON,1,syn_flag_number,0.010111872505128747,0.055715432517455935,0.04560356001232719,0.04560356001232719,13,7
10,1,RECON,1,rst_flag_number,0.00011969918826083721,0.00012754513410303715,7.845945842199935e-06,7.845945842199935e-06,23,21
10,1,RECON,1,psh_flag_number,8.407500401685384e-05,0.0001554830182907662,7.140801427391235e-05,7.140801427391235e-05,24,20
10,1,RECON,1,ack_flag_number,0.04615653874833051,0.02094554786043088,-0.02521099088789963,0.02521099088789963,9,12
10,1,RECON,1,ece_flag_number,0.0,0.0,0.0,0.0,33,34
10,1,RECON,1,cwr_flag_number,0.0,0.0,0.0,0.0,34,35
10,1,RECON,1,ack_count,0.005513509849615711,0.001943721868611186,-0.0035697879810045246,0.0035697879810045246,15,16
10,1,RECON,1,syn_count,0.016134998097509255,0.022598609302470447,0.006463611204961191,0.006463611204961191,11,11
10,1,RECON,1,fin_count,0.007183676669028733,0.005360526598336689,-0.0018231500706920442,0.0018231500706920442,14,14
10,1,RECON,1,rst_count,0.004527026960021245,0.004282072821647557,-0.00024495413837368786,0.00024495413837368786,16,15
10,1,RECON,1,HTTP,6.58496722115145e-05,4.602541388581207e-05,-1.9824258325702435e-05,1.9824258325702435e-05,26,26
10,1,RECON,1,HTTPS,6.227544180063589e-05,3.506838114586009e-05,-2.7207060654775804e-05,2.7207060654775804e-05,27,27
10,1,RECON,1,DNS,9.238035243845487e-06,5.10236451682718e-06,-4.135670727018307e-06,4.135670727018307e-06,31,30
10,1,RECON,1,Telnet,0.0,0.0,0.0,0.0,35,36
10,1,RECON,1,SMTP,0.0,0.0,0.0,0.0,36,37
10,1,RECON,1,SSH,0.0,1.0493504217715124e-05,1.0493504217715124e-05,1.0493504217715124e-05,37,29
10,1,RECON,1,IRC,0.0,0.0,0.0,0.0,38,38
10,1,RECON,1,TCP,0.000279750706678306,9.01835709026124e-05,-0.00018956713577569358,0.00018956713577569358,20,22
10,1,RECON,1,UDP,0.010467066271455067,0.006047795514591728,-0.00441927075686334,0.00441927075686334,12,13
10,1,RECON,1,DHCP,1.4238547556355078e-06,8.720922195378735e-07,-5.517625360976343e-07,5.517625360976343e-07,32,33
10,1,RECON,1,ARP,9.920037583123884e-06,4.154795179376848e-06,-5.765242403747036e-06,5.765242403747036e-06,30,32
10,1,RECON,1,ICMP,0.000334756185639496,6.660025360396345e-05,-0.00026815593203553253,0.00026815593203553253,19,23
10,1,RECON,1,IGMP,0.0,0.0,0.0,0.0,39,39
10,1,RECON,1,IPv,1.8295054375837055e-05,4.314113394779176e-06,-1.398094098105788e-05,1.398094098105788e-05,28,31
10,1,RECON,1,LLC,1.7698375554448965e-05,1.8927646778066783e-05,1.2292712236178188e-06,1.2292712236178188e-06,29,28
10,1,RECON,1,Tot sum,0.5036251791417813,0.5588941262113357,0.05526894706955443,0.05526894706955443,2,2
10,1,RECON,1,Min,0.002904854029519428,0.0013435767762598212,-0.0015612772532596067,0.0015612772532596067,17,17
10,1,RECON,1,Max,0.07126345104297362,0.0248464403963838,-0.04641701064658982,0.04641701064658982,7,9
10,1,RECON,1,AVG,0.33142115948816786,0.10994381977282087,-0.221477339715347,0.221477339715347,3,5
10,1,RECON,1,Std,0.314060312668404,0.11356770195110502,-0.20049261071729899,0.20049261071729899,4,4
10,1,RECON,1,Tot size,0.2612744755009836,0.09667976675431962,-0.164594708746664,0.164594708746664,6,6
10,1,RECON,1,IAT,0.26648574183906765,0.6379705803725861,0.3714848385335185,0.3714848385335185,5,1
10,1,RECON,1,Number,0.05694215523552673,0.0505478750690226,-0.006394280166504132,0.006394280166504132,8,8
10,1,RECON,1,Variance,0.6212105060712503,0.4883115250619937,-0.13289898100925657,0.13289898100925657,1,3
10,2,RECON,0,Header_Length,0.0011786650628506175,0.0,-0.0011786650628506175,0.0011786650628506175,18,1
10,2,RECON,0,Protocol Type,0.00015313649946253953,0.0,-0.00015313649946253953,0.00015313649946253953,22,2
10,2,RECON,0,Time_To_Live,0.04086820400689917,0.0,-0.04086820400689917,0.04086820400689917,10,3
10,2,RECON,0,Rate,0.0002694367777404664,0.0,-0.0002694367777404664,0.0002694367777404664,21,4
10,2,RECON,0,fin_flag_number,6.702285483881224e-05,0.0,-6.702285483881224e-05,6.702285483881224e-05,25,5
10,2,RECON,0,syn_flag_number,0.010111872505128747,0.0,-0.010111872505128747,0.010111872505128747,13,6
10,2,RECON,0,rst_flag_number,0.00011969918826083721,0.0,-0.00011969918826083721,0.00011969918826083721,23,7
10,2,RECON,0,psh_flag_number,8.407500401685384e-05,0.0,-8.407500401685384e-05,8.407500401685384e-05,24,8
10,2,RECON,0,ack_flag_number,0.04615653874833051,0.0,-0.04615653874833051,0.04615653874833051,9,9
10,2,RECON,0,ece_flag_number,0.0,0.0,0.0,0.0,33,10
10,2,RECON,0,cwr_flag_number,0.0,0.0,0.0,0.0,34,11
10,2,RECON,0,ack_count,0.005513509849615711,0.0,-0.005513509849615711,0.005513509849615711,15,12
10,2,RECON,0,syn_count,0.016134998097509255,0.0,-0.016134998097509255,0.016134998097509255,11,13
10,2,RECON,0,fin_count,0.007183676669028733,0.0,-0.007183676669028733,0.007183676669028733,14,14
10,2,RECON,0,rst_count,0.004527026960021245,0.0,-0.004527026960021245,0.004527026960021245,16,15
10,2,RECON,0,HTTP,6.58496722115145e-05,0.0,-6.58496722115145e-05,6.58496722115145e-05,26,16
10,2,RECON,0,HTTPS,6.227544180063589e-05,0.0,-6.227544180063589e-05,6.227544180063589e-05,27,17
10,2,RECON,0,DNS,9.238035243845487e-06,0.0,-9.238035243845487e-06,9.238035243845487e-06,31,18
10,2,RECON,0,Telnet,0.0,0.0,0.0,0.0,35,19
10,2,RECON,0,SMTP,0.0,0.0,0.0,0.0,36,20
10,2,RECON,0,SSH,0.0,0.0,0.0,0.0,37,21
10,2,RECON,0,IRC,0.0,0.0,0.0,0.0,38,22
10,2,RECON,0,TCP,0.000279750706678306,0.0,-0.000279750706678306,0.000279750706678306,20,23
10,2,RECON,0,UDP,0.010467066271455067,0.0,-0.010467066271455067,0.010467066271455067,12,24
10,2,RECON,0,DHCP,1.4238547556355078e-06,0.0,-1.4238547556355078e-06,1.4238547556355078e-06,32,25
10,2,RECON,0,ARP,9.920037583123884e-06,0.0,-9.920037583123884e-06,9.920037583123884e-06,30,26
10,2,RECON,0,ICMP,0.000334756185639496,0.0,-0.000334756185639496,0.000334756185639496,19,27
10,2,RECON,0,IGMP,0.0,0.0,0.0,0.0,39,28
10,2,RECON,0,IPv,1.8295054375837055e-05,0.0,-1.8295054375837055e-05,1.8295054375837055e-05,28,29
10,2,RECON,0,LLC,1.7698375554448965e-05,0.0,-1.7698375554448965e-05,1.7698375554448965e-05,29,30
10,2,RECON,0,Tot sum,0.5036251791417813,0.0,-0.5036251791417813,0.5036251791417813,2,31
10,2,RECON,0,Min,0.002904854029519428,0.0,-0.002904854029519428,0.002904854029519428,17,32
10,2,RECON,0,Max,0.07126345104297362,0.0,-0.07126345104297362,0.07126345104297362,7,33
10,2,RECON,0,AVG,0.33142115948816786,0.0,-0.33142115948816786,0.33142115948816786,3,34
10,2,RECON,0,Std,0.314060312668404,0.0,-0.314060312668404,0.314060312668404,4,35
10,2,RECON,0,Tot size,0.2612744755009836,0.0,-0.2612744755009836,0.2612744755009836,6,36
10,2,RECON,0,IAT,0.26648574183906765,0.0,-0.26648574183906765,0.26648574183906765,5,37
10,2,RECON,0,Number,0.05694215523552673,0.0,-0.05694215523552673,0.05694215523552673,8,38
10,2,RECON,0,Variance,0.6212105060712503,0.0,-0.6212105060712503,0.6212105060712503,1,39
10,3,RECON,0,Header_Length,0.0011786650628506175,0.0,-0.0011786650628506175,0.0011786650628506175,18,1
10,3,RECON,0,Protocol Type,0.00015313649946253953,0.0,-0.00015313649946253953,0.00015313649946253953,22,2
10,3,RECON,0,Time_To_Live,0.04086820400689917,0.0,-0.04086820400689917,0.04086820400689917,10,3
10,3,RECON,0,Rate,0.0002694367777404664,0.0,-0.0002694367777404664,0.0002694367777404664,21,4
10,3,RECON,0,fin_flag_number,6.702285483881224e-05,0.0,-6.702285483881224e-05,6.702285483881224e-05,25,5
10,3,RECON,0,syn_flag_number,0.010111872505128747,0.0,-0.010111872505128747,0.010111872505128747,13,6
10,3,RECON,0,rst_flag_number,0.00011969918826083721,0.0,-0.00011969918826083721,0.00011969918826083721,23,7
10,3,RECON,0,psh_flag_number,8.407500401685384e-05,0.0,-8.407500401685384e-05,8.407500401685384e-05,24,8
10,3,RECON,0,ack_flag_number,0.04615653874833051,0.0,-0.04615653874833051,0.04615653874833051,9,9
10,3,RECON,0,ece_flag_number,0.0,0.0,0.0,0.0,33,10
10,3,RECON,0,cwr_flag_number,0.0,0.0,0.0,0.0,34,11
10,3,RECON,0,ack_count,0.005513509849615711,0.0,-0.005513509849615711,0.005513509849615711,15,12
10,3,RECON,0,syn_count,0.016134998097509255,0.0,-0.016134998097509255,0.016134998097509255,11,13
10,3,RECON,0,fin_count,0.007183676669028733,0.0,-0.007183676669028733,0.007183676669028733,14,14
10,3,RECON,0,rst_count,0.004527026960021245,0.0,-0.004527026960021245,0.004527026960021245,16,15
10,3,RECON,0,HTTP,6.58496722115145e-05,0.0,-6.58496722115145e-05,6.58496722115145e-05,26,16
10,3,RECON,0,HTTPS,6.227544180063589e-05,0.0,-6.227544180063589e-05,6.227544180063589e-05,27,17
10,3,RECON,0,DNS,9.238035243845487e-06,0.0,-9.238035243845487e-06,9.238035243845487e-06,31,18
10,3,RECON,0,Telnet,0.0,0.0,0.0,0.0,35,19
10,3,RECON,0,SMTP,0.0,0.0,0.0,0.0,36,20
10,3,RECON,0,SSH,0.0,0.0,0.0,0.0,37,21
10,3,RECON,0,IRC,0.0,0.0,0.0,0.0,38,22
10,3,RECON,0,TCP,0.000279750706678306,0.0,-0.000279750706678306,0.000279750706678306,20,23
10,3,RECON,0,UDP,0.010467066271455067,0.0,-0.010467066271455067,0.010467066271455067,12,24
10,3,RECON,0,DHCP,1.4238547556355078e-06,0.0,-1.4238547556355078e-06,1.4238547556355078e-06,32,25
10,3,RECON,0,ARP,9.920037583123884e-06,0.0,-9.920037583123884e-06,9.920037583123884e-06,30,26
10,3,RECON,0,ICMP,0.000334756185639496,0.0,-0.000334756185639496,0.000334756185639496,19,27
10,3,RECON,0,IGMP,0.0,0.0,0.0,0.0,39,28
10,3,RECON,0,IPv,1.8295054375837055e-05,0.0,-1.8295054375837055e-05,1.8295054375837055e-05,28,29
10,3,RECON,0,LLC,1.7698375554448965e-05,0.0,-1.7698375554448965e-05,1.7698375554448965e-05,29,30
10,3,RECON,0,Tot sum,0.5036251791417813,0.0,-0.5036251791417813,0.5036251791417813,2,31
10,3,RECON,0,Min,0.002904854029519428,0.0,-0.002904854029519428,0.002904854029519428,17,32
10,3,RECON,0,Max,0.07126345104297362,0.0,-0.07126345104297362,0.07126345104297362,7,33
10,3,RECON,0,AVG,0.33142115948816786,0.0,-0.33142115948816786,0.33142115948816786,3,34
10,3,RECON,0,Std,0.314060312668404,0.0,-0.314060312668404,0.314060312668404,4,35
10,3,RECON,0,Tot size,0.2612744755009836,0.0,-0.2612744755009836,0.2612744755009836,6,36
10,3,RECON,0,IAT,0.26648574183906765,0.0,-0.26648574183906765,0.26648574183906765,5,37
10,3,RECON,0,Number,0.05694215523552673,0.0,-0.05694215523552673,0.05694215523552673,8,38
10,3,RECON,0,Variance,0.6212105060712503,0.0,-0.6212105060712503,0.6212105060712503,1,39
10,4,RECON,1,Header_Length,0.0011786650628506175,0.0009446484326403876,-0.0002340166302102299,0.0002340166302102299,18,18
10,4,RECON,1,Protocol Type,0.00015313649946253953,8.398505603102759e-05,-6.915144343151194e-05,6.915144343151194e-05,22,26
10,4,RECON,1,Time_To_Live,0.04086820400689917,0.031095248027357154,-0.009772955979542013,0.009772955979542013,10,10
10,4,RECON,1,Rate,0.0002694367777404664,0.000473650395966316,0.0002042136182258496,0.0002042136182258496,21,19
10,4,RECON,1,fin_flag_number,6.702285483881224e-05,9.349096651830133e-05,2.6468111679489093e-05,2.6468111679489093e-05,25,25
10,4,RECON,1,syn_flag_number,0.010111872505128747,0.01664990948511086,0.006538036979982112,0.006538036979982112,13,11
10,4,RECON,1,rst_flag_number,0.00011969918826083721,0.00010820790004412385,-1.1491288216713356e-05,1.1491288216713356e-05,23,24
10,4,RECON,1,psh_flag_number,8.407500401685384e-05,0.000155828298701262,7.175329468440816e-05,7.175329468440816e-05,24,23
10,4,RECON,1,ack_flag_number,0.04615653874833051,0.04386420814132273,-0.0022923306070077795,0.0022923306070077795,9,9
10,4,RECON,1,ece_flag_number,0.0,0.0,0.0,0.0,33,33
10,4,RECON,1,cwr_flag_number,0.0,0.0,0.0,0.0,34,34
10,4,RECON,1,ack_count,0.005513509849615711,0.008563064655491295,0.0030495548058755845,0.0030495548058755845,15,15
10,4,RECON,1,syn_count,0.016134998097509255,0.015310470550765622,-0.0008245275467436333,0.0008245275467436333,11,12
10,4,RECON,1,fin_count,0.007183676669028733,0.011437380874627751,0.0042537042055990175,0.0042537042055990175,14,14
10,4,RECON,1,rst_count,0.004527026960021245,0.004196337964880926,-0.0003306889951403191,0.0003306889951403191,16,16
10,4,RECON,1,HTTP,6.58496722115145e-05,0.00017953492437759188,0.00011368525216607737,0.00011368525216607737,26,22
10,4,RECON,1,HTTPS,6.227544180063589e-05,3.400323990777228e-05,-2.8272201892863616e-05,2.8272201892863616e-05,27,27
10,4,RECON,1,DNS,9.238035243845487e-06,1.4757159990882458e-05,5.519124747036971e-06,5.519124747036971e-06,31,29
10,4,RECON,1,Telnet,0.0,0.0,0.0,0.0,35,35
10,4,RECON,1,SMTP,0.0,0.0,0.0,0.0,36,36
10,4,RECON,1,SSH,0.0,0.0,0.0,0.0,37,37
10,4,RECON,1,IRC,0.0,0.0,0.0,0.0,38,38
10,4,RECON,1,TCP,0.000279750706678306,0.0003031871140707713,2.34364073924653e-05,2.34364073924653e-05,20,21
10,4,RECON,1,UDP,0.010467066271455067,0.013490148831922667,0.0030230825604675993,0.0030230825604675993,12,13
10,4,RECON,1,DHCP,1.4238547556355078e-06,0.0,-1.4238547556355078e-06,1.4238547556355078e-06,32,39
10,4,RECON,1,ARP,9.920037583123884e-06,2.5792782334872286e-05,1.5872744751748403e-05,1.5872744751748403e-05,30,28
10,4,RECON,1,ICMP,0.000334756185639496,0.0004633839051413681,0.00012862771950187212,0.00012862771950187212,19,20
10,4,RECON,1,IGMP,0.0,5.596818038728046e-08,5.596818038728046e-08,5.596818038728046e-08,39,32
10,4,RECON,1,IPv,1.8295054375837055e-05,8.80490899029566e-06,-9.490145385541395e-06,9.490145385541395e-06,28,31
10,4,RECON,1,LLC,1.7698375554448965e-05,9.078277276345822e-06,-8.620098278103143e-06,8.620098278103143e-06,29,30
10,4,RECON,1,Tot sum,0.5036251791417813,0.7321729514682244,0.22854777232644308,0.22854777232644308,2,1
10,4,RECON,1,Min,0.002904854029519428,0.0010510566529594143,-0.0018537973765600135,0.0018537973765600135,17,17
10,4,RECON,1,Max,0.07126345104297362,0.05266129133964397,-0.018602159703329645,0.018602159703329645,7,8
10,4,RECON,1,AVG,0.33142115948816786,0.25700251602320595,-0.07441864346496191,0.07441864346496191,3,3
10,4,RECON,1,Std,0.314060312668404,0.21620268478996982,-0.09785762787843419,0.09785762787843419,4,4
10,4,RECON,1,Tot size,0.2612744755009836,0.19907474893908478,-0.062199726561898816,0.062199726561898816,6,5
10,4,RECON,1,IAT,0.26648574183906765,0.08863095590272017,-0.17785478593634746,0.17785478593634746,5,6
10,4,RECON,1,Number,0.05694215523552673,0.07062458312110183,0.013682427885575096,0.013682427885575096,8,7
10,4,RECON,1,Variance,0.6212105060712503,0.5404374792834291,-0.08077302678782117,0.08077302678782117,1,2
10,5,RECON,1,Header_Length,0.0011786650628506175,0.0018667603727012781,0.0006880953098506607,0.0006880953098506607,18,18
10,5,RECON,1,Protocol Type,0.00015313649946253953,0.0002855017443510717,0.00013236524488853215,0.00013236524488853215,22,22
10,5,RECON,1,Time_To_Live,0.04086820400689917,0.02474815976592051,-0.016120044240978657,0.016120044240978657,10,13
10,5,RECON,1,Rate,0.0002694367777404664,0.0012340331927332459,0.0009645964149927795,0.0009645964149927795,21,19
10,5,RECON,1,fin_flag_number,6.702285483881224e-05,0.00015133719827006373,8.431434343125149e-05,8.431434343125149e-05,25,24
10,5,RECON,1,syn_flag_number,0.010111872505128747,0.032243083988540394,0.02213121148341165,0.02213121148341165,13,10
10,5,RECON,1,rst_flag_number,0.00011969918826083721,6.941185150284842e-05,-5.028733675798879e-05,5.028733675798879e-05,23,25
10,5,RECON,1,psh_flag_number,8.407500401685384e-05,0.0001808641709058593,9.678916688900546e-05,9.678916688900546e-05,24,23
10,5,RECON,1,ack_flag_number,0.04615653874833051,0.0473440571860037,0.0011875184376731879,0.0011875184376731879,9,8
10,5,RECON,1,ece_flag_number,0.0,0.0,0.0,0.0,33,33
10,5,RECON,1,cwr_flag_number,0.0,0.0,0.0,0.0,34,34
10,5,RECON,1,ack_count,0.005513509849615711,0.017283215106735424,0.011769705257119713,0.011769705257119713,15,15
10,5,RECON,1,syn_count,0.016134998097509255,0.026968529486502288,0.010833531388993033,0.010833531388993033,11,12
10,5,RECON,1,fin_count,0.007183676669028733,0.019478424560783046,0.012294747891754313,0.012294747891754313,14,14
10,5,RECON,1,rst_count,0.004527026960021245,0.009658558926118525,0.00513153196609728,0.00513153196609728,16,16
10,5,RECON,1,HTTP,6.58496722115145e-05,2.9806550718000773e-05,-3.604312149351373e-05,3.604312149351373e-05,26,27
10,5,RECON,1,HTTPS,6.227544180063589e-05,5.002640950318952e-05,-1.2249032297446372e-05,1.2249032297446372e-05,27,26
10,5,RECON,1,DNS,9.238035243845487e-06,1.3848996265845763e-05,4.610961022000275e-06,4.610961022000275e-06,31,28
10,5,RECON,1,Telnet,0.0,0.0,0.0,0.0,35,35
10,5,RECON,1,SMTP,0.0,0.0,0.0,0.0,36,36
10,5,RECON,1,SSH,0.0,0.0,0.0,0.0,37,37
10,5,RECON,1,IRC,0.0,0.0,0.0,0.0,38,38
10,5,RECON,1,TCP,0.000279750706678306,0.0008398146765401279,0.0005600639698618219,0.0005600639698618219,20,20
10,5,RECON,1,UDP,0.010467066271455067,0.030080983439456203,0.019613917168001135,0.019613917168001135,12,11
10,5,RECON,1,DHCP,1.4238547556355078e-06,4.1412711523135867e-07,-1.0097276404041492e-06,1.0097276404041492e-06,32,32
10,5,RECON,1,ARP,9.920037583123884e-06,8.03157972892376e-06,-1.8884578542001247e-06,1.8884578542001247e-06,30,30
10,5,RECON,1,ICMP,0.000334756185639496,0.0007313048534221332,0.0003965486677826372,0.0003965486677826372,19,21
10,5,RECON,1,IGMP,0.0,0.0,0.0,0.0,39,39
10,5,RECON,1,IPv,1.8295054375837055e-05,8.97121933987599e-06,-9.323835035961064e-06,9.323835035961064e-06,28,29
10,5,RECON,1,LLC,1.7698375554448965e-05,3.613133128227143e-06,-1.4085242426221822e-05,1.4085242426221822e-05,29,31
10,5,RECON,1,Tot sum,0.5036251791417813,0.7843825376876951,0.28075735854591377,0.28075735854591377,2,1
10,5,RECON,1,Min,0.002904854029519428,0.0020371288703173946,-0.0008677251592020332,0.0008677251592020332,17,17
10,5,RECON,1,Max,0.07126345104297362,0.0426994920218913,-0.028563959021082316,0.028563959021082316,7,9
10,5,RECON,1,AVG,0.33142115948816786,0.16872145568509164,-0.16269970380307622,0.16269970380307622,3,5
10,5,RECON,1,Std,0.314060312668404,0.17829297294098012,-0.13576733972742389,0.13576733972742389,4,4
10,5,RECON,1,Tot size,0.2612744755009836,0.1540993656221625,-0.10717510987882109,0.10717510987882109,6,6
10,5,RECON,1,IAT,0.26648574183906765,0.18811505062822736,-0.07837069121084028,0.07837069121084028,5,3
10,5,RECON,1,Number,0.05694215523552673,0.06567862015145258,0.008736464915925848,0.008736464915925848,8,7
10,5,RECON,1,Variance,0.6212105060712503,0.5029018212830336,-0.11830868478821666,0.11830868478821666,1,2
10,1,SPOOFING,1,Header_Length,0.0008134708108593165,0.0011080823312783331,0.00029461152041901665,0.00029461152041901665,18,19
10,1,SPOOFING,1,Protocol Type,7.131371369423246e-05,3.60966907645273e-05,-3.521702292970516e-05,3.521702292970516e-05,23,25
10,1,SPOOFING,1,Time_To_Live,0.03718654889774933,0.07138253455801838,0.034195985660269046,0.034195985660269046,9,6
10,1,SPOOFING,1,Rate,0.0005957440593972808,0.0019870103983031665,0.0013912663389058857,0.0013912663389058857,19,18
10,1,SPOOFING,1,fin_flag_number,3.333190395154256e-05,9.415401743724478e-05,6.082211348570222e-05,6.082211348570222e-05,25,23
10,1,SPOOFING,1,syn_flag_number,0.010439887340141743,0.00889028432601909,-0.0015496030141226528,0.0015496030141226528,13,12
10,1,SPOOFING,1,rst_flag_number,1.6145921987126774e-05,1.1446559266822772e-05,-4.6993627203040015e-06,4.6993627203040015e-06,27,26
10,1,SPOOFING,1,psh_flag_number,0.0001324148968052882,8.892904927227559e-05,-4.348584753301261e-05,4.348584753301261e-05,21,24
10,1,SPOOFING,1,ack_flag_number,0.01602855454560045,0.03799029615398723,0.021961741608386782,0.021961741608386782,11,9
10,1,SPOOFING,1,ece_flag_number,0.0,0.0,0.0,0.0,33,33
10,1,SPOOFING,1,cwr_flag_number,0.0,0.0,0.0,0.0,34,34
10,1,SPOOFING,1,ack_count,0.0014050948031872341,0.00381507826954573,0.0024099834663584957,0.0024099834663584957,17,17
10,1,SPOOFING,1,syn_count,0.011278488256406843,0.008190584457086503,-0.0030879037993203403,0.0030879037993203403,12,14
10,1,SPOOFING,1,fin_count,0.004293577076215092,0.008711639802502346,0.004418062726287254,0.004418062726287254,15,13
10,1,SPOOFING,1,rst_count,0.0024680110194122786,0.0040167537025584225,0.001548742683146144,0.001548742683146144,16,16
10,1,SPOOFING,1,HTTP,2.7772603277799655e-05,9.637067110218063e-06,-1.8135536167581594e-05,1.8135536167581594e-05,26,27
10,1,SPOOFING,1,HTTPS,4.0570773013242615e-05,0.000118166666399872,7.75958933866294e-05,7.75958933866294e-05,24,22
10,1,SPOOFING,1,DNS,2.024915708916594e-06,1.003979587318112e-06,-1.020936121598482e-06,1.020936121598482e-06,31,31
10,1,SPOOFING,1,Telnet,0.0,0.0,0.0,0.0,35,35
10,1,SPOOFING,1,SMTP,0.0,0.0,0.0,0.0,36,36
10,1,SPOOFING,1,SSH,0.0,0.0,0.0,0.0,37,37
10,1,SPOOFING,1,IRC,0.0,0.0,0.0,0.0,38,38
10,1,SPOOFING,1,TCP,0.00012711720872050333,0.0001689377161190968,4.182050739859347e-05,4.182050739859347e-05,22,20
10,1,SPOOFING,1,UDP,0.0068133547929744515,0.006124081303653579,-0.0006892734893208727,0.0006892734893208727,14,15
10,1,SPOOFING,1,DHCP,3.945506813745021e-09,1.7724534211769729e-07,1.7329983530395227e-07,1.7329983530395227e-07,32,32
10,1,SPOOFING,1,ARP,5.29602669275392e-06,7.675837666511806e-06,2.3798109737578865e-06,2.3798109737578865e-06,29,29
10,1,SPOOFING,1,ICMP,0.00016374780768935277,0.0001375412446356857,-2.620656305366706e-05,2.620656305366706e-05,20,21
10,1,SPOOFING,1,IGMP,0.0,0.0,0.0,0.0,39,39
10,1,SPOOFING,1,IPv,4.063923794180323e-06,2.341377725976193e-06,-1.7225460682041301e-06,1.7225460682041301e-06,30,30
10,1,SPOOFING,1,LLC,8.872753232066352e-06,9.006498718691747e-06,1.3374548662539505e-07,1.3374548662539505e-07,28,28
10,1,SPOOFING,1,Tot sum,0.4157852702125922,0.3890139453978684,-0.02677132481472383,0.02677132481472383,4,4
10,1,SPOOFING,1,Min,0.06787037104958153,0.023569096341649783,-0.04430127470793175,0.04430127470793175,7,11
10,1,SPOOFING,1,Max,0.060973173035457,0.03536819827966633,-0.02560497475579067,0.02560497475579067,8,10
10,1,SPOOFING,1,AVG,0.44969637652578964,0.4248886086683292,-0.024807767857460417,0.024807767857460417,3,3
10,1,SPOOFING,1,Std,0.2351378260806934,0.13623893361541833,-0.09889889246527506,0.09889889246527506,5,5
10,1,SPOOFING,1,Tot size,0.48895318240918906,0.6066621317091899,0.11770894930000086,0.11770894930000086,2,1
10,1,SPOOFING,1,IAT,0.08171478247058764,0.039088823768447786,-0.04262595870213985,0.04262595870213985,6,7
10,1,SPOOFING,1,Number,0.03527895884666487,0.03812169758486095,0.002842738738196078,0.002842738738196078,10,8
10,1,SPOOFING,1,Variance,0.5588692000889033,0.5195344319072912,-0.03933476818161208,0.03933476818161208,1,2
10,2,SPOOFING,0,Header_Length,0.0008134708108593165,0.0,-0.0008134708108593165,0.0008134708108593165,18,1
10,2,SPOOFING,0,Protocol Type,7.131371369423246e-05,0.0,-7.131371369423246e-05,7.131371369423246e-05,23,2
10,2,SPOOFING,0,Time_To_Live,0.03718654889774933,0.0,-0.03718654889774933,0.03718654889774933,9,3
10,2,SPOOFING,0,Rate,0.0005957440593972808,0.0,-0.0005957440593972808,0.0005957440593972808,19,4
10,2,SPOOFING,0,fin_flag_number,3.333190395154256e-05,0.0,-3.333190395154256e-05,3.333190395154256e-05,25,5
10,2,SPOOFING,0,syn_flag_number,0.010439887340141743,0.0,-0.010439887340141743,0.010439887340141743,13,6
10,2,SPOOFING,0,rst_flag_number,1.6145921987126774e-05,0.0,-1.6145921987126774e-05,1.6145921987126774e-05,27,7
10,2,SPOOFING,0,psh_flag_number,0.0001324148968052882,0.0,-0.0001324148968052882,0.0001324148968052882,21,8
10,2,SPOOFING,0,ack_flag_number,0.01602855454560045,0.0,-0.01602855454560045,0.01602855454560045,11,9
10,2,SPOOFING,0,ece_flag_number,0.0,0.0,0.0,0.0,33,10
10,2,SPOOFING,0,cwr_flag_number,0.0,0.0,0.0,0.0,34,11
10,2,SPOOFING,0,ack_count,0.0014050948031872341,0.0,-0.0014050948031872341,0.0014050948031872341,17,12
10,2,SPOOFING,0,syn_count,0.011278488256406843,0.0,-0.011278488256406843,0.011278488256406843,12,13
10,2,SPOOFING,0,fin_count,0.004293577076215092,0.0,-0.004293577076215092,0.004293577076215092,15,14
10,2,SPOOFING,0,rst_count,0.0024680110194122786,0.0,-0.0024680110194122786,0.0024680110194122786,16,15
10,2,SPOOFING,0,HTTP,2.7772603277799655e-05,0.0,-2.7772603277799655e-05,2.7772603277799655e-05,26,16
10,2,SPOOFING,0,HTTPS,4.0570773013242615e-05,0.0,-4.0570773013242615e-05,4.0570773013242615e-05,24,17
10,2,SPOOFING,0,DNS,2.024915708916594e-06,0.0,-2.024915708916594e-06,2.024915708916594e-06,31,18
10,2,SPOOFING,0,Telnet,0.0,0.0,0.0,0.0,35,19
10,2,SPOOFING,0,SMTP,0.0,0.0,0.0,0.0,36,20
10,2,SPOOFING,0,SSH,0.0,0.0,0.0,0.0,37,21
10,2,SPOOFING,0,IRC,0.0,0.0,0.0,0.0,38,22
10,2,SPOOFING,0,TCP,0.00012711720872050333,0.0,-0.00012711720872050333,0.00012711720872050333,22,23
10,2,SPOOFING,0,UDP,0.0068133547929744515,0.0,-0.0068133547929744515,0.0068133547929744515,14,24
10,2,SPOOFING,0,DHCP,3.945506813745021e-09,0.0,-3.945506813745021e-09,3.945506813745021e-09,32,25
10,2,SPOOFING,0,ARP,5.29602669275392e-06,0.0,-5.29602669275392e-06,5.29602669275392e-06,29,26
10,2,SPOOFING,0,ICMP,0.00016374780768935277,0.0,-0.00016374780768935277,0.00016374780768935277,20,27
10,2,SPOOFING,0,IGMP,0.0,0.0,0.0,0.0,39,28
10,2,SPOOFING,0,IPv,4.063923794180323e-06,0.0,-4.063923794180323e-06,4.063923794180323e-06,30,29
10,2,SPOOFING,0,LLC,8.872753232066352e-06,0.0,-8.872753232066352e-06,8.872753232066352e-06,28,30
10,2,SPOOFING,0,Tot sum,0.4157852702125922,0.0,-0.4157852702125922,0.4157852702125922,4,31
10,2,SPOOFING,0,Min,0.06787037104958153,0.0,-0.06787037104958153,0.06787037104958153,7,32
10,2,SPOOFING,0,Max,0.060973173035457,0.0,-0.060973173035457,0.060973173035457,8,33
10,2,SPOOFING,0,AVG,0.44969637652578964,0.0,-0.44969637652578964,0.44969637652578964,3,34
10,2,SPOOFING,0,Std,0.2351378260806934,0.0,-0.2351378260806934,0.2351378260806934,5,35
10,2,SPOOFING,0,Tot size,0.48895318240918906,0.0,-0.48895318240918906,0.48895318240918906,2,36
10,2,SPOOFING,0,IAT,0.08171478247058764,0.0,-0.08171478247058764,0.08171478247058764,6,37
10,2,SPOOFING,0,Number,0.03527895884666487,0.0,-0.03527895884666487,0.03527895884666487,10,38
10,2,SPOOFING,0,Variance,0.5588692000889033,0.0,-0.5588692000889033,0.5588692000889033,1,39
10,3,SPOOFING,1,Header_Length,0.0008134708108593165,0.0003480238619643007,-0.0004654469488950158,0.0004654469488950158,18,19
10,3,SPOOFING,1,Protocol Type,7.131371369423246e-05,0.00010555503300726588,3.4241319313033425e-05,3.4241319313033425e-05,23,22
10,3,SPOOFING,1,Time_To_Live,0.03718654889774933,0.038778681047154456,0.0015921321494051233,0.0015921321494051233,9,7
10,3,SPOOFING,1,Rate,0.0005957440593972808,0.0006379030067429753,4.215894734569455e-05,4.215894734569455e-05,19,18
10,3,SPOOFING,1,fin_flag_number,3.333190395154256e-05,6.991862029559686e-05,3.65867163440543e-05,3.65867163440543e-05,25,24
10,3,SPOOFING,1,syn_flag_number,0.010439887340141743,0.00847261969431144,-0.0019672676458303024,0.0019672676458303024,13,13
10,3,SPOOFING,1,rst_flag_number,1.6145921987126774e-05,3.3763203354401354e-05,1.761728136727458e-05,1.761728136727458e-05,27,26
10,3,SPOOFING,1,psh_flag_number,0.0001324148968052882,0.00015286895418516056,2.0454057379872356e-05,2.0454057379872356e-05,21,20
10,3,SPOOFING,1,ack_flag_number,0.01602855454560045,0.015170067353421923,-0.0008584871921785281,0.0008584871921785281,11,10
10,3,SPOOFING,1,ece_flag_number,0.0,0.0,0.0,0.0,33,32
10,3,SPOOFING,1,cwr_flag_number,0.0,0.0,0.0,0.0,34,33
10,3,SPOOFING,1,ack_count,0.0014050948031872341,0.002987697168094481,0.001582602364907247,0.001582602364907247,17,17
10,3,SPOOFING,1,syn_count,0.011278488256406843,0.008951071655741858,-0.0023274166006649853,0.0023274166006649853,12,12
10,3,SPOOFING,1,fin_count,0.004293577076215092,0.008228146585118766,0.003934569508903674,0.003934569508903674,15,14
10,3,SPOOFING,1,rst_count,0.0024680110194122786,0.005938187518538569,0.0034701764991262904,0.0034701764991262904,16,15
10,3,SPOOFING,1,HTTP,2.7772603277799655e-05,1.687724360312279e-06,-2.6084878917487377e-05,2.6084878917487377e-05,26,29
10,3,SPOOFING,1,HTTPS,4.0570773013242615e-05,4.2625921701570175e-05,2.05514868832756e-06,2.05514868832756e-06,24,25
10,3,SPOOFING,1,DNS,2.024915708916594e-06,3.6930528820101286e-06,1.6681371730935347e-06,1.6681371730935347e-06,31,28
10,3,SPOOFING,1,Telnet,0.0,0.0,0.0,0.0,35,34
10,3,SPOOFING,1,SMTP,0.0,0.0,0.0,0.0,36,35
10,3,SPOOFING,1,SSH,0.0,0.0,0.0,0.0,37,36
10,3,SPOOFING,1,IRC,0.0,0.0,0.0,0.0,38,37
10,3,SPOOFING,1,TCP,0.00012711720872050333,9.684675320697799e-05,-3.0270455513525343e-05,3.0270455513525343e-05,22,23
10,3,SPOOFING,1,UDP,0.0068133547929744515,0.005055738402384681,-0.0017576163905897706,0.0017576163905897706,14,16
10,3,SPOOFING,1,DHCP,3.945506813745021e-09,0.0,-3.945506813745021e-09,3.945506813745021e-09,32,38
10,3,SPOOFING,1,ARP,5.29602669275392e-06,1.4562046955814243e-06,-3.839821997172496e-06,3.839821997172496e-06,29,30
10,3,SPOOFING,1,ICMP,0.00016374780768935277,0.00014087172805461254,-2.2876079634740224e-05,2.2876079634740224e-05,20,21
10,3,SPOOFING,1,IGMP,0.0,0.0,0.0,0.0,39,39
10,3,SPOOFING,1,IPv,4.063923794180323e-06,8.762686401508749e-07,-3.187655154029448e-06,3.187655154029448e-06,30,31
10,3,SPOOFING,1,LLC,8.872753232066352e-06,7.382326874564407e-06,-1.490426357501945e-06,1.490426357501945e-06,28,27
10,3,SPOOFING,1,Tot sum,0.4157852702125922,0.777095161040957,0.3613098908283648,0.3613098908283648,4,1
10,3,SPOOFING,1,Min,0.06787037104958153,0.012440325363641203,-0.05543004568594033,0.05543004568594033,7,11
10,3,SPOOFING,1,Max,0.060973173035457,0.03325014617007944,-0.02772302686537756,0.02772302686537756,8,8
10,3,SPOOFING,1,AVG,0.44969637652578964,0.3223890597810542,-0.12730731674473544,0.12730731674473544,3,3
10,3,SPOOFING,1,Std,0.2351378260806934,0.13794831709003424,-0.09718950899065915,0.09718950899065915,5,5
10,3,SPOOFING,1,Tot size,0.48895318240918906,0.26843498962047346,-0.2205181927887156,0.2205181927887156,2,4
10,3,SPOOFING,1,IAT,0.08171478247058764,0.10633055178193773,0.024615769311350094,0.024615769311350094,6,6
10,3,SPOOFING,1,Number,0.03527895884666487,0.020786422237325523,-0.014492536609339347,0.014492536609339347,10,9
10,3,SPOOFING,1,Variance,0.5588692000889033,0.4313685807629287,-0.12750061932597456,0.12750061932597456,1,2
10,4,SPOOFING,0,Header_Length,0.0008134708108593165,0.0,-0.0008134708108593165,0.0008134708108593165,18,1
10,4,SPOOFING,0,Protocol Type,7.131371369423246e-05,0.0,-7.131371369423246e-05,7.131371369423246e-05,23,2
10,4,SPOOFING,0,Time_To_Live,0.03718654889774933,0.0,-0.03718654889774933,0.03718654889774933,9,3
10,4,SPOOFING,0,Rate,0.0005957440593972808,0.0,-0.0005957440593972808,0.0005957440593972808,19,4
10,4,SPOOFING,0,fin_flag_number,3.333190395154256e-05,0.0,-3.333190395154256e-05,3.333190395154256e-05,25,5
10,4,SPOOFING,0,syn_flag_number,0.010439887340141743,0.0,-0.010439887340141743,0.010439887340141743,13,6
10,4,SPOOFING,0,rst_flag_number,1.6145921987126774e-05,0.0,-1.6145921987126774e-05,1.6145921987126774e-05,27,7
10,4,SPOOFING,0,psh_flag_number,0.0001324148968052882,0.0,-0.0001324148968052882,0.0001324148968052882,21,8
10,4,SPOOFING,0,ack_flag_number,0.01602855454560045,0.0,-0.01602855454560045,0.01602855454560045,11,9
10,4,SPOOFING,0,ece_flag_number,0.0,0.0,0.0,0.0,33,10
10,4,SPOOFING,0,cwr_flag_number,0.0,0.0,0.0,0.0,34,11
10,4,SPOOFING,0,ack_count,0.0014050948031872341,0.0,-0.0014050948031872341,0.0014050948031872341,17,12
10,4,SPOOFING,0,syn_count,0.011278488256406843,0.0,-0.011278488256406843,0.011278488256406843,12,13
10,4,SPOOFING,0,fin_count,0.004293577076215092,0.0,-0.004293577076215092,0.004293577076215092,15,14
10,4,SPOOFING,0,rst_count,0.0024680110194122786,0.0,-0.0024680110194122786,0.0024680110194122786,16,15
10,4,SPOOFING,0,HTTP,2.7772603277799655e-05,0.0,-2.7772603277799655e-05,2.7772603277799655e-05,26,16
10,4,SPOOFING,0,HTTPS,4.0570773013242615e-05,0.0,-4.0570773013242615e-05,4.0570773013242615e-05,24,17
10,4,SPOOFING,0,DNS,2.024915708916594e-06,0.0,-2.024915708916594e-06,2.024915708916594e-06,31,18
10,4,SPOOFING,0,Telnet,0.0,0.0,0.0,0.0,35,19
10,4,SPOOFING,0,SMTP,0.0,0.0,0.0,0.0,36,20
10,4,SPOOFING,0,SSH,0.0,0.0,0.0,0.0,37,21
10,4,SPOOFING,0,IRC,0.0,0.0,0.0,0.0,38,22
10,4,SPOOFING,0,TCP,0.00012711720872050333,0.0,-0.00012711720872050333,0.00012711720872050333,22,23
10,4,SPOOFING,0,UDP,0.0068133547929744515,0.0,-0.0068133547929744515,0.0068133547929744515,14,24
10,4,SPOOFING,0,DHCP,3.945506813745021e-09,0.0,-3.945506813745021e-09,3.945506813745021e-09,32,25
10,4,SPOOFING,0,ARP,5.29602669275392e-06,0.0,-5.29602669275392e-06,5.29602669275392e-06,29,26
10,4,SPOOFING,0,ICMP,0.00016374780768935277,0.0,-0.00016374780768935277,0.00016374780768935277,20,27
10,4,SPOOFING,0,IGMP,0.0,0.0,0.0,0.0,39,28
10,4,SPOOFING,0,IPv,4.063923794180323e-06,0.0,-4.063923794180323e-06,4.063923794180323e-06,30,29
10,4,SPOOFING,0,LLC,8.872753232066352e-06,0.0,-8.872753232066352e-06,8.872753232066352e-06,28,30
10,4,SPOOFING,0,Tot sum,0.4157852702125922,0.0,-0.4157852702125922,0.4157852702125922,4,31
10,4,SPOOFING,0,Min,0.06787037104958153,0.0,-0.06787037104958153,0.06787037104958153,7,32
10,4,SPOOFING,0,Max,0.060973173035457,0.0,-0.060973173035457,0.060973173035457,8,33
10,4,SPOOFING,0,AVG,0.44969637652578964,0.0,-0.44969637652578964,0.44969637652578964,3,34
10,4,SPOOFING,0,Std,0.2351378260806934,0.0,-0.2351378260806934,0.2351378260806934,5,35
10,4,SPOOFING,0,Tot size,0.48895318240918906,0.0,-0.48895318240918906,0.48895318240918906,2,36
10,4,SPOOFING,0,IAT,0.08171478247058764,0.0,-0.08171478247058764,0.08171478247058764,6,37
10,4,SPOOFING,0,Number,0.03527895884666487,0.0,-0.03527895884666487,0.03527895884666487,10,38
10,4,SPOOFING,0,Variance,0.5588692000889033,0.0,-0.5588692000889033,0.5588692000889033,1,39
10,5,SPOOFING,1,Header_Length,0.0008134708108593165,0.00027921341579590633,-0.0005342573950634102,0.0005342573950634102,18,18
10,5,SPOOFING,1,Protocol Type,7.131371369423246e-05,5.652437089657894e-05,-1.4789342797653514e-05,1.4789342797653514e-05,23,21
10,5,SPOOFING,1,Time_To_Live,0.03718654889774933,0.04805451903737731,0.01086797013962798,0.01086797013962798,9,6
10,5,SPOOFING,1,Rate,0.0005957440593972808,6.760355796335501e-05,-0.0005281405014339257,0.0005281405014339257,19,20
10,5,SPOOFING,1,fin_flag_number,3.333190395154256e-05,4.6982941201371124e-07,-3.286207453952885e-05,3.286207453952885e-05,25,26
10,5,SPOOFING,1,syn_flag_number,0.010439887340141743,0.0035355763597482368,-0.006904310980393506,0.006904310980393506,13,12
10,5,SPOOFING,1,rst_flag_number,1.6145921987126774e-05,9.73121450077646e-06,-6.414707486350313e-06,6.414707486350313e-06,27,25
10,5,SPOOFING,1,psh_flag_number,0.0001324148968052882,1.1289688398057924e-05,-0.00012112520840723028,0.00012112520840723028,21,24
10,5,SPOOFING,1,ack_flag_number,0.01602855454560045,0.018966539164260877,0.002937984618660426,0.002937984618660426,11,8
10,5,SPOOFING,1,ece_flag_number,0.0,0.0,0.0,0.0,33,32
10,5,SPOOFING,1,cwr_flag_number,0.0,0.0,0.0,0.0,34,33
10,5,SPOOFING,1,ack_count,0.0014050948031872341,0.0003151807960031704,-0.0010899140071840637,0.0010899140071840637,17,17
10,5,SPOOFING,1,syn_count,0.011278488256406843,0.0010265530342726144,-0.01025193522213423,0.01025193522213423,12,15
10,5,SPOOFING,1,fin_count,0.004293577076215092,0.002044845632306113,-0.0022487314439089794,0.0022487314439089794,15,13
10,5,SPOOFING,1,rst_count,0.0024680110194122786,0.003671061410232162,0.0012030503908198832,0.0012030503908198832,16,11
10,5,SPOOFING,1,HTTP,2.7772603277799655e-05,4.057892456068516e-07,-2.7366814032192804e-05,2.7366814032192804e-05,26,27
10,5,SPOOFING,1,HTTPS,4.0570773013242615e-05,5.4685125365464214e-05,1.4114352352221599e-05,1.4114352352221599e-05,24,22
10,5,SPOOFING,1,DNS,2.024915708916594e-06,5.1842367134191936e-09,-2.0197314722031746e-06,2.0197314722031746e-06,31,31
10,5,SPOOFING,1,Telnet,0.0,0.0,0.0,0.0,35,34
10,5,SPOOFING,1,SMTP,0.0,0.0,0.0,0.0,36,35
10,5,SPOOFING,1,SSH,0.0,0.0,0.0,0.0,37,36
10,5,SPOOFING,1,IRC,0.0,0.0,0.0,0.0,38,37
10,5,SPOOFING,1,TCP,0.00012711720872050333,9.078551880713307e-05,-3.6331689913370263e-05,3.6331689913370263e-05,22,19
10,5,SPOOFING,1,UDP,0.0068133547929744515,0.004196670726285278,-0.0026166840666891735,0.0026166840666891735,14,10
10,5,SPOOFING,1,DHCP,3.945506813745021e-09,0.0,-3.945506813745021e-09,3.945506813745021e-09,32,38
10,5,SPOOFING,1,ARP,5.29602669275392e-06,1.7419220393907808e-07,-5.121834488814842e-06,5.121834488814842e-06,29,28
10,5,SPOOFING,1,ICMP,0.00016374780768935277,1.3197751060441881e-05,-0.0001505500566289109,0.0001505500566289109,20,23
10,5,SPOOFING,1,IGMP,0.0,0.0,0.0,0.0,39,39
10,5,SPOOFING,1,IPv,4.063923794180323e-06,8.50622706811254e-08,-3.978861523499198e-06,3.978861523499198e-06,30,30
10,5,SPOOFING,1,LLC,8.872753232066352e-06,1.584226163312144e-07,-8.714330615735137e-06,8.714330615735137e-06,28,29
10,5,SPOOFING,1,Tot sum,0.4157852702125922,0.14330499719190556,-0.27248027302068667,0.27248027302068667,4,4
10,5,SPOOFING,1,Min,0.06787037104958153,0.0009985498243025163,-0.06687182122527902,0.06687182122527902,7,16
10,5,SPOOFING,1,Max,0.060973173035457,0.027099641682544185,-0.03387353135291281,0.03387353135291281,8,7
10,5,SPOOFING,1,AVG,0.44969637652578964,0.0950073387376077,-0.35468903778818195,0.35468903778818195,3,5
10,5,SPOOFING,1,Std,0.2351378260806934,0.21969835109106256,-0.01543947498963083,0.01543947498963083,5,3
10,5,SPOOFING,1,Tot size,0.48895318240918906,0.23014631977152084,-0.2588068626376682,0.2588068626376682,2,2
10,5,SPOOFING,1,IAT,0.08171478247058764,0.001739465159134681,-0.07997531731145295,0.07997531731145295,6,14
10,5,SPOOFING,1,Number,0.03527895884666487,0.015000756795450383,-0.020278202051214486,0.020278202051214486,10,9
10,5,SPOOFING,1,Variance,0.5588692000889033,0.9303339002322597,0.3714647001433564,0.3714647001433564,1,1
10,1,WEB,0,Header_Length,0.00031060801868480824,0.0,-0.00031060801868480824,0.00031060801868480824,18,1
10,1,WEB,0,Protocol Type,0.0001362059012448405,0.0,-0.0001362059012448405,0.0001362059012448405,21,2
10,1,WEB,0,Time_To_Live,0.09690588920247759,0.0,-0.09690588920247759,0.09690588920247759,6,3
10,1,WEB,0,Rate,0.00018200631645325885,0.0,-0.00018200631645325885,0.00018200631645325885,20,4
10,1,WEB,0,fin_flag_number,4.768040744687446e-05,0.0,-4.768040744687446e-05,4.768040744687446e-05,25,5
10,1,WEB,0,syn_flag_number,0.008165267989841893,0.0,-0.008165267989841893,0.008165267989841893,13,6
10,1,WEB,0,rst_flag_number,2.139370767172941e-05,0.0,-2.139370767172941e-05,2.139370767172941e-05,28,7
10,1,WEB,0,psh_flag_number,7.866756272461868e-05,0.0,-7.866756272461868e-05,7.866756272461868e-05,22,8
10,1,WEB,0,ack_flag_number,0.00913340159708561,0.0,-0.00913340159708561,0.00913340159708561,12,9
10,1,WEB,0,ece_flag_number,0.0,0.0,0.0,0.0,34,10
10,1,WEB,0,cwr_flag_number,0.0,0.0,0.0,0.0,35,11
10,1,WEB,0,ack_count,0.001596430672606008,0.0,-0.001596430672606008,0.001596430672606008,17,12
10,1,WEB,0,syn_count,0.010934681516958224,0.0,-0.010934681516958224,0.010934681516958224,11,13
10,1,WEB,0,fin_count,0.002985530882178661,0.0,-0.002985530882178661,0.002985530882178661,16,14
10,1,WEB,0,rst_count,0.003534266179406049,0.0,-0.003534266179406049,0.003534266179406049,15,15
10,1,WEB,0,HTTP,6.711111020255613e-05,0.0,-6.711111020255613e-05,6.711111020255613e-05,24,16
10,1,WEB,0,HTTPS,3.5227948571470415e-05,0.0,-3.5227948571470415e-05,3.5227948571470415e-05,26,17
10,1,WEB,0,DNS,1.4116265617302889e-05,0.0,-1.4116265617302889e-05,1.4116265617302889e-05,30,18
10,1,WEB,0,Telnet,0.0,0.0,0.0,0.0,36,19
10,1,WEB,0,SMTP,0.0,0.0,0.0,0.0,37,20
10,1,WEB,0,SSH,8.942833037001224e-06,0.0,-8.942833037001224e-06,8.942833037001224e-06,32,21
10,1,WEB,0,IRC,0.0,0.0,0.0,0.0,38,22
10,1,WEB,0,TCP,7.01826149909161e-05,0.0,-7.01826149909161e-05,7.01826149909161e-05,23,23
10,1,WEB,0,UDP,0.0038422516001431714,0.0,-0.0038422516001431714,0.0038422516001431714,14,24
10,1,WEB,0,DHCP,1.346693872972733e-06,0.0,-1.346693872972733e-06,1.346693872972733e-06,33,25
10,1,WEB,0,ARP,3.434070079282247e-05,0.0,-3.434070079282247e-05,3.434070079282247e-05,27,26
10,1,WEB,0,ICMP,0.00019573087182190332,0.0,-0.00019573087182190332,0.00019573087182190332,19,27
10,1,WEB,0,IGMP,0.0,0.0,0.0,0.0,39,28
10,1,WEB,0,IPv,1.2226259494921496e-05,0.0,-1.2226259494921496e-05,1.2226259494921496e-05,31,29
10,1,WEB,0,LLC,1.864082342387265e-05,0.0,-1.864082342387265e-05,1.864082342387265e-05,29,30
10,1,WEB,0,Tot sum,0.6083371276591459,0.0,-0.6083371276591459,0.6083371276591459,1,31
10,1,WEB,0,Min,0.055896004307791035,0.0,-0.055896004307791035,0.055896004307791035,8,32
10,1,WEB,0,Max,0.028967801281298677,0.0,-0.028967801281298677,0.028967801281298677,10,33
10,1,WEB,0,AVG,0.2224627493417164,0.0,-0.2224627493417164,0.2224627493417164,5,34
10,1,WEB,0,Std,0.09321620590596792,0.0,-0.09321620590596792,0.09321620590596792,7,35
10,1,WEB,0,Tot size,0.4315132497383592,0.0,-0.4315132497383592,0.4315132497383592,3,36
10,1,WEB,0,IAT,0.2778254537113272,0.0,-0.2778254537113272,0.2778254537113272,4,37
10,1,WEB,0,Number,0.04616327857970947,0.0,-0.04616327857970947,0.04616327857970947,9,38
10,1,WEB,0,Variance,0.5408904302291937,0.0,-0.5408904302291937,0.5408904302291937,2,39
10,2,WEB,0,Header_Length,0.00031060801868480824,0.0,-0.00031060801868480824,0.00031060801868480824,18,1
10,2,WEB,0,Protocol Type,0.0001362059012448405,0.0,-0.0001362059012448405,0.0001362059012448405,21,2
10,2,WEB,0,Time_To_Live,0.09690588920247759,0.0,-0.09690588920247759,0.09690588920247759,6,3
10,2,WEB,0,Rate,0.00018200631645325885,0.0,-0.00018200631645325885,0.00018200631645325885,20,4
10,2,WEB,0,fin_flag_number,4.768040744687446e-05,0.0,-4.768040744687446e-05,4.768040744687446e-05,25,5
10,2,WEB,0,syn_flag_number,0.008165267989841893,0.0,-0.008165267989841893,0.008165267989841893,13,6
10,2,WEB,0,rst_flag_number,2.139370767172941e-05,0.0,-2.139370767172941e-05,2.139370767172941e-05,28,7
10,2,WEB,0,psh_flag_number,7.866756272461868e-05,0.0,-7.866756272461868e-05,7.866756272461868e-05,22,8
10,2,WEB,0,ack_flag_number,0.00913340159708561,0.0,-0.00913340159708561,0.00913340159708561,12,9
10,2,WEB,0,ece_flag_number,0.0,0.0,0.0,0.0,34,10
10,2,WEB,0,cwr_flag_number,0.0,0.0,0.0,0.0,35,11
10,2,WEB,0,ack_count,0.001596430672606008,0.0,-0.001596430672606008,0.001596430672606008,17,12
10,2,WEB,0,syn_count,0.010934681516958224,0.0,-0.010934681516958224,0.010934681516958224,11,13
10,2,WEB,0,fin_count,0.002985530882178661,0.0,-0.002985530882178661,0.002985530882178661,16,14
10,2,WEB,0,rst_count,0.003534266179406049,0.0,-0.003534266179406049,0.003534266179406049,15,15
10,2,WEB,0,HTTP,6.711111020255613e-05,0.0,-6.711111020255613e-05,6.711111020255613e-05,24,16
10,2,WEB,0,HTTPS,3.5227948571470415e-05,0.0,-3.5227948571470415e-05,3.5227948571470415e-05,26,17
10,2,WEB,0,DNS,1.4116265617302889e-05,0.0,-1.4116265617302889e-05,1.4116265617302889e-05,30,18
10,2,WEB,0,Telnet,0.0,0.0,0.0,0.0,36,19
10,2,WEB,0,SMTP,0.0,0.0,0.0,0.0,37,20
10,2,WEB,0,SSH,8.942833037001224e-06,0.0,-8.942833037001224e-06,8.942833037001224e-06,32,21
10,2,WEB,0,IRC,0.0,0.0,0.0,0.0,38,22
10,2,WEB,0,TCP,7.01826149909161e-05,0.0,-7.01826149909161e-05,7.01826149909161e-05,23,23
10,2,WEB,0,UDP,0.0038422516001431714,0.0,-0.0038422516001431714,0.0038422516001431714,14,24
10,2,WEB,0,DHCP,1.346693872972733e-06,0.0,-1.346693872972733e-06,1.346693872972733e-06,33,25
10,2,WEB,0,ARP,3.434070079282247e-05,0.0,-3.434070079282247e-05,3.434070079282247e-05,27,26
10,2,WEB,0,ICMP,0.00019573087182190332,0.0,-0.00019573087182190332,0.00019573087182190332,19,27
10,2,WEB,0,IGMP,0.0,0.0,0.0,0.0,39,28
10,2,WEB,0,IPv,1.2226259494921496e-05,0.0,-1.2226259494921496e-05,1.2226259494921496e-05,31,29
10,2,WEB,0,LLC,1.864082342387265e-05,0.0,-1.864082342387265e-05,1.864082342387265e-05,29,30
10,2,WEB,0,Tot sum,0.6083371276591459,0.0,-0.6083371276591459,0.6083371276591459,1,31
10,2,WEB,0,Min,0.055896004307791035,0.0,-0.055896004307791035,0.055896004307791035,8,32
10,2,WEB,0,Max,0.028967801281298677,0.0,-0.028967801281298677,0.028967801281298677,10,33
10,2,WEB,0,AVG,0.2224627493417164,0.0,-0.2224627493417164,0.2224627493417164,5,34
10,2,WEB,0,Std,0.09321620590596792,0.0,-0.09321620590596792,0.09321620590596792,7,35
10,2,WEB,0,Tot size,0.4315132497383592,0.0,-0.4315132497383592,0.4315132497383592,3,36
10,2,WEB,0,IAT,0.2778254537113272,0.0,-0.2778254537113272,0.2778254537113272,4,37
10,2,WEB,0,Number,0.04616327857970947,0.0,-0.04616327857970947,0.04616327857970947,9,38
10,2,WEB,0,Variance,0.5408904302291937,0.0,-0.5408904302291937,0.5408904302291937,2,39
10,3,WEB,1,Header_Length,0.00031060801868480824,0.000339908016944907,2.929999826009876e-05,2.929999826009876e-05,18,18
10,3,WEB,1,Protocol Type,0.0001362059012448405,0.00021381979745888424,7.761389621404374e-05,7.761389621404374e-05,21,20
10,3,WEB,1,Time_To_Live,0.09690588920247759,0.06742614647279954,-0.029479742729678043,0.029479742729678043,6,7
10,3,WEB,1,Rate,0.00018200631645325885,8.680927146920835e-05,-9.51970449840505e-05,9.51970449840505e-05,20,21
10,3,WEB,1,fin_flag_number,4.768040744687446e-05,4.310411798995002e-05,-4.5762894569244446e-06,4.5762894569244446e-06,25,25
10,3,WEB,1,syn_flag_number,0.008165267989841893,0.005238302868788366,-0.0029269651210535267,0.0029269651210535267,13,14
10,3,WEB,1,rst_flag_number,2.139370767172941e-05,3.4308005588180395e-05,1.2914297916450985e-05,1.2914297916450985e-05,28,27
10,3,WEB,1,psh_flag_number,7.866756272461868e-05,8.183263053564012e-05,3.1650678110214475e-06,3.1650678110214475e-06,22,22
10,3,WEB,1,ack_flag_number,0.00913340159708561,0.015110241402041842,0.005976839804956233,0.005976839804956233,12,10
10,3,WEB,1,ece_flag_number,0.0,0.0,0.0,0.0,34,34
10,3,WEB,1,cwr_flag_number,0.0,0.0,0.0,0.0,35,35
10,3,WEB,1,ack_count,0.001596430672606008,0.0029090558585828266,0.0013126251859768186,0.0013126251859768186,17,16
10,3,WEB,1,syn_count,0.010934681516958224,0.005694756823377985,-0.005239924693580239,0.005239924693580239,11,11
10,3,WEB,1,fin_count,0.002985530882178661,0.003889677279587378,0.0009041463974087168,0.0009041463974087168,16,15
10,3,WEB,1,rst_count,0.003534266179406049,0.002627958364573881,-0.0009063078148321677,0.0009063078148321677,15,17
10,3,WEB,1,HTTP,6.711111020255613e-05,1.304603174485949e-05,-5.406507845769664e-05,5.406507845769664e-05,24,28
10,3,WEB,1,HTTPS,3.5227948571470415e-05,4.267004274039139e-05,7.442094168920973e-06,7.442094168920973e-06,26,26
10,3,WEB,1,DNS,1.4116265617302889e-05,2.7058305498561646e-06,-1.1410435067446724e-05,1.1410435067446724e-05,30,32
10,3,WEB,1,Telnet,0.0,0.0,0.0,0.0,36,36
10,3,WEB,1,SMTP,0.0,0.0,0.0,0.0,37,37
10,3,WEB,1,SSH,8.942833037001224e-06,4.93420165921966e-05,4.039918355519538e-05,4.039918355519538e-05,32,24
10,3,WEB,1,IRC,0.0,0.0,0.0,0.0,38,38
10,3,WEB,1,TCP,7.01826149909161e-05,7.56129745604507e-05,5.4303595695345954e-06,5.4303595695345954e-06,23,23
10,3,WEB,1,UDP,0.0038422516001431714,0.005323259393663593,0.001481007793520422,0.001481007793520422,14,13
10,3,WEB,1,DHCP,1.346693872972733e-06,8.401301219543708e-07,-5.065637510183623e-07,5.065637510183623e-07,33,33
10,3,WEB,1,ARP,3.434070079282247e-05,7.776797049290306e-06,-2.656390374353216e-05,2.656390374353216e-05,27,29
10,3,WEB,1,ICMP,0.00019573087182190332,0.0002584537385680849,6.272286674618158e-05,6.272286674618158e-05,19,19
10,3,WEB,1,IGMP,0.0,0.0,0.0,0.0,39,39
10,3,WEB,1,IPv,1.2226259494921496e-05,3.7166321203208766e-06,-8.50962737460062e-06,8.50962737460062e-06,31,31
10,3,WEB,1,LLC,1.864082342387265e-05,5.61024337197341e-06,-1.3030580051899239e-05,1.3030580051899239e-05,29,30
10,3,WEB,1,Tot sum,0.6083371276591459,0.6639412755808834,0.05560414792173751,0.05560414792173751,1,1
10,3,WEB,1,Min,0.055896004307791035,0.005554748422421204,-0.050341255885369834,0.050341255885369834,8,12
10,3,WEB,1,Max,0.028967801281298677,0.02788893698554058,-0.0010788642957580974,0.0010788642957580974,10,9
10,3,WEB,1,AVG,0.2224627493417164,0.1587278250756361,-0.0637349242660803,0.0637349242660803,5,4
10,3,WEB,1,Std,0.09321620590596792,0.11630332089785833,0.02308711499189041,0.02308711499189041,7,6
10,3,WEB,1,Tot size,0.4315132497383592,0.1406854589343097,-0.2908277908040495,0.2908277908040495,3,5
10,3,WEB,1,IAT,0.2778254537113272,0.6155681214693276,0.3377426677580004,0.3377426677580004,4,2
10,3,WEB,1,Number,0.04616327857970947,0.0296977098596171,-0.01646556872009237,0.01646556872009237,9,8
10,3,WEB,1,Variance,0.5408904302291937,0.3393527949162251,-0.2015376353129686,0.2015376353129686,2,3
10,4,WEB,0,Header_Length,0.00031060801868480824,0.0,-0.00031060801868480824,0.00031060801868480824,18,1
10,4,WEB,0,Protocol Type,0.0001362059012448405,0.0,-0.0001362059012448405,0.0001362059012448405,21,2
10,4,WEB,0,Time_To_Live,0.09690588920247759,0.0,-0.09690588920247759,0.09690588920247759,6,3
10,4,WEB,0,Rate,0.00018200631645325885,0.0,-0.00018200631645325885,0.00018200631645325885,20,4
10,4,WEB,0,fin_flag_number,4.768040744687446e-05,0.0,-4.768040744687446e-05,4.768040744687446e-05,25,5
10,4,WEB,0,syn_flag_number,0.008165267989841893,0.0,-0.008165267989841893,0.008165267989841893,13,6
10,4,WEB,0,rst_flag_number,2.139370767172941e-05,0.0,-2.139370767172941e-05,2.139370767172941e-05,28,7
10,4,WEB,0,psh_flag_number,7.866756272461868e-05,0.0,-7.866756272461868e-05,7.866756272461868e-05,22,8
10,4,WEB,0,ack_flag_number,0.00913340159708561,0.0,-0.00913340159708561,0.00913340159708561,12,9
10,4,WEB,0,ece_flag_number,0.0,0.0,0.0,0.0,34,10
10,4,WEB,0,cwr_flag_number,0.0,0.0,0.0,0.0,35,11
10,4,WEB,0,ack_count,0.001596430672606008,0.0,-0.001596430672606008,0.001596430672606008,17,12
10,4,WEB,0,syn_count,0.010934681516958224,0.0,-0.010934681516958224,0.010934681516958224,11,13
10,4,WEB,0,fin_count,0.002985530882178661,0.0,-0.002985530882178661,0.002985530882178661,16,14
10,4,WEB,0,rst_count,0.003534266179406049,0.0,-0.003534266179406049,0.003534266179406049,15,15
10,4,WEB,0,HTTP,6.711111020255613e-05,0.0,-6.711111020255613e-05,6.711111020255613e-05,24,16
10,4,WEB,0,HTTPS,3.5227948571470415e-05,0.0,-3.5227948571470415e-05,3.5227948571470415e-05,26,17
10,4,WEB,0,DNS,1.4116265617302889e-05,0.0,-1.4116265617302889e-05,1.4116265617302889e-05,30,18
10,4,WEB,0,Telnet,0.0,0.0,0.0,0.0,36,19
10,4,WEB,0,SMTP,0.0,0.0,0.0,0.0,37,20
10,4,WEB,0,SSH,8.942833037001224e-06,0.0,-8.942833037001224e-06,8.942833037001224e-06,32,21
10,4,WEB,0,IRC,0.0,0.0,0.0,0.0,38,22
10,4,WEB,0,TCP,7.01826149909161e-05,0.0,-7.01826149909161e-05,7.01826149909161e-05,23,23
10,4,WEB,0,UDP,0.0038422516001431714,0.0,-0.0038422516001431714,0.0038422516001431714,14,24
10,4,WEB,0,DHCP,1.346693872972733e-06,0.0,-1.346693872972733e-06,1.346693872972733e-06,33,25
10,4,WEB,0,ARP,3.434070079282247e-05,0.0,-3.434070079282247e-05,3.434070079282247e-05,27,26
10,4,WEB,0,ICMP,0.00019573087182190332,0.0,-0.00019573087182190332,0.00019573087182190332,19,27
10,4,WEB,0,IGMP,0.0,0.0,0.0,0.0,39,28
10,4,WEB,0,IPv,1.2226259494921496e-05,0.0,-1.2226259494921496e-05,1.2226259494921496e-05,31,29
10,4,WEB,0,LLC,1.864082342387265e-05,0.0,-1.864082342387265e-05,1.864082342387265e-05,29,30
10,4,WEB,0,Tot sum,0.6083371276591459,0.0,-0.6083371276591459,0.6083371276591459,1,31
10,4,WEB,0,Min,0.055896004307791035,0.0,-0.055896004307791035,0.055896004307791035,8,32
10,4,WEB,0,Max,0.028967801281298677,0.0,-0.028967801281298677,0.028967801281298677,10,33
10,4,WEB,0,AVG,0.2224627493417164,0.0,-0.2224627493417164,0.2224627493417164,5,34
10,4,WEB,0,Std,0.09321620590596792,0.0,-0.09321620590596792,0.09321620590596792,7,35
10,4,WEB,0,Tot size,0.4315132497383592,0.0,-0.4315132497383592,0.4315132497383592,3,36
10,4,WEB,0,IAT,0.2778254537113272,0.0,-0.2778254537113272,0.2778254537113272,4,37
10,4,WEB,0,Number,0.04616327857970947,0.0,-0.04616327857970947,0.04616327857970947,9,38
10,4,WEB,0,Variance,0.5408904302291937,0.0,-0.5408904302291937,0.5408904302291937,2,39
10,5,WEB,0,Header_Length,0.00031060801868480824,0.0,-0.00031060801868480824,0.00031060801868480824,18,1
10,5,WEB,0,Protocol Type,0.0001362059012448405,0.0,-0.0001362059012448405,0.0001362059012448405,21,2
10,5,WEB,0,Time_To_Live,0.09690588920247759,0.0,-0.09690588920247759,0.09690588920247759,6,3
10,5,WEB,0,Rate,0.00018200631645325885,0.0,-0.00018200631645325885,0.00018200631645325885,20,4
10,5,WEB,0,fin_flag_number,4.768040744687446e-05,0.0,-4.768040744687446e-05,4.768040744687446e-05,25,5
10,5,WEB,0,syn_flag_number,0.008165267989841893,0.0,-0.008165267989841893,0.008165267989841893,13,6
10,5,WEB,0,rst_flag_number,2.139370767172941e-05,0.0,-2.139370767172941e-05,2.139370767172941e-05,28,7
10,5,WEB,0,psh_flag_number,7.866756272461868e-05,0.0,-7.866756272461868e-05,7.866756272461868e-05,22,8
10,5,WEB,0,ack_flag_number,0.00913340159708561,0.0,-0.00913340159708561,0.00913340159708561,12,9
10,5,WEB,0,ece_flag_number,0.0,0.0,0.0,0.0,34,10
10,5,WEB,0,cwr_flag_number,0.0,0.0,0.0,0.0,35,11
10,5,WEB,0,ack_count,0.001596430672606008,0.0,-0.001596430672606008,0.001596430672606008,17,12
10,5,WEB,0,syn_count,0.010934681516958224,0.0,-0.010934681516958224,0.010934681516958224,11,13
10,5,WEB,0,fin_count,0.002985530882178661,0.0,-0.002985530882178661,0.002985530882178661,16,14
10,5,WEB,0,rst_count,0.003534266179406049,0.0,-0.003534266179406049,0.003534266179406049,15,15
10,5,WEB,0,HTTP,6.711111020255613e-05,0.0,-6.711111020255613e-05,6.711111020255613e-05,24,16
10,5,WEB,0,HTTPS,3.5227948571470415e-05,0.0,-3.5227948571470415e-05,3.5227948571470415e-05,26,17
10,5,WEB,0,DNS,1.4116265617302889e-05,0.0,-1.4116265617302889e-05,1.4116265617302889e-05,30,18
10,5,WEB,0,Telnet,0.0,0.0,0.0,0.0,36,19
10,5,WEB,0,SMTP,0.0,0.0,0.0,0.0,37,20
10,5,WEB,0,SSH,8.942833037001224e-06,0.0,-8.942833037001224e-06,8.942833037001224e-06,32,21
10,5,WEB,0,IRC,0.0,0.0,0.0,0.0,38,22
10,5,WEB,0,TCP,7.01826149909161e-05,0.0,-7.01826149909161e-05,7.01826149909161e-05,23,23
10,5,WEB,0,UDP,0.0038422516001431714,0.0,-0.0038422516001431714,0.0038422516001431714,14,24
10,5,WEB,0,DHCP,1.346693872972733e-06,0.0,-1.346693872972733e-06,1.346693872972733e-06,33,25
10,5,WEB,0,ARP,3.434070079282247e-05,0.0,-3.434070079282247e-05,3.434070079282247e-05,27,26
10,5,WEB,0,ICMP,0.00019573087182190332,0.0,-0.00019573087182190332,0.00019573087182190332,19,27
10,5,WEB,0,IGMP,0.0,0.0,0.0,0.0,39,28
10,5,WEB,0,IPv,1.2226259494921496e-05,0.0,-1.2226259494921496e-05,1.2226259494921496e-05,31,29
10,5,WEB,0,LLC,1.864082342387265e-05,0.0,-1.864082342387265e-05,1.864082342387265e-05,29,30
10,5,WEB,0,Tot sum,0.6083371276591459,0.0,-0.6083371276591459,0.6083371276591459,1,31
10,5,WEB,0,Min,0.055896004307791035,0.0,-0.055896004307791035,0.055896004307791035,8,32
10,5,WEB,0,Max,0.028967801281298677,0.0,-0.028967801281298677,0.028967801281298677,10,33
10,5,WEB,0,AVG,0.2224627493417164,0.0,-0.2224627493417164,0.2224627493417164,5,34
10,5,WEB,0,Std,0.09321620590596792,0.0,-0.09321620590596792,0.09321620590596792,7,35
10,5,WEB,0,Tot size,0.4315132497383592,0.0,-0.4315132497383592,0.4315132497383592,3,36
10,5,WEB,0,IAT,0.2778254537113272,0.0,-0.2778254537113272,0.2778254537113272,4,37
10,5,WEB,0,Number,0.04616327857970947,0.0,-0.04616327857970947,0.04616327857970947,9,38
10,5,WEB,0,Variance,0.5408904302291937,0.0,-0.5408904302291937,0.5408904302291937,2,39
