round,client_id,class_name,available,feature_name,server_normalized_mean_abs_shap,client_normalized_mean_abs_shap,client_minus_server,absolute_difference,server_rank,client_rank
10,1,BENIGN,1,Header_Length,0.0014995702629098345,0.000784983159923432,-0.0007145871029864025,0.0007145871029864025,18,18
10,1,BENIGN,1,Protocol Type,5.661100030196877e-05,5.18415158411731e-05,-4.769484460795666e-06,4.769484460795666e-06,24,24
10,1,BENIGN,1,Time_To_Live,0.15560282460347208,0.17034890843416778,0.0147460838306957,0.0147460838306957,6,4
10,1,BENIGN,1,Rate,0.00035708816266318406,0.00026953741362211315,-8.755074904107091e-05,8.755074904107091e-05,19,19
10,1,BENIGN,1,fin_flag_number,8.372747331156894e-05,7.335644400902393e-05,-1.0371029302545009e-05,1.0371029302545009e-05,23,23
10,1,BENIGN,1,syn_flag_number,0.005628538500475683,0.0028657310635705696,-0.0027628074369051136,0.0027628074369051136,16,16
10,1,BENIGN,1,rst_flag_number,3.593927613163114e-05,1.6158616848609972e-05,-1.9780659283021168e-05,1.9780659283021168e-05,26,27
10,1,BENIGN,1,psh_flag_number,5.6606723518831876e-05,5.0832543345905375e-05,-5.774180172926501e-06,5.774180172926501e-06,25,25
10,1,BENIGN,1,ack_flag_number,0.026383774867262982,0.032320609686597085,0.0059368348193341025,0.0059368348193341025,10,9
10,1,BENIGN,1,ece_flag_number,0.0,0.0,0.0,0.0,34,34
10,1,BENIGN,1,cwr_flag_number,0.0,0.0,0.0,0.0,35,35
10,1,BENIGN,1,ack_count,0.002300353777652064,0.001792807928697914,-0.0005075458489541501,0.0005075458489541501,17,17
10,1,BENIGN,1,syn_count,0.016244447332371216,0.008106621021845808,-0.008137826310525408,0.008137826310525408,12,12
10,1,BENIGN,1,fin_count,0.008515536227440914,0.006297866184247543,-0.0022176700431933713,0.0022176700431933713,14,13
10,1,BENIGN,1,rst_count,0.0061129636085170275,0.0035828732025280584,-0.002530090405988969,0.002530090405988969,15,15
10,1,BENIGN,1,HTTP,2.4077270784735506e-05,2.035720941069794e-05,-3.7200613740375643e-06,3.7200613740375643e-06,27,26
10,1,BENIGN,1,HTTPS,0.0001549465062356329,0.00014482730037794123,-1.0119205857691681e-05,1.0119205857691681e-05,22,22
10,1,BENIGN,1,DNS,4.246174514857202e-06,2.9041607314741005e-06,-1.3420137833831017e-06,1.3420137833831017e-06,29,30
10,1,BENIGN,1,Telnet,0.0,0.0,0.0,0.0,36,36
10,1,BENIGN,1,SMTP,0.0,0.0,0.0,0.0,37,37
10,1,BENIGN,1,SSH,4.4922770839119017e-08,1.0010256255231387e-06,9.561028546840196e-07,9.561028546840196e-07,33,32
10,1,BENIGN,1,IRC,0.0,0.0,0.0,0.0,38,38
10,1,BENIGN,1,TCP,0.00026875620697950535,0.0001481228021581817,-0.00012063340482132366,0.00012063340482132366,20,21
10,1,BENIGN,1,UDP,0.011870163271980374,0.004932897839450851,-0.006937265432529522,0.006937265432529522,13,14
10,1,BENIGN,1,DHCP,4.9830889492575896e-08,8.258201831338815e-09,-4.157268766123708e-08,4.157268766123708e-08,32,33
10,1,BENIGN,1,ARP,2.820018527471441e-06,4.9990095568773765e-06,2.1789910294059356e-06,2.1789910294059356e-06,30,28
10,1,BENIGN,1,ICMP,0.00016040353128702578,0.00017163844832431208,1.1234917037286298e-05,1.1234917037286298e-05,21,20
10,1,BENIGN,1,IGMP,0.0,0.0,0.0,0.0,39,39
10,1,BENIGN,1,IPv,1.0447528432439806e-05,2.367535519568182e-06,-8.079992912871624e-06,8.079992912871624e-06,28,31
10,1,BENIGN,1,LLC,2.660515562323992e-06,4.918950665696627e-06,2.258435103372635e-06,2.258435103372635e-06,31,29
10,1,BENIGN,1,Tot sum,0.649753820018192,0.43836209755067684,-0.2113917224675152,0.2113917224675152,1,2
10,1,BENIGN,1,Min,0.02477800903231294,0.013755674658108584,-0.011022334374204357,0.011022334374204357,11,11
10,1,BENIGN,1,Max,0.08588161650917689,0.03200913472449583,-0.053872481784681056,0.053872481784681056,8,10
10,1,BENIGN,1,AVG,0.41865456401465395,0.1417494948255846,-0.2769050691890693,0.2769050691890693,2,6
10,1,BENIGN,1,Std,0.35317072648962855,0.19199238373995775,-0.1611783427496708,0.1611783427496708,4,3
10,1,BENIGN,1,Tot size,0.2693839956775295,0.16809188161393623,-0.10129211406359329,0.10129211406359329,5,5
10,1,BENIGN,1,IAT,0.10871288159837901,0.049785705019031026,-0.058927176579347984,0.058927176579347984,7,7
10,1,BENIGN,1,Number,0.0543316743839234,0.044565376097165196,-0.009766298286758207,0.009766298286758207,9,8
10,1,BENIGN,1,Variance,0.3962682338371181,0.8286936593917825,0.4324254255546644,0.4324254255546644,3,1
10,2,BENIGN,1,Header_Length,0.0014995702629098345,8.524092873371262e-05,-0.0014143293341761219,0.0014143293341761219,18,18
10,2,BENIGN,1,Protocol Type,5.661100030196877e-05,2.8732395762765254e-05,-2.7878604539203514e-05,2.7878604539203514e-05,24,23
10,2,BENIGN,1,Time_To_Live,0.15560282460347208,0.006086813943277556,-0.14951601066019451,0.14951601066019451,6,10
10,2,BENIGN,1,Rate,0.00035708816266318406,7.473381230635103e-05,-0.000282354350356833,0.000282354350356833,19,19
10,2,BENIGN,1,fin_flag_number,8.372747331156894e-05,1.3341597464699818e-05,-7.038587584686912e-05,7.038587584686912e-05,23,24
10,2,BENIGN,1,syn_flag_number,0.005628538500475683,0.0032860499117801888,-0.0023424885886954945,0.0023424885886954945,16,13
10,2,BENIGN,1,rst_flag_number,3.593927613163114e-05,2.8673983631890107e-06,-3.307187776844213e-05,3.307187776844213e-05,26,30
10,2,BENIGN,1,psh_flag_number,5.6606723518831876e-05,4.3576539916541045e-05,-1.303018360229083e-05,1.303018360229083e-05,25,21
10,2,BENIGN,1,ack_flag_number,0.026383774867262982,0.009829094096348122,-0.016554680770914862,0.016554680770914862,10,9
10,2,BENIGN,1,ece_flag_number,0.0,0.0,0.0,0.0,34,34
10,2,BENIGN,1,cwr_flag_number,0.0,0.0,0.0,0.0,35,35
10,2,BENIGN,1,ack_count,0.002300353777652064,0.0007972702487327034,-0.0015030835289193607,0.0015030835289193607,17,17
10,2,BENIGN,1,syn_count,0.016244447332371216,0.005691462256569453,-0.010552985075801763,0.010552985075801763,12,11
10,2,BENIGN,1,fin_count,0.008515536227440914,0.0010981069038597433,-0.00741742932358117,0.00741742932358117,14,14
10,2,BENIGN,1,rst_count,0.0061129636085170275,0.0008928008302611163,-0.0052201627782559115,0.0052201627782559115,15,15
10,2,BENIGN,1,HTTP,2.4077270784735506e-05,7.606523309000438e-06,-1.647074747573507e-05,1.647074747573507e-05,27,27
10,2,BENIGN,1,HTTPS,0.0001549465062356329,3.4581074594065984e-05,-0.00012036543164156693,0.00012036543164156693,22,22
10,2,BENIGN,1,DNS,4.246174514857202e-06,2.1301690326494865e-06,-2.1160054822077157e-06,2.1160054822077157e-06,29,32
10,2,BENIGN,1,Telnet,0.0,0.0,0.0,0.0,36,36
10,2,BENIGN,1,SMTP,0.0,0.0,0.0,0.0,37,37
10,2,BENIGN,1,SSH,4.4922770839119017e-08,1.1228758618375578e-07,6.736481534463675e-08,6.736481534463675e-08,33,33
10,2,BENIGN,1,IRC,0.0,0.0,0.0,0.0,38,38
10,2,BENIGN,1,TCP,0.00026875620697950535,6.460284493746124e-05,-0.00020415336204204413,0.00020415336204204413,20,20
10,2,BENIGN,1,UDP,0.011870163271980374,0.0046792980945534485,-0.007190865177426925,0.007190865177426925,13,12
10,2,BENIGN,1,DHCP,4.9830889492575896e-08,2.516995491801636e-06,2.46716460230906e-06,2.46716460230906e-06,32,31
10,2,BENIGN,1,ARP,2.820018527471441e-06,7.798842543883402e-06,4.978824016411961e-06,4.978824016411961e-06,30,26
10,2,BENIGN,1,ICMP,0.00016040353128702578,7.518756813257914e-06,-0.00015288477447376788,0.00015288477447376788,21,28
10,2,BENIGN,1,IGMP,0.0,0.0,0.0,0.0,39,39
10,2,BENIGN,1,IPv,1.0447528432439806e-05,9.534501089793395e-06,-9.130273426464114e-07,9.130273426464114e-07,28,25
10,2,BENIGN,1,LLC,2.660515562323992e-06,5.7047781773175255e-06,3.0442626149935336e-06,3.0442626149935336e-06,31,29
10,2,BENIGN,1,Tot sum,0.649753820018192,0.29160416769251074,-0.3581496523256813,0.3581496523256813,1,4
10,2,BENIGN,1,Min,0.02477800903231294,0.0008698321981396451,-0.023908176834173296,0.023908176834173296,11,16
10,2,BENIGN,1,Max,0.08588161650917689,0.06615536026846701,-0.01972625624070988,0.01972625624070988,8,6
10,2,BENIGN,1,AVG,0.41865456401465395,0.3631958609490106,-0.05545870306564338,0.05545870306564338,2,2
10,2,BENIGN,1,Std,0.35317072648962855,0.32587290243748623,-0.027297824052142317,0.027297824052142317,4,3
10,2,BENIGN,1,Tot size,0.2693839956775295,0.2525522877489637,-0.01683170792856581,0.01683170792856581,5,5
10,2,BENIGN,1,IAT,0.10871288159837901,0.01902094831302712,-0.08969193328535188,0.08969193328535188,7,8
10,2,BENIGN,1,Number,0.0543316743839234,0.02644517185751181,-0.027886502526411592,0.027886502526411592,9,7
10,2,BENIGN,1,Variance,0.3962682338371181,0.779384456086497,0.38311622224937886,0.38311622224937886,3,1
10,3,BENIGN,1,Header_Length,0.0014995702629098345,0.0009713426105758162,-0.0005282276523340183,0.0005282276523340183,18,18
10,3,BENIGN,1,Protocol Type,5.661100030196877e-05,2.2149651356447153e-05,-3.4461348945521615e-05,3.4461348945521615e-05,24,26
10,3,BENIGN,1,Time_To_Live,0.15560282460347208,0.35112302114117844,0.19552019653770636,0.19552019653770636,6,3
10,3,BENIGN,1,Rate,0.00035708816266318406,0.0005085035175361399,0.00015141535487295585,0.00015141535487295585,19,19
10,3,BENIGN,1,fin_flag_number,8.372747331156894e-05,0.00011874971449938442,3.502224118781548e-05,3.502224118781548e-05,23,21
10,3,BENIGN,1,syn_flag_number,0.005628538500475683,0.0033603539072129206,-0.0022681845932627626,0.0022681845932627626,16,16
10,3,BENIGN,1,rst_flag_number,3.593927613163114e-05,3.0560227019727675e-05,-5.379049111903465e-06,5.379049111903465e-06,26,25
10,3,BENIGN,1,psh_flag_number,5.6606723518831876e-05,6.709734028018238e-05,1.0490616761350504e-05,1.0490616761350504e-05,25,23
10,3,BENIGN,1,ack_flag_number,0.026383774867262982,0.020995414357785205,-0.005388360509477778,0.005388360509477778,10,9
10,3,BENIGN,1,ece_flag_number,0.0,0.0,0.0,0.0,34,33
10,3,BENIGN,1,cwr_flag_number,0.0,0.0,0.0,0.0,35,34
10,3,BENIGN,1,ack_count,0.002300353777652064,0.0019145459175769987,-0.00038580786007506537,0.00038580786007506537,17,17
10,3,BENIGN,1,syn_count,0.016244447332371216,0.0058533777434164975,-0.010391069588954718,0.010391069588954718,12,13
10,3,BENIGN,1,fin_count,0.008515536227440914,0.008729323722175721,0.00021378749473480695,0.00021378749473480695,14,12
10,3,BENIGN,1,rst_count,0.0061129636085170275,0.005067312701368593,-0.001045650907148435,0.001045650907148435,15,15
10,3,BENIGN,1,HTTP,2.4077270784735506e-05,9.664056846431109e-07,-2.3110865100092396e-05,2.3110865100092396e-05,27,31
10,3,BENIGN,1,HTTPS,0.0001549465062356329,0.00022248327512939856,6.753676889376564e-05,6.753676889376564e-05,22,20
10,3,BENIGN,1,DNS,4.246174514857202e-06,1.6155613732686835e-06,-2.6306131415885185e-06,2.6306131415885185e-06,29,30
10,3,BENIGN,1,Telnet,0.0,0.0,0.0,0.0,36,35
10,3,BENIGN,1,SMTP,0.0,0.0,0.0,0.0,37,36
10,3,BENIGN,1,SSH,4.4922770839119017e-08,3.526327053312574e-08,-9.659500305993274e-09,9.659500305993274e-09,33,32
10,3,BENIGN,1,IRC,0.0,0.0,0.0,0.0,38,37
10,3,BENIGN,1,TCP,0.00026875620697950535,9.921163948400581e-05,-0.00016954456749549953,0.00016954456749549953,20,22
10,3,BENIGN,1,UDP,0.011870163271980374,0.005142501039597983,-0.006727662232382391,0.006727662232382391,13,14
10,3,BENIGN,1,DHCP,4.9830889492575896e-08,0.0,-4.9830889492575896e-08,4.9830889492575896e-08,32,38
10,3,BENIGN,1,ARP,2.820018527471441e-06,8.278363427013001e-06,5.45834489954156e-06,5.45834489954156e-06,30,27
10,3,BENIGN,1,ICMP,0.00016040353128702578,5.997186411893459e-05,-0.0001004316671680912,0.0001004316671680912,21,24
10,3,BENIGN,1,IGMP,0.0,0.0,0.0,0.0,39,39
10,3,BENIGN,1,IPv,1.0447528432439806e-05,4.625736009970244e-06,-5.821792422469562e-06,5.821792422469562e-06,28,29
10,3,BENIGN,1,LLC,2.660515562323992e-06,7.625940288858764e-06,4.965424726534773e-06,4.965424726534773e-06,31,28
10,3,BENIGN,1,Tot sum,0.649753820018192,0.4785032670277464,-0.17125055299044561,0.17125055299044561,1,2
10,3,BENIGN,1,Min,0.02477800903231294,0.01011410451853268,-0.01466390451378026,0.01466390451378026,11,11
10,3,BENIGN,1,Max,0.08588161650917689,0.01944243954701941,-0.06643917696215748,0.06643917696215748,8,10
10,3,BENIGN,1,AVG,0.41865456401465395,0.08738012276169133,-0.3312744412529626,0.3312744412529626,2,7
10,3,BENIGN,1,Std,0.35317072648962855,0.14865009487523106,-0.20452063161439749,0.20452063161439749,4,5
10,3,BENIGN,1,Tot size,0.2693839956775295,0.2302087395841682,-0.03917525609336131,0.03917525609336131,5,4
10,3,BENIGN,1,IAT,0.10871288159837901,0.11417937122076642,0.00546648962238741,0.00546648962238741,7,6
10,3,BENIGN,1,Number,0.0543316743839234,0.06098079008700911,0.006649115703085705,0.006649115703085705,9,8
10,3,BENIGN,1,Variance,0.3962682338371181,0.73970502350735,0.3434367896702319,0.3434367896702319,3,1
10,4,BENIGN,1,Header_Length,0.0014995702629098345,0.004159214950508261,0.0026596446875984266,0.0026596446875984266,18,15
10,4,BENIGN,1,Protocol Type,5.661100030196877e-05,1.7624373619270558e-05,-3.898662668269821e-05,3.898662668269821e-05,24,26
10,4,BENIGN,1,Time_To_Live,0.15560282460347208,0.632391366786334,0.47678854218286193,0.47678854218286193,6,1
10,4,BENIGN,1,Rate,0.00035708816266318406,0.0013455498532809302,0.000988461690617746,0.000988461690617746,19,18
10,4,BENIGN,1,fin_flag_number,8.372747331156894e-05,8.39076123273641e-05,1.801390157951606e-07,1.801390157951606e-07,23,23
10,4,BENIGN,1,syn_flag_number,0.005628538500475683,0.002939868278044757,-0.0026886702224309263,0.0026886702224309263,16,16
10,4,BENIGN,1,rst_flag_number,3.593927613163114e-05,4.411265226754242e-05,8.173376135911281e-06,8.173376135911281e-06,26,24
10,4,BENIGN,1,psh_flag_number,5.6606723518831876e-05,3.736788700210769e-05,-1.9238836516724184e-05,1.9238836516724184e-05,25,25
10,4,BENIGN,1,ack_flag_number,0.026383774867262982,0.0015722119156221187,-0.024811562951640862,0.024811562951640862,10,17
10,4,BENIGN,1,ece_flag_number,0.0,0.0,0.0,0.0,34,33
10,4,BENIGN,1,cwr_flag_number,0.0,0.0,0.0,0.0,35,34
10,4,BENIGN,1,ack_count,0.002300353777652064,0.0001879970555416387,-0.0021123567221104254,0.0021123567221104254,17,22
10,4,BENIGN,1,syn_count,0.016244447332371216,0.009903763214344897,-0.006340684118026319,0.006340684118026319,12,10
10,4,BENIGN,1,fin_count,0.008515536227440914,0.008150400834377404,-0.00036513539306350963,0.00036513539306350963,14,12
10,4,BENIGN,1,rst_count,0.0061129636085170275,0.005605230646053603,-0.0005077329624634244,0.0005077329624634244,15,14
10,4,BENIGN,1,HTTP,2.4077270784735506e-05,1.6518673143916377e-05,-7.558597640819128e-06,7.558597640819128e-06,27,27
10,4,BENIGN,1,HTTPS,0.0001549465062356329,0.000572204338615312,0.00041725783237967905,0.00041725783237967905,22,19
10,4,BENIGN,1,DNS,4.246174514857202e-06,3.13804956606702e-08,-4.214794019196532e-06,4.214794019196532e-06,29,32
10,4,BENIGN,1,Telnet,0.0,0.0,0.0,0.0,36,35
10,4,BENIGN,1,SMTP,0.0,0.0,0.0,0.0,37,36
10,4,BENIGN,1,SSH,4.4922770839119017e-08,0.0,-4.4922770839119017e-08,4.4922770839119017e-08,33,37
10,4,BENIGN,1,IRC,0.0,0.0,0.0,0.0,38,38
10,4,BENIGN,1,TCP,0.00026875620697950535,0.00043235255091759615,0.0001635963439380908,0.0001635963439380908,20,20
10,4,BENIGN,1,UDP,0.011870163271980374,0.009570400494022942,-0.0022997627779574314,0.0022997627779574314,13,11
10,4,BENIGN,1,DHCP,4.9830889492575896e-08,0.0,-4.9830889492575896e-08,4.9830889492575896e-08,32,39
10,4,BENIGN,1,ARP,2.820018527471441e-06,1.7132199397553444e-07,-2.648696533495906e-06,2.648696533495906e-06,30,29
10,4,BENIGN,1,ICMP,0.00016040353128702578,0.0004196945109759469,0.00025929097968892115,0.00025929097968892115,21,21
10,4,BENIGN,1,IGMP,0.0,6.247718750759933e-08,6.247718750759933e-08,6.247718750759933e-08,39,30
10,4,BENIGN,1,IPv,1.0447528432439806e-05,8.040672475920211e-07,-9.643461184847785e-06,9.643461184847785e-06,28,28
10,4,BENIGN,1,LLC,2.660515562323992e-06,3.604314562154105e-08,-2.6244724167024507e-06,2.6244724167024507e-06,31,31
10,4,BENIGN,1,Tot sum,0.649753820018192,0.5234583200337873,-0.1262954999844047,0.1262954999844047,1,3
10,4,BENIGN,1,Min,0.02477800903231294,0.006098672731750899,-0.018679336300562042,0.018679336300562042,11,13
10,4,BENIGN,1,Max,0.08588161650917689,0.027104361621898602,-0.05877725488727829,0.05877725488727829,8,6
10,4,BENIGN,1,AVG,0.41865456401465395,0.010191774032124797,-0.40846278998252916,0.40846278998252916,2,8
10,4,BENIGN,1,Std,0.35317072648962855,0.1325739237354275,-0.22059680275420104,0.22059680275420104,4,5
10,4,BENIGN,1,Tot size,0.2693839956775295,0.012068209802964806,-0.2573157858745647,0.2573157858745647,5,7
10,4,BENIGN,1,IAT,0.10871288159837901,0.010017201869274772,-0.09869567972910424,0.09869567972910424,7,9
10,4,BENIGN,1,Number,0.0543316743839234,0.1623714194742033,0.1080397450902799,0.1080397450902799,9,4
10,4,BENIGN,1,Variance,0.3962682338371181,0.5298037740455656,0.13353554020844743,0.13353554020844743,3,2
10,5,BENIGN,0,Header_Length,0.0014995702629098345,0.0,-0.0014995702629098345,0.0014995702629098345,18,1
10,5,BENIGN,0,Protocol Type,5.661100030196877e-05,0.0,-5.661100030196877e-05,5.661100030196877e-05,24,2
10,5,BENIGN,0,Time_To_Live,0.15560282460347208,0.0,-0.15560282460347208,0.15560282460347208,6,3
10,5,BENIGN,0,Rate,0.00035708816266318406,0.0,-0.00035708816266318406,0.00035708816266318406,19,4
10,5,BENIGN,0,fin_flag_number,8.372747331156894e-05,0.0,-8.372747331156894e-05,8.372747331156894e-05,23,5
10,5,BENIGN,0,syn_flag_number,0.005628538500475683,0.0,-0.005628538500475683,0.005628538500475683,16,6
10,5,BENIGN,0,rst_flag_number,3.593927613163114e-05,0.0,-3.593927613163114e-05,3.593927613163114e-05,26,7
10,5,BENIGN,0,psh_flag_number,5.6606723518831876e-05,0.0,-5.6606723518831876e-05,5.6606723518831876e-05,25,8
10,5,BENIGN,0,ack_flag_number,0.026383774867262982,0.0,-0.026383774867262982,0.026383774867262982,10,9
10,5,BENIGN,0,ece_flag_number,0.0,0.0,0.0,0.0,34,10
10,5,BENIGN,0,cwr_flag_number,0.0,0.0,0.0,0.0,35,11
10,5,BENIGN,0,ack_count,0.002300353777652064,0.0,-0.002300353777652064,0.002300353777652064,17,12
10,5,BENIGN,0,syn_count,0.016244447332371216,0.0,-0.016244447332371216,0.016244447332371216,12,13
10,5,BENIGN,0,fin_count,0.008515536227440914,0.0,-0.008515536227440914,0.008515536227440914,14,14
10,5,BENIGN,0,rst_count,0.0061129636085170275,0.0,-0.0061129636085170275,0.0061129636085170275,15,15
10,5,BENIGN,0,HTTP,2.4077270784735506e-05,0.0,-2.4077270784735506e-05,2.4077270784735506e-05,27,16
10,5,BENIGN,0,HTTPS,0.0001549465062356329,0.0,-0.0001549465062356329,0.0001549465062356329,22,17
10,5,BENIGN,0,DNS,4.246174514857202e-06,0.0,-4.246174514857202e-06,4.246174514857202e-06,29,18
10,5,BENIGN,0,Telnet,0.0,0.0,0.0,0.0,36,19
10,5,BENIGN,0,SMTP,0.0,0.0,0.0,0.0,37,20
10,5,BENIGN,0,SSH,4.4922770839119017e-08,0.0,-4.4922770839119017e-08,4.4922770839119017e-08,33,21
10,5,BENIGN,0,IRC,0.0,0.0,0.0,0.0,38,22
10,5,BENIGN,0,TCP,0.00026875620697950535,0.0,-0.00026875620697950535,0.00026875620697950535,20,23
10,5,BENIGN,0,UDP,0.011870163271980374,0.0,-0.011870163271980374,0.011870163271980374,13,24
10,5,BENIGN,0,DHCP,4.9830889492575896e-08,0.0,-4.9830889492575896e-08,4.9830889492575896e-08,32,25
10,5,BENIGN,0,ARP,2.820018527471441e-06,0.0,-2.820018527471441e-06,2.820018527471441e-06,30,26
10,5,BENIGN,0,ICMP,0.00016040353128702578,0.0,-0.00016040353128702578,0.00016040353128702578,21,27
10,5,BENIGN,0,IGMP,0.0,0.0,0.0,0.0,39,28
10,5,BENIGN,0,IPv,1.0447528432439806e-05,0.0,-1.0447528432439806e-05,1.0447528432439806e-05,28,29
10,5,BENIGN,0,LLC,2.660515562323992e-06,0.0,-2.660515562323992e-06,2.660515562323992e-06,31,30
10,5,BENIGN,0,Tot sum,0.649753820018192,0.0,-0.649753820018192,0.649753820018192,1,31
10,5,BENIGN,0,Min,0.02477800903231294,0.0,-0.02477800903231294,0.02477800903231294,11,32
10,5,BENIGN,0,Max,0.08588161650917689,0.0,-0.08588161650917689,0.08588161650917689,8,33
10,5,BENIGN,0,AVG,0.41865456401465395,0.0,-0.41865456401465395,0.41865456401465395,2,34
10,5,BENIGN,0,Std,0.35317072648962855,0.0,-0.35317072648962855,0.35317072648962855,4,35
10,5,BENIGN,0,Tot size,0.2693839956775295,0.0,-0.2693839956775295,0.2693839956775295,5,36
10,5,BENIGN,0,IAT,0.10871288159837901,0.0,-0.10871288159837901,0.10871288159837901,7,37
10,5,BENIGN,0,Number,0.0543316743839234,0.0,-0.0543316743839234,0.0543316743839234,9,38
10,5,BENIGN,0,Variance,0.3962682338371181,0.0,-0.3962682338371181,0.3962682338371181,3,39
10,1,DDOS,1,Header_Length,0.0322502639636441,0.10074096489063543,0.06849070092699133,0.06849070092699133,13,12
10,1,DDOS,1,Protocol Type,0.009796301238269777,0.02480822847209464,0.015011927233824862,0.015011927233824862,21,19
10,1,DDOS,1,Time_To_Live,0.010591719160104861,0.04333080785654369,0.03273908869643883,0.03273908869643883,20,16
10,1,DDOS,1,Rate,0.006439189637272134,0.014901221446431518,0.008462031809159384,0.008462031809159384,23,21
10,1,DDOS,1,fin_flag_number,0.0004870462961663164,0.0019017085163969538,0.0014146622202306375,0.0014146622202306375,26,24
10,1,DDOS,1,syn_flag_number,0.18159657028860798,0.38273192369639253,0.20113535340778455,0.20113535340778455,6,4
10,1,DDOS,1,rst_flag_number,0.0005146178641648513,0.0007097985832197755,0.0001951807190549242,0.0001951807190549242,25,25
10,1,DDOS,1,psh_flag_number,0.009425232084645536,0.017694075647339217,0.008268843562693681,0.008268843562693681,22,20
10,1,DDOS,1,ack_flag_number,0.0557183281315613,0.13227783444474212,0.07655950631318081,0.07655950631318081,12,9
10,1,DDOS,1,ece_flag_number,0.0,0.0,0.0,0.0,33,33
10,1,DDOS,1,cwr_flag_number,0.0,0.0,0.0,0.0,34,34
10,1,DDOS,1,ack_count,0.031762564973150366,0.05225270368437012,0.020490138711219755,0.020490138711219755,14,15
10,1,DDOS,1,syn_count,0.09414379648664059,0.236665353167659,0.1425215566810184,0.1425215566810184,9,5
10,1,DDOS,1,fin_count,0.11296281760694231,0.41838238994906785,0.3054195723421255,0.3054195723421255,8,3
10,1,DDOS,1,rst_count,0.0646825083729901,0.12493896760185343,0.06025645922886333,0.06025645922886333,11,10
10,1,DDOS,1,HTTP,0.0007352256548473889,0.0004695189278024122,-0.00026570672704497673,0.00026570672704497673,24,26
10,1,DDOS,1,HTTPS,5.833119783725926e-05,0.0003315158419802485,0.0002731846441429892,0.0002731846441429892,27,27
10,1,DDOS,1,DNS,1.559251804132285e-05,7.285516702070709e-05,5.726264897938424e-05,5.726264897938424e-05,28,28
10,1,DDOS,1,Telnet,0.0,0.0,0.0,0.0,35,35
10,1,DDOS,1,SMTP,0.0,0.0,0.0,0.0,36,36
10,1,DDOS,1,SSH,0.0,0.0,0.0,0.0,37,37
10,1,DDOS,1,IRC,0.0,0.0,0.0,0.0,38,38
10,1,DDOS,1,TCP,0.014461766013470923,0.04271637916950888,0.028254613156037955,0.028254613156037955,18,17
10,1,DDOS,1,UDP,0.11695316370329813,0.17443091787463488,0.057477754171336756,0.057477754171336756,7,8
10,1,DDOS,1,DHCP,5.7626898941324375e-08,8.315598514171979e-08,2.5529086200395413e-08,2.5529086200395413e-08,32,32
10,1,DDOS,1,ARP,1.1670249307054837e-05,4.9487563299135575e-06,-6.721492977141279e-06,6.721492977141279e-06,30,31
10,1,DDOS,1,ICMP,0.020612418027718883,0.07415139815367892,0.05353898012596004,0.05353898012596004,15,13
10,1,DDOS,1,IGMP,0.0,0.0,0.0,0.0,39,39
10,1,DDOS,1,IPv,2.9387652261522893e-06,7.443368565028451e-06,4.504603338876162e-06,4.504603338876162e-06,31,30
10,1,DDOS,1,LLC,1.4191443040182222e-05,8.947415204819986e-06,-5.244027835362236e-06,5.244027835362236e-06,29,29
10,1,DDOS,1,Tot sum,0.45243908180349685,0.44881830387765725,-0.003620777925839591,0.003620777925839591,3,2
10,1,DDOS,1,Min,0.018494355317710546,0.005354847526464355,-0.013139507791246192,0.013139507791246192,16,23
10,1,DDOS,1,Max,0.06483493579866838,0.05445128996924989,-0.010383645829418489,0.010383645829418489,10,14
10,1,DDOS,1,AVG,0.49871427841388,0.18804482963422375,-0.31066944877965624,0.31066944877965624,2,6
10,1,DDOS,1,Std,0.22816812832748715,0.11695321181507276,-0.11121491651241439,0.11121491651241439,5,11
10,1,DDOS,1,Tot size,0.5516008193430727,0.17502358547855668,-0.376577233864516,0.376577233864516,1,7
10,1,DDOS,1,IAT,0.01118574857234853,0.03813563071426499,0.02694988214191646,0.02694988214191646,19,18
10,1,DDOS,1,Number,0.016400346644022068,0.012995954406635314,-0.0034043922373867535,0.0034043922373867535,17,22
10,1,DDOS,1,Variance,0.3266944519845427,0.49996697215641056,0.17327252017186784,0.17327252017186784,4,1
10,2,DDOS,1,Header_Length,0.0322502639636441,0.14590070247418802,0.1136504385105439,0.1136504385105439,13,7
10,2,DDOS,1,Protocol Type,0.009796301238269777,0.03896551373496825,0.029169212496698474,0.029169212496698474,21,16
10,2,DDOS,1,Time_To_Live,0.010591719160104861,0.03944830818351455,0.028856589023409693,0.028856589023409693,20,15
10,2,DDOS,1,Rate,0.006439189637272134,0.021027526556836654,0.01458833691956452,0.01458833691956452,23,20
10,2,DDOS,1,fin_flag_number,0.0004870462961663164,0.0014756709946412093,0.000988624698474893,0.000988624698474893,26,25
10,2,DDOS,1,syn_flag_number,0.18159657028860798,0.2615495976449082,0.07995302735630022,0.07995302735630022,6,4
10,2,DDOS,1,rst_flag_number,0.0005146178641648513,0.0007743094264846197,0.0002596915623197684,0.0002596915623197684,25,26
10,2,DDOS,1,psh_flag_number,0.009425232084645536,0.01445577741651407,0.0050305453318685335,0.0050305453318685335,22,21
10,2,DDOS,1,ack_flag_number,0.0557183281315613,0.11862630348599879,0.06290797535443748,0.06290797535443748,12,9
10,2,DDOS,1,ece_flag_number,0.0,0.0,0.0,0.0,33,31
10,2,DDOS,1,cwr_flag_number,0.0,0.0,0.0,0.0,34,32
10,2,DDOS,1,ack_count,0.031762564973150366,0.04249035582370837,0.010727790850558007,0.010727790850558007,14,14
10,2,DDOS,1,syn_count,0.09414379648664059,0.20267578214223816,0.10853198565559757,0.10853198565559757,9,5
10,2,DDOS,1,fin_count,0.11296281760694231,0.3628027302085786,0.2498399126016363,0.2498399126016363,8,3
10,2,DDOS,1,rst_count,0.0646825083729901,0.1228456512074796,0.058163142834489506,0.058163142834489506,11,8
10,2,DDOS,1,HTTP,0.0007352256548473889,0.003108621233100335,0.002373395578252946,0.002373395578252946,24,23
10,2,DDOS,1,HTTPS,5.833119783725926e-05,0.007747923844349358,0.0076895926465120985,0.0076895926465120985,27,22
10,2,DDOS,1,DNS,1.559251804132285e-05,2.749576272145996e-05,1.1903244680137108e-05,1.1903244680137108e-05,28,30
10,2,DDOS,1,Telnet,0.0,0.0,0.0,0.0,35,33
10,2,DDOS,1,SMTP,0.0,0.0,0.0,0.0,36,34
10,2,DDOS,1,SSH,0.0,0.0,0.0,0.0,37,35
10,2,DDOS,1,IRC,0.0,0.0,0.0,0.0,38,36
10,2,DDOS,1,TCP,0.014461766013470923,0.0688683822216333,0.05440661620816238,0.05440661620816238,18,11
10,2,DDOS,1,UDP,0.11695316370329813,0.19267309142762987,0.07571992772433174,0.07571992772433174,7,6
10,2,DDOS,1,DHCP,5.7626898941324375e-08,0.0,-5.7626898941324375e-08,5.7626898941324375e-08,32,37
10,2,DDOS,1,ARP,1.1670249307054837e-05,9.052855203021945e-05,7.885830272316462e-05,7.885830272316462e-05,30,27
10,2,DDOS,1,ICMP,0.020612418027718883,0.09944954644874084,0.07883712842102195,0.07883712842102195,15,10
10,2,DDOS,1,IGMP,0.0,0.0,0.0,0.0,39,38
10,2,DDOS,1,IPv,2.9387652261522893e-06,3.100630286319684e-05,2.8067537637044548e-05,2.8067537637044548e-05,31,29
10,2,DDOS,1,LLC,1.4191443040182222e-05,4.349002769908566e-05,2.9298584658903437e-05,2.9298584658903437e-05,29,28
10,2,DDOS,1,Tot sum,0.45243908180349685,0.5810508139595741,0.1286117321560773,0.1286117321560773,3,1
10,2,DDOS,1,Min,0.018494355317710546,0.0023878466321618046,-0.01610650868554874,0.01610650868554874,16,24
10,2,DDOS,1,Max,0.06483493579866838,0.0380725857444664,-0.02676235005420198,0.02676235005420198,10,17
10,2,DDOS,1,AVG,0.49871427841388,0.03010579254901097,-0.46860848586486903,0.46860848586486903,2,18
10,2,DDOS,1,Std,0.22816812832748715,0.057598457708632506,-0.17056967061885464,0.17056967061885464,5,13
10,2,DDOS,1,Tot size,0.5516008193430727,0.06294331590397227,-0.4886575034391004,0.4886575034391004,1,12
10,2,DDOS,1,IAT,0.01118574857234853,0.029449879601789256,0.018264131029440724,0.018264131029440724,19,19
10,2,DDOS,1,Number,0.016400346644022068,0.0,-0.016400346644022068,0.016400346644022068,17,39
10,2,DDOS,1,Variance,0.3266944519845427,0.5504092745869511,0.22371482260240838,0.22371482260240838,4,2
10,3,DDOS,1,Header_Length,0.0322502639636441,0.014983031290311815,-0.017267232673332286,0.017267232673332286,13,13
10,3,DDOS,1,Protocol Type,0.009796301238269777,0.004563623739292362,-0.005232677498977416,0.005232677498977416,21,18
10,3,DDOS,1,Time_To_Live,0.010591719160104861,0.0018552756398175772,-0.008736443520287284,0.008736443520287284,20,22
10,3,DDOS,1,Rate,0.006439189637272134,0.002631213072527471,-0.003807976564744663,0.003807976564744663,23,21
10,3,DDOS,1,fin_flag_number,0.0004870462961663164,0.00030349094530177106,-0.00018355535086454533,0.00018355535086454533,26,23
10,3,DDOS,1,syn_flag_number,0.18159657028860798,0.08276385227553115,-0.09883271801307683,0.09883271801307683,6,5
10,3,DDOS,1,rst_flag_number,0.0005146178641648513,0.0002250167303698838,-0.0002896011337949675,0.0002896011337949675,25,24
10,3,DDOS,1,psh_flag_number,0.009425232084645536,0.0032554771115907606,-0.006169754973054775,0.006169754973054775,22,19
10,3,DDOS,1,ack_flag_number,0.0557183281315613,0.02041096689726693,-0.03530736123429437,0.03530736123429437,12,10
10,3,DDOS,1,ece_flag_number,0.0,0.0,0.0,0.0,33,32
10,3,DDOS,1,cwr_flag_number,0.0,0.0,0.0,0.0,34,33
10,3,DDOS,1,ack_count,0.031762564973150366,0.015325108489582746,-0.01643745648356762,0.01643745648356762,14,12
10,3,DDOS,1,syn_count,0.09414379648664059,0.03236410348976316,-0.06177969299687743,0.06177969299687743,9,8
10,3,DDOS,1,fin_count,0.11296281760694231,0.07220533516822908,-0.04075748243871323,0.04075748243871323,8,6
10,3,DDOS,1,rst_count,0.0646825083729901,0.027135054738099205,-0.03754745363489089,0.03754745363489089,11,9
10,3,DDOS,1,HTTP,0.0007352256548473889,3.6318801542424204e-05,-0.0006989068533049647,0.0006989068533049647,24,25
10,3,DDOS,1,HTTPS,5.833119783725926e-05,1.7500493858357538e-05,-4.083070397890172e-05,4.083070397890172e-05,27,26
10,3,DDOS,1,DNS,1.559251804132285e-05,4.341872955968416e-06,-1.1250645085354434e-05,1.1250645085354434e-05,28,27
10,3,DDOS,1,Telnet,0.0,0.0,0.0,0.0,35,34
10,3,DDOS,1,SMTP,0.0,0.0,0.0,0.0,36,35
10,3,DDOS,1,SSH,0.0,0.0,0.0,0.0,37,36
10,3,DDOS,1,IRC,0.0,0.0,0.0,0.0,38,37
10,3,DDOS,1,TCP,0.014461766013470923,0.00653163914541901,-0.007930126868051914,0.007930126868051914,18,17
10,3,DDOS,1,UDP,0.11695316370329813,0.05581868224929086,-0.06113448145400727,0.06113448145400727,7,7
10,3,DDOS,1,DHCP,5.7626898941324375e-08,1.435380478213771e-07,8.591114888005272e-08,8.591114888005272e-08,32,31
10,3,DDOS,1,ARP,1.1670249307054837e-05,8.02005138772481e-07,-1.0868244168282356e-05,1.0868244168282356e-05,30,28
10,3,DDOS,1,ICMP,0.020612418027718883,0.012028730257441323,-0.00858368777027756,0.00858368777027756,15,14
10,3,DDOS,1,IGMP,0.0,0.0,0.0,0.0,39,38
10,3,DDOS,1,IPv,2.9387652261522893e-06,4.2465795672928366e-07,-2.5141072694230055e-06,2.5141072694230055e-06,31,30
10,3,DDOS,1,LLC,1.4191443040182222e-05,7.460298944450888e-07,-1.3445413145737134e-05,1.3445413145737134e-05,29,29
10,3,DDOS,1,Tot sum,0.45243908180349685,0.9565247746537902,0.5040856928502933,0.5040856928502933,3,1
10,3,DDOS,1,Min,0.018494355317710546,0.0069231193181775175,-0.011571235999533028,0.011571235999533028,16,16
10,3,DDOS,1,Max,0.06483493579866838,0.011746752345073714,-0.053088183453594666,0.053088183453594666,10,15
10,3,DDOS,1,AVG,0.49871427841388,0.11855832621020801,-0.380155952203672,0.380155952203672,2,4
10,3,DDOS,1,Std,0.22816812832748715,0.017330803755777037,-0.21083732457171012,0.21083732457171012,5,11
10,3,DDOS,1,Tot size,0.5516008193430727,0.15541714411472224,-0.39618367522835046,0.39618367522835046,1,3
10,3,DDOS,1,IAT,0.01118574857234853,0.0027546853400769885,-0.008431063232271541,0.008431063232271541,19,20
10,3,DDOS,1,Number,0.016400346644022068,0.0,-0.016400346644022068,0.016400346644022068,17,39
10,3,DDOS,1,Variance,0.3266944519845427,0.16818961617391165,-0.15850483581063107,0.15850483581063107,4,2
10,4,DDOS,1,Header_Length,0.0322502639636441,0.07636706313571137,0.04411679917206727,0.04411679917206727,13,12
10,4,DDOS,1,Protocol Type,0.009796301238269777,0.019237993706833816,0.009441692468564038,0.009441692468564038,21,18
10,4,DDOS,1,Time_To_Live,0.010591719160104861,0.01473615357422609,0.004144434414121229,0.004144434414121229,20,20
10,4,DDOS,1,Rate,0.006439189637272134,0.019348363443321533,0.012909173806049399,0.012909173806049399,23,17
10,4,DDOS,1,fin_flag_number,0.0004870462961663164,0.0009079623639492081,0.00042091606778289173,0.00042091606778289173,26,25
10,4,DDOS,1,syn_flag_number,0.18159657028860798,0.35402152539583676,0.17242495510722877,0.17242495510722877,6,3
10,4,DDOS,1,rst_flag_number,0.0005146178641648513,0.0010672877280378684,0.0005526698638730171,0.0005526698638730171,25,24
10,4,DDOS,1,psh_flag_number,0.009425232084645536,0.016204162752757555,0.0067789306681120196,0.0067789306681120196,22,19
10,4,DDOS,1,ack_flag_number,0.0557183281315613,0.11298722062319592,0.057268892491634624,0.057268892491634624,12,9
10,4,DDOS,1,ece_flag_number,0.0,0.0,0.0,0.0,33,31
10,4,DDOS,1,cwr_flag_number,0.0,0.0,0.0,0.0,34,32
10,4,DDOS,1,ack_count,0.031762564973150366,0.07725820572622141,0.04549564075307105,0.04549564075307105,14,11
10,4,DDOS,1,syn_count,0.09414379648664059,0.18303604655928202,0.08889225007264143,0.08889225007264143,9,5
10,4,DDOS,1,fin_count,0.11296281760694231,0.2036981859984414,0.09073536839149908,0.09073536839149908,8,4
10,4,DDOS,1,rst_count,0.0646825083729901,0.12332243074966559,0.05863992237667549,0.05863992237667549,11,7
10,4,DDOS,1,HTTP,0.0007352256548473889,0.0036899337251201664,0.0029547080702727775,0.0029547080702727775,24,22
10,4,DDOS,1,HTTPS,5.833119783725926e-05,0.0029935785454650145,0.0029352473476277553,0.0029352473476277553,27,23
10,4,DDOS,1,DNS,1.559251804132285e-05,3.8184434278687195e-05,2.2591916237364344e-05,2.2591916237364344e-05,28,27
10,4,DDOS,1,Telnet,0.0,0.0,0.0,0.0,35,33
10,4,DDOS,1,SMTP,0.0,0.0,0.0,0.0,36,34
10,4,DDOS,1,SSH,0.0,0.0,0.0,0.0,37,35
10,4,DDOS,1,IRC,0.0,0.0,0.0,0.0,38,36
10,4,DDOS,1,TCP,0.014461766013470923,0.034655888873664664,0.02019412286019374,0.02019412286019374,18,16
10,4,DDOS,1,UDP,0.11695316370329813,0.14133721806743446,0.024384054364136334,0.024384054364136334,7,6
10,4,DDOS,1,DHCP,5.7626898941324375e-08,0.0,-5.7626898941324375e-08,5.7626898941324375e-08,32,37
10,4,DDOS,1,ARP,1.1670249307054837e-05,3.7281315050790575e-05,2.5611065743735738e-05,2.5611065743735738e-05,30,28
10,4,DDOS,1,ICMP,0.020612418027718883,0.04353643869796499,0.022924020670246105,0.022924020670246105,15,15
10,4,DDOS,1,IGMP,0.0,3.7789577727716384e-07,3.7789577727716384e-07,3.7789577727716384e-07,39,30
10,4,DDOS,1,IPv,2.9387652261522893e-06,2.2285938903017366e-05,1.9347173676865078e-05,1.9347173676865078e-05,31,29
10,4,DDOS,1,LLC,1.4191443040182222e-05,5.523289347888163e-05,4.1041450438699404e-05,4.1041450438699404e-05,29,26
10,4,DDOS,1,Tot sum,0.45243908180349685,0.5982558487869478,0.14581676698345097,0.14581676698345097,3,1
10,4,DDOS,1,Min,0.018494355317710546,0.0,-0.018494355317710546,0.018494355317710546,16,38
10,4,DDOS,1,Max,0.06483493579866838,0.10566930984244897,0.0408343740437806,0.0408343740437806,10,10
10,4,DDOS,1,AVG,0.49871427841388,0.0607911874914958,-0.4379230909223842,0.4379230909223842,2,14
10,4,DDOS,1,Std,0.22816812832748715,0.1210792068232281,-0.10708892150425904,0.10708892150425904,5,8
10,4,DDOS,1,Tot size,0.5516008193430727,0.06250795863811623,-0.4890928607049565,0.4890928607049565,1,13
10,4,DDOS,1,IAT,0.01118574857234853,0.013056071221443265,0.0018703226490947352,0.0018703226490947352,19,21
10,4,DDOS,1,Number,0.016400346644022068,0.0,-0.016400346644022068,0.016400346644022068,17,39
10,4,DDOS,1,Variance,0.3266944519845427,0.5865725975726447,0.25987814558810196,0.25987814558810196,4,2
10,5,DDOS,1,Header_Length,0.0322502639636441,0.004966880105419294,-0.02728338385822481,0.02728338385822481,13,15
10,5,DDOS,1,Protocol Type,0.009796301238269777,0.0010645687998827793,-0.008731732438386998,0.008731732438386998,21,23
10,5,DDOS,1,Time_To_Live,0.010591719160104861,0.0036120782349896873,-0.006979640925115174,0.006979640925115174,20,17
10,5,DDOS,1,Rate,0.006439189637272134,0.0011312245326693734,-0.005307965104602761,0.005307965104602761,23,21
10,5,DDOS,1,fin_flag_number,0.0004870462961663164,0.00013730144873425688,-0.0003497448474320595,0.0003497448474320595,26,24
10,5,DDOS,1,syn_flag_number,0.18159657028860798,0.04373478140580128,-0.1378617888828067,0.1378617888828067,6,7
10,5,DDOS,1,rst_flag_number,0.0005146178641648513,0.0001242403845402406,-0.0003903774796246107,0.0003903774796246107,25,25
10,5,DDOS,1,psh_flag_number,0.009425232084645536,0.001221628490188085,-0.00820360359445745,0.00820360359445745,22,20
10,5,DDOS,1,ack_flag_number,0.0557183281315613,0.011488112736366548,-0.044230215395194755,0.044230215395194755,12,12
10,5,DDOS,1,ece_flag_number,0.0,0.0,0.0,0.0,33,32
10,5,DDOS,1,cwr_flag_number,0.0,0.0,0.0,0.0,34,33
10,5,DDOS,1,ack_count,0.031762564973150366,0.004504961017866556,-0.02725760395528381,0.02725760395528381,14,16
10,5,DDOS,1,syn_count,0.09414379648664059,0.031296404610963835,-0.06284739187567676,0.06284739187567676,9,8
10,5,DDOS,1,fin_count,0.11296281760694231,0.03027787216961194,-0.08268494543733038,0.08268494543733038,8,9
10,5,DDOS,1,rst_count,0.0646825083729901,0.009542456678690903,-0.0551400516942992,0.0551400516942992,11,13
10,5,DDOS,1,HTTP,0.0007352256548473889,3.415231476470664e-05,-0.0007010733400826823,0.0007010733400826823,24,27
10,5,DDOS,1,HTTPS,5.833119783725926e-05,8.867658724845864e-05,3.0345389411199387e-05,3.0345389411199387e-05,27,26
10,5,DDOS,1,DNS,1.559251804132285e-05,2.9976554555592806e-06,-1.2594862585763571e-05,1.2594862585763571e-05,28,28
10,5,DDOS,1,Telnet,0.0,0.0,0.0,0.0,35,34
10,5,DDOS,1,SMTP,0.0,0.0,0.0,0.0,36,35
10,5,DDOS,1,SSH,0.0,0.0,0.0,0.0,37,36
10,5,DDOS,1,IRC,0.0,0.0,0.0,0.0,38,37
10,5,DDOS,1,TCP,0.014461766013470923,0.002175435912179953,-0.01228633010129097,0.01228633010129097,18,19
10,5,DDOS,1,UDP,0.11695316370329813,0.014809784490318318,-0.1021433792129798,0.1021433792129798,7,11
10,5,DDOS,1,DHCP,5.7626898941324375e-08,0.0,-5.7626898941324375e-08,5.7626898941324375e-08,32,38
10,5,DDOS,1,ARP,1.1670249307054837e-05,1.2216430530075306e-06,-1.0448606254047305e-05,1.0448606254047305e-05,30,30
10,5,DDOS,1,ICMP,0.020612418027718883,0.003138847737197671,-0.017473570290521212,0.017473570290521212,15,18
10,5,DDOS,1,IGMP,0.0,0.0,0.0,0.0,39,39
10,5,DDOS,1,IPv,2.9387652261522893e-06,9.257190986805864e-07,-2.0130461274717027e-06,2.0130461274717027e-06,31,31
10,5,DDOS,1,LLC,1.4191443040182222e-05,2.2167909906967776e-06,-1.1974652049485445e-05,1.1974652049485445e-05,29,29
10,5,DDOS,1,Tot sum,0.45243908180349685,0.5782877160424056,0.12584863423890874,0.12584863423890874,3,1
10,5,DDOS,1,Min,0.018494355317710546,0.0011174312772107484,-0.017376924040499796,0.017376924040499796,16,22
10,5,DDOS,1,Max,0.06483493579866838,0.05385367223231782,-0.010981263566350555,0.010981263566350555,10,6
10,5,DDOS,1,AVG,0.49871427841388,0.5421353360749825,0.04342105766110255,0.04342105766110255,2,2
10,5,DDOS,1,Std,0.22816812832748715,0.15976691225838027,-0.06840121606910687,0.06840121606910687,5,5
10,5,DDOS,1,Tot size,0.5516008193430727,0.4519647246970135,-0.09963609464605921,0.09963609464605921,1,3
10,5,DDOS,1,IAT,0.01118574857234853,0.008942906306205149,-0.0022428422661433817,0.0022428422661433817,19,14
10,5,DDOS,1,Number,0.016400346644022068,0.019960353300358356,0.0035600066563362884,0.0035600066563362884,17,10
10,5,DDOS,1,Variance,0.3266944519845427,0.36628855089283063,0.03959409890828791,0.03959409890828791,4,4
10,1,DOS,1,Header_Length,0.03312182973361637,0.07917050327906484,0.046048673545448476,0.046048673545448476,13,11
10,1,DOS,1,Protocol Type,0.013346676620850994,0.01943261809443096,0.006085941473579964,0.006085941473579964,19,19
10,1,DOS,1,Time_To_Live,0.03718674424759734,0.0429490345873602,0.00576229033976286,0.00576229033976286,11,15
10,1,DOS,1,Rate,0.006886906150510831,0.01630849595796602,0.00942158980745519,0.00942158980745519,20,20
10,1,DOS,1,fin_flag_number,0.00042044242165453966,0.0012730492263960545,0.0008526068047415149,0.0008526068047415149,25,25
10,1,DOS,1,syn_flag_number,0.2228168458688721,0.3697891599112643,0.14697231404239222,0.14697231404239222,4,4
10,1,DOS,1,rst_flag_number,0.0003433669946910947,0.0004366541309923213,9.32871363012266e-05,9.32871363012266e-05,26,27
10,1,DOS,1,psh_flag_number,0.006436311098067804,0.007780570861786674,0.0013442597637188698,0.0013442597637188698,21,23
10,1,DOS,1,ack_flag_number,0.047805112527730585,0.07031426017812144,0.022509147650390852,0.022509147650390852,9,12
10,1,DOS,1,ece_flag_number,0.0,0.0,0.0,0.0,33,33
10,1,DOS,1,cwr_flag_number,0.0,0.0,0.0,0.0,34,34
10,1,DOS,1,ack_count,0.033044930905369675,0.03190806157717448,-0.001136869328195192,0.001136869328195192,14,16
10,1,DOS,1,syn_count,0.17453755216812372,0.3773639656690678,0.2028264135009441,0.2028264135009441,6,3
10,1,DOS,1,fin_count,0.08898669103041248,0.28366901289012636,0.19468232185971387,0.19468232185971387,8,5
10,1,DOS,1,rst_count,0.04327729859255861,0.0806874706915253,0.037410172098966694,0.037410172098966694,10,10
10,1,DOS,1,HTTP,0.0006306126322067081,0.000487710676588189,-0.00014290195561851912,0.00014290195561851912,24,26
10,1,DOS,1,HTTPS,0.0011755499129041736,0.0034328564522575983,0.0022573065393534245,0.0022573065393534245,23,24
10,1,DOS,1,DNS,2.7387616256039915e-05,5.5480823379666495e-05,2.809320712362658e-05,2.809320712362658e-05,28,28
10,1,DOS,1,Telnet,0.0,0.0,0.0,0.0,35,35
10,1,DOS,1,SMTP,0.0,0.0,0.0,0.0,36,36
10,1,DOS,1,SSH,0.0,0.0,0.0,0.0,37,37
10,1,DOS,1,IRC,0.0,0.0,0.0,0.0,38,38
10,1,DOS,1,TCP,0.019818046651558067,0.04498185153763689,0.025163804886078823,0.025163804886078823,17,14
10,1,DOS,1,UDP,0.12964950668122566,0.13018115525929075,0.0005316485780650915,0.0005316485780650915,7,9
10,1,DOS,1,DHCP,2.712562152165757e-08,1.8086579417747394e-07,1.5374017265581636e-07,1.5374017265581636e-07,32,32
10,1,DOS,1,ARP,1.1535299108916962e-05,1.899719971080564e-05,7.461900601888679e-06,7.461900601888679e-06,29,31
10,1,DOS,1,ICMP,0.01621895065282541,0.030343138152090086,0.014124187499264675,0.014124187499264675,18,17
10,1,DOS,1,IGMP,0.0,0.0,0.0,0.0,39,39
10,1,DOS,1,IPv,3.67539101662271e-06,2.1300483987324538e-05,1.7625092970701828e-05,1.7625092970701828e-05,31,30
10,1,DOS,1,LLC,1.149992429339434e-05,5.2550992051192595e-05,4.105106775779826e-05,4.105106775779826e-05,30,29
10,1,DOS,1,Tot sum,0.5798477508704968,0.5642958168997237,-0.015551933970773035,0.015551933970773035,2,1
10,1,DOS,1,Min,0.027638387084570278,0.008189929735169615,-0.019448457349400664,0.019448457349400664,15,22
10,1,DOS,1,Max,0.024888781737775836,0.0593644304197998,0.03447564868202396,0.03447564868202396,16,13
10,1,DOS,1,AVG,0.39638820200592373,0.17751598202669205,-0.21887221997923167,0.21887221997923167,3,7
10,1,DOS,1,Std,0.0332777541846267,0.1450222788447851,0.11174452466015841,0.11174452466015841,12,8
10,1,DOS,1,Tot size,0.5900084683891937,0.24353071982262448,-0.34647774856656927,0.34647774856656927,1,6
10,1,DOS,1,IAT,0.0036050778221994105,0.024154577949008316,0.020549500126808905,0.020549500126808905,22,18
10,1,DOS,1,Number,0.00030718075682814865,0.011078557103201415,0.010771376346373266,0.010771376346373266,27,21
10,1,DOS,1,Variance,0.2062663825086871,0.4057241652596023,0.19945778275091522,0.19945778275091522,5,2
10,2,DOS,1,Header_Length,0.03312182973361637,0.028560048423676328,-0.00456178130994004,0.00456178130994004,13,15
10,2,DOS,1,Protocol Type,0.013346676620850994,0.012013998126102703,-0.0013326784947482913,0.0013326784947482913,19,19
10,2,DOS,1,Time_To_Live,0.03718674424759734,0.03250188598348338,-0.00468485826411396,0.00468485826411396,11,13
10,2,DOS,1,Rate,0.006886906150510831,0.012536105566169091,0.00564919941565826,0.00564919941565826,20,18
10,2,DOS,1,fin_flag_number,0.00042044242165453966,0.00018561324841161382,-0.00023482917324292585,0.00023482917324292585,25,26
10,2,DOS,1,syn_flag_number,0.2228168458688721,0.12261603683044006,-0.10020080903843204,0.10020080903843204,4,4
10,2,DOS,1,rst_flag_number,0.0003433669946910947,0.0003719147816860932,2.854778699499849e-05,2.854778699499849e-05,26,25
10,2,DOS,1,psh_flag_number,0.006436311098067804,0.0013739221186019684,-0.005062388979465836,0.005062388979465836,21,23
10,2,DOS,1,ack_flag_number,0.047805112527730585,0.04036815706982766,-0.007436955457902926,0.007436955457902926,9,12
10,2,DOS,1,ece_flag_number,0.0,0.0,0.0,0.0,33,31
10,2,DOS,1,cwr_flag_number,0.0,0.0,0.0,0.0,34,32
10,2,DOS,1,ack_count,0.033044930905369675,0.03157908662380124,-0.001465844281568436,0.001465844281568436,14,14
10,2,DOS,1,syn_count,0.17453755216812372,0.19567999993754814,0.02114244776942442,0.02114244776942442,6,3
10,2,DOS,1,fin_count,0.08898669103041248,0.053054225273028846,-0.03593246575738364,0.03593246575738364,8,8
10,2,DOS,1,rst_count,0.04327729859255861,0.06377414430661464,0.02049684571405603,0.02049684571405603,10,7
10,2,DOS,1,HTTP,0.0006306126322067081,0.001983434924283608,0.0013528222920769,0.0013528222920769,24,22
10,2,DOS,1,HTTPS,0.0011755499129041736,0.004020290340994628,0.002844740428090454,0.002844740428090454,23,20
10,2,DOS,1,DNS,2.7387616256039915e-05,1.737574394149563e-05,-1.0011872314544284e-05,1.0011872314544284e-05,28,29
10,2,DOS,1,Telnet,0.0,0.0,0.0,0.0,35,33
10,2,DOS,1,SMTP,0.0,0.0,0.0,0.0,36,34
10,2,DOS,1,SSH,0.0,0.0,0.0,0.0,37,35
10,2,DOS,1,IRC,0.0,0.0,0.0,0.0,38,36
10,2,DOS,1,TCP,0.019818046651558067,0.019293242809736176,-0.0005248038418218907,0.0005248038418218907,17,16
10,2,DOS,1,UDP,0.12964950668122566,0.0455366619857494,-0.08411284469547625,0.08411284469547625,7,9
10,2,DOS,1,DHCP,2.712562152165757e-08,0.0,-2.712562152165757e-08,2.712562152165757e-08,32,37
10,2,DOS,1,ARP,1.1535299108916962e-05,3.937437079834798e-05,2.783907168943102e-05,2.783907168943102e-05,29,27
10,2,DOS,1,ICMP,0.01621895065282541,0.0010082861796095969,-0.015210664473215814,0.015210664473215814,18,24
10,2,DOS,1,IGMP,0.0,0.0,0.0,0.0,39,38
10,2,DOS,1,IPv,3.67539101662271e-06,1.4271666483761903e-05,1.0596275467139193e-05,1.0596275467139193e-05,31,30
10,2,DOS,1,LLC,1.149992429339434e-05,3.935525630129709e-05,2.7855332007902755e-05,2.7855332007902755e-05,30,28
10,2,DOS,1,Tot sum,0.5798477508704968,0.49898803823782384,-0.08085971263267294,0.08085971263267294,2,2
10,2,DOS,1,Min,0.027638387084570278,0.0031609739303418813,-0.024477413154228397,0.024477413154228397,15,21
10,2,DOS,1,Max,0.024888781737775836,0.04313978660879416,0.018251004871018325,0.018251004871018325,16,10
10,2,DOS,1,AVG,0.39638820200592373,0.04184030986279228,-0.3545478921431314,0.3545478921431314,3,11
10,2,DOS,1,Std,0.0332777541846267,0.07296841897386841,0.03969066478924171,0.03969066478924171,12,6
10,2,DOS,1,Tot size,0.5900084683891937,0.08636695592309851,-0.5036415124660952,0.5036415124660952,1,5
10,2,DOS,1,IAT,0.0036050778221994105,0.012818856863531883,0.009213779041332472,0.009213779041332472,22,17
10,2,DOS,1,Number,0.00030718075682814865,0.0,-0.00030718075682814865,0.00030718075682814865,27,39
10,2,DOS,1,Variance,0.2062663825086871,0.8166790811699712,0.6104126986612841,0.6104126986612841,5,1
10,3,DOS,1,Header_Length,0.03312182973361637,0.041677844457739234,0.008556014724122867,0.008556014724122867,13,11
10,3,DOS,1,Protocol Type,0.013346676620850994,0.011124036252367287,-0.0022226403684837068,0.0022226403684837068,19,19
10,3,DOS,1,Time_To_Live,0.03718674424759734,0.014209784102395605,-0.022976960145201734,0.022976960145201734,11,18
10,3,DOS,1,Rate,0.006886906150510831,0.007714563324355527,0.0008276571738446955,0.0008276571738446955,20,22
10,3,DOS,1,fin_flag_number,0.00042044242165453966,0.0011282680668841256,0.0007078256452295859,0.0007078256452295859,25,24
10,3,DOS,1,syn_flag_number,0.2228168458688721,0.12006776952852138,-0.10274907634035071,0.10274907634035071,4,7
10,3,DOS,1,rst_flag_number,0.0003433669946910947,0.0007130614462875786,0.0003696944515964839,0.0003696944515964839,26,25
10,3,DOS,1,psh_flag_number,0.006436311098067804,0.009565929833838194,0.0031296187357703897,0.0031296187357703897,21,20
10,3,DOS,1,ack_flag_number,0.047805112527730585,0.05400394738291363,0.006198834855183043,0.006198834855183043,9,10
10,3,DOS,1,ece_flag_number,0.0,0.0,0.0,0.0,33,31
10,3,DOS,1,cwr_flag_number,0.0,0.0,0.0,0.0,34,32
10,3,DOS,1,ack_count,0.033044930905369675,0.041478360022530136,0.008433429117160461,0.008433429117160461,14,12
10,3,DOS,1,syn_count,0.17453755216812372,0.08614703221816007,-0.08839051994996365,0.08839051994996365,6,8
10,3,DOS,1,fin_count,0.08898669103041248,0.2362476450880201,0.1472609540576076,0.1472609540576076,8,4
10,3,DOS,1,rst_count,0.04327729859255861,0.07873444017855499,0.03545714158599638,0.03545714158599638,10,9
10,3,DOS,1,HTTP,0.0006306126322067081,0.0006434643601984865,1.2851727991778435e-05,1.2851727991778435e-05,24,26
10,3,DOS,1,HTTPS,0.0011755499129041736,0.0022415442155211598,0.0010659943026169862,0.0010659943026169862,23,23
10,3,DOS,1,DNS,2.7387616256039915e-05,6.256068567772674e-06,-2.113154768826724e-05,2.113154768826724e-05,28,29
10,3,DOS,1,Telnet,0.0,0.0,0.0,0.0,35,33
10,3,DOS,1,SMTP,0.0,0.0,0.0,0.0,36,34
10,3,DOS,1,SSH,0.0,0.0,0.0,0.0,37,35
10,3,DOS,1,IRC,0.0,0.0,0.0,0.0,38,36
10,3,DOS,1,TCP,0.019818046651558067,0.021073807709999025,0.001255761058440958,0.001255761058440958,17,16
10,3,DOS,1,UDP,0.12964950668122566,0.16232696948645947,0.032677462805233815,0.032677462805233815,7,5
10,3,DOS,1,DHCP,2.712562152165757e-08,0.0,-2.712562152165757e-08,2.712562152165757e-08,32,37
10,3,DOS,1,ARP,1.1535299108916962e-05,1.1327922250517347e-05,-2.073768583996145e-07,2.073768583996145e-07,29,27
10,3,DOS,1,ICMP,0.01621895065282541,0.02797729419193204,0.011758343539106628,0.011758343539106628,18,15
10,3,DOS,1,IGMP,0.0,0.0,0.0,0.0,39,38
10,3,DOS,1,IPv,3.67539101662271e-06,3.3351964181582475e-06,-3.401945984644623e-07,3.401945984644623e-07,31,30
10,3,DOS,1,LLC,1.149992429339434e-05,8.375085204925938e-06,-3.1248390884684012e-06,3.1248390884684012e-06,30,28
10,3,DOS,1,Tot sum,0.5798477508704968,0.7125414369270996,0.1326936860566028,0.1326936860566028,2,1
10,3,DOS,1,Min,0.027638387084570278,0.015497977869632718,-0.01214040921493756,0.01214040921493756,15,17
10,3,DOS,1,Max,0.024888781737775836,0.039518371676823115,0.01462958993904728,0.01462958993904728,16,14
10,3,DOS,1,AVG,0.39638820200592373,0.5453070736824573,0.14891887167653362,0.14891887167653362,3,2
10,3,DOS,1,Std,0.0332777541846267,0.03996662933322196,0.006688875148595258,0.006688875148595258,12,13
10,3,DOS,1,Tot size,0.5900084683891937,0.24183736172767517,-0.34817110666151857,0.34817110666151857,1,3
10,3,DOS,1,IAT,0.0036050778221994105,0.008187989216980074,0.004582911394780663,0.004582911394780663,22,21
10,3,DOS,1,Number,0.00030718075682814865,0.0,-0.00030718075682814865,0.00030718075682814865,27,39
10,3,DOS,1,Variance,0.2062663825086871,0.12119807699144605,-0.08506830551724104,0.08506830551724104,5,6
10,4,DOS,0,Header_Length,0.03312182973361637,0.0,-0.03312182973361637,0.03312182973361637,13,1
10,4,DOS,0,Protocol Type,0.013346676620850994,0.0,-0.013346676620850994,0.013346676620850994,19,2
10,4,DOS,0,Time_To_Live,0.03718674424759734,0.0,-0.03718674424759734,0.03718674424759734,11,3
10,4,DOS,0,Rate,0.006886906150510831,0.0,-0.006886906150510831,0.006886906150510831,20,4
10,4,DOS,0,fin_flag_number,0.00042044242165453966,0.0,-0.00042044242165453966,0.00042044242165453966,25,5
10,4,DOS,0,syn_flag_number,0.2228168458688721,0.0,-0.2228168458688721,0.2228168458688721,4,6
10,4,DOS,0,rst_flag_number,0.0003433669946910947,0.0,-0.0003433669946910947,0.0003433669946910947,26,7
10,4,DOS,0,psh_flag_number,0.006436311098067804,0.0,-0.006436311098067804,0.006436311098067804,21,8
10,4,DOS,0,ack_flag_number,0.047805112527730585,0.0,-0.047805112527730585,0.047805112527730585,9,9
10,4,DOS,0,ece_flag_number,0.0,0.0,0.0,0.0,33,10
10,4,DOS,0,cwr_flag_number,0.0,0.0,0.0,0.0,34,11
10,4,DOS,0,ack_count,0.033044930905369675,0.0,-0.033044930905369675,0.033044930905369675,14,12
10,4,DOS,0,syn_count,0.17453755216812372,0.0,-0.17453755216812372,0.17453755216812372,6,13
10,4,DOS,0,fin_count,0.08898669103041248,0.0,-0.08898669103041248,0.08898669103041248,8,14
10,4,DOS,0,rst_count,0.04327729859255861,0.0,-0.04327729859255861,0.04327729859255861,10,15
10,4,DOS,0,HTTP,0.0006306126322067081,0.0,-0.0006306126322067081,0.0006306126322067081,24,16
10,4,DOS,0,HTTPS,0.0011755499129041736,0.0,-0.0011755499129041736,0.0011755499129041736,23,17
10,4,DOS,0,DNS,2.7387616256039915e-05,0.0,-2.7387616256039915e-05,2.7387616256039915e-05,28,18
10,4,DOS,0,Telnet,0.0,0.0,0.0,0.0,35,19
10,4,DOS,0,SMTP,0.0,0.0,0.0,0.0,36,20
10,4,DOS,0,SSH,0.0,0.0,0.0,0.0,37,21
10,4,DOS,0,IRC,0.0,0.0,0.0,0.0,38,22
10,4,DOS,0,TCP,0.019818046651558067,0.0,-0.019818046651558067,0.019818046651558067,17,23
10,4,DOS,0,UDP,0.12964950668122566,0.0,-0.12964950668122566,0.12964950668122566,7,24
10,4,DOS,0,DHCP,2.712562152165757e-08,0.0,-2.712562152165757e-08,2.712562152165757e-08,32,25
10,4,DOS,0,ARP,1.1535299108916962e-05,0.0,-1.1535299108916962e-05,1.1535299108916962e-05,29,26
10,4,DOS,0,ICMP,0.01621895065282541,0.0,-0.01621895065282541,0.01621895065282541,18,27
10,4,DOS,0,IGMP,0.0,0.0,0.0,0.0,39,28
10,4,DOS,0,IPv,3.67539101662271e-06,0.0,-3.67539101662271e-06,3.67539101662271e-06,31,29
10,4,DOS,0,LLC,1.149992429339434e-05,0.0,-1.149992429339434e-05,1.149992429339434e-05,30,30
10,4,DOS,0,Tot sum,0.5798477508704968,0.0,-0.5798477508704968,0.5798477508704968,2,31
10,4,DOS,0,Min,0.027638387084570278,0.0,-0.027638387084570278,0.027638387084570278,15,32
10,4,DOS,0,Max,0.024888781737775836,0.0,-0.024888781737775836,0.024888781737775836,16,33
10,4,DOS,0,AVG,0.39638820200592373,0.0,-0.39638820200592373,0.39638820200592373,3,34
10,4,DOS,0,Std,0.0332777541846267,0.0,-0.0332777541846267,0.0332777541846267,12,35
10,4,DOS,0,Tot size,0.5900084683891937,0.0,-0.5900084683891937,0.5900084683891937,1,36
10,4,DOS,0,IAT,0.0036050778221994105,0.0,-0.0036050778221994105,0.0036050778221994105,22,37
10,4,DOS,0,Number,0.00030718075682814865,0.0,-0.00030718075682814865,0.00030718075682814865,27,38
10,4,DOS,0,Variance,0.2062663825086871,0.0,-0.2062663825086871,0.2062663825086871,5,39
10,5,DOS,0,Header_Length,0.03312182973361637,0.0,-0.03312182973361637,0.03312182973361637,13,1
10,5,DOS,0,Protocol Type,0.013346676620850994,0.0,-0.013346676620850994,0.013346676620850994,19,2
10,5,DOS,0,Time_To_Live,0.03718674424759734,0.0,-0.03718674424759734,0.03718674424759734,11,3
10,5,DOS,0,Rate,0.006886906150510831,0.0,-0.006886906150510831,0.006886906150510831,20,4
10,5,DOS,0,fin_flag_number,0.00042044242165453966,0.0,-0.00042044242165453966,0.00042044242165453966,25,5
10,5,DOS,0,syn_flag_number,0.2228168458688721,0.0,-0.2228168458688721,0.2228168458688721,4,6
10,5,DOS,0,rst_flag_number,0.0003433669946910947,0.0,-0.0003433669946910947,0.0003433669946910947,26,7
10,5,DOS,0,psh_flag_number,0.006436311098067804,0.0,-0.006436311098067804,0.006436311098067804,21,8
10,5,DOS,0,ack_flag_number,0.047805112527730585,0.0,-0.047805112527730585,0.047805112527730585,9,9
10,5,DOS,0,ece_flag_number,0.0,0.0,0.0,0.0,33,10
10,5,DOS,0,cwr_flag_number,0.0,0.0,0.0,0.0,34,11
10,5,DOS,0,ack_count,0.033044930905369675,0.0,-0.033044930905369675,0.033044930905369675,14,12
10,5,DOS,0,syn_count,0.17453755216812372,0.0,-0.17453755216812372,0.17453755216812372,6,13
10,5,DOS,0,fin_count,0.08898669103041248,0.0,-0.08898669103041248,0.08898669103041248,8,14
10,5,DOS,0,rst_count,0.04327729859255861,0.0,-0.04327729859255861,0.04327729859255861,10,15
10,5,DOS,0,HTTP,0.0006306126322067081,0.0,-0.0006306126322067081,0.0006306126322067081,24,16
10,5,DOS,0,HTTPS,0.0011755499129041736,0.0,-0.0011755499129041736,0.0011755499129041736,23,17
10,5,DOS,0,DNS,2.7387616256039915e-05,0.0,-2.7387616256039915e-05,2.7387616256039915e-05,28,18
10,5,DOS,0,Telnet,0.0,0.0,0.0,0.0,35,19
10,5,DOS,0,SMTP,0.0,0.0,0.0,0.0,36,20
10,5,DOS,0,SSH,0.0,0.0,0.0,0.0,37,21
10,5,DOS,0,IRC,0.0,0.0,0.0,0.0,38,22
10,5,DOS,0,TCP,0.019818046651558067,0.0,-0.019818046651558067,0.019818046651558067,17,23
10,5,DOS,0,UDP,0.12964950668122566,0.0,-0.12964950668122566,0.12964950668122566,7,24
10,5,DOS,0,DHCP,2.712562152165757e-08,0.0,-2.712562152165757e-08,2.712562152165757e-08,32,25
10,5,DOS,0,ARP,1.1535299108916962e-05,0.0,-1.1535299108916962e-05,1.1535299108916962e-05,29,26
10,5,DOS,0,ICMP,0.01621895065282541,0.0,-0.01621895065282541,0.01621895065282541,18,27
10,5,DOS,0,IGMP,0.0,0.0,0.0,0.0,39,28
10,5,DOS,0,IPv,3.67539101662271e-06,0.0,-3.67539101662271e-06,3.67539101662271e-06,31,29
10,5,DOS,0,LLC,1.149992429339434e-05,0.0,-1.149992429339434e-05,1.149992429339434e-05,30,30
10,5,DOS,0,Tot sum,0.5798477508704968,0.0,-0.5798477508704968,0.5798477508704968,2,31
10,5,DOS,0,Min,0.027638387084570278,0.0,-0.027638387084570278,0.027638387084570278,15,32
10,5,DOS,0,Max,0.024888781737775836,0.0,-0.024888781737775836,0.024888781737775836,16,33
10,5,DOS,0,AVG,0.39638820200592373,0.0,-0.39638820200592373,0.39638820200592373,3,34
10,5,DOS,0,Std,0.0332777541846267,0.0,-0.0332777541846267,0.0332777541846267,12,35
10,5,DOS,0,Tot size,0.5900084683891937,0.0,-0.5900084683891937,0.5900084683891937,1,36
10,5,DOS,0,IAT,0.0036050778221994105,0.0,-0.0036050778221994105,0.0036050778221994105,22,37
10,5,DOS,0,Number,0.00030718075682814865,0.0,-0.00030718075682814865,0.00030718075682814865,27,38
10,5,DOS,0,Variance,0.2062663825086871,0.0,-0.2062663825086871,0.2062663825086871,5,39
10,1,MIRAI,1,Header_Length,0.00013121229657415406,0.0001412752493957821,1.0062952821628048e-05,1.0062952821628048e-05,17,18
10,1,MIRAI,1,Protocol Type,0.00013607607093475541,4.163448336574899e-05,-9.444158756900643e-05,9.444158756900643e-05,16,20
10,1,MIRAI,1,Time_To_Live,2.816283285127645e-05,0.0003645658531574565,0.00033640302030618,0.00033640302030618,20,16
10,1,MIRAI,1,Rate,1.07970175663961e-05,1.0337934981247957e-05,-4.5908258514814375e-07,4.5908258514814375e-07,24,25
10,1,MIRAI,1,fin_flag_number,1.4148798445702918e-05,1.7132110441100914e-05,2.9833119953979957e-06,2.9833119953979957e-06,22,22
10,1,MIRAI,1,syn_flag_number,0.0037835206484216296,0.0033700316474359867,-0.00041348900098564295,0.00041348900098564295,8,9
10,1,MIRAI,1,rst_flag_number,1.2290544207490138e-05,1.6853401881904382e-05,4.5628576744142435e-06,4.5628576744142435e-06,23,23
10,1,MIRAI,1,psh_flag_number,1.6478467732094715e-05,1.4315190348562752e-05,-2.163277383531962e-06,2.163277383531962e-06,21,24
10,1,MIRAI,1,ack_flag_number,0.00017881560166836167,0.0005860382788780884,0.0004072226772097267,0.0004072226772097267,14,15
10,1,MIRAI,1,ece_flag_number,0.0,0.0,0.0,0.0,33,33
10,1,MIRAI,1,cwr_flag_number,0.0,0.0,0.0,0.0,34,34
10,1,MIRAI,1,ack_count,0.0013795070403945361,0.0006829992777863473,-0.0006965077626081888,0.0006965077626081888,11,14
10,1,MIRAI,1,syn_count,0.003706372092288522,0.0030483761568745175,-0.0006579959354140047,0.0006579959354140047,9,10
10,1,MIRAI,1,fin_count,0.0010489404747079662,0.0010364984661663209,-1.2442008541645351e-05,1.2442008541645351e-05,12,13
10,1,MIRAI,1,rst_count,0.0009234628292091314,0.0013472009955843769,0.0004237381663752455,0.0004237381663752455,13,12
10,1,MIRAI,1,HTTP,8.134351214874824e-06,5.218657729660225e-06,-2.915693485214599e-06,2.915693485214599e-06,25,26
10,1,MIRAI,1,HTTPS,5.002164860925339e-07,5.451081174922446e-07,4.489163139971073e-08,4.489163139971073e-08,27,27
10,1,MIRAI,1,DNS,1.5065306503295952e-07,6.492656308613454e-08,-8.572650194682498e-08,8.572650194682498e-08,28,31
10,1,MIRAI,1,Telnet,0.0,0.0,0.0,0.0,35,35
10,1,MIRAI,1,SMTP,0.0,0.0,0.0,0.0,36,36
10,1,MIRAI,1,SSH,0.0,0.0,0.0,0.0,37,37
10,1,MIRAI,1,IRC,0.0,0.0,0.0,0.0,38,38
10,1,MIRAI,1,TCP,4.285780722488183e-05,3.554169298276224e-05,-7.316114242119585e-06,7.316114242119585e-06,19,21
10,1,MIRAI,1,UDP,0.0037034553997090684,0.004626188501945482,0.000922733102236414,0.000922733102236414,10,8
10,1,MIRAI,1,DHCP,2.5925503707968747e-09,4.9509615219206e-10,-2.0974542186048145e-09,2.0974542186048145e-09,32,32
10,1,MIRAI,1,ARP,1.4975966219501425e-07,1.021485970692952e-07,-4.761106512571905e-08,4.761106512571905e-08,29,30
10,1,MIRAI,1,ICMP,4.994362570528325e-05,0.0001291126188034421,7.916899309815884e-05,7.916899309815884e-05,18,19
10,1,MIRAI,1,IGMP,0.0,0.0,0.0,0.0,39,39
10,1,MIRAI,1,IPv,1.3394182018577881e-07,1.4148880724439523e-07,7.546987058616414e-09,7.546987058616414e-09,31,28
10,1,MIRAI,1,LLC,1.4198412032712e-07,1.3667916812942044e-07,-5.304952197699546e-09,5.304952197699546e-09,30,29
10,1,MIRAI,1,Tot sum,0.726450435638266,0.7447896932531805,0.018339257614914506,0.018339257614914506,1,1
10,1,MIRAI,1,Min,0.020366889456437907,0.01251155128361772,-0.007855338172820187,0.007855338172820187,6,7
10,1,MIRAI,1,Max,0.02907858434607183,0.03156788896112497,0.002489304615053138,0.002489304615053138,5,5
10,1,MIRAI,1,AVG,0.5310202517836995,0.5411231484552411,0.010102896671541628,0.010102896671541628,2,2
10,1,MIRAI,1,Std,0.020256257114476768,0.030756677418135963,0.010500420303659195,0.010500420303659195,7,6
10,1,MIRAI,1,Tot size,0.4317369399415516,0.37032206503501763,-0.06141487490653397,0.06141487490653397,3,3
10,1,MIRAI,1,IAT,0.0001421296930735443,0.0002889660618352873,0.000146836368761743,0.000146836368761743,15,17
10,1,MIRAI,1,Number,7.872817449351348e-06,0.0014383926922347929,0.0014305198747854415,0.0014305198747854415,26,11
10,1,MIRAI,1,Variance,0.04662685315580929,0.11484119025240803,0.06821433709659874,0.06821433709659874,4,4
10,2,MIRAI,0,Header_Length,0.00013121229657415406,0.0,-0.00013121229657415406,0.00013121229657415406,17,1
10,2,MIRAI,0,Protocol Type,0.00013607607093475541,0.0,-0.00013607607093475541,0.00013607607093475541,16,2
10,2,MIRAI,0,Time_To_Live,2.816283285127645e-05,0.0,-2.816283285127645e-05,2.816283285127645e-05,20,3
10,2,MIRAI,0,Rate,1.07970175663961e-05,0.0,-1.07970175663961e-05,1.07970175663961e-05,24,4
10,2,MIRAI,0,fin_flag_number,1.4148798445702918e-05,0.0,-1.4148798445702918e-05,1.4148798445702918e-05,22,5
10,2,MIRAI,0,syn_flag_number,0.0037835206484216296,0.0,-0.0037835206484216296,0.0037835206484216296,8,6
10,2,MIRAI,0,rst_flag_number,1.2290544207490138e-05,0.0,-1.2290544207490138e-05,1.2290544207490138e-05,23,7
10,2,MIRAI,0,psh_flag_number,1.6478467732094715e-05,0.0,-1.6478467732094715e-05,1.6478467732094715e-05,21,8
10,2,MIRAI,0,ack_flag_number,0.00017881560166836167,0.0,-0.00017881560166836167,0.00017881560166836167,14,9
10,2,MIRAI,0,ece_flag_number,0.0,0.0,0.0,0.0,33,10
10,2,MIRAI,0,cwr_flag_number,0.0,0.0,0.0,0.0,34,11
10,2,MIRAI,0,ack_count,0.0013795070403945361,0.0,-0.0013795070403945361,0.0013795070403945361,11,12
10,2,MIRAI,0,syn_count,0.003706372092288522,0.0,-0.003706372092288522,0.003706372092288522,9,13
10,2,MIRAI,0,fin_count,0.0010489404747079662,0.0,-0.0010489404747079662,0.0010489404747079662,12,14
10,2,MIRAI,0,rst_count,0.0009234628292091314,0.0,-0.0009234628292091314,0.0009234628292091314,13,15
10,2,MIRAI,0,HTTP,8.134351214874824e-06,0.0,-8.134351214874824e-06,8.134351214874824e-06,25,16
10,2,MIRAI,0,HTTPS,5.002164860925339e-07,0.0,-5.002164860925339e-07,5.002164860925339e-07,27,17
10,2,MIRAI,0,DNS,1.5065306503295952e-07,0.0,-1.5065306503295952e-07,1.5065306503295952e-07,28,18
10,2,MIRAI,0,Telnet,0.0,0.0,0.0,0.0,35,19
10,2,MIRAI,0,SMTP,0.0,0.0,0.0,0.0,36,20
10,2,MIRAI,0,SSH,0.0,0.0,0.0,0.0,37,21
10,2,MIRAI,0,IRC,0.0,0.0,0.0,0.0,38,22
10,2,MIRAI,0,TCP,4.285780722488183e-05,0.0,-4.285780722488183e-05,4.285780722488183e-05,19,23
10,2,MIRAI,0,UDP,0.0037034553997090684,0.0,-0.0037034553997090684,0.0037034553997090684,10,24
10,2,MIRAI,0,DHCP,2.5925503707968747e-09,0.0,-2.5925503707968747e-09,2.5925503707968747e-09,32,25
10,2,MIRAI,0,ARP,1.4975966219501425e-07,0.0,-1.4975966219501425e-07,1.4975966219501425e-07,29,26
10,2,MIRAI,0,ICMP,4.994362570528325e-05,0.0,-4.994362570528325e-05,4.994362570528325e-05,18,27
10,2,MIRAI,0,IGMP,0.0,0.0,0.0,0.0,39,28
10,2,MIRAI,0,IPv,1.3394182018577881e-07,0.0,-1.3394182018577881e-07,1.3394182018577881e-07,31,29
10,2,MIRAI,0,LLC,1.4198412032712e-07,0.0,-1.4198412032712e-07,1.4198412032712e-07,30,30
10,2,MIRAI,0,Tot sum,0.726450435638266,0.0,-0.726450435638266,0.726450435638266,1,31
10,2,MIRAI,0,Min,0.020366889456437907,0.0,-0.020366889456437907,0.020366889456437907,6,32
10,2,MIRAI,0,Max,0.02907858434607183,0.0,-0.02907858434607183,0.02907858434607183,5,33
10,2,MIRAI,0,AVG,0.5310202517836995,0.0,-0.5310202517836995,0.5310202517836995,2,34
10,2,MIRAI,0,Std,0.020256257114476768,0.0,-0.020256257114476768,0.020256257114476768,7,35
10,2,MIRAI,0,Tot size,0.4317369399415516,0.0,-0.4317369399415516,0.4317369399415516,3,36
10,2,MIRAI,0,IAT,0.0001421296930735443,0.0,-0.0001421296930735443,0.0001421296930735443,15,37
10,2,MIRAI,0,Number,7.872817449351348e-06,0.0,-7.872817449351348e-06,7.872817449351348e-06,26,38
10,2,MIRAI,0,Variance,0.04662685315580929,0.0,-0.04662685315580929,0.04662685315580929,4,39
10,3,MIRAI,1,Header_Length,0.00013121229657415406,0.0001277652475044572,-3.447049069696856e-06,3.447049069696856e-06,17,16
10,3,MIRAI,1,Protocol Type,0.00013607607093475541,8.092206815581499e-05,-5.515400277894043e-05,5.515400277894043e-05,16,18
10,3,MIRAI,1,Time_To_Live,2.816283285127645e-05,8.386162392542011e-05,5.569879107414366e-05,5.569879107414366e-05,20,17
10,3,MIRAI,1,Rate,1.07970175663961e-05,3.316022787659236e-05,2.236321031019626e-05,2.236321031019626e-05,24,22
10,3,MIRAI,1,fin_flag_number,1.4148798445702918e-05,2.0682532793267258e-05,6.53373434756434e-06,6.53373434756434e-06,22,24
10,3,MIRAI,1,syn_flag_number,0.0037835206484216296,0.003406635789422765,-0.00037688485899886473,0.00037688485899886473,8,9
10,3,MIRAI,1,rst_flag_number,1.2290544207490138e-05,1.85222425838895e-05,6.231698376399361e-06,6.231698376399361e-06,23,25
10,3,MIRAI,1,psh_flag_number,1.6478467732094715e-05,4.1557633093062155e-05,2.507916536096744e-05,2.507916536096744e-05,21,21
10,3,MIRAI,1,ack_flag_number,0.00017881560166836167,0.0008227360184244718,0.0006439204167561102,0.0006439204167561102,14,14
10,3,MIRAI,1,ece_flag_number,0.0,0.0,0.0,0.0,33,33
10,3,MIRAI,1,cwr_flag_number,0.0,0.0,0.0,0.0,34,34
10,3,MIRAI,1,ack_count,0.0013795070403945361,0.002682307637404668,0.001302800597010132,0.001302800597010132,11,11
10,3,MIRAI,1,syn_count,0.003706372092288522,0.0031398515202459986,-0.0005665205720425236,0.0005665205720425236,9,10
10,3,MIRAI,1,fin_count,0.0010489404747079662,0.0017476533766733122,0.0006987129019653459,0.0006987129019653459,12,13
10,3,MIRAI,1,rst_count,0.0009234628292091314,0.0017789571659782046,0.0008554943367690732,0.0008554943367690732,13,12
10,3,MIRAI,1,HTTP,8.134351214874824e-06,3.714111254590803e-08,-8.097210102328915e-06,8.097210102328915e-06,25,31
10,3,MIRAI,1,HTTPS,5.002164860925339e-07,1.0343132533132004e-07,-3.967851607612138e-07,3.967851607612138e-07,27,30
10,3,MIRAI,1,DNS,1.5065306503295952e-07,1.3794449896789646e-07,-1.2708566065063061e-08,1.2708566065063061e-08,28,28
10,3,MIRAI,1,Telnet,0.0,0.0,0.0,0.0,35,35
10,3,MIRAI,1,SMTP,0.0,0.0,0.0,0.0,36,36
10,3,MIRAI,1,SSH,0.0,0.0,0.0,0.0,37,37
10,3,MIRAI,1,IRC,0.0,0.0,0.0,0.0,38,38
10,3,MIRAI,1,TCP,4.285780722488183e-05,5.638571546391736e-05,1.3527908239035535e-05,1.3527908239035535e-05,19,20
10,3,MIRAI,1,UDP,0.0037034553997090684,0.004349692575573169,0.0006462371758641002,0.0006462371758641002,10,8
10,3,MIRAI,1,DHCP,2.5925503707968747e-09,1.2498561224174536e-08,9.906010853377662e-09,9.906010853377662e-09,32,32
10,3,MIRAI,1,ARP,1.4975966219501425e-07,1.331623779484291e-07,-1.659728424658516e-08,1.659728424658516e-08,29,29
10,3,MIRAI,1,ICMP,4.994362570528325e-05,7.282959933340196e-05,2.288597362811871e-05,2.288597362811871e-05,18,19
10,3,MIRAI,1,IGMP,0.0,0.0,0.0,0.0,39,39
10,3,MIRAI,1,IPv,1.3394182018577881e-07,2.0964316449571736e-07,7.570134430993854e-08,7.570134430993854e-08,31,26
10,3,MIRAI,1,LLC,1.4198412032712e-07,1.6010955767106442e-07,1.8125437343944434e-08,1.8125437343944434e-08,30,27
10,3,MIRAI,1,Tot sum,0.726450435638266,0.6675716466129759,-0.05887878902529009,0.05887878902529009,1,1
10,3,MIRAI,1,Min,0.020366889456437907,0.017577212293358048,-0.0027896771630798595,0.0027896771630798595,6,7
10,3,MIRAI,1,Max,0.02907858434607183,0.037396052637858467,0.008317468291786638,0.008317468291786638,5,5
10,3,MIRAI,1,AVG,0.5310202517836995,0.6100072688373204,0.07898701705362088,0.07898701705362088,2,2
10,3,MIRAI,1,Std,0.020256257114476768,0.03691062657208543,0.01665436945760866,0.01665436945760866,7,6
10,3,MIRAI,1,Tot size,0.4317369399415516,0.4099352683120707,-0.02180167162948088,0.02180167162948088,3,3
10,3,MIRAI,1,IAT,0.0001421296930735443,0.0001579362761646458,1.580658309110149e-05,1.580658309110149e-05,15,15
10,3,MIRAI,1,Number,7.872817449351348e-06,2.2091674699332756e-05,1.4218857249981408e-05,1.4218857249981408e-05,26,23
10,3,MIRAI,1,Variance,0.04662685315580929,0.10520430205466602,0.05857744889885673,0.05857744889885673,4,4
10,4,MIRAI,0,Header_Length,0.00013121229657415406,0.0,-0.00013121229657415406,0.00013121229657415406,17,1
10,4,MIRAI,0,Protocol Type,0.00013607607093475541,0.0,-0.00013607607093475541,0.00013607607093475541,16,2
10,4,MIRAI,0,Time_To_Live,2.816283285127645e-05,0.0,-2.816283285127645e-05,2.816283285127645e-05,20,3
10,4,MIRAI,0,Rate,1.07970175663961e-05,0.0,-1.07970175663961e-05,1.07970175663961e-05,24,4
10,4,MIRAI,0,fin_flag_number,1.4148798445702918e-05,0.0,-1.4148798445702918e-05,1.4148798445702918e-05,22,5
10,4,MIRAI,0,syn_flag_number,0.0037835206484216296,0.0,-0.0037835206484216296,0.0037835206484216296,8,6
10,4,MIRAI,0,rst_flag_number,1.2290544207490138e-05,0.0,-1.2290544207490138e-05,1.2290544207490138e-05,23,7
10,4,MIRAI,0,psh_flag_number,1.6478467732094715e-05,0.0,-1.6478467732094715e-05,1.6478467732094715e-05,21,8
10,4,MIRAI,0,ack_flag_number,0.00017881560166836167,0.0,-0.00017881560166836167,0.00017881560166836167,14,9
10,4,MIRAI,0,ece_flag_number,0.0,0.0,0.0,0.0,33,10
10,4,MIRAI,0,cwr_flag_number,0.0,0.0,0.0,0.0,34,11
10,4,MIRAI,0,ack_count,0.0013795070403945361,0.0,-0.0013795070403945361,0.0013795070403945361,11,12
10,4,MIRAI,0,syn_count,0.003706372092288522,0.0,-0.003706372092288522,0.003706372092288522,9,13
10,4,MIRAI,0,fin_count,0.0010489404747079662,0.0,-0.0010489404747079662,0.0010489404747079662,12,14
10,4,MIRAI,0,rst_count,0.0009234628292091314,0.0,-0.0009234628292091314,0.0009234628292091314,13,15
10,4,MIRAI,0,HTTP,8.134351214874824e-06,0.0,-8.134351214874824e-06,8.134351214874824e-06,25,16
10,4,MIRAI,0,HTTPS,5.002164860925339e-07,0.0,-5.002164860925339e-07,5.002164860925339e-07,27,17
10,4,MIRAI,0,DNS,1.5065306503295952e-07,0.0,-1.5065306503295952e-07,1.5065306503295952e-07,28,18
10,4,MIRAI,0,Telnet,0.0,0.0,0.0,0.0,35,19
10,4,MIRAI,0,SMTP,0.0,0.0,0.0,0.0,36,20
10,4,MIRAI,0,SSH,0.0,0.0,0.0,0.0,37,21
10,4,MIRAI,0,IRC,0.0,0.0,0.0,0.0,38,22
10,4,MIRAI,0,TCP,4.285780722488183e-05,0.0,-4.285780722488183e-05,4.285780722488183e-05,19,23
10,4,MIRAI,0,UDP,0.0037034553997090684,0.0,-0.0037034553997090684,0.0037034553997090684,10,24
10,4,MIRAI,0,DHCP,2.5925503707968747e-09,0.0,-2.5925503707968747e-09,2.5925503707968747e-09,32,25
10,4,MIRAI,0,ARP,1.4975966219501425e-07,0.0,-1.4975966219501425e-07,1.4975966219501425e-07,29,26
10,4,MIRAI,0,ICMP,4.994362570528325e-05,0.0,-4.994362570528325e-05,4.994362570528325e-05,18,27
10,4,MIRAI,0,IGMP,0.0,0.0,0.0,0.0,39,28
10,4,MIRAI,0,IPv,1.3394182018577881e-07,0.0,-1.3394182018577881e-07,1.3394182018577881e-07,31,29
10,4,MIRAI,0,LLC,1.4198412032712e-07,0.0,-1.4198412032712e-07,1.4198412032712e-07,30,30
10,4,MIRAI,0,Tot sum,0.726450435638266,0.0,-0.726450435638266,0.726450435638266,1,31
10,4,MIRAI,0,Min,0.020366889456437907,0.0,-0.020366889456437907,0.020366889456437907,6,32
10,4,MIRAI,0,Max,0.02907858434607183,0.0,-0.02907858434607183,0.02907858434607183,5,33
10,4,MIRAI,0,AVG,0.5310202517836995,0.0,-0.5310202517836995,0.5310202517836995,2,34
10,4,MIRAI,0,Std,0.020256257114476768,0.0,-0.020256257114476768,0.020256257114476768,7,35
10,4,MIRAI,0,Tot size,0.4317369399415516,0.0,-0.4317369399415516,0.4317369399415516,3,36
10,4,MIRAI,0,IAT,0.0001421296930735443,0.0,-0.0001421296930735443,0.0001421296930735443,15,37
10,4,MIRAI,0,Number,7.872817449351348e-06,0.0,-7.872817449351348e-06,7.872817449351348e-06,26,38
10,4,MIRAI,0,Variance,0.04662685315580929,0.0,-0.04662685315580929,0.04662685315580929,4,39
10,5,MIRAI,0,Header_Length,0.00013121229657415406,0.0,-0.00013121229657415406,0.00013121229657415406,17,1
10,5,MIRAI,0,Protocol Type,0.00013607607093475541,0.0,-0.00013607607093475541,0.00013607607093475541,16,2
10,5,MIRAI,0,Time_To_Live,2.816283285127645e-05,0.0,-2.816283285127645e-05,2.816283285127645e-05,20,3
10,5,MIRAI,0,Rate,1.07970175663961e-05,0.0,-1.07970175663961e-05,1.07970175663961e-05,24,4
10,5,MIRAI,0,fin_flag_number,1.4148798445702918e-05,0.0,-1.4148798445702918e-05,1.4148798445702918e-05,22,5
10,5,MIRAI,0,syn_flag_number,0.0037835206484216296,0.0,-0.0037835206484216296,0.0037835206484216296,8,6
10,5,MIRAI,0,rst_flag_number,1.2290544207490138e-05,0.0,-1.2290544207490138e-05,1.2290544207490138e-05,23,7
10,5,MIRAI,0,psh_flag_number,1.6478467732094715e-05,0.0,-1.6478467732094715e-05,1.6478467732094715e-05,21,8
10,5,MIRAI,0,ack_flag_number,0.00017881560166836167,0.0,-0.00017881560166836167,0.00017881560166836167,14,9
10,5,MIRAI,0,ece_flag_number,0.0,0.0,0.0,0.0,33,10
10,5,MIRAI,0,cwr_flag_number,0.0,0.0,0.0,0.0,34,11
10,5,MIRAI,0,ack_count,0.0013795070403945361,0.0,-0.0013795070403945361,0.0013795070403945361,11,12
10,5,MIRAI,0,syn_count,0.003706372092288522,0.0,-0.003706372092288522,0.003706372092288522,9,13
10,5,MIRAI,0,fin_count,0.0010489404747079662,0.0,-0.0010489404747079662,0.0010489404747079662,12,14
10,5,MIRAI,0,rst_count,0.0009234628292091314,0.0,-0.0009234628292091314,0.0009234628292091314,13,15
10,5,MIRAI,0,HTTP,8.134351214874824e-06,0.0,-8.134351214874824e-06,8.134351214874824e-06,25,16
10,5,MIRAI,0,HTTPS,5.002164860925339e-07,0.0,-5.002164860925339e-07,5.002164860925339e-07,27,17
10,5,MIRAI,0,DNS,1.5065306503295952e-07,0.0,-1.5065306503295952e-07,1.5065306503295952e-07,28,18
10,5,MIRAI,0,Telnet,0.0,0.0,0.0,0.0,35,19
10,5,MIRAI,0,SMTP,0.0,0.0,0.0,0.0,36,20
10,5,MIRAI,0,SSH,0.0,0.0,0.0,0.0,37,21
10,5,MIRAI,0,IRC,0.0,0.0,0.0,0.0,38,22
10,5,MIRAI,0,TCP,4.285780722488183e-05,0.0,-4.285780722488183e-05,4.285780722488183e-05,19,23
10,5,MIRAI,0,UDP,0.0037034553997090684,0.0,-0.0037034553997090684,0.0037034553997090684,10,24
10,5,MIRAI,0,DHCP,2.5925503707968747e-09,0.0,-2.5925503707968747e-09,2.5925503707968747e-09,32,25
10,5,MIRAI,0,ARP,1.4975966219501425e-07,0.0,-1.4975966219501425e-07,1.4975966219501425e-07,29,26
10,5,MIRAI,0,ICMP,4.994362570528325e-05,0.0,-4.994362570528325e-05,4.994362570528325e-05,18,27
10,5,MIRAI,0,IGMP,0.0,0.0,0.0,0.0,39,28
10,5,MIRAI,0,IPv,1.3394182018577881e-07,0.0,-1.3394182018577881e-07,1.3394182018577881e-07,31,29
10,5,MIRAI,0,LLC,1.4198412032712e-07,0.0,-1.4198412032712e-07,1.4198412032712e-07,30,30
10,5,MIRAI,0,Tot sum,0.726450435638266,0.0,-0.726450435638266,0.726450435638266,1,31
10,5,MIRAI,0,Min,0.020366889456437907,0.0,-0.020366889456437907,0.020366889456437907,6,32
10,5,MIRAI,0,Max,0.02907858434607183,0.0,-0.02907858434607183,0.02907858434607183,5,33
10,5,MIRAI,0,AVG,0.5310202517836995,0.0,-0.5310202517836995,0.5310202517836995,2,34
10,5,MIRAI,0,Std,0.020256257114476768,0.0,-0.020256257114476768,0.020256257114476768,7,35
10,5,MIRAI,0,Tot size,0.4317369399415516,0.0,-0.4317369399415516,0.4317369399415516,3,36
10,5,MIRAI,0,IAT,0.0001421296930735443,0.0,-0.0001421296930735443,0.0001421296930735443,15,37
10,5,MIRAI,0,Number,7.872817449351348e-06,0.0,-7.872817449351348e-06,7.872817449351348e-06,26,38
10,5,MIRAI,0,Variance,0.04662685315580929,0.0,-0.04662685315580929,0.04662685315580929,4,39
10,1,RECON,1,Header_Length,0.0013253696506880105,0.0009174260249632458,-0.00040794362572476467,0.00040794362572476467,18,18
10,1,RECON,1,Protocol Type,0.00015151457941941476,6.37779716950646e-05,-8.773660772435016e-05,8.773660772435016e-05,22,25
10,1,RECON,1,Time_To_Live,0.046458272522686285,0.02575472143506107,-0.020703551087625217,0.020703551087625217,10,9
10,1,RECON,1,Rate,0.0002737956458340427,0.0002212688087800315,-5.252683705401118e-05,5.252683705401118e-05,21,19
10,1,RECON,1,fin_flag_number,8.478126463919001e-05,6.98081449316735e-05,-1.4973119707516517e-05,1.4973119707516517e-05,25,23
10,1,RECON,1,syn_flag_number,0.012965361406219318,0.06275090788802637,0.04978554648180705,0.04978554648180705,12,7
10,1,RECON,1,rst_flag_number,0.00013621361590272638,0.00013958392670272368,3.3703107999973005e-06,3.3703107999973005e-06,23,21
10,1,RECON,1,psh_flag_number,0.00010468539835037438,0.00015414951620943527,4.946411785906089e-05,4.946411785906089e-05,24,20
10,1,RECON,1,ack_flag_number,0.04836092723709999,0.020279806660309395,-0.028081120576790596,0.028081120576790596,9,12
10,1,RECON,1,ece_flag_number,0.0,0.0,0.0,0.0,33,34
10,1,RECON,1,cwr_flag_number,0.0,0.0,0.0,0.0,34,35
10,1,RECON,1,ack_count,0.005619618625308935,0.0018134439907179058,-0.003806174634591029,0.003806174634591029,15,16
10,1,RECON,1,syn_count,0.017735462841999367,0.022879742587804862,0.005144279745805495,0.005144279745805495,11,11
10,1,RECON,1,fin_count,0.008174492757865626,0.006127941454679051,-0.0020465513031865754,0.0020465513031865754,14,14
10,1,RECON,1,rst_count,0.005524283635690738,0.004770012043403029,-0.0007542715922877093,0.0007542715922877093,16,15
10,1,RECON,1,HTTP,7.837707624124304e-05,4.9542243716098566e-05,-2.8834832525144474e-05,2.8834832525144474e-05,26,26
10,1,RECON,1,HTTPS,6.988793041396221e-05,3.180402972606667e-05,-3.8083900687895544e-05,3.8083900687895544e-05,27,27
10,1,RECON,1,DNS,9.173336108039892e-06,4.442192657363199e-06,-4.731143450676693e-06,4.731143450676693e-06,31,31
10,1,RECON,1,Telnet,0.0,0.0,0.0,0.0,35,36
10,1,RECON,1,SMTP,0.0,0.0,0.0,0.0,36,37
10,1,RECON,1,SSH,0.0,1.0676378818323704e-05,1.0676378818323704e-05,1.0676378818323704e-05,37,29
10,1,RECON,1,IRC,0.0,0.0,0.0,0.0,38,38
10,1,RECON,1,TCP,0.0002969670172914375,9.305059540734502e-05,-0.0002039164218840925,0.0002039164218840925,20,22
10,1,RECON,1,UDP,0.011542467852779544,0.0065978723123831795,-0.004944595540396364,0.004944595540396364,13,13
10,1,RECON,1,DHCP,1.1870667690959621e-06,7.823309725829406e-07,-4.0473579651302155e-07,4.0473579651302155e-07,32,33
10,1,RECON,1,ARP,9.850117053096129e-06,5.786038676416552e-06,-4.064078376679577e-06,4.064078376679577e-06,30,30
10,1,RECON,1,ICMP,0.00036127660940275883,6.7643617938334e-05,-0.0002936329914644248,0.0002936329914644248,19,24
10,1,RECON,1,IGMP,0.0,0.0,0.0,0.0,39,39
10,1,RECON,1,IPv,1.8021839495342134e-05,4.3749612530646654e-06,-1.3646878242277469e-05,1.3646878242277469e-05,29,32
10,1,RECON,1,LLC,1.8484648453279745e-05,1.852820031590895e-05,4.355186262920569e-08,4.355186262920569e-08,28,28
10,1,RECON,1,Tot sum,0.49097284048761825,0.5237218183799403,0.032748977892322007,0.032748977892322007,2,2
10,1,RECON,1,Min,0.003277703421277951,0.0012805543844374937,-0.0019971490368404575,0.0019971490368404575,17,17
10,1,RECON,1,Max,0.07509608496024439,0.025744247371267546,-0.04935183758897685,0.04935183758897685,7,10
10,1,RECON,1,AVG,0.3383031570227999,0.10920580051380775,-0.22909735650899216,0.22909735650899216,3,5
10,1,RECON,1,Std,0.3324008695643115,0.11377049361040605,-0.21863037595390544,0.21863037595390544,5,4
10,1,RECON,1,Tot size,0.2637168972455619,0.09870413161387849,-0.16501276563168343,0.16501276563168343,6,6
10,1,RECON,1,IAT,0.3380897090307753,0.6641910428182007,0.32610133378742545,0.32610133378742545,4,1
10,1,RECON,1,Number,0.06347910484413775,0.054336770668416384,-0.00914233417572137,0.00914233417572137,8,8
10,1,RECON,1,Variance,0.578991556338924,0.4906045929782396,-0.08838696336068436,0.08838696336068436,1,3
10,2,RECON,0,Header_Length,0.0013253696506880105,0.0,-0.0013253696506880105,0.0013253696506880105,18,1
10,2,RECON,0,Protocol Type,0.00015151457941941476,0.0,-0.00015151457941941476,0.00015151457941941476,22,2
10,2,RECON,0,Time_To_Live,0.046458272522686285,0.0,-0.046458272522686285,0.046458272522686285,10,3
10,2,RECON,0,Rate,0.0002737956458340427,0.0,-0.0002737956458340427,0.0002737956458340427,21,4
10,2,RECON,0,fin_flag_number,8.478126463919001e-05,0.0,-8.478126463919001e-05,8.478126463919001e-05,25,5
10,2,RECON,0,syn_flag_number,0.012965361406219318,0.0,-0.012965361406219318,0.012965361406219318,12,6
10,2,RECON,0,rst_flag_number,0.00013621361590272638,0.0,-0.00013621361590272638,0.00013621361590272638,23,7
10,2,RECON,0,psh_flag_number,0.00010468539835037438,0.0,-0.00010468539835037438,0.00010468539835037438,24,8
10,2,RECON,0,ack_flag_number,0.04836092723709999,0.0,-0.04836092723709999,0.04836092723709999,9,9
10,2,RECON,0,ece_flag_number,0.0,0.0,0.0,0.0,33,10
10,2,RECON,0,cwr_flag_number,0.0,0.0,0.0,0.0,34,11
10,2,RECON,0,ack_count,0.005619618625308935,0.0,-0.005619618625308935,0.005619618625308935,15,12
10,2,RECON,0,syn_count,0.017735462841999367,0.0,-0.017735462841999367,0.017735462841999367,11,13
10,2,RECON,0,fin_count,0.008174492757865626,0.0,-0.008174492757865626,0.008174492757865626,14,14
10,2,RECON,0,rst_count,0.005524283635690738,0.0,-0.005524283635690738,0.005524283635690738,16,15
10,2,RECON,0,HTTP,7.837707624124304e-05,0.0,-7.837707624124304e-05,7.837707624124304e-05,26,16
10,2,RECON,0,HTTPS,6.988793041396221e-05,0.0,-6.988793041396221e-05,6.988793041396221e-05,27,17
10,2,RECON,0,DNS,9.173336108039892e-06,0.0,-9.173336108039892e-06,9.173336108039892e-06,31,18
10,2,RECON,0,Telnet,0.0,0.0,0.0,0.0,35,19
10,2,RECON,0,SMTP,0.0,0.0,0.0,0.0,36,20
10,2,RECON,0,SSH,0.0,0.0,0.0,0.0,37,21
10,2,RECON,0,IRC,0.0,0.0,0.0,0.0,38,22
10,2,RECON,0,TCP,0.0002969670172914375,0.0,-0.0002969670172914375,0.0002969670172914375,20,23
10,2,RECON,0,UDP,0.011542467852779544,0.0,-0.011542467852779544,0.011542467852779544,13,24
10,2,RECON,0,DHCP,1.1870667690959621e-06,0.0,-1.1870667690959621e-06,1.1870667690959621e-06,32,25
10,2,RECON,0,ARP,9.850117053096129e-06,0.0,-9.850117053096129e-06,9.850117053096129e-06,30,26
10,2,RECON,0,ICMP,0.00036127660940275883,0.0,-0.00036127660940275883,0.00036127660940275883,19,27
10,2,RECON,0,IGMP,0.0,0.0,0.0,0.0,39,28
10,2,RECON,0,IPv,1.8021839495342134e-05,0.0,-1.8021839495342134e-05,1.8021839495342134e-05,29,29
10,2,RECON,0,LLC,1.8484648453279745e-05,0.0,-1.8484648453279745e-05,1.8484648453279745e-05,28,30
10,2,RECON,0,Tot sum,0.49097284048761825,0.0,-0.49097284048761825,0.49097284048761825,2,31
10,2,RECON,0,Min,0.003277703421277951,0.0,-0.003277703421277951,0.003277703421277951,17,32
10,2,RECON,0,Max,0.07509608496024439,0.0,-0.07509608496024439,0.07509608496024439,7,33
10,2,RECON,0,AVG,0.3383031570227999,0.0,-0.3383031570227999,0.3383031570227999,3,34
10,2,RECON,0,Std,0.3324008695643115,0.0,-0.3324008695643115,0.3324008695643115,5,35
10,2,RECON,0,Tot size,0.2637168972455619,0.0,-0.2637168972455619,0.2637168972455619,6,36
10,2,RECON,0,IAT,0.3380897090307753,0.0,-0.3380897090307753,0.3380897090307753,4,37
10,2,RECON,0,Number,0.06347910484413775,0.0,-0.06347910484413775,0.06347910484413775,8,38
10,2,RECON,0,Variance,0.578991556338924,0.0,-0.578991556338924,0.578991556338924,1,39
10,3,RECON,0,Header_Length,0.0013253696506880105,0.0,-0.0013253696506880105,0.0013253696506880105,18,1
10,3,RECON,0,Protocol Type,0.00015151457941941476,0.0,-0.00015151457941941476,0.00015151457941941476,22,2
10,3,RECON,0,Time_To_Live,0.046458272522686285,0.0,-0.046458272522686285,0.046458272522686285,10,3
10,3,RECON,0,Rate,0.0002737956458340427,0.0,-0.0002737956458340427,0.0002737956458340427,21,4
10,3,RECON,0,fin_flag_number,8.478126463919001e-05,0.0,-8.478126463919001e-05,8.478126463919001e-05,25,5
10,3,RECON,0,syn_flag_number,0.012965361406219318,0.0,-0.012965361406219318,0.012965361406219318,12,6
10,3,RECON,0,rst_flag_number,0.00013621361590272638,0.0,-0.00013621361590272638,0.00013621361590272638,23,7
10,3,RECON,0,psh_flag_number,0.00010468539835037438,0.0,-0.00010468539835037438,0.00010468539835037438,24,8
10,3,RECON,0,ack_flag_number,0.04836092723709999,0.0,-0.04836092723709999,0.04836092723709999,9,9
10,3,RECON,0,ece_flag_number,0.0,0.0,0.0,0.0,33,10
10,3,RECON,0,cwr_flag_number,0.0,0.0,0.0,0.0,34,11
10,3,RECON,0,ack_count,0.005619618625308935,0.0,-0.005619618625308935,0.005619618625308935,15,12
10,3,RECON,0,syn_count,0.017735462841999367,0.0,-0.017735462841999367,0.017735462841999367,11,13
10,3,RECON,0,fin_count,0.008174492757865626,0.0,-0.008174492757865626,0.008174492757865626,14,14
10,3,RECON,0,rst_count,0.005524283635690738,0.0,-0.005524283635690738,0.005524283635690738,16,15
10,3,RECON,0,HTTP,7.837707624124304e-05,0.0,-7.837707624124304e-05,7.837707624124304e-05,26,16
10,3,RECON,0,HTTPS,6.988793041396221e-05,0.0,-6.988793041396221e-05,6.988793041396221e-05,27,17
10,3,RECON,0,DNS,9.173336108039892e-06,0.0,-9.173336108039892e-06,9.173336108039892e-06,31,18
10,3,RECON,0,Telnet,0.0,0.0,0.0,0.0,35,19
10,3,RECON,0,SMTP,0.0,0.0,0.0,0.0,36,20
10,3,RECON,0,SSH,0.0,0.0,0.0,0.0,37,21
10,3,RECON,0,IRC,0.0,0.0,0.0,0.0,38,22
10,3,RECON,0,TCP,0.0002969670172914375,0.0,-0.0002969670172914375,0.0002969670172914375,20,23
10,3,RECON,0,UDP,0.011542467852779544,0.0,-0.011542467852779544,0.011542467852779544,13,24
10,3,RECON,0,DHCP,1.1870667690959621e-06,0.0,-1.1870667690959621e-06,1.1870667690959621e-06,32,25
10,3,RECON,0,ARP,9.850117053096129e-06,0.0,-9.850117053096129e-06,9.850117053096129e-06,30,26
10,3,RECON,0,ICMP,0.00036127660940275883,0.0,-0.00036127660940275883,0.00036127660940275883,19,27
10,3,RECON,0,IGMP,0.0,0.0,0.0,0.0,39,28
10,3,RECON,0,IPv,1.8021839495342134e-05,0.0,-1.8021839495342134e-05,1.8021839495342134e-05,29,29
10,3,RECON,0,LLC,1.8484648453279745e-05,0.0,-1.8484648453279745e-05,1.8484648453279745e-05,28,30
10,3,RECON,0,Tot sum,0.49097284048761825,0.0,-0.49097284048761825,0.49097284048761825,2,31
10,3,RECON,0,Min,0.003277703421277951,0.0,-0.003277703421277951,0.003277703421277951,17,32
10,3,RECON,0,Max,0.07509608496024439,0.0,-0.07509608496024439,0.07509608496024439,7,33
10,3,RECON,0,AVG,0.3383031570227999,0.0,-0.3383031570227999,0.3383031570227999,3,34
10,3,RECON,0,Std,0.3324008695643115,0.0,-0.3324008695643115,0.3324008695643115,5,35
10,3,RECON,0,Tot size,0.2637168972455619,0.0,-0.2637168972455619,0.2637168972455619,6,36
10,3,RECON,0,IAT,0.3380897090307753,0.0,-0.3380897090307753,0.3380897090307753,4,37
10,3,RECON,0,Number,0.06347910484413775,0.0,-0.06347910484413775,0.06347910484413775,8,38
10,3,RECON,0,Variance,0.578991556338924,0.0,-0.578991556338924,0.578991556338924,1,39
10,4,RECON,1,Header_Length,0.0013253696506880105,0.0009517264941351655,-0.000373643156552845,0.000373643156552845,18,18
10,4,RECON,1,Protocol Type,0.00015151457941941476,8.052426090658925e-05,-7.099031851282551e-05,7.099031851282551e-05,22,26
10,4,RECON,1,Time_To_Live,0.046458272522686285,0.030380784799340463,-0.016077487723345822,0.016077487723345822,10,10
10,4,RECON,1,Rate,0.0002737956458340427,0.00046328937478547184,0.00018949372895142916,0.00018949372895142916,21,20
10,4,RECON,1,fin_flag_number,8.478126463919001e-05,9.238487353634284e-05,7.6036088971528335e-06,7.6036088971528335e-06,25,24
10,4,RECON,1,syn_flag_number,0.012965361406219318,0.01627900576825574,0.003313644362036421,0.003313644362036421,12,11
10,4,RECON,1,rst_flag_number,0.00013621361590272638,9.098349432497679e-05,-4.523012157774959e-05,4.523012157774959e-05,23,25
10,4,RECON,1,psh_flag_number,0.00010468539835037438,0.00016010497040188433,5.5419572051509954e-05,5.5419572051509954e-05,24,23
10,4,RECON,1,ack_flag_number,0.04836092723709999,0.04231777148168656,-0.006043155755413428,0.006043155755413428,9,9
10,4,RECON,1,ece_flag_number,0.0,0.0,0.0,0.0,33,33
10,4,RECON,1,cwr_flag_number,0.0,0.0,0.0,0.0,34,34
10,4,RECON,1,ack_count,0.005619618625308935,0.008423735851563943,0.002804117226255008,0.002804117226255008,15,15
10,4,RECON,1,syn_count,0.017735462841999367,0.014602814276748437,-0.0031326485652509294,0.0031326485652509294,11,12
10,4,RECON,1,fin_count,0.008174492757865626,0.011252403315253248,0.003077910557387622,0.003077910557387622,14,14
10,4,RECON,1,rst_count,0.005524283635690738,0.0039443597439111225,-0.0015799238917796159,0.0015799238917796159,16,16
10,4,RECON,1,HTTP,7.837707624124304e-05,0.0001737047169229546,9.532764068171156e-05,9.532764068171156e-05,26,22
10,4,RECON,1,HTTPS,6.988793041396221e-05,3.075676647890299e-05,-3.913116393505922e-05,3.913116393505922e-05,27,27
10,4,RECON,1,DNS,9.173336108039892e-06,1.2020437146494513e-05,2.847101038454621e-06,2.847101038454621e-06,31,29
10,4,RECON,1,Telnet,0.0,0.0,0.0,0.0,35,35
10,4,RECON,1,SMTP,0.0,0.0,0.0,0.0,36,36
10,4,RECON,1,SSH,0.0,0.0,0.0,0.0,37,37
10,4,RECON,1,IRC,0.0,0.0,0.0,0.0,38,38
10,4,RECON,1,TCP,0.0002969670172914375,0.00029888597411226625,1.9189568208287356e-06,1.9189568208287356e-06,20,21
10,4,RECON,1,UDP,0.011542467852779544,0.013473336893783454,0.0019308690410039103,0.0019308690410039103,13,13
10,4,RECON,1,DHCP,1.1870667690959621e-06,0.0,-1.1870667690959621e-06,1.1870667690959621e-06,32,39
10,4,RECON,1,ARP,9.850117053096129e-06,2.5368598950090732e-05,1.55184818969946e-05,1.55184818969946e-05,30,28
10,4,RECON,1,ICMP,0.00036127660940275883,0.0004689783192496839,0.00010770170984692509,0.00010770170984692509,19,19
10,4,RECON,1,IGMP,0.0,5.3077502463934736e-08,5.3077502463934736e-08,5.3077502463934736e-08,39,32
10,4,RECON,1,IPv,1.8021839495342134e-05,7.3406115978408895e-06,-1.0681227897501245e-05,1.0681227897501245e-05,29,31
10,4,RECON,1,LLC,1.8484648453279745e-05,8.368984701134619e-06,-1.0115663752145126e-05,1.0115663752145126e-05,28,30
10,4,RECON,1,Tot sum,0.49097284048761825,0.7160871437957346,0.22511430330811633,0.22511430330811633,2,1
10,4,RECON,1,Min,0.003277703421277951,0.0011126744479901538,-0.0021650289732877974,0.0021650289732877974,17,17
10,4,RECON,1,Max,0.07509608496024439,0.05300183419273295,-0.02209425076751144,0.02209425076751144,7,8
10,4,RECON,1,AVG,0.3383031570227999,0.26439511539862326,-0.07390804162417663,0.07390804162417663,3,3
10,4,RECON,1,Std,0.3324008695643115,0.2179132034494974,-0.11448766611481406,0.11448766611481406,5,4
10,4,RECON,1,Tot size,0.2637168972455619,0.20606877302799204,-0.057648124217569874,0.057648124217569874,6,5
10,4,RECON,1,IAT,0.3380897090307753,0.08970789640141885,-0.24838181262935644,0.24838181262935644,4,6
10,4,RECON,1,Number,0.06347910484413775,0.06885670217258198,0.005377597328444228,0.005377597328444228,8,7
10,4,RECON,1,Variance,0.578991556338924,0.5551364949102893,-0.023855061428634694,0.023855061428634694,1,2
10,5,RECON,1,Header_Length,0.0013253696506880105,0.001982582142120891,0.0006572124914328806,0.0006572124914328806,18,18
10,5,RECON,1,Protocol Type,0.00015151457941941476,0.00029137855512201586,0.0001398639757026011,0.0001398639757026011,22,22
10,5,RECON,1,Time_To_Live,0.046458272522686285,0.024543889839061566,-0.02191438268362472,0.02191438268362472,10,13
10,5,RECON,1,Rate,0.0002737956458340427,0.0012539472444970754,0.0009801515986630326,0.0009801515986630326,21,19
10,5,RECON,1,fin_flag_number,8.478126463919001e-05,0.00015809826446072517,7.331699982153516e-05,7.331699982153516e-05,25,24
10,5,RECON,1,syn_flag_number,0.012965361406219318,0.03350990849563172,0.020544547089412404,0.020544547089412404,12,10
10,5,RECON,1,rst_flag_number,0.00013621361590272638,5.760815367907493e-05,-7.860546222365145e-05,7.860546222365145e-05,23,25
10,5,RECON,1,psh_flag_number,0.00010468539835037438,0.00019972918038177958,9.50437820314052e-05,9.50437820314052e-05,24,23
10,5,RECON,1,ack_flag_number,0.04836092723709999,0.04808512227053578,-0.00027580496656420816,0.00027580496656420816,9,8
10,5,RECON,1,ece_flag_number,0.0,0.0,0.0,0.0,33,33
10,5,RECON,1,cwr_flag_number,0.0,0.0,0.0,0.0,34,34
10,5,RECON,1,ack_count,0.005619618625308935,0.017596661721125197,0.011977043095816263,0.011977043095816263,15,15
10,5,RECON,1,syn_count,0.017735462841999367,0.027468285901291366,0.009732823059292,0.009732823059292,11,12
10,5,RECON,1,fin_count,0.008174492757865626,0.020393261259504792,0.012218768501639166,0.012218768501639166,14,14
10,5,RECON,1,rst_count,0.005524283635690738,0.009570642121904116,0.004046358486213378,0.004046358486213378,16,16
10,5,RECON,1,HTTP,7.837707624124304e-05,2.670154437631341e-05,-5.167553186492963e-05,5.167553186492963e-05,26,27
10,5,RECON,1,HTTPS,6.988793041396221e-05,4.630083856302603e-05,-2.3587091850936182e-05,2.3587091850936182e-05,27,26
10,5,RECON,1,DNS,9.173336108039892e-06,1.2424492319791339e-05,3.251156211751447e-06,3.251156211751447e-06,31,28
10,5,RECON,1,Telnet,0.0,0.0,0.0,0.0,35,35
10,5,RECON,1,SMTP,0.0,0.0,0.0,0.0,36,36
10,5,RECON,1,SSH,0.0,0.0,0.0,0.0,37,37
10,5,RECON,1,IRC,0.0,0.0,0.0,0.0,38,38
10,5,RECON,1,TCP,0.0002969670172914375,0.0008705557216694821,0.0005735887043780445,0.0005735887043780445,20,20
10,5,RECON,1,UDP,0.011542467852779544,0.031192065491930834,0.019649597639151292,0.019649597639151292,13,11
10,5,RECON,1,DHCP,1.1870667690959621e-06,4.024934744838743e-07,-7.845732946120878e-07,7.845732946120878e-07,32,32
10,5,RECON,1,ARP,9.850117053096129e-06,8.026836855062914e-06,-1.823280198033215e-06,1.823280198033215e-06,30,30
10,5,RECON,1,ICMP,0.00036127660940275883,0.0007671853093258128,0.00040590869992305394,0.00040590869992305394,19,21
10,5,RECON,1,IGMP,0.0,0.0,0.0,0.0,39,39
10,5,RECON,1,IPv,1.8021839495342134e-05,8.541893011109172e-06,-9.479946484232962e-06,9.479946484232962e-06,29,29
10,5,RECON,1,LLC,1.8484648453279745e-05,3.371877856231111e-06,-1.5112770597048634e-05,1.5112770597048634e-05,28,31
10,5,RECON,1,Tot sum,0.49097284048761825,0.7872718254271115,0.29629898493949325,0.29629898493949325,2,1
10,5,RECON,1,Min,0.003277703421277951,0.002134979870710718,-0.0011427235505672333,0.0011427235505672333,17,17
10,5,RECON,1,Max,0.07509608496024439,0.04346621796442835,-0.03162986699581604,0.03162986699581604,7,9
10,5,RECON,1,AVG,0.3383031570227999,0.17342109532410202,-0.16488206169869787,0.16488206169869787,3,5
10,5,RECON,1,Std,0.3324008695643115,0.18022617948493488,-0.1521746900793766,0.1521746900793766,5,4
10,5,RECON,1,Tot size,0.2637168972455619,0.1571404173337781,-0.10657647991178382,0.10657647991178382,6,6
10,5,RECON,1,IAT,0.3380897090307753,0.19510733722257634,-0.14298237180819895,0.14298237180819895,4,3
10,5,RECON,1,Number,0.06347910484413775,0.0663748697936664,0.0028957649495286453,0.0028957649495286453,8,7
10,5,RECON,1,Variance,0.578991556338924,0.4919330907250856,-0.08705846561383834,0.08705846561383834,1,2
10,1,SPOOFING,1,Header_Length,0.0009478327433981286,0.001141773953284158,0.00019394120988602945,0.00019394120988602945,18,19
10,1,SPOOFING,1,Protocol Type,6.890253958298319e-05,3.496944784792881e-05,-3.393309173505438e-05,3.393309173505438e-05,23,25
10,1,SPOOFING,1,Time_To_Live,0.036089987829043456,0.06834835048697427,0.03225836265793081,0.03225836265793081,10,6
10,1,SPOOFING,1,Rate,0.0006250134054591275,0.0017232590899298457,0.0010982456844707182,0.0010982456844707182,19,18
10,1,SPOOFING,1,fin_flag_number,3.7552540285642e-05,9.361904822991656e-05,5.606650794427456e-05,5.606650794427456e-05,25,23
10,1,SPOOFING,1,syn_flag_number,0.010114076906211893,0.008778621678753566,-0.0013354552274583275,0.0013354552274583275,13,12
10,1,SPOOFING,1,rst_flag_number,1.4990567421094317e-05,1.4433102671212133e-05,-5.574647498821841e-07,5.574647498821841e-07,27,26
10,1,SPOOFING,1,psh_flag_number,0.00010398977308778663,7.774133417487632e-05,-2.6248438912910313e-05,2.6248438912910313e-05,22,24
10,1,SPOOFING,1,ack_flag_number,0.018903568321027065,0.03960684504894021,0.020703276727913143,0.020703276727913143,11,7
10,1,SPOOFING,1,ece_flag_number,0.0,0.0,0.0,0.0,33,33
10,1,SPOOFING,1,cwr_flag_number,0.0,0.0,0.0,0.0,34,34
10,1,SPOOFING,1,ack_count,0.001416520745229482,0.0035546603698160682,0.0021381396245865863,0.0021381396245865863,17,17
10,1,SPOOFING,1,syn_count,0.01045793984009189,0.008183089000102617,-0.0022748508399892727,0.0022748508399892727,12,14
10,1,SPOOFING,1,fin_count,0.004588812442679693,0.008698307716347869,0.004109495273668176,0.004109495273668176,15,13
10,1,SPOOFING,1,rst_count,0.0024950234389412816,0.004071296197204282,0.0015762727582630002,0.0015762727582630002,16,16
10,1,SPOOFING,1,HTTP,2.4418281385170815e-05,9.30336491722102e-06,-1.5114916467949795e-05,1.5114916467949795e-05,26,27
10,1,SPOOFING,1,HTTPS,4.051879813649064e-05,0.0001320387900629004,9.151999192640975e-05,9.151999192640975e-05,24,22
10,1,SPOOFING,1,DNS,2.552422195282945e-06,1.5348183931715924e-06,-1.0176038021113527e-06,1.0176038021113527e-06,31,31
10,1,SPOOFING,1,Telnet,0.0,0.0,0.0,0.0,35,35
10,1,SPOOFING,1,SMTP,0.0,0.0,0.0,0.0,36,36
10,1,SPOOFING,1,SSH,0.0,0.0,0.0,0.0,37,37
10,1,SPOOFING,1,IRC,0.0,0.0,0.0,0.0,38,38
10,1,SPOOFING,1,TCP,0.00013428702752662326,0.00017214765410228635,3.786062657566309e-05,3.786062657566309e-05,21,20
10,1,SPOOFING,1,UDP,0.00630523919150558,0.006466057245963947,0.0001608180544583667,0.0001608180544583667,14,15
10,1,SPOOFING,1,DHCP,2.466297455322433e-09,2.0772994859227642e-07,2.0526365113695399e-07,2.0526365113695399e-07,32,32
10,1,SPOOFING,1,ARP,6.3455588597575446e-06,8.393648966062908e-06,2.0480901063053632e-06,2.0480901063053632e-06,29,29
10,1,SPOOFING,1,ICMP,0.00016556374395170065,0.000147450070582873,-1.811367336882765e-05,1.811367336882765e-05,20,21
10,1,SPOOFING,1,IGMP,0.0,0.0,0.0,0.0,39,39
10,1,SPOOFING,1,IPv,4.015066710553091e-06,2.3372581076938168e-06,-1.6778086028592742e-06,1.6778086028592742e-06,30,30
10,1,SPOOFING,1,LLC,8.314913582977852e-06,8.973432003839853e-06,6.585184208620009e-07,6.585184208620009e-07,28,28
10,1,SPOOFING,1,Tot sum,0.4033707704032471,0.38655231628094583,-0.016818454122301263,0.016818454122301263,4,4
10,1,SPOOFING,1,Min,0.051467805062742435,0.0261768581440447,-0.025290946918697734,0.025290946918697734,8,11
10,1,SPOOFING,1,Max,0.05840319546902549,0.03583227294004991,-0.02257092252897558,0.02257092252897558,6,10
10,1,SPOOFING,1,AVG,0.45258389639709534,0.4332546114670384,-0.019329284930056922,0.019329284930056922,3,3
10,1,SPOOFING,1,Std,0.21312374253517777,0.14529681288512664,-0.06782692965005113,0.06782692965005113,5,5
10,1,SPOOFING,1,Tot size,0.5134102462258597,0.6065818000680786,0.09317155384221887,0.09317155384221887,2,1
10,1,SPOOFING,1,IAT,0.057535395696155116,0.03634981266533406,-0.021185583030821055,0.021185583030821055,7,8
10,1,SPOOFING,1,Number,0.0368114364273278,0.036270808734315964,-0.0005406276930118373,0.0005406276930118373,9,9
10,1,SPOOFING,1,Variance,0.5574772298562922,0.5125171000697013,-0.04496012978659092,0.04496012978659092,1,2
10,2,SPOOFING,0,Header_Length,0.0009478327433981286,0.0,-0.0009478327433981286,0.0009478327433981286,18,1
10,2,SPOOFING,0,Protocol Type,6.890253958298319e-05,0.0,-6.890253958298319e-05,6.890253958298319e-05,23,2
10,2,SPOOFING,0,Time_To_Live,0.036089987829043456,0.0,-0.036089987829043456,0.036089987829043456,10,3
10,2,SPOOFING,0,Rate,0.0006250134054591275,0.0,-0.0006250134054591275,0.0006250134054591275,19,4
10,2,SPOOFING,0,fin_flag_number,3.7552540285642e-05,0.0,-3.7552540285642e-05,3.7552540285642e-05,25,5
10,2,SPOOFING,0,syn_flag_number,0.010114076906211893,0.0,-0.010114076906211893,0.010114076906211893,13,6
10,2,SPOOFING,0,rst_flag_number,1.4990567421094317e-05,0.0,-1.4990567421094317e-05,1.4990567421094317e-05,27,7
10,2,SPOOFING,0,psh_flag_number,0.00010398977308778663,0.0,-0.00010398977308778663,0.00010398977308778663,22,8
10,2,SPOOFING,0,ack_flag_number,0.018903568321027065,0.0,-0.018903568321027065,0.018903568321027065,11,9
10,2,SPOOFING,0,ece_flag_number,0.0,0.0,0.0,0.0,33,10
10,2,SPOOFING,0,cwr_flag_number,0.0,0.0,0.0,0.0,34,11
10,2,SPOOFING,0,ack_count,0.001416520745229482,0.0,-0.001416520745229482,0.001416520745229482,17,12
10,2,SPOOFING,0,syn_count,0.01045793984009189,0.0,-0.01045793984009189,0.01045793984009189,12,13
10,2,SPOOFING,0,fin_count,0.004588812442679693,0.0,-0.004588812442679693,0.004588812442679693,15,14
10,2,SPOOFING,0,rst_count,0.0024950234389412816,0.0,-0.0024950234389412816,0.0024950234389412816,16,15
10,2,SPOOFING,0,HTTP,2.4418281385170815e-05,0.0,-2.4418281385170815e-05,2.4418281385170815e-05,26,16
10,2,SPOOFING,0,HTTPS,4.051879813649064e-05,0.0,-4.051879813649064e-05,4.051879813649064e-05,24,17
10,2,SPOOFING,0,DNS,2.552422195282945e-06,0.0,-2.552422195282945e-06,2.552422195282945e-06,31,18
10,2,SPOOFING,0,Telnet,0.0,0.0,0.0,0.0,35,19
10,2,SPOOFING,0,SMTP,0.0,0.0,0.0,0.0,36,20
10,2,SPOOFING,0,SSH,0.0,0.0,0.0,0.0,37,21
10,2,SPOOFING,0,IRC,0.0,0.0,0.0,0.0,38,22
10,2,SPOOFING,0,TCP,0.00013428702752662326,0.0,-0.00013428702752662326,0.00013428702752662326,21,23
10,2,SPOOFING,0,UDP,0.00630523919150558,0.0,-0.00630523919150558,0.00630523919150558,14,24
10,2,SPOOFING,0,DHCP,2.466297455322433e-09,0.0,-2.466297455322433e-09,2.466297455322433e-09,32,25
10,2,SPOOFING,0,ARP,6.3455588597575446e-06,0.0,-6.3455588597575446e-06,6.3455588597575446e-06,29,26
10,2,SPOOFING,0,ICMP,0.00016556374395170065,0.0,-0.00016556374395170065,0.00016556374395170065,20,27
10,2,SPOOFING,0,IGMP,0.0,0.0,0.0,0.0,39,28
10,2,SPOOFING,0,IPv,4.015066710553091e-06,0.0,-4.015066710553091e-06,4.015066710553091e-06,30,29
10,2,SPOOFING,0,LLC,8.314913582977852e-06,0.0,-8.314913582977852e-06,8.314913582977852e-06,28,30
10,2,SPOOFING,0,Tot sum,0.4033707704032471,0.0,-0.4033707704032471,0.4033707704032471,4,31
10,2,SPOOFING,0,Min,0.051467805062742435,0.0,-0.051467805062742435,0.051467805062742435,8,32
10,2,SPOOFING,0,Max,0.05840319546902549,0.0,-0.05840319546902549,0.05840319546902549,6,33
10,2,SPOOFING,0,AVG,0.45258389639709534,0.0,-0.45258389639709534,0.45258389639709534,3,34
10,2,SPOOFING,0,Std,0.21312374253517777,0.0,-0.21312374253517777,0.21312374253517777,5,35
10,2,SPOOFING,0,Tot size,0.5134102462258597,0.0,-0.5134102462258597,0.5134102462258597,2,36
10,2,SPOOFING,0,IAT,0.057535395696155116,0.0,-0.057535395696155116,0.057535395696155116,7,37
10,2,SPOOFING,0,Number,0.0368114364273278,0.0,-0.0368114364273278,0.0368114364273278,9,38
10,2,SPOOFING,0,Variance,0.5574772298562922,0.0,-0.5574772298562922,0.5574772298562922,1,39
10,3,SPOOFING,1,Header_Length,0.0009478327433981286,0.0004063588745517926,-0.000541473868846336,0.000541473868846336,18,19
10,3,SPOOFING,1,Protocol Type,6.890253958298319e-05,0.0001076071737470148,3.8704634164031605e-05,3.8704634164031605e-05,23,23
10,3,SPOOFING,1,Time_To_Live,0.036089987829043456,0.04199036269284144,0.005900374863797984,0.005900374863797984,10,7
10,3,SPOOFING,1,Rate,0.0006250134054591275,0.000526087192026739,-9.892621343238856e-05,9.892621343238856e-05,19,18
10,3,SPOOFING,1,fin_flag_number,3.7552540285642e-05,8.351574514550582e-05,4.596320485986382e-05,4.596320485986382e-05,25,24
10,3,SPOOFING,1,syn_flag_number,0.010114076906211893,0.008818750692004553,-0.0012953262142073405,0.0012953262142073405,13,14
10,3,SPOOFING,1,rst_flag_number,1.4990567421094317e-05,4.2425165640725855e-05,2.7434598219631538e-05,2.7434598219631538e-05,27,25
10,3,SPOOFING,1,psh_flag_number,0.00010398977308778663,0.00014572879341704116,4.173902032925453e-05,4.173902032925453e-05,22,21
10,3,SPOOFING,1,ack_flag_number,0.018903568321027065,0.0181274023849232,-0.0007761659361038668,0.0007761659361038668,11,10
10,3,SPOOFING,1,ece_flag_number,0.0,0.0,0.0,0.0,33,32
10,3,SPOOFING,1,cwr_flag_number,0.0,0.0,0.0,0.0,34,33
10,3,SPOOFING,1,ack_count,0.001416520745229482,0.0030984688041966676,0.0016819480589671857,0.0016819480589671857,17,17
10,3,SPOOFING,1,syn_count,0.01045793984009189,0.009068074778058696,-0.0013898650620331934,0.0013898650620331934,12,13
10,3,SPOOFING,1,fin_count,0.004588812442679693,0.009194510516823707,0.004605698074144014,0.004605698074144014,15,12
10,3,SPOOFING,1,rst_count,0.0024950234389412816,0.006328929720814412,0.0038339062818731305,0.0038339062818731305,16,15
10,3,SPOOFING,1,HTTP,2.4418281385170815e-05,1.8780824477573517e-06,-2.2540198937413463e-05,2.2540198937413463e-05,26,29
10,3,SPOOFING,1,HTTPS,4.051879813649064e-05,4.2057588852095835e-05,1.538790715605193e-06,1.538790715605193e-06,24,26
10,3,SPOOFING,1,DNS,2.552422195282945e-06,3.930755501967629e-06,1.3783333066846842e-06,1.3783333066846842e-06,31,28
10,3,SPOOFING,1,Telnet,0.0,0.0,0.0,0.0,35,34
10,3,SPOOFING,1,SMTP,0.0,0.0,0.0,0.0,36,35
10,3,SPOOFING,1,SSH,0.0,0.0,0.0,0.0,37,36
10,3,SPOOFING,1,IRC,0.0,0.0,0.0,0.0,38,37
10,3,SPOOFING,1,TCP,0.00013428702752662326,0.00011126974663039803,-2.3017280896225225e-05,2.3017280896225225e-05,21,22
10,3,SPOOFING,1,UDP,0.00630523919150558,0.005173834039273083,-0.0011314051522324977,0.0011314051522324977,14,16
10,3,SPOOFING,1,DHCP,2.466297455322433e-09,0.0,-2.466297455322433e-09,2.466297455322433e-09,32,38
10,3,SPOOFING,1,ARP,6.3455588597575446e-06,1.3208118200774589e-06,-5.024747039680086e-06,5.024747039680086e-06,29,30
10,3,SPOOFING,1,ICMP,0.00016556374395170065,0.0001638176797936012,-1.7460641580994399e-06,1.7460641580994399e-06,20,20
10,3,SPOOFING,1,IGMP,0.0,0.0,0.0,0.0,39,39
10,3,SPOOFING,1,IPv,4.015066710553091e-06,1.141256533997567e-06,-2.873810176555524e-06,2.873810176555524e-06,30,31
10,3,SPOOFING,1,LLC,8.314913582977852e-06,7.812550393853699e-06,-5.023631891241537e-07,5.023631891241537e-07,28,27
10,3,SPOOFING,1,Tot sum,0.4033707704032471,0.7678334739233954,0.3644627035201483,0.3644627035201483,4,1
10,3,SPOOFING,1,Min,0.051467805062742435,0.014244002250103601,-0.03722380281263883,0.03722380281263883,8,11
10,3,SPOOFING,1,Max,0.05840319546902549,0.03449078915060882,-0.023912406318416672,0.023912406318416672,6,8
10,3,SPOOFING,1,AVG,0.45258389639709534,0.3336071978500196,-0.11897669854707577,0.11897669854707577,3,3
10,3,SPOOFING,1,Std,0.21312374253517777,0.13437375043042094,-0.07874999210475683,0.07874999210475683,5,5
10,3,SPOOFING,1,Tot size,0.5134102462258597,0.2792172723552591,-0.23419297387060062,0.23419297387060062,2,4
10,3,SPOOFING,1,IAT,0.057535395696155116,0.1081416249191236,0.050606229222968487,0.050606229222968487,7,6
10,3,SPOOFING,1,Number,0.0368114364273278,0.020839925757134545,-0.015971510670193256,0.015971510670193256,9,9
10,3,SPOOFING,1,Variance,0.5574772298562922,0.43264847460597494,-0.12482875525031728,0.12482875525031728,1,2
10,4,SPOOFING,0,Header_Length,0.0009478327433981286,0.0,-0.0009478327433981286,0.0009478327433981286,18,1
10,4,SPOOFING,0,Protocol Type,6.890253958298319e-05,0.0,-6.890253958298319e-05,6.890253958298319e-05,23,2
10,4,SPOOFING,0,Time_To_Live,0.036089987829043456,0.0,-0.036089987829043456,0.036089987829043456,10,3
10,4,SPOOFING,0,Rate,0.0006250134054591275,0.0,-0.0006250134054591275,0.0006250134054591275,19,4
10,4,SPOOFING,0,fin_flag_number,3.7552540285642e-05,0.0,-3.7552540285642e-05,3.7552540285642e-05,25,5
10,4,SPOOFING,0,syn_flag_number,0.010114076906211893,0.0,-0.010114076906211893,0.010114076906211893,13,6
10,4,SPOOFING,0,rst_flag_number,1.4990567421094317e-05,0.0,-1.4990567421094317e-05,1.4990567421094317e-05,27,7
10,4,SPOOFING,0,psh_flag_number,0.00010398977308778663,0.0,-0.00010398977308778663,0.00010398977308778663,22,8
10,4,SPOOFING,0,ack_flag_number,0.018903568321027065,0.0,-0.018903568321027065,0.018903568321027065,11,9
10,4,SPOOFING,0,ece_flag_number,0.0,0.0,0.0,0.0,33,10
10,4,SPOOFING,0,cwr_flag_number,0.0,0.0,0.0,0.0,34,11
10,4,SPOOFING,0,ack_count,0.001416520745229482,0.0,-0.001416520745229482,0.001416520745229482,17,12
10,4,SPOOFING,0,syn_count,0.01045793984009189,0.0,-0.01045793984009189,0.01045793984009189,12,13
10,4,SPOOFING,0,fin_count,0.004588812442679693,0.0,-0.004588812442679693,0.004588812442679693,15,14
10,4,SPOOFING,0,rst_count,0.0024950234389412816,0.0,-0.0024950234389412816,0.0024950234389412816,16,15
10,4,SPOOFING,0,HTTP,2.4418281385170815e-05,0.0,-2.4418281385170815e-05,2.4418281385170815e-05,26,16
10,4,SPOOFING,0,HTTPS,4.051879813649064e-05,0.0,-4.051879813649064e-05,4.051879813649064e-05,24,17
10,4,SPOOFING,0,DNS,2.552422195282945e-06,0.0,-2.552422195282945e-06,2.552422195282945e-06,31,18
10,4,SPOOFING,0,Telnet,0.0,0.0,0.0,0.0,35,19
10,4,SPOOFING,0,SMTP,0.0,0.0,0.0,0.0,36,20
10,4,SPOOFING,0,SSH,0.0,0.0,0.0,0.0,37,21
10,4,SPOOFING,0,IRC,0.0,0.0,0.0,0.0,38,22
10,4,SPOOFING,0,TCP,0.00013428702752662326,0.0,-0.00013428702752662326,0.00013428702752662326,21,23
10,4,SPOOFING,0,UDP,0.00630523919150558,0.0,-0.00630523919150558,0.00630523919150558,14,24
10,4,SPOOFING,0,DHCP,2.466297455322433e-09,0.0,-2.466297455322433e-09,2.466297455322433e-09,32,25
10,4,SPOOFING,0,ARP,6.3455588597575446e-06,0.0,-6.3455588597575446e-06,6.3455588597575446e-06,29,26
10,4,SPOOFING,0,ICMP,0.00016556374395170065,0.0,-0.00016556374395170065,0.00016556374395170065,20,27
10,4,SPOOFING,0,IGMP,0.0,0.0,0.0,0.0,39,28
10,4,SPOOFING,0,IPv,4.015066710553091e-06,0.0,-4.015066710553091e-06,4.015066710553091e-06,30,29
10,4,SPOOFING,0,LLC,8.314913582977852e-06,0.0,-8.314913582977852e-06,8.314913582977852e-06,28,30
10,4,SPOOFING,0,Tot sum,0.4033707704032471,0.0,-0.4033707704032471,0.4033707704032471,4,31
10,4,SPOOFING,0,Min,0.051467805062742435,0.0,-0.051467805062742435,0.051467805062742435,8,32
10,4,SPOOFING,0,Max,0.05840319546902549,0.0,-0.05840319546902549,0.05840319546902549,6,33
10,4,SPOOFING,0,AVG,0.45258389639709534,0.0,-0.45258389639709534,0.45258389639709534,3,34
10,4,SPOOFING,0,Std,0.21312374253517777,0.0,-0.21312374253517777,0.21312374253517777,5,35
10,4,SPOOFING,0,Tot size,0.5134102462258597,0.0,-0.5134102462258597,0.5134102462258597,2,36
10,4,SPOOFING,0,IAT,0.057535395696155116,0.0,-0.057535395696155116,0.057535395696155116,7,37
10,4,SPOOFING,0,Number,0.0368114364273278,0.0,-0.0368114364273278,0.0368114364273278,9,38
10,4,SPOOFING,0,Variance,0.5574772298562922,0.0,-0.5574772298562922,0.5574772298562922,1,39
10,5,SPOOFING,1,Header_Length,0.0009478327433981286,0.00033086268990197557,-0.0006169700534961529,0.0006169700534961529,18,17
10,5,SPOOFING,1,Protocol Type,6.890253958298319e-05,5.083084923398277e-05,-1.807169034900042e-05,1.807169034900042e-05,23,20
10,5,SPOOFING,1,Time_To_Live,0.036089987829043456,0.04902589293058403,0.012935905101540572,0.012935905101540572,10,5
10,5,SPOOFING,1,Rate,0.0006250134054591275,2.695758147642959e-05,-0.0005980558239826979,0.0005980558239826979,19,22
10,5,SPOOFING,1,fin_flag_number,3.7552540285642e-05,7.147937795139199e-07,-3.683774650612808e-05,3.683774650612808e-05,25,26
10,5,SPOOFING,1,syn_flag_number,0.010114076906211893,0.004404445910172607,-0.005709630996039286,0.005709630996039286,13,11
10,5,SPOOFING,1,rst_flag_number,1.4990567421094317e-05,1.4695747036279742e-05,-2.94820384814575e-07,2.94820384814575e-07,27,23
10,5,SPOOFING,1,psh_flag_number,0.00010398977308778663,1.2243577242991819e-05,-9.174619584479481e-05,9.174619584479481e-05,22,25
10,5,SPOOFING,1,ack_flag_number,0.018903568321027065,0.018473343193103394,-0.000430225127923671,0.000430225127923671,11,7
10,5,SPOOFING,1,ece_flag_number,0.0,0.0,0.0,0.0,33,32
10,5,SPOOFING,1,cwr_flag_number,0.0,0.0,0.0,0.0,34,33
10,5,SPOOFING,1,ack_count,0.001416520745229482,4.8479295730209385e-05,-0.0013680414494992726,0.0013680414494992726,17,21
10,5,SPOOFING,1,syn_count,0.01045793984009189,0.0014762124165517987,-0.00898172742354009,0.00898172742354009,12,14
10,5,SPOOFING,1,fin_count,0.004588812442679693,0.002434890647090778,-0.0021539217955889147,0.0021539217955889147,15,13
10,5,SPOOFING,1,rst_count,0.0024950234389412816,0.004376584689644922,0.0018815612507036405,0.0018815612507036405,16,12
10,5,SPOOFING,1,HTTP,2.4418281385170815e-05,4.5738447153713335e-07,-2.3960896913633683e-05,2.3960896913633683e-05,26,27
10,5,SPOOFING,1,HTTPS,4.051879813649064e-05,6.852088610125838e-05,2.800208796476774e-05,2.800208796476774e-05,24,19
10,5,SPOOFING,1,DNS,2.552422195282945e-06,2.2656322220097552e-08,-2.5297658730628474e-06,2.5297658730628474e-06,31,31
10,5,SPOOFING,1,Telnet,0.0,0.0,0.0,0.0,35,34
10,5,SPOOFING,1,SMTP,0.0,0.0,0.0,0.0,36,35
10,5,SPOOFING,1,SSH,0.0,0.0,0.0,0.0,37,36
10,5,SPOOFING,1,IRC,0.0,0.0,0.0,0.0,38,37
10,5,SPOOFING,1,TCP,0.00013428702752662326,0.00010873087598674817,-2.5556151539875087e-05,2.5556151539875087e-05,21,18
10,5,SPOOFING,1,UDP,0.00630523919150558,0.004592012977128893,-0.0017132262143766874,0.0017132262143766874,14,10
10,5,SPOOFING,1,DHCP,2.466297455322433e-09,0.0,-2.466297455322433e-09,2.466297455322433e-09,32,38
10,5,SPOOFING,1,ARP,6.3455588597575446e-06,1.7170560213168085e-07,-6.173853257625864e-06,6.173853257625864e-06,29,28
10,5,SPOOFING,1,ICMP,0.00016556374395170065,1.3879697003649437e-05,-0.0001516840469480512,0.0001516840469480512,20,24
10,5,SPOOFING,1,IGMP,0.0,0.0,0.0,0.0,39,39
10,5,SPOOFING,1,IPv,4.015066710553091e-06,6.722229743466537e-08,-3.947844413118426e-06,3.947844413118426e-06,30,30
10,5,SPOOFING,1,LLC,8.314913582977852e-06,1.4351074589552711e-07,-8.171402837082326e-06,8.171402837082326e-06,28,29
10,5,SPOOFING,1,Tot sum,0.4033707704032471,0.04449606322931086,-0.3588747071739362,0.3588747071739362,4,6
10,5,SPOOFING,1,Min,0.051467805062742435,0.0011107648322283606,-0.05035704023051407,0.05035704023051407,8,16
10,5,SPOOFING,1,Max,0.05840319546902549,0.014029482391676326,-0.044373713077349164,0.044373713077349164,6,8
10,5,SPOOFING,1,AVG,0.45258389639709534,0.12357831880082762,-0.3290055775962677,0.3290055775962677,3,4
10,5,SPOOFING,1,Std,0.21312374253517777,0.23305773212557745,0.019933989590399687,0.019933989590399687,5,3
10,5,SPOOFING,1,Tot size,0.5134102462258597,0.39729539994968566,-0.11611484627617408,0.11611484627617408,2,2
10,5,SPOOFING,1,IAT,0.057535395696155116,0.001436240957408219,-0.056099154738746895,0.056099154738746895,7,15
10,5,SPOOFING,1,Number,0.0368114364273278,0.0077077224361363295,-0.029103713991191472,0.029103713991191472,9,9
10,5,SPOOFING,1,Variance,0.5574772298562922,0.8760803292488273,0.31860309939253506,0.31860309939253506,1,1
10,1,WEB,0,Header_Length,0.0003366065093776831,0.0,-0.0003366065093776831,0.0003366065093776831,18,1
10,1,WEB,0,Protocol Type,0.00013322144239569646,0.0,-0.00013322144239569646,0.00013322144239569646,21,2
10,1,WEB,0,Time_To_Live,0.0968531598435512,0.0,-0.0968531598435512,0.0968531598435512,6,3
10,1,WEB,0,Rate,0.0001998459202723704,0.0,-0.0001998459202723704,0.0001998459202723704,19,4
10,1,WEB,0,fin_flag_number,5.718184248660778e-05,0.0,-5.718184248660778e-05,5.718184248660778e-05,24,5
10,1,WEB,0,syn_flag_number,0.007088927635897704,0.0,-0.007088927635897704,0.007088927635897704,13,6
10,1,WEB,0,rst_flag_number,2.740436661442323e-05,0.0,-2.740436661442323e-05,2.740436661442323e-05,28,7
10,1,WEB,0,psh_flag_number,8.117482831253361e-05,0.0,-8.117482831253361e-05,8.117482831253361e-05,22,8
10,1,WEB,0,ack_flag_number,0.008661505948309297,0.0,-0.008661505948309297,0.008661505948309297,12,9
10,1,WEB,0,ece_flag_number,0.0,0.0,0.0,0.0,34,10
10,1,WEB,0,cwr_flag_number,0.0,0.0,0.0,0.0,35,11
10,1,WEB,0,ack_count,0.001519643924358524,0.0,-0.001519643924358524,0.001519643924358524,17,12
10,1,WEB,0,syn_count,0.009131647126410765,0.0,-0.009131647126410765,0.009131647126410765,11,13
10,1,WEB,0,fin_count,0.0029220791647394657,0.0,-0.0029220791647394657,0.0029220791647394657,16,14
10,1,WEB,0,rst_count,0.003316102834182145,0.0,-0.003316102834182145,0.003316102834182145,15,15
10,1,WEB,0,HTTP,5.480080892687364e-05,0.0,-5.480080892687364e-05,5.480080892687364e-05,25,16
10,1,WEB,0,HTTPS,3.664012032322551e-05,0.0,-3.664012032322551e-05,3.664012032322551e-05,27,17
10,1,WEB,0,DNS,1.5189705891811745e-05,0.0,-1.5189705891811745e-05,1.5189705891811745e-05,29,18
10,1,WEB,0,Telnet,0.0,0.0,0.0,0.0,36,19
10,1,WEB,0,SMTP,0.0,0.0,0.0,0.0,37,20
10,1,WEB,0,SSH,1.0053844959739721e-05,0.0,-1.0053844959739721e-05,1.0053844959739721e-05,32,21
10,1,WEB,0,IRC,0.0,0.0,0.0,0.0,38,22
10,1,WEB,0,TCP,7.541441429644911e-05,0.0,-7.541441429644911e-05,7.541441429644911e-05,23,23
10,1,WEB,0,UDP,0.004034202588609003,0.0,-0.004034202588609003,0.004034202588609003,14,24
10,1,WEB,0,DHCP,9.396654421464181e-07,0.0,-9.396654421464181e-07,9.396654421464181e-07,33,25
10,1,WEB,0,ARP,3.8665532490265264e-05,0.0,-3.8665532490265264e-05,3.8665532490265264e-05,26,26
10,1,WEB,0,ICMP,0.00018128443868741556,0.0,-0.00018128443868741556,0.00018128443868741556,20,27
10,1,WEB,0,IGMP,0.0,0.0,0.0,0.0,39,28
10,1,WEB,0,IPv,1.0612120384214632e-05,0.0,-1.0612120384214632e-05,1.0612120384214632e-05,31,29
10,1,WEB,0,LLC,1.3695977043125547e-05,0.0,-1.3695977043125547e-05,1.3695977043125547e-05,30,30
10,1,WEB,0,Tot sum,0.6292127754533133,0.0,-0.6292127754533133,0.6292127754533133,1,31
10,1,WEB,0,Min,0.05140346814300326,0.0,-0.05140346814300326,0.05140346814300326,8,32
10,1,WEB,0,Max,0.02596705174753262,0.0,-0.02596705174753262,0.02596705174753262,10,33
10,1,WEB,0,AVG,0.20672725687909344,0.0,-0.20672725687909344,0.20672725687909344,5,34
10,1,WEB,0,Std,0.08487334231655755,0.0,-0.08487334231655755,0.08487334231655755,7,35
10,1,WEB,0,Tot size,0.4145101781183934,0.0,-0.4145101781183934,0.4145101781183934,3,36
10,1,WEB,0,IAT,0.36515079410426843,0.0,-0.36515079410426843,0.36515079410426843,4,37
10,1,WEB,0,Number,0.04597690217346337,0.0,-0.04597690217346337,0.04597690217346337,9,38
10,1,WEB,0,Variance,0.4836732659951625,0.0,-0.4836732659951625,0.4836732659951625,2,39
10,2,WEB,0,Header_Length,0.0003366065093776831,0.0,-0.0003366065093776831,0.0003366065093776831,18,1
10,2,WEB,0,Protocol Type,0.00013322144239569646,0.0,-0.00013322144239569646,0.00013322144239569646,21,2
10,2,WEB,0,Time_To_Live,0.0968531598435512,0.0,-0.0968531598435512,0.0968531598435512,6,3
10,2,WEB,0,Rate,0.0001998459202723704,0.0,-0.0001998459202723704,0.0001998459202723704,19,4
10,2,WEB,0,fin_flag_number,5.718184248660778e-05,0.0,-5.718184248660778e-05,5.718184248660778e-05,24,5
10,2,WEB,0,syn_flag_number,0.007088927635897704,0.0,-0.007088927635897704,0.007088927635897704,13,6
10,2,WEB,0,rst_flag_number,2.740436661442323e-05,0.0,-2.740436661442323e-05,2.740436661442323e-05,28,7
10,2,WEB,0,psh_flag_number,8.117482831253361e-05,0.0,-8.117482831253361e-05,8.117482831253361e-05,22,8
10,2,WEB,0,ack_flag_number,0.008661505948309297,0.0,-0.008661505948309297,0.008661505948309297,12,9
10,2,WEB,0,ece_flag_number,0.0,0.0,0.0,0.0,34,10
10,2,WEB,0,cwr_flag_number,0.0,0.0,0.0,0.0,35,11
10,2,WEB,0,ack_count,0.001519643924358524,0.0,-0.001519643924358524,0.001519643924358524,17,12
10,2,WEB,0,syn_count,0.009131647126410765,0.0,-0.009131647126410765,0.009131647126410765,11,13
10,2,WEB,0,fin_count,0.0029220791647394657,0.0,-0.0029220791647394657,0.0029220791647394657,16,14
10,2,WEB,0,rst_count,0.003316102834182145,0.0,-0.003316102834182145,0.003316102834182145,15,15
10,2,WEB,0,HTTP,5.480080892687364e-05,0.0,-5.480080892687364e-05,5.480080892687364e-05,25,16
10,2,WEB,0,HTTPS,3.664012032322551e-05,0.0,-3.664012032322551e-05,3.664012032322551e-05,27,17
10,2,WEB,0,DNS,1.5189705891811745e-05,0.0,-1.5189705891811745e-05,1.5189705891811745e-05,29,18
10,2,WEB,0,Telnet,0.0,0.0,0.0,0.0,36,19
10,2,WEB,0,SMTP,0.0,0.0,0.0,0.0,37,20
10,2,WEB,0,SSH,1.0053844959739721e-05,0.0,-1.0053844959739721e-05,1.0053844959739721e-05,32,21
10,2,WEB,0,IRC,0.0,0.0,0.0,0.0,38,22
10,2,WEB,0,TCP,7.541441429644911e-05,0.0,-7.541441429644911e-05,7.541441429644911e-05,23,23
10,2,WEB,0,UDP,0.004034202588609003,0.0,-0.004034202588609003,0.004034202588609003,14,24
10,2,WEB,0,DHCP,9.396654421464181e-07,0.0,-9.396654421464181e-07,9.396654421464181e-07,33,25
10,2,WEB,0,ARP,3.8665532490265264e-05,0.0,-3.8665532490265264e-05,3.8665532490265264e-05,26,26
10,2,WEB,0,ICMP,0.00018128443868741556,0.0,-0.00018128443868741556,0.00018128443868741556,20,27
10,2,WEB,0,IGMP,0.0,0.0,0.0,0.0,39,28
10,2,WEB,0,IPv,1.0612120384214632e-05,0.0,-1.0612120384214632e-05,1.0612120384214632e-05,31,29
10,2,WEB,0,LLC,1.3695977043125547e-05,0.0,-1.3695977043125547e-05,1.3695977043125547e-05,30,30
10,2,WEB,0,Tot sum,0.6292127754533133,0.0,-0.6292127754533133,0.6292127754533133,1,31
10,2,WEB,0,Min,0.05140346814300326,0.0,-0.05140346814300326,0.05140346814300326,8,32
10,2,WEB,0,Max,0.02596705174753262,0.0,-0.02596705174753262,0.02596705174753262,10,33
10,2,WEB,0,AVG,0.20672725687909344,0.0,-0.20672725687909344,0.20672725687909344,5,34
10,2,WEB,0,Std,0.08487334231655755,0.0,-0.08487334231655755,0.08487334231655755,7,35
10,2,WEB,0,Tot size,0.4145101781183934,0.0,-0.4145101781183934,0.4145101781183934,3,36
10,2,WEB,0,IAT,0.36515079410426843,0.0,-0.36515079410426843,0.36515079410426843,4,37
10,2,WEB,0,Number,0.04597690217346337,0.0,-0.04597690217346337,0.04597690217346337,9,38
10,2,WEB,0,Variance,0.4836732659951625,0.0,-0.4836732659951625,0.4836732659951625,2,39
10,3,WEB,1,Header_Length,0.0003366065093776831,0.0003733666270541034,3.6760117676420305e-05,3.6760117676420305e-05,18,18
10,3,WEB,1,Protocol Type,0.00013322144239569646,0.00022311494054904872,8.989349815335227e-05,8.989349815335227e-05,21,20
10,3,WEB,1,Time_To_Live,0.0968531598435512,0.07064894421938346,-0.026204215624167734,0.026204215624167734,6,7
10,3,WEB,1,Rate,0.0001998459202723704,8.378763652657052e-05,-0.00011605828374579987,0.00011605828374579987,19,22
10,3,WEB,1,fin_flag_number,5.718184248660778e-05,4.893292981641128e-05,-8.248912670196498e-06,8.248912670196498e-06,24,26
10,3,WEB,1,syn_flag_number,0.007088927635897704,0.005402005613024415,-0.0016869220228732896,0.0016869220228732896,13,12
10,3,WEB,1,rst_flag_number,2.740436661442323e-05,3.704043050142125e-05,9.636063886998021e-06,9.636063886998021e-06,28,27
10,3,WEB,1,psh_flag_number,8.117482831253361e-05,8.524778503277806e-05,4.072956720244447e-06,4.072956720244447e-06,22,21
10,3,WEB,1,ack_flag_number,0.008661505948309297,0.015619041461183225,0.006957535512873928,0.006957535512873928,12,10
10,3,WEB,1,ece_flag_number,0.0,0.0,0.0,0.0,34,34
10,3,WEB,1,cwr_flag_number,0.0,0.0,0.0,0.0,35,35
10,3,WEB,1,ack_count,0.001519643924358524,0.0030213915347724538,0.0015017476104139298,0.0015017476104139298,17,16
10,3,WEB,1,syn_count,0.009131647126410765,0.0059200235182517436,-0.0032116236081590217,0.0032116236081590217,11,11
10,3,WEB,1,fin_count,0.0029220791647394657,0.004043684666176544,0.0011216055014370784,0.0011216055014370784,16,15
10,3,WEB,1,rst_count,0.003316102834182145,0.002753721725639143,-0.0005623811085430017,0.0005623811085430017,15,17
10,3,WEB,1,HTTP,5.480080892687364e-05,1.3324791576208449e-05,-4.147601735066519e-05,4.147601735066519e-05,25,28
10,3,WEB,1,HTTPS,3.664012032322551e-05,4.961262997360664e-05,1.2972509650381126e-05,1.2972509650381126e-05,27,25
10,3,WEB,1,DNS,1.5189705891811745e-05,2.7544376073037117e-06,-1.2435268284508033e-05,1.2435268284508033e-05,29,32
10,3,WEB,1,Telnet,0.0,0.0,0.0,0.0,36,36
10,3,WEB,1,SMTP,0.0,0.0,0.0,0.0,37,37
10,3,WEB,1,SSH,1.0053844959739721e-05,5.055938281352618e-05,4.050553785378646e-05,4.050553785378646e-05,32,24
10,3,WEB,1,IRC,0.0,0.0,0.0,0.0,38,38
10,3,WEB,1,TCP,7.541441429644911e-05,7.300644937769032e-05,-2.407964918758792e-06,2.407964918758792e-06,23,23
10,3,WEB,1,UDP,0.004034202588609003,0.00538602406102381,0.0013518214724148065,0.0013518214724148065,14,13
10,3,WEB,1,DHCP,9.396654421464181e-07,8.081935989684063e-07,-1.3147184317801177e-07,1.3147184317801177e-07,33,33
10,3,WEB,1,ARP,3.8665532490265264e-05,7.71517444169934e-06,-3.095035804856593e-05,3.095035804856593e-05,26,29
10,3,WEB,1,ICMP,0.00018128443868741556,0.00027849632014652104,9.721188145910548e-05,9.721188145910548e-05,20,19
10,3,WEB,1,IGMP,0.0,0.0,0.0,0.0,39,39
10,3,WEB,1,IPv,1.0612120384214632e-05,3.891037070678041e-06,-6.721083313536591e-06,6.721083313536591e-06,31,31
10,3,WEB,1,LLC,1.3695977043125547e-05,6.291674007471519e-06,-7.404303035654028e-06,7.404303035654028e-06,30,30
10,3,WEB,1,Tot sum,0.6292127754533133,0.633207752338992,0.003994976885678625,0.003994976885678625,1,2
10,3,WEB,1,Min,0.05140346814300326,0.004600191848516328,-0.04680327629448693,0.04680327629448693,8,14
10,3,WEB,1,Max,0.02596705174753262,0.02967986488412567,0.003712813136593048,0.003712813136593048,10,9
10,3,WEB,1,AVG,0.20672725687909344,0.1658875542090686,-0.04083970267002485,0.04083970267002485,5,4
10,3,WEB,1,Std,0.08487334231655755,0.12522677748519334,0.04035343516863579,0.04035343516863579,7,6
10,3,WEB,1,Tot size,0.4145101781183934,0.15212379667431683,-0.26238638144407656,0.26238638144407656,3,5
10,3,WEB,1,IAT,0.36515079410426843,0.6360290553926865,0.2708782612884181,0.2708782612884181,4,1
10,3,WEB,1,Number,0.04597690217346337,0.0322117274806589,-0.013765174692804472,0.013765174692804472,9,8
10,3,WEB,1,Variance,0.4836732659951625,0.3476656894093574,-0.13600757658580515,0.13600757658580515,2,3
10,4,WEB,0,Header_Length,0.0003366065093776831,0.0,-0.0003366065093776831,0.0003366065093776831,18,1
10,4,WEB,0,Protocol Type,0.00013322144239569646,0.0,-0.00013322144239569646,0.00013322144239569646,21,2
10,4,WEB,0,Time_To_Live,0.0968531598435512,0.0,-0.0968531598435512,0.0968531598435512,6,3
10,4,WEB,0,Rate,0.0001998459202723704,0.0,-0.0001998459202723704,0.0001998459202723704,19,4
10,4,WEB,0,fin_flag_number,5.718184248660778e-05,0.0,-5.718184248660778e-05,5.718184248660778e-05,24,5
10,4,WEB,0,syn_flag_number,0.007088927635897704,0.0,-0.007088927635897704,0.007088927635897704,13,6
10,4,WEB,0,rst_flag_number,2.740436661442323e-05,0.0,-2.740436661442323e-05,2.740436661442323e-05,28,7
10,4,WEB,0,psh_flag_number,8.117482831253361e-05,0.0,-8.117482831253361e-05,8.117482831253361e-05,22,8
10,4,WEB,0,ack_flag_number,0.008661505948309297,0.0,-0.008661505948309297,0.008661505948309297,12,9
10,4,WEB,0,ece_flag_number,0.0,0.0,0.0,0.0,34,10
10,4,WEB,0,cwr_flag_number,0.0,0.0,0.0,0.0,35,11
10,4,WEB,0,ack_count,0.001519643924358524,0.0,-0.001519643924358524,0.001519643924358524,17,12
10,4,WEB,0,syn_count,0.009131647126410765,0.0,-0.009131647126410765,0.009131647126410765,11,13
10,4,WEB,0,fin_count,0.0029220791647394657,0.0,-0.0029220791647394657,0.0029220791647394657,16,14
10,4,WEB,0,rst_count,0.003316102834182145,0.0,-0.003316102834182145,0.003316102834182145,15,15
10,4,WEB,0,HTTP,5.480080892687364e-05,0.0,-5.480080892687364e-05,5.480080892687364e-05,25,16
10,4,WEB,0,HTTPS,3.664012032322551e-05,0.0,-3.664012032322551e-05,3.664012032322551e-05,27,17
10,4,WEB,0,DNS,1.5189705891811745e-05,0.0,-1.5189705891811745e-05,1.5189705891811745e-05,29,18
10,4,WEB,0,Telnet,0.0,0.0,0.0,0.0,36,19
10,4,WEB,0,SMTP,0.0,0.0,0.0,0.0,37,20
10,4,WEB,0,SSH,1.0053844959739721e-05,0.0,-1.0053844959739721e-05,1.0053844959739721e-05,32,21
10,4,WEB,0,IRC,0.0,0.0,0.0,0.0,38,22
10,4,WEB,0,TCP,7.541441429644911e-05,0.0,-7.541441429644911e-05,7.541441429644911e-05,23,23
10,4,WEB,0,UDP,0.004034202588609003,0.0,-0.004034202588609003,0.004034202588609003,14,24
10,4,WEB,0,DHCP,9.396654421464181e-07,0.0,-9.396654421464181e-07,9.396654421464181e-07,33,25
10,4,WEB,0,ARP,3.8665532490265264e-05,0.0,-3.8665532490265264e-05,3.8665532490265264e-05,26,26
10,4,WEB,0,ICMP,0.00018128443868741556,0.0,-0.00018128443868741556,0.00018128443868741556,20,27
10,4,WEB,0,IGMP,0.0,0.0,0.0,0.0,39,28
10,4,WEB,0,IPv,1.0612120384214632e-05,0.0,-1.0612120384214632e-05,1.0612120384214632e-05,31,29
10,4,WEB,0,LLC,1.3695977043125547e-05,0.0,-1.3695977043125547e-05,1.3695977043125547e-05,30,30
10,4,WEB,0,Tot sum,0.6292127754533133,0.0,-0.6292127754533133,0.6292127754533133,1,31
10,4,WEB,0,Min,0.05140346814300326,0.0,-0.05140346814300326,0.05140346814300326,8,32
10,4,WEB,0,Max,0.02596705174753262,0.0,-0.02596705174753262,0.02596705174753262,10,33
10,4,WEB,0,AVG,0.20672725687909344,0.0,-0.20672725687909344,0.20672725687909344,5,34
10,4,WEB,0,Std,0.08487334231655755,0.0,-0.08487334231655755,0.08487334231655755,7,35
10,4,WEB,0,Tot size,0.4145101781183934,0.0,-0.4145101781183934,0.4145101781183934,3,36
10,4,WEB,0,IAT,0.36515079410426843,0.0,-0.36515079410426843,0.36515079410426843,4,37
10,4,WEB,0,Number,0.04597690217346337,0.0,-0.04597690217346337,0.04597690217346337,9,38
10,4,WEB,0,Variance,0.4836732659951625,0.0,-0.4836732659951625,0.4836732659951625,2,39
10,5,WEB,0,Header_Length,0.0003366065093776831,0.0,-0.0003366065093776831,0.0003366065093776831,18,1
10,5,WEB,0,Protocol Type,0.00013322144239569646,0.0,-0.00013322144239569646,0.00013322144239569646,21,2
10,5,WEB,0,Time_To_Live,0.0968531598435512,0.0,-0.0968531598435512,0.0968531598435512,6,3
10,5,WEB,0,Rate,0.0001998459202723704,0.0,-0.0001998459202723704,0.0001998459202723704,19,4
10,5,WEB,0,fin_flag_number,5.718184248660778e-05,0.0,-5.718184248660778e-05,5.718184248660778e-05,24,5
10,5,WEB,0,syn_flag_number,0.007088927635897704,0.0,-0.007088927635897704,0.007088927635897704,13,6
10,5,WEB,0,rst_flag_number,2.740436661442323e-05,0.0,-2.740436661442323e-05,2.740436661442323e-05,28,7
10,5,WEB,0,psh_flag_number,8.117482831253361e-05,0.0,-8.117482831253361e-05,8.117482831253361e-05,22,8
10,5,WEB,0,ack_flag_number,0.008661505948309297,0.0,-0.008661505948309297,0.008661505948309297,12,9
10,5,WEB,0,ece_flag_number,0.0,0.0,0.0,0.0,34,10
10,5,WEB,0,cwr_flag_number,0.0,0.0,0.0,0.0,35,11
10,5,WEB,0,ack_count,0.001519643924358524,0.0,-0.001519643924358524,0.001519643924358524,17,12
10,5,WEB,0,syn_count,0.009131647126410765,0.0,-0.009131647126410765,0.009131647126410765,11,13
10,5,WEB,0,fin_count,0.0029220791647394657,0.0,-0.0029220791647394657,0.0029220791647394657,16,14
10,5,WEB,0,rst_count,0.003316102834182145,0.0,-0.003316102834182145,0.003316102834182145,15,15
10,5,WEB,0,HTTP,5.480080892687364e-05,0.0,-5.480080892687364e-05,5.480080892687364e-05,25,16
10,5,WEB,0,HTTPS,3.664012032322551e-05,0.0,-3.664012032322551e-05,3.664012032322551e-05,27,17
10,5,WEB,0,DNS,1.5189705891811745e-05,0.0,-1.5189705891811745e-05,1.5189705891811745e-05,29,18
10,5,WEB,0,Telnet,0.0,0.0,0.0,0.0,36,19
10,5,WEB,0,SMTP,0.0,0.0,0.0,0.0,37,20
10,5,WEB,0,SSH,1.0053844959739721e-05,0.0,-1.0053844959739721e-05,1.0053844959739721e-05,32,21
10,5,WEB,0,IRC,0.0,0.0,0.0,0.0,38,22
10,5,WEB,0,TCP,7.541441429644911e-05,0.0,-7.541441429644911e-05,7.541441429644911e-05,23,23
10,5,WEB,0,UDP,0.004034202588609003,0.0,-0.004034202588609003,0.004034202588609003,14,24
10,5,WEB,0,DHCP,9.396654421464181e-07,0.0,-9.396654421464181e-07,9.396654421464181e-07,33,25
10,5,WEB,0,ARP,3.8665532490265264e-05,0.0,-3.8665532490265264e-05,3.8665532490265264e-05,26,26
10,5,WEB,0,ICMP,0.00018128443868741556,0.0,-0.00018128443868741556,0.00018128443868741556,20,27
10,5,WEB,0,IGMP,0.0,0.0,0.0,0.0,39,28
10,5,WEB,0,IPv,1.0612120384214632e-05,0.0,-1.0612120384214632e-05,1.0612120384214632e-05,31,29
10,5,WEB,0,LLC,1.3695977043125547e-05,0.0,-1.3695977043125547e-05,1.3695977043125547e-05,30,30
10,5,WEB,0,Tot sum,0.6292127754533133,0.0,-0.6292127754533133,0.6292127754533133,1,31
10,5,WEB,0,Min,0.05140346814300326,0.0,-0.05140346814300326,0.05140346814300326,8,32
10,5,WEB,0,Max,0.02596705174753262,0.0,-0.02596705174753262,0.02596705174753262,10,33
10,5,WEB,0,AVG,0.20672725687909344,0.0,-0.20672725687909344,0.20672725687909344,5,34
10,5,WEB,0,Std,0.08487334231655755,0.0,-0.08487334231655755,0.08487334231655755,7,35
10,5,WEB,0,Tot size,0.4145101781183934,0.0,-0.4145101781183934,0.4145101781183934,3,36
10,5,WEB,0,IAT,0.36515079410426843,0.0,-0.36515079410426843,0.36515079410426843,4,37
10,5,WEB,0,Number,0.04597690217346337,0.0,-0.04597690217346337,0.04597690217346337,9,38
10,5,WEB,0,Variance,0.4836732659951625,0.0,-0.4836732659951625,0.4836732659951625,2,39
