client,cosine_similarity_to_server
client_4,0.8372191778712929
client_3,0.5029499955718674
client_1,0.766201361052667
client_5,0.5643569996722411
client_2,0.31780825315548755
