round,client_id,feature,shap_value,shap_source_round,shap_calculated_this_round
1,1,Header_Length,0.007553131533502563,1,1
1,1,Protocol Type,0.00348395892295111,1,1
1,1,Time_To_Live,0.004374921100494994,1,1
1,1,Rate,0.0038270318302846317,1,1
1,1,fin_flag_number,0.0001908005505641801,1,1
1,1,syn_flag_number,0.004597807002239165,1,1
1,1,rst_flag_number,0.00013894224783983776,1,1
1,1,psh_flag_number,0.00045190417505216123,1,1
1,1,ack_flag_number,0.005439931862912334,1,1
1,1,ece_flag_number,0.0,1,1
1,1,cwr_flag_number,0.0,1,1
1,1,ack_count,0.003805952364757508,1,1
1,1,syn_count,0.003837432819940628,1,1
1,1,fin_count,0.000504925450634346,1,1
1,1,rst_count,0.0011022746454163325,1,1
1,1,HTTP,0.00016938411614708497,1,1
1,1,HTTPS,0.00023285740206202397,1,1
1,1,DNS,1.9311026395661385e-05,1,1
1,1,Telnet,0.0,1,1
1,1,SMTP,0.0,1,1
1,1,SSH,0.0,1,1
1,1,IRC,0.0,1,1
1,1,TCP,0.007758237432503362,1,1
1,1,UDP,0.005415004889757498,1,1
1,1,DHCP,0.0,1,1
1,1,ARP,2.058451805392825e-05,1,1
1,1,ICMP,0.0006307284157141838,1,1
1,1,IGMP,0.0,1,1
1,1,IPv,2.3761392417803762e-05,1,1
1,1,LLC,1.4285324993979629e-05,1,1
1,1,Tot sum,0.003783474561046299,1,1
1,1,Min,0.000441604240272155,1,1
1,1,Max,0.0015158044545243155,1,1
1,1,AVG,0.005601306259618046,1,1
1,1,Std,0.003968000417242997,1,1
1,1,Tot size,0.004559312832886917,1,1
1,1,IAT,0.0030355968469149095,1,1
1,1,Number,0.00045028973709462827,1,1
1,1,Variance,0.0012657905324678482,1,1
1,2,Header_Length,0.008603119467650565,1,1
1,2,Protocol Type,0.0046879854862958625,1,1
1,2,Time_To_Live,0.0045221262128003065,1,1
1,2,Rate,0.0041297729556738294,1,1
1,2,fin_flag_number,0.00019732717459064857,1,1
1,2,syn_flag_number,0.005288263231544753,1,1
1,2,rst_flag_number,0.00010158210954394397,1,1
1,2,psh_flag_number,0.00025462210824132576,1,1
1,2,ack_flag_number,0.005385837009214147,1,1
1,2,ece_flag_number,0.0,1,1
1,2,cwr_flag_number,0.0,1,1
1,2,ack_count,0.003755415499434642,1,1
1,2,syn_count,0.0044674170568769845,1,1
1,2,fin_count,0.0005495598904795262,1,1
1,2,rst_count,0.0012813148233990544,1,1
1,2,HTTP,0.00026593247811073175,1,1
1,2,HTTPS,0.000496674748977415,1,1
1,2,DNS,2.2619243681333868e-05,1,1
1,2,Telnet,0.0,1,1
1,2,SMTP,0.0,1,1
1,2,SSH,0.0,1,1
1,2,IRC,0.0,1,1
1,2,TCP,0.0077351101632722385,1,1
1,2,UDP,0.00523939031896858,1,1
1,2,DHCP,0.0,1,1
1,2,ARP,1.79022210881373e-05,1,1
1,2,ICMP,0.0012942364348706588,1,1
1,2,IGMP,0.0,1,1
1,2,IPv,2.9912675052385455e-05,1,1
1,2,LLC,2.446319946775209e-05,1,1
1,2,Tot sum,0.004611768541515995,1,1
1,2,Min,0.0005864339464376237,1,1
1,2,Max,0.0013905497098548433,1,1
1,2,AVG,0.0058374333208795655,1,1
1,2,Std,0.004370589836075015,1,1
1,2,Tot size,0.004689271462310371,1,1
1,2,IAT,0.00394020027957883,1,1
1,2,Number,0.0006143054037874354,1,1
1,2,Variance,0.0017021076765241052,1,1
1,3,Header_Length,0.009349307528673056,1,1
1,3,Protocol Type,0.004407991703069715,1,1
1,3,Time_To_Live,0.0042968496319165566,1,1
1,3,Rate,0.004241629906628796,1,1
1,3,fin_flag_number,0.0002204863950368175,1,1
1,3,syn_flag_number,0.006457220532162462,1,1
1,3,rst_flag_number,0.0002163612449136414,1,1
1,3,psh_flag_number,0.0005673777997557039,1,1
1,3,ack_flag_number,0.00602207740064908,1,1
1,3,ece_flag_number,0.0,1,1
1,3,cwr_flag_number,0.0,1,1
1,3,ack_count,0.004054315816089864,1,1
1,3,syn_count,0.006076994599908616,1,1
1,3,fin_count,0.0006462384299767077,1,1
1,3,rst_count,0.001257563160496163,1,1
1,3,HTTP,0.0003995449325222571,1,1
1,3,HTTPS,0.0006968851499849983,1,1
1,3,DNS,3.742673003388891e-05,1,1
1,3,Telnet,0.0,1,1
1,3,SMTP,0.0,1,1
1,3,SSH,0.0,1,1
1,3,IRC,0.0,1,1
1,3,TCP,0.008283617664715751,1,1
1,3,UDP,0.005962217193407372,1,1
1,3,DHCP,0.0,1,1
1,3,ARP,2.336902254321293e-05,1,1
1,3,ICMP,0.0015960683146119912,1,1
1,3,IGMP,0.0,1,1
1,3,IPv,1.9665808582484503e-05,1,1
1,3,LLC,1.830371629782302e-05,1,1
1,3,Tot sum,0.00683885861981465,1,1
1,3,Min,0.00041546266003586105,1,1
1,3,Max,0.0023994112625745512,1,1
1,3,AVG,0.011715555627931197,1,1
1,3,Std,0.008798774258990248,1,1
1,3,Tot size,0.006054515486449973,1,1
1,3,IAT,0.003649301781629562,1,1
1,3,Number,0.0008039637249665902,1,1
1,3,Variance,0.00153625939152179,1,1
1,4,Header_Length,0.010378374347552637,1,1
1,4,Protocol Type,0.0038578689467260742,1,1
1,4,Time_To_Live,0.004630574938884948,1,1
1,4,Rate,0.004295852353047715,1,1
1,4,fin_flag_number,0.0001541679490013922,1,1
1,4,syn_flag_number,0.00627473447192972,1,1
1,4,rst_flag_number,0.00018869855764276974,1,1
1,4,psh_flag_number,0.0003369083336632632,1,1
1,4,ack_flag_number,0.006306499420596203,1,1
1,4,ece_flag_number,0.0,1,1
1,4,cwr_flag_number,0.0,1,1
1,4,ack_count,0.004148562896508967,1,1
1,4,syn_count,0.005527682337247483,1,1
1,4,fin_count,0.0007951173749646547,1,1
1,4,rst_count,0.0015535981461539878,1,1
1,4,HTTP,0.00028322289204578584,1,1
1,4,HTTPS,0.0004577893178153382,1,1
1,4,DNS,2.35362099566029e-05,1,1
1,4,Telnet,0.0,1,1
1,4,SMTP,0.0,1,1
1,4,SSH,0.0,1,1
1,4,IRC,0.0,1,1
1,4,TCP,0.008519169683314072,1,1
1,4,UDP,0.006049020518424329,1,1
1,4,DHCP,0.0,1,1
1,4,ARP,1.801752509604773e-05,1,1
1,4,ICMP,0.0012437821280675476,1,1
1,4,IGMP,0.0,1,1
1,4,IPv,2.71729428388042e-05,1,1
1,4,LLC,2.3200351997619666e-05,1,1
1,4,Tot sum,0.010279430719452207,1,1
1,4,Min,0.0005919151646869255,1,1
1,4,Max,0.001957203110226515,1,1
1,4,AVG,0.008222540607738124,1,1
1,4,Std,0.005758968014577598,1,1
1,4,Tot size,0.008256831441069302,1,1
1,4,IAT,0.0037289871223719307,1,1
1,4,Number,0.0007685568842347834,1,1
1,4,Variance,0.002604134259337022,1,1
1,5,Header_Length,0.007144458483815469,1,1
1,5,Protocol Type,0.0036057939127128085,1,1
1,5,Time_To_Live,0.0037194981552717823,1,1
1,5,Rate,0.004050940396516681,1,1
1,5,fin_flag_number,0.00021082061704139974,1,1
1,5,syn_flag_number,0.003209450193311121,1,1
1,5,rst_flag_number,0.00013210803964408305,1,1
1,5,psh_flag_number,0.0003883953032023053,1,1
1,5,ack_flag_number,0.003925128846829705,1,1
1,5,ece_flag_number,0.0,1,1
1,5,cwr_flag_number,0.0,1,1
1,5,ack_count,0.002232517328895971,1,1
1,5,syn_count,0.002248752311138585,1,1
1,5,fin_count,0.00043997240500830766,1,1
1,5,rst_count,0.0007995198136964407,1,1
1,5,HTTP,0.00015929024717898597,1,1
1,5,HTTPS,0.0002439698331935806,1,1
1,5,DNS,2.074072974354408e-05,1,1
1,5,Telnet,0.0,1,1
1,5,SMTP,0.0,1,1
1,5,SSH,0.0,1,1
1,5,IRC,0.0,1,1
1,5,TCP,0.007241086192748215,1,1
1,5,UDP,0.003896999253723366,1,1
1,5,DHCP,0.0,1,1
1,5,ARP,1.8271788823983406e-05,1,1
1,5,ICMP,0.0005093773346802354,1,1
1,5,IGMP,0.0,1,1
1,5,IPv,4.0563784180916536e-05,1,1
1,5,LLC,3.64726821060311e-05,1,1
1,5,Tot sum,0.004734998944148321,1,1
1,5,Min,0.0003511727700920547,1,1
1,5,Max,0.001188425441129175,1,1
1,5,AVG,0.005700293276863261,1,1
1,5,Std,0.003728736168975878,1,1
1,5,Tot size,0.004879859258229966,1,1
1,5,IAT,0.0037215001009793143,1,1
1,5,Number,0.0004191911010809042,1,1
1,5,Variance,0.0012830648081986105,1,1
2,1,Header_Length,0.007553131533502563,1,0
2,1,Protocol Type,0.00348395892295111,1,0
2,1,Time_To_Live,0.004374921100494994,1,0
2,1,Rate,0.0038270318302846317,1,0
2,1,fin_flag_number,0.0001908005505641801,1,0
2,1,syn_flag_number,0.004597807002239165,1,0
2,1,rst_flag_number,0.00013894224783983776,1,0
2,1,psh_flag_number,0.00045190417505216123,1,0
2,1,ack_flag_number,0.005439931862912334,1,0
2,1,ece_flag_number,0.0,1,0
2,1,cwr_flag_number,0.0,1,0
2,1,ack_count,0.003805952364757508,1,0
2,1,syn_count,0.003837432819940628,1,0
2,1,fin_count,0.000504925450634346,1,0
2,1,rst_count,0.0011022746454163325,1,0
2,1,HTTP,0.00016938411614708497,1,0
2,1,HTTPS,0.00023285740206202397,1,0
2,1,DNS,1.9311026395661385e-05,1,0
2,1,Telnet,0.0,1,0
2,1,SMTP,0.0,1,0
2,1,SSH,0.0,1,0
2,1,IRC,0.0,1,0
2,1,TCP,0.007758237432503362,1,0
2,1,UDP,0.005415004889757498,1,0
2,1,DHCP,0.0,1,0
2,1,ARP,2.058451805392825e-05,1,0
2,1,ICMP,0.0006307284157141838,1,0
2,1,IGMP,0.0,1,0
2,1,IPv,2.3761392417803762e-05,1,0
2,1,LLC,1.4285324993979629e-05,1,0
2,1,Tot sum,0.003783474561046299,1,0
2,1,Min,0.000441604240272155,1,0
2,1,Max,0.0015158044545243155,1,0
2,1,AVG,0.005601306259618046,1,0
2,1,Std,0.003968000417242997,1,0
2,1,Tot size,0.004559312832886917,1,0
2,1,IAT,0.0030355968469149095,1,0
2,1,Number,0.00045028973709462827,1,0
2,1,Variance,0.0012657905324678482,1,0
2,2,Header_Length,0.008603119467650565,1,0
2,2,Protocol Type,0.0046879854862958625,1,0
2,2,Time_To_Live,0.0045221262128003065,1,0
2,2,Rate,0.0041297729556738294,1,0
2,2,fin_flag_number,0.00019732717459064857,1,0
2,2,syn_flag_number,0.005288263231544753,1,0
2,2,rst_flag_number,0.00010158210954394397,1,0
2,2,psh_flag_number,0.00025462210824132576,1,0
2,2,ack_flag_number,0.005385837009214147,1,0
2,2,ece_flag_number,0.0,1,0
2,2,cwr_flag_number,0.0,1,0
2,2,ack_count,0.003755415499434642,1,0
2,2,syn_count,0.0044674170568769845,1,0
2,2,fin_count,0.0005495598904795262,1,0
2,2,rst_count,0.0012813148233990544,1,0
2,2,HTTP,0.00026593247811073175,1,0
2,2,HTTPS,0.000496674748977415,1,0
2,2,DNS,2.2619243681333868e-05,1,0
2,2,Telnet,0.0,1,0
2,2,SMTP,0.0,1,0
2,2,SSH,0.0,1,0
2,2,IRC,0.0,1,0
2,2,TCP,0.0077351101632722385,1,0
2,2,UDP,0.00523939031896858,1,0
2,2,DHCP,0.0,1,0
2,2,ARP,1.79022210881373e-05,1,0
2,2,ICMP,0.0012942364348706588,1,0
2,2,IGMP,0.0,1,0
2,2,IPv,2.9912675052385455e-05,1,0
2,2,LLC,2.446319946775209e-05,1,0
2,2,Tot sum,0.004611768541515995,1,0
2,2,Min,0.0005864339464376237,1,0
2,2,Max,0.0013905497098548433,1,0
2,2,AVG,0.0058374333208795655,1,0
2,2,Std,0.004370589836075015,1,0
2,2,Tot size,0.004689271462310371,1,0
2,2,IAT,0.00394020027957883,1,0
2,2,Number,0.0006143054037874354,1,0
2,2,Variance,0.0017021076765241052,1,0
2,3,Header_Length,0.009349307528673056,1,0
2,3,Protocol Type,0.004407991703069715,1,0
2,3,Time_To_Live,0.0042968496319165566,1,0
2,3,Rate,0.004241629906628796,1,0
2,3,fin_flag_number,0.0002204863950368175,1,0
2,3,syn_flag_number,0.006457220532162462,1,0
2,3,rst_flag_number,0.0002163612449136414,1,0
2,3,psh_flag_number,0.0005673777997557039,1,0
2,3,ack_flag_number,0.00602207740064908,1,0
2,3,ece_flag_number,0.0,1,0
2,3,cwr_flag_number,0.0,1,0
2,3,ack_count,0.004054315816089864,1,0
2,3,syn_count,0.006076994599908616,1,0
2,3,fin_count,0.0006462384299767077,1,0
2,3,rst_count,0.001257563160496163,1,0
2,3,HTTP,0.0003995449325222571,1,0
2,3,HTTPS,0.0006968851499849983,1,0
2,3,DNS,3.742673003388891e-05,1,0
2,3,Telnet,0.0,1,0
2,3,SMTP,0.0,1,0
2,3,SSH,0.0,1,0
2,3,IRC,0.0,1,0
2,3,TCP,0.008283617664715751,1,0
2,3,UDP,0.005962217193407372,1,0
2,3,DHCP,0.0,1,0
2,3,ARP,2.336902254321293e-05,1,0
2,3,ICMP,0.0015960683146119912,1,0
2,3,IGMP,0.0,1,0
2,3,IPv,1.9665808582484503e-05,1,0
2,3,LLC,1.830371629782302e-05,1,0
2,3,Tot sum,0.00683885861981465,1,0
2,3,Min,0.00041546266003586105,1,0
2,3,Max,0.0023994112625745512,1,0
2,3,AVG,0.011715555627931197,1,0
2,3,Std,0.008798774258990248,1,0
2,3,Tot size,0.006054515486449973,1,0
2,3,IAT,0.003649301781629562,1,0
2,3,Number,0.0008039637249665902,1,0
2,3,Variance,0.00153625939152179,1,0
2,4,Header_Length,0.010378374347552637,1,0
2,4,Protocol Type,0.0038578689467260742,1,0
2,4,Time_To_Live,0.004630574938884948,1,0
2,4,Rate,0.004295852353047715,1,0
2,4,fin_flag_number,0.0001541679490013922,1,0
2,4,syn_flag_number,0.00627473447192972,1,0
2,4,rst_flag_number,0.00018869855764276974,1,0
2,4,psh_flag_number,0.0003369083336632632,1,0
2,4,ack_flag_number,0.006306499420596203,1,0
2,4,ece_flag_number,0.0,1,0
2,4,cwr_flag_number,0.0,1,0
2,4,ack_count,0.004148562896508967,1,0
2,4,syn_count,0.005527682337247483,1,0
2,4,fin_count,0.0007951173749646547,1,0
2,4,rst_count,0.0015535981461539878,1,0
2,4,HTTP,0.00028322289204578584,1,0
2,4,HTTPS,0.0004577893178153382,1,0
2,4,DNS,2.35362099566029e-05,1,0
2,4,Telnet,0.0,1,0
2,4,SMTP,0.0,1,0
2,4,SSH,0.0,1,0
2,4,IRC,0.0,1,0
2,4,TCP,0.008519169683314072,1,0
2,4,UDP,0.006049020518424329,1,0
2,4,DHCP,0.0,1,0
2,4,ARP,1.801752509604773e-05,1,0
2,4,ICMP,0.0012437821280675476,1,0
2,4,IGMP,0.0,1,0
2,4,IPv,2.71729428388042e-05,1,0
2,4,LLC,2.3200351997619666e-05,1,0
2,4,Tot sum,0.010279430719452207,1,0
2,4,Min,0.0005919151646869255,1,0
2,4,Max,0.001957203110226515,1,0
2,4,AVG,0.008222540607738124,1,0
2,4,Std,0.005758968014577598,1,0
2,4,Tot size,0.008256831441069302,1,0
2,4,IAT,0.0037289871223719307,1,0
2,4,Number,0.0007685568842347834,1,0
2,4,Variance,0.002604134259337022,1,0
2,5,Header_Length,0.007144458483815469,1,0
2,5,Protocol Type,0.0036057939127128085,1,0
2,5,Time_To_Live,0.0037194981552717823,1,0
2,5,Rate,0.004050940396516681,1,0
2,5,fin_flag_number,0.00021082061704139974,1,0
2,5,syn_flag_number,0.003209450193311121,1,0
2,5,rst_flag_number,0.00013210803964408305,1,0
2,5,psh_flag_number,0.0003883953032023053,1,0
2,5,ack_flag_number,0.003925128846829705,1,0
2,5,ece_flag_number,0.0,1,0
2,5,cwr_flag_number,0.0,1,0
2,5,ack_count,0.002232517328895971,1,0
2,5,syn_count,0.002248752311138585,1,0
2,5,fin_count,0.00043997240500830766,1,0
2,5,rst_count,0.0007995198136964407,1,0
2,5,HTTP,0.00015929024717898597,1,0
2,5,HTTPS,0.0002439698331935806,1,0
2,5,DNS,2.074072974354408e-05,1,0
2,5,Telnet,0.0,1,0
2,5,SMTP,0.0,1,0
2,5,SSH,0.0,1,0
2,5,IRC,0.0,1,0
2,5,TCP,0.007241086192748215,1,0
2,5,UDP,0.003896999253723366,1,0
2,5,DHCP,0.0,1,0
2,5,ARP,1.8271788823983406e-05,1,0
2,5,ICMP,0.0005093773346802354,1,0
2,5,IGMP,0.0,1,0
2,5,IPv,4.0563784180916536e-05,1,0
2,5,LLC,3.64726821060311e-05,1,0
2,5,Tot sum,0.004734998944148321,1,0
2,5,Min,0.0003511727700920547,1,0
2,5,Max,0.001188425441129175,1,0
2,5,AVG,0.005700293276863261,1,0
2,5,Std,0.003728736168975878,1,0
2,5,Tot size,0.004879859258229966,1,0
2,5,IAT,0.0037215001009793143,1,0
2,5,Number,0.0004191911010809042,1,0
2,5,Variance,0.0012830648081986105,1,0
3,1,Header_Length,0.007553131533502563,1,0
3,1,Protocol Type,0.00348395892295111,1,0
3,1,Time_To_Live,0.004374921100494994,1,0
3,1,Rate,0.0038270318302846317,1,0
3,1,fin_flag_number,0.0001908005505641801,1,0
3,1,syn_flag_number,0.004597807002239165,1,0
3,1,rst_flag_number,0.00013894224783983776,1,0
3,1,psh_flag_number,0.00045190417505216123,1,0
3,1,ack_flag_number,0.005439931862912334,1,0
3,1,ece_flag_number,0.0,1,0
3,1,cwr_flag_number,0.0,1,0
3,1,ack_count,0.003805952364757508,1,0
3,1,syn_count,0.003837432819940628,1,0
3,1,fin_count,0.000504925450634346,1,0
3,1,rst_count,0.0011022746454163325,1,0
3,1,HTTP,0.00016938411614708497,1,0
3,1,HTTPS,0.00023285740206202397,1,0
3,1,DNS,1.9311026395661385e-05,1,0
3,1,Telnet,0.0,1,0
3,1,SMTP,0.0,1,0
3,1,SSH,0.0,1,0
3,1,IRC,0.0,1,0
3,1,TCP,0.007758237432503362,1,0
3,1,UDP,0.005415004889757498,1,0
3,1,DHCP,0.0,1,0
3,1,ARP,2.058451805392825e-05,1,0
3,1,ICMP,0.0006307284157141838,1,0
3,1,IGMP,0.0,1,0
3,1,IPv,2.3761392417803762e-05,1,0
3,1,LLC,1.4285324993979629e-05,1,0
3,1,Tot sum,0.003783474561046299,1,0
3,1,Min,0.000441604240272155,1,0
3,1,Max,0.0015158044545243155,1,0
3,1,AVG,0.005601306259618046,1,0
3,1,Std,0.003968000417242997,1,0
3,1,Tot size,0.004559312832886917,1,0
3,1,IAT,0.0030355968469149095,1,0
3,1,Number,0.00045028973709462827,1,0
3,1,Variance,0.0012657905324678482,1,0
3,2,Header_Length,0.008603119467650565,1,0
3,2,Protocol Type,0.0046879854862958625,1,0
3,2,Time_To_Live,0.0045221262128003065,1,0
3,2,Rate,0.0041297729556738294,1,0
3,2,fin_flag_number,0.00019732717459064857,1,0
3,2,syn_flag_number,0.005288263231544753,1,0
3,2,rst_flag_number,0.00010158210954394397,1,0
3,2,psh_flag_number,0.00025462210824132576,1,0
3,2,ack_flag_number,0.005385837009214147,1,0
3,2,ece_flag_number,0.0,1,0
3,2,cwr_flag_number,0.0,1,0
3,2,ack_count,0.003755415499434642,1,0
3,2,syn_count,0.0044674170568769845,1,0
3,2,fin_count,0.0005495598904795262,1,0
3,2,rst_count,0.0012813148233990544,1,0
3,2,HTTP,0.00026593247811073175,1,0
3,2,HTTPS,0.000496674748977415,1,0
3,2,DNS,2.2619243681333868e-05,1,0
3,2,Telnet,0.0,1,0
3,2,SMTP,0.0,1,0
3,2,SSH,0.0,1,0
3,2,IRC,0.0,1,0
3,2,TCP,0.0077351101632722385,1,0
3,2,UDP,0.00523939031896858,1,0
3,2,DHCP,0.0,1,0
3,2,ARP,1.79022210881373e-05,1,0
3,2,ICMP,0.0012942364348706588,1,0
3,2,IGMP,0.0,1,0
3,2,IPv,2.9912675052385455e-05,1,0
3,2,LLC,2.446319946775209e-05,1,0
3,2,Tot sum,0.004611768541515995,1,0
3,2,Min,0.0005864339464376237,1,0
3,2,Max,0.0013905497098548433,1,0
3,2,AVG,0.0058374333208795655,1,0
3,2,Std,0.004370589836075015,1,0
3,2,Tot size,0.004689271462310371,1,0
3,2,IAT,0.00394020027957883,1,0
3,2,Number,0.0006143054037874354,1,0
3,2,Variance,0.0017021076765241052,1,0
3,3,Header_Length,0.009349307528673056,1,0
3,3,Protocol Type,0.004407991703069715,1,0
3,3,Time_To_Live,0.0042968496319165566,1,0
3,3,Rate,0.004241629906628796,1,0
3,3,fin_flag_number,0.0002204863950368175,1,0
3,3,syn_flag_number,0.006457220532162462,1,0
3,3,rst_flag_number,0.0002163612449136414,1,0
3,3,psh_flag_number,0.0005673777997557039,1,0
3,3,ack_flag_number,0.00602207740064908,1,0
3,3,ece_flag_number,0.0,1,0
3,3,cwr_flag_number,0.0,1,0
3,3,ack_count,0.004054315816089864,1,0
3,3,syn_count,0.006076994599908616,1,0
3,3,fin_count,0.0006462384299767077,1,0
3,3,rst_count,0.001257563160496163,1,0
3,3,HTTP,0.0003995449325222571,1,0
3,3,HTTPS,0.0006968851499849983,1,0
3,3,DNS,3.742673003388891e-05,1,0
3,3,Telnet,0.0,1,0
3,3,SMTP,0.0,1,0
3,3,SSH,0.0,1,0
3,3,IRC,0.0,1,0
3,3,TCP,0.008283617664715751,1,0
3,3,UDP,0.005962217193407372,1,0
3,3,DHCP,0.0,1,0
3,3,ARP,2.336902254321293e-05,1,0
3,3,ICMP,0.0015960683146119912,1,0
3,3,IGMP,0.0,1,0
3,3,IPv,1.9665808582484503e-05,1,0
3,3,LLC,1.830371629782302e-05,1,0
3,3,Tot sum,0.00683885861981465,1,0
3,3,Min,0.00041546266003586105,1,0
3,3,Max,0.0023994112625745512,1,0
3,3,AVG,0.011715555627931197,1,0
3,3,Std,0.008798774258990248,1,0
3,3,Tot size,0.006054515486449973,1,0
3,3,IAT,0.003649301781629562,1,0
3,3,Number,0.0008039637249665902,1,0
3,3,Variance,0.00153625939152179,1,0
3,4,Header_Length,0.010378374347552637,1,0
3,4,Protocol Type,0.0038578689467260742,1,0
3,4,Time_To_Live,0.004630574938884948,1,0
3,4,Rate,0.004295852353047715,1,0
3,4,fin_flag_number,0.0001541679490013922,1,0
3,4,syn_flag_number,0.00627473447192972,1,0
3,4,rst_flag_number,0.00018869855764276974,1,0
3,4,psh_flag_number,0.0003369083336632632,1,0
3,4,ack_flag_number,0.006306499420596203,1,0
3,4,ece_flag_number,0.0,1,0
3,4,cwr_flag_number,0.0,1,0
3,4,ack_count,0.004148562896508967,1,0
3,4,syn_count,0.005527682337247483,1,0
3,4,fin_count,0.0007951173749646547,1,0
3,4,rst_count,0.0015535981461539878,1,0
3,4,HTTP,0.00028322289204578584,1,0
3,4,HTTPS,0.0004577893178153382,1,0
3,4,DNS,2.35362099566029e-05,1,0
3,4,Telnet,0.0,1,0
3,4,SMTP,0.0,1,0
3,4,SSH,0.0,1,0
3,4,IRC,0.0,1,0
3,4,TCP,0.008519169683314072,1,0
3,4,UDP,0.006049020518424329,1,0
3,4,DHCP,0.0,1,0
3,4,ARP,1.801752509604773e-05,1,0
3,4,ICMP,0.0012437821280675476,1,0
3,4,IGMP,0.0,1,0
3,4,IPv,2.71729428388042e-05,1,0
3,4,LLC,2.3200351997619666e-05,1,0
3,4,Tot sum,0.010279430719452207,1,0
3,4,Min,0.0005919151646869255,1,0
3,4,Max,0.001957203110226515,1,0
3,4,AVG,0.008222540607738124,1,0
3,4,Std,0.005758968014577598,1,0
3,4,Tot size,0.008256831441069302,1,0
3,4,IAT,0.0037289871223719307,1,0
3,4,Number,0.0007685568842347834,1,0
3,4,Variance,0.002604134259337022,1,0
3,5,Header_Length,0.007144458483815469,1,0
3,5,Protocol Type,0.0036057939127128085,1,0
3,5,Time_To_Live,0.0037194981552717823,1,0
3,5,Rate,0.004050940396516681,1,0
3,5,fin_flag_number,0.00021082061704139974,1,0
3,5,syn_flag_number,0.003209450193311121,1,0
3,5,rst_flag_number,0.00013210803964408305,1,0
3,5,psh_flag_number,0.0003883953032023053,1,0
3,5,ack_flag_number,0.003925128846829705,1,0
3,5,ece_flag_number,0.0,1,0
3,5,cwr_flag_number,0.0,1,0
3,5,ack_count,0.002232517328895971,1,0
3,5,syn_count,0.002248752311138585,1,0
3,5,fin_count,0.00043997240500830766,1,0
3,5,rst_count,0.0007995198136964407,1,0
3,5,HTTP,0.00015929024717898597,1,0
3,5,HTTPS,0.0002439698331935806,1,0
3,5,DNS,2.074072974354408e-05,1,0
3,5,Telnet,0.0,1,0
3,5,SMTP,0.0,1,0
3,5,SSH,0.0,1,0
3,5,IRC,0.0,1,0
3,5,TCP,0.007241086192748215,1,0
3,5,UDP,0.003896999253723366,1,0
3,5,DHCP,0.0,1,0
3,5,ARP,1.8271788823983406e-05,1,0
3,5,ICMP,0.0005093773346802354,1,0
3,5,IGMP,0.0,1,0
3,5,IPv,4.0563784180916536e-05,1,0
3,5,LLC,3.64726821060311e-05,1,0
3,5,Tot sum,0.004734998944148321,1,0
3,5,Min,0.0003511727700920547,1,0
3,5,Max,0.001188425441129175,1,0
3,5,AVG,0.005700293276863261,1,0
3,5,Std,0.003728736168975878,1,0
3,5,Tot size,0.004879859258229966,1,0
3,5,IAT,0.0037215001009793143,1,0
3,5,Number,0.0004191911010809042,1,0
3,5,Variance,0.0012830648081986105,1,0
4,1,Header_Length,0.007553131533502563,1,0
4,1,Protocol Type,0.00348395892295111,1,0
4,1,Time_To_Live,0.004374921100494994,1,0
4,1,Rate,0.0038270318302846317,1,0
4,1,fin_flag_number,0.0001908005505641801,1,0
4,1,syn_flag_number,0.004597807002239165,1,0
4,1,rst_flag_number,0.00013894224783983776,1,0
4,1,psh_flag_number,0.00045190417505216123,1,0
4,1,ack_flag_number,0.005439931862912334,1,0
4,1,ece_flag_number,0.0,1,0
4,1,cwr_flag_number,0.0,1,0
4,1,ack_count,0.003805952364757508,1,0
4,1,syn_count,0.003837432819940628,1,0
4,1,fin_count,0.000504925450634346,1,0
4,1,rst_count,0.0011022746454163325,1,0
4,1,HTTP,0.00016938411614708497,1,0
4,1,HTTPS,0.00023285740206202397,1,0
4,1,DNS,1.9311026395661385e-05,1,0
4,1,Telnet,0.0,1,0
4,1,SMTP,0.0,1,0
4,1,SSH,0.0,1,0
4,1,IRC,0.0,1,0
4,1,TCP,0.007758237432503362,1,0
4,1,UDP,0.005415004889757498,1,0
4,1,DHCP,0.0,1,0
4,1,ARP,2.058451805392825e-05,1,0
4,1,ICMP,0.0006307284157141838,1,0
4,1,IGMP,0.0,1,0
4,1,IPv,2.3761392417803762e-05,1,0
4,1,LLC,1.4285324993979629e-05,1,0
4,1,Tot sum,0.003783474561046299,1,0
4,1,Min,0.000441604240272155,1,0
4,1,Max,0.0015158044545243155,1,0
4,1,AVG,0.005601306259618046,1,0
4,1,Std,0.003968000417242997,1,0
4,1,Tot size,0.004559312832886917,1,0
4,1,IAT,0.0030355968469149095,1,0
4,1,Number,0.00045028973709462827,1,0
4,1,Variance,0.0012657905324678482,1,0
4,2,Header_Length,0.008603119467650565,1,0
4,2,Protocol Type,0.0046879854862958625,1,0
4,2,Time_To_Live,0.0045221262128003065,1,0
4,2,Rate,0.0041297729556738294,1,0
4,2,fin_flag_number,0.00019732717459064857,1,0
4,2,syn_flag_number,0.005288263231544753,1,0
4,2,rst_flag_number,0.00010158210954394397,1,0
4,2,psh_flag_number,0.00025462210824132576,1,0
4,2,ack_flag_number,0.005385837009214147,1,0
4,2,ece_flag_number,0.0,1,0
4,2,cwr_flag_number,0.0,1,0
4,2,ack_count,0.003755415499434642,1,0
4,2,syn_count,0.0044674170568769845,1,0
4,2,fin_count,0.0005495598904795262,1,0
4,2,rst_count,0.0012813148233990544,1,0
4,2,HTTP,0.00026593247811073175,1,0
4,2,HTTPS,0.000496674748977415,1,0
4,2,DNS,2.2619243681333868e-05,1,0
4,2,Telnet,0.0,1,0
4,2,SMTP,0.0,1,0
4,2,SSH,0.0,1,0
4,2,IRC,0.0,1,0
4,2,TCP,0.0077351101632722385,1,0
4,2,UDP,0.00523939031896858,1,0
4,2,DHCP,0.0,1,0
4,2,ARP,1.79022210881373e-05,1,0
4,2,ICMP,0.0012942364348706588,1,0
4,2,IGMP,0.0,1,0
4,2,IPv,2.9912675052385455e-05,1,0
4,2,LLC,2.446319946775209e-05,1,0
4,2,Tot sum,0.004611768541515995,1,0
4,2,Min,0.0005864339464376237,1,0
4,2,Max,0.0013905497098548433,1,0
4,2,AVG,0.0058374333208795655,1,0
4,2,Std,0.004370589836075015,1,0
4,2,Tot size,0.004689271462310371,1,0
4,2,IAT,0.00394020027957883,1,0
4,2,Number,0.0006143054037874354,1,0
4,2,Variance,0.0017021076765241052,1,0
4,3,Header_Length,0.009349307528673056,1,0
4,3,Protocol Type,0.004407991703069715,1,0
4,3,Time_To_Live,0.0042968496319165566,1,0
4,3,Rate,0.004241629906628796,1,0
4,3,fin_flag_number,0.0002204863950368175,1,0
4,3,syn_flag_number,0.006457220532162462,1,0
4,3,rst_flag_number,0.0002163612449136414,1,0
4,3,psh_flag_number,0.0005673777997557039,1,0
4,3,ack_flag_number,0.00602207740064908,1,0
4,3,ece_flag_number,0.0,1,0
4,3,cwr_flag_number,0.0,1,0
4,3,ack_count,0.004054315816089864,1,0
4,3,syn_count,0.006076994599908616,1,0
4,3,fin_count,0.0006462384299767077,1,0
4,3,rst_count,0.001257563160496163,1,0
4,3,HTTP,0.0003995449325222571,1,0
4,3,HTTPS,0.0006968851499849983,1,0
4,3,DNS,3.742673003388891e-05,1,0
4,3,Telnet,0.0,1,0
4,3,SMTP,0.0,1,0
4,3,SSH,0.0,1,0
4,3,IRC,0.0,1,0
4,3,TCP,0.008283617664715751,1,0
4,3,UDP,0.005962217193407372,1,0
4,3,DHCP,0.0,1,0
4,3,ARP,2.336902254321293e-05,1,0
4,3,ICMP,0.0015960683146119912,1,0
4,3,IGMP,0.0,1,0
4,3,IPv,1.9665808582484503e-05,1,0
4,3,LLC,1.830371629782302e-05,1,0
4,3,Tot sum,0.00683885861981465,1,0
4,3,Min,0.00041546266003586105,1,0
4,3,Max,0.0023994112625745512,1,0
4,3,AVG,0.011715555627931197,1,0
4,3,Std,0.008798774258990248,1,0
4,3,Tot size,0.006054515486449973,1,0
4,3,IAT,0.003649301781629562,1,0
4,3,Number,0.0008039637249665902,1,0
4,3,Variance,0.00153625939152179,1,0
4,4,Header_Length,0.010378374347552637,1,0
4,4,Protocol Type,0.0038578689467260742,1,0
4,4,Time_To_Live,0.004630574938884948,1,0
4,4,Rate,0.004295852353047715,1,0
4,4,fin_flag_number,0.0001541679490013922,1,0
4,4,syn_flag_number,0.00627473447192972,1,0
4,4,rst_flag_number,0.00018869855764276974,1,0
4,4,psh_flag_number,0.0003369083336632632,1,0
4,4,ack_flag_number,0.006306499420596203,1,0
4,4,ece_flag_number,0.0,1,0
4,4,cwr_flag_number,0.0,1,0
4,4,ack_count,0.004148562896508967,1,0
4,4,syn_count,0.005527682337247483,1,0
4,4,fin_count,0.0007951173749646547,1,0
4,4,rst_count,0.0015535981461539878,1,0
4,4,HTTP,0.00028322289204578584,1,0
4,4,HTTPS,0.0004577893178153382,1,0
4,4,DNS,2.35362099566029e-05,1,0
4,4,Telnet,0.0,1,0
4,4,SMTP,0.0,1,0
4,4,SSH,0.0,1,0
4,4,IRC,0.0,1,0
4,4,TCP,0.008519169683314072,1,0
4,4,UDP,0.006049020518424329,1,0
4,4,DHCP,0.0,1,0
4,4,ARP,1.801752509604773e-05,1,0
4,4,ICMP,0.0012437821280675476,1,0
4,4,IGMP,0.0,1,0
4,4,IPv,2.71729428388042e-05,1,0
4,4,LLC,2.3200351997619666e-05,1,0
4,4,Tot sum,0.010279430719452207,1,0
4,4,Min,0.0005919151646869255,1,0
4,4,Max,0.001957203110226515,1,0
4,4,AVG,0.008222540607738124,1,0
4,4,Std,0.005758968014577598,1,0
4,4,Tot size,0.008256831441069302,1,0
4,4,IAT,0.0037289871223719307,1,0
4,4,Number,0.0007685568842347834,1,0
4,4,Variance,0.002604134259337022,1,0
4,5,Header_Length,0.007144458483815469,1,0
4,5,Protocol Type,0.0036057939127128085,1,0
4,5,Time_To_Live,0.0037194981552717823,1,0
4,5,Rate,0.004050940396516681,1,0
4,5,fin_flag_number,0.00021082061704139974,1,0
4,5,syn_flag_number,0.003209450193311121,1,0
4,5,rst_flag_number,0.00013210803964408305,1,0
4,5,psh_flag_number,0.0003883953032023053,1,0
4,5,ack_flag_number,0.003925128846829705,1,0
4,5,ece_flag_number,0.0,1,0
4,5,cwr_flag_number,0.0,1,0
4,5,ack_count,0.002232517328895971,1,0
4,5,syn_count,0.002248752311138585,1,0
4,5,fin_count,0.00043997240500830766,1,0
4,5,rst_count,0.0007995198136964407,1,0
4,5,HTTP,0.00015929024717898597,1,0
4,5,HTTPS,0.0002439698331935806,1,0
4,5,DNS,2.074072974354408e-05,1,0
4,5,Telnet,0.0,1,0
4,5,SMTP,0.0,1,0
4,5,SSH,0.0,1,0
4,5,IRC,0.0,1,0
4,5,TCP,0.007241086192748215,1,0
4,5,UDP,0.003896999253723366,1,0
4,5,DHCP,0.0,1,0
4,5,ARP,1.8271788823983406e-05,1,0
4,5,ICMP,0.0005093773346802354,1,0
4,5,IGMP,0.0,1,0
4,5,IPv,4.0563784180916536e-05,1,0
4,5,LLC,3.64726821060311e-05,1,0
4,5,Tot sum,0.004734998944148321,1,0
4,5,Min,0.0003511727700920547,1,0
4,5,Max,0.001188425441129175,1,0
4,5,AVG,0.005700293276863261,1,0
4,5,Std,0.003728736168975878,1,0
4,5,Tot size,0.004879859258229966,1,0
4,5,IAT,0.0037215001009793143,1,0
4,5,Number,0.0004191911010809042,1,0
4,5,Variance,0.0012830648081986105,1,0
5,1,Header_Length,0.01452786777851521,5,1
5,1,Protocol Type,0.004744320812164227,5,1
5,1,Time_To_Live,0.0046296631574539605,5,1
5,1,Rate,0.003818271891312348,5,1
5,1,fin_flag_number,0.00026497263297725317,5,1
5,1,syn_flag_number,0.006902339605622476,5,1
5,1,rst_flag_number,0.0002412887338595261,5,1
5,1,psh_flag_number,0.0007138521663383735,5,1
5,1,ack_flag_number,0.0073727112536663185,5,1
5,1,ece_flag_number,0.0,5,1
5,1,cwr_flag_number,0.0,5,1
5,1,ack_count,0.0064818757190693455,5,1
5,1,syn_count,0.006954567004203319,5,1
5,1,fin_count,0.0014155845832779586,5,1
5,1,rst_count,0.0018190022944924171,5,1
5,1,HTTP,0.00019589939227328002,5,1
5,1,HTTPS,0.00034030098560957646,5,1
5,1,DNS,2.7471610949712274e-05,5,1
5,1,Telnet,0.0,5,1
5,1,SMTP,0.0,5,1
5,1,SSH,0.0,5,1
5,1,IRC,0.0,5,1
5,1,TCP,0.009692396107150145,5,1
5,1,UDP,0.008268923076584505,5,1
5,1,DHCP,0.0,5,1
5,1,ARP,2.1412492704163463e-05,5,1
5,1,ICMP,0.0004839310063512581,5,1
5,1,IGMP,0.0,5,1
5,1,IPv,2.626549848131007e-05,5,1
5,1,LLC,2.638529352580278e-05,5,1
5,1,Tot sum,0.015218889085253486,5,1
5,1,Min,0.0008594496355805645,5,1
5,1,Max,0.003592866624759356,5,1
5,1,AVG,0.015417661197283591,5,1
5,1,Std,0.009642233321250302,5,1
5,1,Tot size,0.008920322227962007,5,1
5,1,IAT,0.004099557724888411,5,1
5,1,Number,0.0018428075639949184,5,1
5,1,Variance,0.0024234219307752367,5,1
5,2,Header_Length,0.014834631591723815,5,1
5,2,Protocol Type,0.005124101984713025,5,1
5,2,Time_To_Live,0.004921019571907232,5,1
5,2,Rate,0.004031192310381185,5,1
5,2,fin_flag_number,0.00026054196757431926,5,1
5,2,syn_flag_number,0.00700421529558785,5,1
5,2,rst_flag_number,0.00020801196716103748,5,1
5,2,psh_flag_number,0.0007520076953582828,5,1
5,2,ack_flag_number,0.006782106761322315,5,1
5,2,ece_flag_number,0.0,5,1
5,2,cwr_flag_number,0.0,5,1
5,2,ack_count,0.005580850932884833,5,1
5,2,syn_count,0.0071490785742162185,5,1
5,2,fin_count,0.0014683637306846804,5,1
5,2,rst_count,0.001400419281047614,5,1
5,2,HTTP,0.00019497428302906155,5,1
5,2,HTTPS,0.0003163199235017153,5,1
5,2,DNS,2.292217659638235e-05,5,1
5,2,Telnet,0.0,5,1
5,2,SMTP,0.0,5,1
5,2,SSH,0.0,5,1
5,2,IRC,0.0,5,1
5,2,TCP,0.009441530833854326,5,1
5,2,UDP,0.00775930610332268,5,1
5,2,DHCP,0.0,5,1
5,2,ARP,1.9588635561232796e-05,5,1
5,2,ICMP,0.0005225244343361226,5,1
5,2,IGMP,0.0,5,1
5,2,IPv,2.860566785201943e-05,5,1
5,2,LLC,2.93099276016745e-05,5,1
5,2,Tot sum,0.013124120919367587,5,1
5,2,Min,0.0013709973611259877,5,1
5,2,Max,0.00439066473165137,5,1
5,2,AVG,0.014360663572121386,5,1
5,2,Std,0.008264786658704846,5,1
5,2,Tot size,0.012130698968711998,5,1
5,2,IAT,0.0038557715096114763,5,1
5,2,Number,0.0016806264923395996,5,1
5,2,Variance,0.0065375757180945035,5,1
5,3,Header_Length,0.014736180318082277,5,1
5,3,Protocol Type,0.004916917597166789,5,1
5,3,Time_To_Live,0.004886972099635973,5,1
5,3,Rate,0.003960495193373831,5,1
5,3,fin_flag_number,0.0002760135010998777,5,1
5,3,syn_flag_number,0.007360623580278949,5,1
5,3,rst_flag_number,0.00022946356988189204,5,1
5,3,psh_flag_number,0.0007848493787966214,5,1
5,3,ack_flag_number,0.007606671737235101,5,1
5,3,ece_flag_number,0.0,5,1
5,3,cwr_flag_number,0.0,5,1
5,3,ack_count,0.006359891185294268,5,1
5,3,syn_count,0.007684930170232757,5,1
5,3,fin_count,0.0014249485765287773,5,1
5,3,rst_count,0.001490379978700396,5,1
5,3,HTTP,0.0002033295776876394,5,1
5,3,HTTPS,0.0003916238466817881,5,1
5,3,DNS,2.8379435252425607e-05,5,1
5,3,Telnet,0.0,5,1
5,3,SMTP,0.0,5,1
5,3,SSH,0.0,5,1
5,3,IRC,0.0,5,1
5,3,TCP,0.00933000610289916,5,1
5,3,UDP,0.008685964530001476,5,1
5,3,DHCP,0.0,5,1
5,3,ARP,2.0228614617037284e-05,5,1
5,3,ICMP,0.0004745208598990949,5,1
5,3,IGMP,0.0,5,1
5,3,IPv,2.861564771299045e-05,5,1
5,3,LLC,3.154500267827814e-05,5,1
5,3,Tot sum,0.006791569001563797,5,1
5,3,Min,0.0013186266960094465,5,1
5,3,Max,0.003981030328571402,5,1
5,3,AVG,0.012318964493230859,5,1
5,3,Std,0.007159898613964348,5,1
5,3,Tot size,0.0072889713855198955,5,1
5,3,IAT,0.003756628200997579,5,1
5,3,Number,0.0014166945412964114,5,1
5,3,Variance,0.0014814184156299798,5,1
5,4,Header_Length,0.01444460119325387,5,1
5,4,Protocol Type,0.004903702092794385,5,1
5,4,Time_To_Live,0.004645873028559725,5,1
5,4,Rate,0.0038417207774364363,5,1
5,4,fin_flag_number,0.0002363486275553291,5,1
5,4,syn_flag_number,0.007106443186011906,5,1
5,4,rst_flag_number,0.00022773410557698853,5,1
5,4,psh_flag_number,0.0007925633586310876,5,1
5,4,ack_flag_number,0.0075161494775213954,5,1
5,4,ece_flag_number,0.0,5,1
5,4,cwr_flag_number,0.0,5,1
5,4,ack_count,0.006543730865644506,5,1
5,4,syn_count,0.0073569088675517775,5,1
5,4,fin_count,0.0010678410338679815,5,1
5,4,rst_count,0.0014703562105111583,5,1
5,4,HTTP,0.00022668012022336874,5,1
5,4,HTTPS,0.00036386117158873497,5,1
5,4,DNS,2.8834656931289734e-05,5,1
5,4,Telnet,0.0,5,1
5,4,SMTP,0.0,5,1
5,4,SSH,0.0,5,1
5,4,IRC,0.0,5,1
5,4,TCP,0.009189203265730474,5,1
5,4,UDP,0.008153541352181753,5,1
5,4,DHCP,0.0,5,1
5,4,ARP,2.1085905237375486e-05,5,1
5,4,ICMP,0.0005205820017118407,5,1
5,4,IGMP,0.0,5,1
5,4,IPv,2.9154628877911605e-05,5,1
5,4,LLC,2.9725549408758828e-05,5,1
5,4,Tot sum,0.007440405715552453,5,1
5,4,Min,0.0008115413882077359,5,1
5,4,Max,0.00377433165543109,5,1
5,4,AVG,0.012655088439246336,5,1
5,4,Std,0.007078981766889418,5,1
5,4,Tot size,0.007808570082858114,5,1
5,4,IAT,0.0038574243707219487,5,1
5,4,Number,0.0020450239171115087,5,1
5,4,Variance,0.0026915440909632284,5,1
5,5,Header_Length,0.014490318800260804,5,1
5,5,Protocol Type,0.004530104432867501,5,1
5,5,Time_To_Live,0.004719944759942908,5,1
5,5,Rate,0.004080582883810436,5,1
5,5,fin_flag_number,0.00024126219955858833,5,1
5,5,syn_flag_number,0.006996542974349452,5,1
5,5,rst_flag_number,0.00020303106322694294,5,1
5,5,psh_flag_number,0.0008533373577876321,5,1
5,5,ack_flag_number,0.007426390771332884,5,1
5,5,ece_flag_number,0.0,5,1
5,5,cwr_flag_number,0.0,5,1
5,5,ack_count,0.00625416428757703,5,1
5,5,syn_count,0.00728047408098405,5,1
5,5,fin_count,0.0015424804906349302,5,1
5,5,rst_count,0.001424383601897228,5,1
5,5,HTTP,0.00021028231730841354,5,1
5,5,HTTPS,0.00031914659953733386,5,1
5,5,DNS,2.2270959966001112e-05,5,1
5,5,Telnet,0.0,5,1
5,5,SMTP,0.0,5,1
5,5,SSH,0.0,5,1
5,5,IRC,0.0,5,1
5,5,TCP,0.009221010992945993,5,1
5,5,UDP,0.008033544053773954,5,1
5,5,DHCP,0.0,5,1
5,5,ARP,1.8156707518598383e-05,5,1
5,5,ICMP,0.0004143949482704515,5,1
5,5,IGMP,0.0,5,1
5,5,IPv,2.8289734774783924e-05,5,1
5,5,LLC,2.9430350601200566e-05,5,1
5,5,Tot sum,0.005762386099574325,5,1
5,5,Min,0.0008574181021578443,5,1
5,5,Max,0.0035256754325939544,5,1
5,5,AVG,0.01252733758172871,5,1
5,5,Std,0.008670773365939589,5,1
5,5,Tot size,0.007190105869526733,5,1
5,5,IAT,0.003920222483864168,5,1
5,5,Number,0.0015820404250469612,5,1
5,5,Variance,0.0018513399119658872,5,1
6,1,Header_Length,0.01452786777851521,5,0
6,1,Protocol Type,0.004744320812164227,5,0
6,1,Time_To_Live,0.0046296631574539605,5,0
6,1,Rate,0.003818271891312348,5,0
6,1,fin_flag_number,0.00026497263297725317,5,0
6,1,syn_flag_number,0.006902339605622476,5,0
6,1,rst_flag_number,0.0002412887338595261,5,0
6,1,psh_flag_number,0.0007138521663383735,5,0
6,1,ack_flag_number,0.0073727112536663185,5,0
6,1,ece_flag_number,0.0,5,0
6,1,cwr_flag_number,0.0,5,0
6,1,ack_count,0.0064818757190693455,5,0
6,1,syn_count,0.006954567004203319,5,0
6,1,fin_count,0.0014155845832779586,5,0
6,1,rst_count,0.0018190022944924171,5,0
6,1,HTTP,0.00019589939227328002,5,0
6,1,HTTPS,0.00034030098560957646,5,0
6,1,DNS,2.7471610949712274e-05,5,0
6,1,Telnet,0.0,5,0
6,1,SMTP,0.0,5,0
6,1,SSH,0.0,5,0
6,1,IRC,0.0,5,0
6,1,TCP,0.009692396107150145,5,0
6,1,UDP,0.008268923076584505,5,0
6,1,DHCP,0.0,5,0
6,1,ARP,2.1412492704163463e-05,5,0
6,1,ICMP,0.0004839310063512581,5,0
6,1,IGMP,0.0,5,0
6,1,IPv,2.626549848131007e-05,5,0
6,1,LLC,2.638529352580278e-05,5,0
6,1,Tot sum,0.015218889085253486,5,0
6,1,Min,0.0008594496355805645,5,0
6,1,Max,0.003592866624759356,5,0
6,1,AVG,0.015417661197283591,5,0
6,1,Std,0.009642233321250302,5,0
6,1,Tot size,0.008920322227962007,5,0
6,1,IAT,0.004099557724888411,5,0
6,1,Number,0.0018428075639949184,5,0
6,1,Variance,0.0024234219307752367,5,0
6,2,Header_Length,0.014834631591723815,5,0
6,2,Protocol Type,0.005124101984713025,5,0
6,2,Time_To_Live,0.004921019571907232,5,0
6,2,Rate,0.004031192310381185,5,0
6,2,fin_flag_number,0.00026054196757431926,5,0
6,2,syn_flag_number,0.00700421529558785,5,0
6,2,rst_flag_number,0.00020801196716103748,5,0
6,2,psh_flag_number,0.0007520076953582828,5,0
6,2,ack_flag_number,0.006782106761322315,5,0
6,2,ece_flag_number,0.0,5,0
6,2,cwr_flag_number,0.0,5,0
6,2,ack_count,0.005580850932884833,5,0
6,2,syn_count,0.0071490785742162185,5,0
6,2,fin_count,0.0014683637306846804,5,0
6,2,rst_count,0.001400419281047614,5,0
6,2,HTTP,0.00019497428302906155,5,0
6,2,HTTPS,0.0003163199235017153,5,0
6,2,DNS,2.292217659638235e-05,5,0
6,2,Telnet,0.0,5,0
6,2,SMTP,0.0,5,0
6,2,SSH,0.0,5,0
6,2,IRC,0.0,5,0
6,2,TCP,0.009441530833854326,5,0
6,2,UDP,0.00775930610332268,5,0
6,2,DHCP,0.0,5,0
6,2,ARP,1.9588635561232796e-05,5,0
6,2,ICMP,0.0005225244343361226,5,0
6,2,IGMP,0.0,5,0
6,2,IPv,2.860566785201943e-05,5,0
6,2,LLC,2.93099276016745e-05,5,0
6,2,Tot sum,0.013124120919367587,5,0
6,2,Min,0.0013709973611259877,5,0
6,2,Max,0.00439066473165137,5,0
6,2,AVG,0.014360663572121386,5,0
6,2,Std,0.008264786658704846,5,0
6,2,Tot size,0.012130698968711998,5,0
6,2,IAT,0.0038557715096114763,5,0
6,2,Number,0.0016806264923395996,5,0
6,2,Variance,0.0065375757180945035,5,0
6,3,Header_Length,0.014736180318082277,5,0
6,3,Protocol Type,0.004916917597166789,5,0
6,3,Time_To_Live,0.004886972099635973,5,0
6,3,Rate,0.003960495193373831,5,0
6,3,fin_flag_number,0.0002760135010998777,5,0
6,3,syn_flag_number,0.007360623580278949,5,0
6,3,rst_flag_number,0.00022946356988189204,5,0
6,3,psh_flag_number,0.0007848493787966214,5,0
6,3,ack_flag_number,0.007606671737235101,5,0
6,3,ece_flag_number,0.0,5,0
6,3,cwr_flag_number,0.0,5,0
6,3,ack_count,0.006359891185294268,5,0
6,3,syn_count,0.007684930170232757,5,0
6,3,fin_count,0.0014249485765287773,5,0
6,3,rst_count,0.001490379978700396,5,0
6,3,HTTP,0.0002033295776876394,5,0
6,3,HTTPS,0.0003916238466817881,5,0
6,3,DNS,2.8379435252425607e-05,5,0
6,3,Telnet,0.0,5,0
6,3,SMTP,0.0,5,0
6,3,SSH,0.0,5,0
6,3,IRC,0.0,5,0
6,3,TCP,0.00933000610289916,5,0
6,3,UDP,0.008685964530001476,5,0
6,3,DHCP,0.0,5,0
6,3,ARP,2.0228614617037284e-05,5,0
6,3,ICMP,0.0004745208598990949,5,0
6,3,IGMP,0.0,5,0
6,3,IPv,2.861564771299045e-05,5,0
6,3,LLC,3.154500267827814e-05,5,0
6,3,Tot sum,0.006791569001563797,5,0
6,3,Min,0.0013186266960094465,5,0
6,3,Max,0.003981030328571402,5,0
6,3,AVG,0.012318964493230859,5,0
6,3,Std,0.007159898613964348,5,0
6,3,Tot size,0.0072889713855198955,5,0
6,3,IAT,0.003756628200997579,5,0
6,3,Number,0.0014166945412964114,5,0
6,3,Variance,0.0014814184156299798,5,0
6,4,Header_Length,0.01444460119325387,5,0
6,4,Protocol Type,0.004903702092794385,5,0
6,4,Time_To_Live,0.004645873028559725,5,0
6,4,Rate,0.0038417207774364363,5,0
6,4,fin_flag_number,0.0002363486275553291,5,0
6,4,syn_flag_number,0.007106443186011906,5,0
6,4,rst_flag_number,0.00022773410557698853,5,0
6,4,psh_flag_number,0.0007925633586310876,5,0
6,4,ack_flag_number,0.0075161494775213954,5,0
6,4,ece_flag_number,0.0,5,0
6,4,cwr_flag_number,0.0,5,0
6,4,ack_count,0.006543730865644506,5,0
6,4,syn_count,0.0073569088675517775,5,0
6,4,fin_count,0.0010678410338679815,5,0
6,4,rst_count,0.0014703562105111583,5,0
6,4,HTTP,0.00022668012022336874,5,0
6,4,HTTPS,0.00036386117158873497,5,0
6,4,DNS,2.8834656931289734e-05,5,0
6,4,Telnet,0.0,5,0
6,4,SMTP,0.0,5,0
6,4,SSH,0.0,5,0
6,4,IRC,0.0,5,0
6,4,TCP,0.009189203265730474,5,0
6,4,UDP,0.008153541352181753,5,0
6,4,DHCP,0.0,5,0
6,4,ARP,2.1085905237375486e-05,5,0
6,4,ICMP,0.0005205820017118407,5,0
6,4,IGMP,0.0,5,0
6,4,IPv,2.9154628877911605e-05,5,0
6,4,LLC,2.9725549408758828e-05,5,0
6,4,Tot sum,0.007440405715552453,5,0
6,4,Min,0.0008115413882077359,5,0
6,4,Max,0.00377433165543109,5,0
6,4,AVG,0.012655088439246336,5,0
6,4,Std,0.007078981766889418,5,0
6,4,Tot size,0.007808570082858114,5,0
6,4,IAT,0.0038574243707219487,5,0
6,4,Number,0.0020450239171115087,5,0
6,4,Variance,0.0026915440909632284,5,0
6,5,Header_Length,0.014490318800260804,5,0
6,5,Protocol Type,0.004530104432867501,5,0
6,5,Time_To_Live,0.004719944759942908,5,0
6,5,Rate,0.004080582883810436,5,0
6,5,fin_flag_number,0.00024126219955858833,5,0
6,5,syn_flag_number,0.006996542974349452,5,0
6,5,rst_flag_number,0.00020303106322694294,5,0
6,5,psh_flag_number,0.0008533373577876321,5,0
6,5,ack_flag_number,0.007426390771332884,5,0
6,5,ece_flag_number,0.0,5,0
6,5,cwr_flag_number,0.0,5,0
6,5,ack_count,0.00625416428757703,5,0
6,5,syn_count,0.00728047408098405,5,0
6,5,fin_count,0.0015424804906349302,5,0
6,5,rst_count,0.001424383601897228,5,0
6,5,HTTP,0.00021028231730841354,5,0
6,5,HTTPS,0.00031914659953733386,5,0
6,5,DNS,2.2270959966001112e-05,5,0
6,5,Telnet,0.0,5,0
6,5,SMTP,0.0,5,0
6,5,SSH,0.0,5,0
6,5,IRC,0.0,5,0
6,5,TCP,0.009221010992945993,5,0
6,5,UDP,0.008033544053773954,5,0
6,5,DHCP,0.0,5,0
6,5,ARP,1.8156707518598383e-05,5,0
6,5,ICMP,0.0004143949482704515,5,0
6,5,IGMP,0.0,5,0
6,5,IPv,2.8289734774783924e-05,5,0
6,5,LLC,2.9430350601200566e-05,5,0
6,5,Tot sum,0.005762386099574325,5,0
6,5,Min,0.0008574181021578443,5,0
6,5,Max,0.0035256754325939544,5,0
6,5,AVG,0.01252733758172871,5,0
6,5,Std,0.008670773365939589,5,0
6,5,Tot size,0.007190105869526733,5,0
6,5,IAT,0.003920222483864168,5,0
6,5,Number,0.0015820404250469612,5,0
6,5,Variance,0.0018513399119658872,5,0
7,1,Header_Length,0.01452786777851521,5,0
7,1,Protocol Type,0.004744320812164227,5,0
7,1,Time_To_Live,0.0046296631574539605,5,0
7,1,Rate,0.003818271891312348,5,0
7,1,fin_flag_number,0.00026497263297725317,5,0
7,1,syn_flag_number,0.006902339605622476,5,0
7,1,rst_flag_number,0.0002412887338595261,5,0
7,1,psh_flag_number,0.0007138521663383735,5,0
7,1,ack_flag_number,0.0073727112536663185,5,0
7,1,ece_flag_number,0.0,5,0
7,1,cwr_flag_number,0.0,5,0
7,1,ack_count,0.0064818757190693455,5,0
7,1,syn_count,0.006954567004203319,5,0
7,1,fin_count,0.0014155845832779586,5,0
7,1,rst_count,0.0018190022944924171,5,0
7,1,HTTP,0.00019589939227328002,5,0
7,1,HTTPS,0.00034030098560957646,5,0
7,1,DNS,2.7471610949712274e-05,5,0
7,1,Telnet,0.0,5,0
7,1,SMTP,0.0,5,0
7,1,SSH,0.0,5,0
7,1,IRC,0.0,5,0
7,1,TCP,0.009692396107150145,5,0
7,1,UDP,0.008268923076584505,5,0
7,1,DHCP,0.0,5,0
7,1,ARP,2.1412492704163463e-05,5,0
7,1,ICMP,0.0004839310063512581,5,0
7,1,IGMP,0.0,5,0
7,1,IPv,2.626549848131007e-05,5,0
7,1,LLC,2.638529352580278e-05,5,0
7,1,Tot sum,0.015218889085253486,5,0
7,1,Min,0.0008594496355805645,5,0
7,1,Max,0.003592866624759356,5,0
7,1,AVG,0.015417661197283591,5,0
7,1,Std,0.009642233321250302,5,0
7,1,Tot size,0.008920322227962007,5,0
7,1,IAT,0.004099557724888411,5,0
7,1,Number,0.0018428075639949184,5,0
7,1,Variance,0.0024234219307752367,5,0
7,2,Header_Length,0.014834631591723815,5,0
7,2,Protocol Type,0.005124101984713025,5,0
7,2,Time_To_Live,0.004921019571907232,5,0
7,2,Rate,0.004031192310381185,5,0
7,2,fin_flag_number,0.00026054196757431926,5,0
7,2,syn_flag_number,0.00700421529558785,5,0
7,2,rst_flag_number,0.00020801196716103748,5,0
7,2,psh_flag_number,0.0007520076953582828,5,0
7,2,ack_flag_number,0.006782106761322315,5,0
7,2,ece_flag_number,0.0,5,0
7,2,cwr_flag_number,0.0,5,0
7,2,ack_count,0.005580850932884833,5,0
7,2,syn_count,0.0071490785742162185,5,0
7,2,fin_count,0.0014683637306846804,5,0
7,2,rst_count,0.001400419281047614,5,0
7,2,HTTP,0.00019497428302906155,5,0
7,2,HTTPS,0.0003163199235017153,5,0
7,2,DNS,2.292217659638235e-05,5,0
7,2,Telnet,0.0,5,0
7,2,SMTP,0.0,5,0
7,2,SSH,0.0,5,0
7,2,IRC,0.0,5,0
7,2,TCP,0.009441530833854326,5,0
7,2,UDP,0.00775930610332268,5,0
7,2,DHCP,0.0,5,0
7,2,ARP,1.9588635561232796e-05,5,0
7,2,ICMP,0.0005225244343361226,5,0
7,2,IGMP,0.0,5,0
7,2,IPv,2.860566785201943e-05,5,0
7,2,LLC,2.93099276016745e-05,5,0
7,2,Tot sum,0.013124120919367587,5,0
7,2,Min,0.0013709973611259877,5,0
7,2,Max,0.00439066473165137,5,0
7,2,AVG,0.014360663572121386,5,0
7,2,Std,0.008264786658704846,5,0
7,2,Tot size,0.012130698968711998,5,0
7,2,IAT,0.0038557715096114763,5,0
7,2,Number,0.0016806264923395996,5,0
7,2,Variance,0.0065375757180945035,5,0
7,3,Header_Length,0.014736180318082277,5,0
7,3,Protocol Type,0.004916917597166789,5,0
7,3,Time_To_Live,0.004886972099635973,5,0
7,3,Rate,0.003960495193373831,5,0
7,3,fin_flag_number,0.0002760135010998777,5,0
7,3,syn_flag_number,0.007360623580278949,5,0
7,3,rst_flag_number,0.00022946356988189204,5,0
7,3,psh_flag_number,0.0007848493787966214,5,0
7,3,ack_flag_number,0.007606671737235101,5,0
7,3,ece_flag_number,0.0,5,0
7,3,cwr_flag_number,0.0,5,0
7,3,ack_count,0.006359891185294268,5,0
7,3,syn_count,0.007684930170232757,5,0
7,3,fin_count,0.0014249485765287773,5,0
7,3,rst_count,0.001490379978700396,5,0
7,3,HTTP,0.0002033295776876394,5,0
7,3,HTTPS,0.0003916238466817881,5,0
7,3,DNS,2.8379435252425607e-05,5,0
7,3,Telnet,0.0,5,0
7,3,SMTP,0.0,5,0
7,3,SSH,0.0,5,0
7,3,IRC,0.0,5,0
7,3,TCP,0.00933000610289916,5,0
7,3,UDP,0.008685964530001476,5,0
7,3,DHCP,0.0,5,0
7,3,ARP,2.0228614617037284e-05,5,0
7,3,ICMP,0.0004745208598990949,5,0
7,3,IGMP,0.0,5,0
7,3,IPv,2.861564771299045e-05,5,0
7,3,LLC,3.154500267827814e-05,5,0
7,3,Tot sum,0.006791569001563797,5,0
7,3,Min,0.0013186266960094465,5,0
7,3,Max,0.003981030328571402,5,0
7,3,AVG,0.012318964493230859,5,0
7,3,Std,0.007159898613964348,5,0
7,3,Tot size,0.0072889713855198955,5,0
7,3,IAT,0.003756628200997579,5,0
7,3,Number,0.0014166945412964114,5,0
7,3,Variance,0.0014814184156299798,5,0
7,4,Header_Length,0.01444460119325387,5,0
7,4,Protocol Type,0.004903702092794385,5,0
7,4,Time_To_Live,0.004645873028559725,5,0
7,4,Rate,0.0038417207774364363,5,0
7,4,fin_flag_number,0.0002363486275553291,5,0
7,4,syn_flag_number,0.007106443186011906,5,0
7,4,rst_flag_number,0.00022773410557698853,5,0
7,4,psh_flag_number,0.0007925633586310876,5,0
7,4,ack_flag_number,0.0075161494775213954,5,0
7,4,ece_flag_number,0.0,5,0
7,4,cwr_flag_number,0.0,5,0
7,4,ack_count,0.006543730865644506,5,0
7,4,syn_count,0.0073569088675517775,5,0
7,4,fin_count,0.0010678410338679815,5,0
7,4,rst_count,0.0014703562105111583,5,0
7,4,HTTP,0.00022668012022336874,5,0
7,4,HTTPS,0.00036386117158873497,5,0
7,4,DNS,2.8834656931289734e-05,5,0
7,4,Telnet,0.0,5,0
7,4,SMTP,0.0,5,0
7,4,SSH,0.0,5,0
7,4,IRC,0.0,5,0
7,4,TCP,0.009189203265730474,5,0
7,4,UDP,0.008153541352181753,5,0
7,4,DHCP,0.0,5,0
7,4,ARP,2.1085905237375486e-05,5,0
7,4,ICMP,0.0005205820017118407,5,0
7,4,IGMP,0.0,5,0
7,4,IPv,2.9154628877911605e-05,5,0
7,4,LLC,2.9725549408758828e-05,5,0
7,4,Tot sum,0.007440405715552453,5,0
7,4,Min,0.0008115413882077359,5,0
7,4,Max,0.00377433165543109,5,0
7,4,AVG,0.012655088439246336,5,0
7,4,Std,0.007078981766889418,5,0
7,4,Tot size,0.007808570082858114,5,0
7,4,IAT,0.0038574243707219487,5,0
7,4,Number,0.0020450239171115087,5,0
7,4,Variance,0.0026915440909632284,5,0
7,5,Header_Length,0.014490318800260804,5,0
7,5,Protocol Type,0.004530104432867501,5,0
7,5,Time_To_Live,0.004719944759942908,5,0
7,5,Rate,0.004080582883810436,5,0
7,5,fin_flag_number,0.00024126219955858833,5,0
7,5,syn_flag_number,0.006996542974349452,5,0
7,5,rst_flag_number,0.00020303106322694294,5,0
7,5,psh_flag_number,0.0008533373577876321,5,0
7,5,ack_flag_number,0.007426390771332884,5,0
7,5,ece_flag_number,0.0,5,0
7,5,cwr_flag_number,0.0,5,0
7,5,ack_count,0.00625416428757703,5,0
7,5,syn_count,0.00728047408098405,5,0
7,5,fin_count,0.0015424804906349302,5,0
7,5,rst_count,0.001424383601897228,5,0
7,5,HTTP,0.00021028231730841354,5,0
7,5,HTTPS,0.00031914659953733386,5,0
7,5,DNS,2.2270959966001112e-05,5,0
7,5,Telnet,0.0,5,0
7,5,SMTP,0.0,5,0
7,5,SSH,0.0,5,0
7,5,IRC,0.0,5,0
7,5,TCP,0.009221010992945993,5,0
7,5,UDP,0.008033544053773954,5,0
7,5,DHCP,0.0,5,0
7,5,ARP,1.8156707518598383e-05,5,0
7,5,ICMP,0.0004143949482704515,5,0
7,5,IGMP,0.0,5,0
7,5,IPv,2.8289734774783924e-05,5,0
7,5,LLC,2.9430350601200566e-05,5,0
7,5,Tot sum,0.005762386099574325,5,0
7,5,Min,0.0008574181021578443,5,0
7,5,Max,0.0035256754325939544,5,0
7,5,AVG,0.01252733758172871,5,0
7,5,Std,0.008670773365939589,5,0
7,5,Tot size,0.007190105869526733,5,0
7,5,IAT,0.003920222483864168,5,0
7,5,Number,0.0015820404250469612,5,0
7,5,Variance,0.0018513399119658872,5,0
8,1,Header_Length,0.01452786777851521,5,0
8,1,Protocol Type,0.004744320812164227,5,0
8,1,Time_To_Live,0.0046296631574539605,5,0
8,1,Rate,0.003818271891312348,5,0
8,1,fin_flag_number,0.00026497263297725317,5,0
8,1,syn_flag_number,0.006902339605622476,5,0
8,1,rst_flag_number,0.0002412887338595261,5,0
8,1,psh_flag_number,0.0007138521663383735,5,0
8,1,ack_flag_number,0.0073727112536663185,5,0
8,1,ece_flag_number,0.0,5,0
8,1,cwr_flag_number,0.0,5,0
8,1,ack_count,0.0064818757190693455,5,0
8,1,syn_count,0.006954567004203319,5,0
8,1,fin_count,0.0014155845832779586,5,0
8,1,rst_count,0.0018190022944924171,5,0
8,1,HTTP,0.00019589939227328002,5,0
8,1,HTTPS,0.00034030098560957646,5,0
8,1,DNS,2.7471610949712274e-05,5,0
8,1,Telnet,0.0,5,0
8,1,SMTP,0.0,5,0
8,1,SSH,0.0,5,0
8,1,IRC,0.0,5,0
8,1,TCP,0.009692396107150145,5,0
8,1,UDP,0.008268923076584505,5,0
8,1,DHCP,0.0,5,0
8,1,ARP,2.1412492704163463e-05,5,0
8,1,ICMP,0.0004839310063512581,5,0
8,1,IGMP,0.0,5,0
8,1,IPv,2.626549848131007e-05,5,0
8,1,LLC,2.638529352580278e-05,5,0
8,1,Tot sum,0.015218889085253486,5,0
8,1,Min,0.0008594496355805645,5,0
8,1,Max,0.003592866624759356,5,0
8,1,AVG,0.015417661197283591,5,0
8,1,Std,0.009642233321250302,5,0
8,1,Tot size,0.008920322227962007,5,0
8,1,IAT,0.004099557724888411,5,0
8,1,Number,0.0018428075639949184,5,0
8,1,Variance,0.0024234219307752367,5,0
8,2,Header_Length,0.014834631591723815,5,0
8,2,Protocol Type,0.005124101984713025,5,0
8,2,Time_To_Live,0.004921019571907232,5,0
8,2,Rate,0.004031192310381185,5,0
8,2,fin_flag_number,0.00026054196757431926,5,0
8,2,syn_flag_number,0.00700421529558785,5,0
8,2,rst_flag_number,0.00020801196716103748,5,0
8,2,psh_flag_number,0.0007520076953582828,5,0
8,2,ack_flag_number,0.006782106761322315,5,0
8,2,ece_flag_number,0.0,5,0
8,2,cwr_flag_number,0.0,5,0
8,2,ack_count,0.005580850932884833,5,0
8,2,syn_count,0.0071490785742162185,5,0
8,2,fin_count,0.0014683637306846804,5,0
8,2,rst_count,0.001400419281047614,5,0
8,2,HTTP,0.00019497428302906155,5,0
8,2,HTTPS,0.0003163199235017153,5,0
8,2,DNS,2.292217659638235e-05,5,0
8,2,Telnet,0.0,5,0
8,2,SMTP,0.0,5,0
8,2,SSH,0.0,5,0
8,2,IRC,0.0,5,0
8,2,TCP,0.009441530833854326,5,0
8,2,UDP,0.00775930610332268,5,0
8,2,DHCP,0.0,5,0
8,2,ARP,1.9588635561232796e-05,5,0
8,2,ICMP,0.0005225244343361226,5,0
8,2,IGMP,0.0,5,0
8,2,IPv,2.860566785201943e-05,5,0
8,2,LLC,2.93099276016745e-05,5,0
8,2,Tot sum,0.013124120919367587,5,0
8,2,Min,0.0013709973611259877,5,0
8,2,Max,0.00439066473165137,5,0
8,2,AVG,0.014360663572121386,5,0
8,2,Std,0.008264786658704846,5,0
8,2,Tot size,0.012130698968711998,5,0
8,2,IAT,0.0038557715096114763,5,0
8,2,Number,0.0016806264923395996,5,0
8,2,Variance,0.0065375757180945035,5,0
8,3,Header_Length,0.014736180318082277,5,0
8,3,Protocol Type,0.004916917597166789,5,0
8,3,Time_To_Live,0.004886972099635973,5,0
8,3,Rate,0.003960495193373831,5,0
8,3,fin_flag_number,0.0002760135010998777,5,0
8,3,syn_flag_number,0.007360623580278949,5,0
8,3,rst_flag_number,0.00022946356988189204,5,0
8,3,psh_flag_number,0.0007848493787966214,5,0
8,3,ack_flag_number,0.007606671737235101,5,0
8,3,ece_flag_number,0.0,5,0
8,3,cwr_flag_number,0.0,5,0
8,3,ack_count,0.006359891185294268,5,0
8,3,syn_count,0.007684930170232757,5,0
8,3,fin_count,0.0014249485765287773,5,0
8,3,rst_count,0.001490379978700396,5,0
8,3,HTTP,0.0002033295776876394,5,0
8,3,HTTPS,0.0003916238466817881,5,0
8,3,DNS,2.8379435252425607e-05,5,0
8,3,Telnet,0.0,5,0
8,3,SMTP,0.0,5,0
8,3,SSH,0.0,5,0
8,3,IRC,0.0,5,0
8,3,TCP,0.00933000610289916,5,0
8,3,UDP,0.008685964530001476,5,0
8,3,DHCP,0.0,5,0
8,3,ARP,2.0228614617037284e-05,5,0
8,3,ICMP,0.0004745208598990949,5,0
8,3,IGMP,0.0,5,0
8,3,IPv,2.861564771299045e-05,5,0
8,3,LLC,3.154500267827814e-05,5,0
8,3,Tot sum,0.006791569001563797,5,0
8,3,Min,0.0013186266960094465,5,0
8,3,Max,0.003981030328571402,5,0
8,3,AVG,0.012318964493230859,5,0
8,3,Std,0.007159898613964348,5,0
8,3,Tot size,0.0072889713855198955,5,0
8,3,IAT,0.003756628200997579,5,0
8,3,Number,0.0014166945412964114,5,0
8,3,Variance,0.0014814184156299798,5,0
8,4,Header_Length,0.01444460119325387,5,0
8,4,Protocol Type,0.004903702092794385,5,0
8,4,Time_To_Live,0.004645873028559725,5,0
8,4,Rate,0.0038417207774364363,5,0
8,4,fin_flag_number,0.0002363486275553291,5,0
8,4,syn_flag_number,0.007106443186011906,5,0
8,4,rst_flag_number,0.00022773410557698853,5,0
8,4,psh_flag_number,0.0007925633586310876,5,0
8,4,ack_flag_number,0.0075161494775213954,5,0
8,4,ece_flag_number,0.0,5,0
8,4,cwr_flag_number,0.0,5,0
8,4,ack_count,0.006543730865644506,5,0
8,4,syn_count,0.0073569088675517775,5,0
8,4,fin_count,0.0010678410338679815,5,0
8,4,rst_count,0.0014703562105111583,5,0
8,4,HTTP,0.00022668012022336874,5,0
8,4,HTTPS,0.00036386117158873497,5,0
8,4,DNS,2.8834656931289734e-05,5,0
8,4,Telnet,0.0,5,0
8,4,SMTP,0.0,5,0
8,4,SSH,0.0,5,0
8,4,IRC,0.0,5,0
8,4,TCP,0.009189203265730474,5,0
8,4,UDP,0.008153541352181753,5,0
8,4,DHCP,0.0,5,0
8,4,ARP,2.1085905237375486e-05,5,0
8,4,ICMP,0.0005205820017118407,5,0
8,4,IGMP,0.0,5,0
8,4,IPv,2.9154628877911605e-05,5,0
8,4,LLC,2.9725549408758828e-05,5,0
8,4,Tot sum,0.007440405715552453,5,0
8,4,Min,0.0008115413882077359,5,0
8,4,Max,0.00377433165543109,5,0
8,4,AVG,0.012655088439246336,5,0
8,4,Std,0.007078981766889418,5,0
8,4,Tot size,0.007808570082858114,5,0
8,4,IAT,0.0038574243707219487,5,0
8,4,Number,0.0020450239171115087,5,0
8,4,Variance,0.0026915440909632284,5,0
8,5,Header_Length,0.014490318800260804,5,0
8,5,Protocol Type,0.004530104432867501,5,0
8,5,Time_To_Live,0.004719944759942908,5,0
8,5,Rate,0.004080582883810436,5,0
8,5,fin_flag_number,0.00024126219955858833,5,0
8,5,syn_flag_number,0.006996542974349452,5,0
8,5,rst_flag_number,0.00020303106322694294,5,0
8,5,psh_flag_number,0.0008533373577876321,5,0
8,5,ack_flag_number,0.007426390771332884,5,0
8,5,ece_flag_number,0.0,5,0
8,5,cwr_flag_number,0.0,5,0
8,5,ack_count,0.00625416428757703,5,0
8,5,syn_count,0.00728047408098405,5,0
8,5,fin_count,0.0015424804906349302,5,0
8,5,rst_count,0.001424383601897228,5,0
8,5,HTTP,0.00021028231730841354,5,0
8,5,HTTPS,0.00031914659953733386,5,0
8,5,DNS,2.2270959966001112e-05,5,0
8,5,Telnet,0.0,5,0
8,5,SMTP,0.0,5,0
8,5,SSH,0.0,5,0
8,5,IRC,0.0,5,0
8,5,TCP,0.009221010992945993,5,0
8,5,UDP,0.008033544053773954,5,0
8,5,DHCP,0.0,5,0
8,5,ARP,1.8156707518598383e-05,5,0
8,5,ICMP,0.0004143949482704515,5,0
8,5,IGMP,0.0,5,0
8,5,IPv,2.8289734774783924e-05,5,0
8,5,LLC,2.9430350601200566e-05,5,0
8,5,Tot sum,0.005762386099574325,5,0
8,5,Min,0.0008574181021578443,5,0
8,5,Max,0.0035256754325939544,5,0
8,5,AVG,0.01252733758172871,5,0
8,5,Std,0.008670773365939589,5,0
8,5,Tot size,0.007190105869526733,5,0
8,5,IAT,0.003920222483864168,5,0
8,5,Number,0.0015820404250469612,5,0
8,5,Variance,0.0018513399119658872,5,0
9,1,Header_Length,0.01452786777851521,5,0
9,1,Protocol Type,0.004744320812164227,5,0
9,1,Time_To_Live,0.0046296631574539605,5,0
9,1,Rate,0.003818271891312348,5,0
9,1,fin_flag_number,0.00026497263297725317,5,0
9,1,syn_flag_number,0.006902339605622476,5,0
9,1,rst_flag_number,0.0002412887338595261,5,0
9,1,psh_flag_number,0.0007138521663383735,5,0
9,1,ack_flag_number,0.0073727112536663185,5,0
9,1,ece_flag_number,0.0,5,0
9,1,cwr_flag_number,0.0,5,0
9,1,ack_count,0.0064818757190693455,5,0
9,1,syn_count,0.006954567004203319,5,0
9,1,fin_count,0.0014155845832779586,5,0
9,1,rst_count,0.0018190022944924171,5,0
9,1,HTTP,0.00019589939227328002,5,0
9,1,HTTPS,0.00034030098560957646,5,0
9,1,DNS,2.7471610949712274e-05,5,0
9,1,Telnet,0.0,5,0
9,1,SMTP,0.0,5,0
9,1,SSH,0.0,5,0
9,1,IRC,0.0,5,0
9,1,TCP,0.009692396107150145,5,0
9,1,UDP,0.008268923076584505,5,0
9,1,DHCP,0.0,5,0
9,1,ARP,2.1412492704163463e-05,5,0
9,1,ICMP,0.0004839310063512581,5,0
9,1,IGMP,0.0,5,0
9,1,IPv,2.626549848131007e-05,5,0
9,1,LLC,2.638529352580278e-05,5,0
9,1,Tot sum,0.015218889085253486,5,0
9,1,Min,0.0008594496355805645,5,0
9,1,Max,0.003592866624759356,5,0
9,1,AVG,0.015417661197283591,5,0
9,1,Std,0.009642233321250302,5,0
9,1,Tot size,0.008920322227962007,5,0
9,1,IAT,0.004099557724888411,5,0
9,1,Number,0.0018428075639949184,5,0
9,1,Variance,0.0024234219307752367,5,0
9,2,Header_Length,0.014834631591723815,5,0
9,2,Protocol Type,0.005124101984713025,5,0
9,2,Time_To_Live,0.004921019571907232,5,0
9,2,Rate,0.004031192310381185,5,0
9,2,fin_flag_number,0.00026054196757431926,5,0
9,2,syn_flag_number,0.00700421529558785,5,0
9,2,rst_flag_number,0.00020801196716103748,5,0
9,2,psh_flag_number,0.0007520076953582828,5,0
9,2,ack_flag_number,0.006782106761322315,5,0
9,2,ece_flag_number,0.0,5,0
9,2,cwr_flag_number,0.0,5,0
9,2,ack_count,0.005580850932884833,5,0
9,2,syn_count,0.0071490785742162185,5,0
9,2,fin_count,0.0014683637306846804,5,0
9,2,rst_count,0.001400419281047614,5,0
9,2,HTTP,0.00019497428302906155,5,0
9,2,HTTPS,0.0003163199235017153,5,0
9,2,DNS,2.292217659638235e-05,5,0
9,2,Telnet,0.0,5,0
9,2,SMTP,0.0,5,0
9,2,SSH,0.0,5,0
9,2,IRC,0.0,5,0
9,2,TCP,0.009441530833854326,5,0
9,2,UDP,0.00775930610332268,5,0
9,2,DHCP,0.0,5,0
9,2,ARP,1.9588635561232796e-05,5,0
9,2,ICMP,0.0005225244343361226,5,0
9,2,IGMP,0.0,5,0
9,2,IPv,2.860566785201943e-05,5,0
9,2,LLC,2.93099276016745e-05,5,0
9,2,Tot sum,0.013124120919367587,5,0
9,2,Min,0.0013709973611259877,5,0
9,2,Max,0.00439066473165137,5,0
9,2,AVG,0.014360663572121386,5,0
9,2,Std,0.008264786658704846,5,0
9,2,Tot size,0.012130698968711998,5,0
9,2,IAT,0.0038557715096114763,5,0
9,2,Number,0.0016806264923395996,5,0
9,2,Variance,0.0065375757180945035,5,0
9,3,Header_Length,0.014736180318082277,5,0
9,3,Protocol Type,0.004916917597166789,5,0
9,3,Time_To_Live,0.004886972099635973,5,0
9,3,Rate,0.003960495193373831,5,0
9,3,fin_flag_number,0.0002760135010998777,5,0
9,3,syn_flag_number,0.007360623580278949,5,0
9,3,rst_flag_number,0.00022946356988189204,5,0
9,3,psh_flag_number,0.0007848493787966214,5,0
9,3,ack_flag_number,0.007606671737235101,5,0
9,3,ece_flag_number,0.0,5,0
9,3,cwr_flag_number,0.0,5,0
9,3,ack_count,0.006359891185294268,5,0
9,3,syn_count,0.007684930170232757,5,0
9,3,fin_count,0.0014249485765287773,5,0
9,3,rst_count,0.001490379978700396,5,0
9,3,HTTP,0.0002033295776876394,5,0
9,3,HTTPS,0.0003916238466817881,5,0
9,3,DNS,2.8379435252425607e-05,5,0
9,3,Telnet,0.0,5,0
9,3,SMTP,0.0,5,0
9,3,SSH,0.0,5,0
9,3,IRC,0.0,5,0
9,3,TCP,0.00933000610289916,5,0
9,3,UDP,0.008685964530001476,5,0
9,3,DHCP,0.0,5,0
9,3,ARP,2.0228614617037284e-05,5,0
9,3,ICMP,0.0004745208598990949,5,0
9,3,IGMP,0.0,5,0
9,3,IPv,2.861564771299045e-05,5,0
9,3,LLC,3.154500267827814e-05,5,0
9,3,Tot sum,0.006791569001563797,5,0
9,3,Min,0.0013186266960094465,5,0
9,3,Max,0.003981030328571402,5,0
9,3,AVG,0.012318964493230859,5,0
9,3,Std,0.007159898613964348,5,0
9,3,Tot size,0.0072889713855198955,5,0
9,3,IAT,0.003756628200997579,5,0
9,3,Number,0.0014166945412964114,5,0
9,3,Variance,0.0014814184156299798,5,0
9,4,Header_Length,0.01444460119325387,5,0
9,4,Protocol Type,0.004903702092794385,5,0
9,4,Time_To_Live,0.004645873028559725,5,0
9,4,Rate,0.0038417207774364363,5,0
9,4,fin_flag_number,0.0002363486275553291,5,0
9,4,syn_flag_number,0.007106443186011906,5,0
9,4,rst_flag_number,0.00022773410557698853,5,0
9,4,psh_flag_number,0.0007925633586310876,5,0
9,4,ack_flag_number,0.0075161494775213954,5,0
9,4,ece_flag_number,0.0,5,0
9,4,cwr_flag_number,0.0,5,0
9,4,ack_count,0.006543730865644506,5,0
9,4,syn_count,0.0073569088675517775,5,0
9,4,fin_count,0.0010678410338679815,5,0
9,4,rst_count,0.0014703562105111583,5,0
9,4,HTTP,0.00022668012022336874,5,0
9,4,HTTPS,0.00036386117158873497,5,0
9,4,DNS,2.8834656931289734e-05,5,0
9,4,Telnet,0.0,5,0
9,4,SMTP,0.0,5,0
9,4,SSH,0.0,5,0
9,4,IRC,0.0,5,0
9,4,TCP,0.009189203265730474,5,0
9,4,UDP,0.008153541352181753,5,0
9,4,DHCP,0.0,5,0
9,4,ARP,2.1085905237375486e-05,5,0
9,4,ICMP,0.0005205820017118407,5,0
9,4,IGMP,0.0,5,0
9,4,IPv,2.9154628877911605e-05,5,0
9,4,LLC,2.9725549408758828e-05,5,0
9,4,Tot sum,0.007440405715552453,5,0
9,4,Min,0.0008115413882077359,5,0
9,4,Max,0.00377433165543109,5,0
9,4,AVG,0.012655088439246336,5,0
9,4,Std,0.007078981766889418,5,0
9,4,Tot size,0.007808570082858114,5,0
9,4,IAT,0.0038574243707219487,5,0
9,4,Number,0.0020450239171115087,5,0
9,4,Variance,0.0026915440909632284,5,0
9,5,Header_Length,0.014490318800260804,5,0
9,5,Protocol Type,0.004530104432867501,5,0
9,5,Time_To_Live,0.004719944759942908,5,0
9,5,Rate,0.004080582883810436,5,0
9,5,fin_flag_number,0.00024126219955858833,5,0
9,5,syn_flag_number,0.006996542974349452,5,0
9,5,rst_flag_number,0.00020303106322694294,5,0
9,5,psh_flag_number,0.0008533373577876321,5,0
9,5,ack_flag_number,0.007426390771332884,5,0
9,5,ece_flag_number,0.0,5,0
9,5,cwr_flag_number,0.0,5,0
9,5,ack_count,0.00625416428757703,5,0
9,5,syn_count,0.00728047408098405,5,0
9,5,fin_count,0.0015424804906349302,5,0
9,5,rst_count,0.001424383601897228,5,0
9,5,HTTP,0.00021028231730841354,5,0
9,5,HTTPS,0.00031914659953733386,5,0
9,5,DNS,2.2270959966001112e-05,5,0
9,5,Telnet,0.0,5,0
9,5,SMTP,0.0,5,0
9,5,SSH,0.0,5,0
9,5,IRC,0.0,5,0
9,5,TCP,0.009221010992945993,5,0
9,5,UDP,0.008033544053773954,5,0
9,5,DHCP,0.0,5,0
9,5,ARP,1.8156707518598383e-05,5,0
9,5,ICMP,0.0004143949482704515,5,0
9,5,IGMP,0.0,5,0
9,5,IPv,2.8289734774783924e-05,5,0
9,5,LLC,2.9430350601200566e-05,5,0
9,5,Tot sum,0.005762386099574325,5,0
9,5,Min,0.0008574181021578443,5,0
9,5,Max,0.0035256754325939544,5,0
9,5,AVG,0.01252733758172871,5,0
9,5,Std,0.008670773365939589,5,0
9,5,Tot size,0.007190105869526733,5,0
9,5,IAT,0.003920222483864168,5,0
9,5,Number,0.0015820404250469612,5,0
9,5,Variance,0.0018513399119658872,5,0
10,1,Header_Length,0.014167011216075982,10,1
10,1,Protocol Type,0.0044758588484938204,10,1
10,1,Time_To_Live,0.0041566111454856775,10,1
10,1,Rate,0.004098105485385673,10,1
10,1,fin_flag_number,0.00021591199125643105,10,1
10,1,syn_flag_number,0.007861662020375372,10,1
10,1,rst_flag_number,0.00023498107135487952,10,1
10,1,psh_flag_number,0.0006967503492528875,10,1
10,1,ack_flag_number,0.006858124101978453,10,1
10,1,ece_flag_number,0.0,10,1
10,1,cwr_flag_number,0.0,10,1
10,1,ack_count,0.005900505256656052,10,1
10,1,syn_count,0.007301567650504889,10,1
10,1,fin_count,0.0010846423869876113,10,1
10,1,rst_count,0.0015538741437257726,10,1
10,1,HTTP,0.00020554832161740827,10,1
10,1,HTTPS,0.0003571042830588843,10,1
10,1,DNS,3.345586173924428e-05,10,1
10,1,Telnet,0.0,10,1
10,1,SMTP,0.0,10,1
10,1,SSH,0.0,10,1
10,1,IRC,0.0,10,1
10,1,TCP,0.009418824186936455,10,1
10,1,UDP,0.007220973259273916,10,1
10,1,DHCP,0.0,10,1
10,1,ARP,2.4416604843908257e-05,10,1
10,1,ICMP,0.000657589213518707,10,1
10,1,IGMP,0.0,10,1
10,1,IPv,3.266746197445488e-05,10,1
10,1,LLC,3.0063401862226266e-05,10,1
10,1,Tot sum,0.012496420974120254,10,1
10,1,Min,0.0013390038891998635,10,1
10,1,Max,0.0037058241315827195,10,1
10,1,AVG,0.01159076948881439,10,1
10,1,Std,0.006433336804938741,10,1
10,1,Tot size,0.007844743212551724,10,1
10,1,IAT,0.003422244985251799,10,1
10,1,Number,0.0017182354299575073,10,1
10,1,Variance,0.0016642936283494437,10,1
10,2,Header_Length,0.015309722653217579,10,1
10,2,Protocol Type,0.005313899923091252,10,1
10,2,Time_To_Live,0.00519925911698645,10,1
10,2,Rate,0.0041956310973662566,10,1
10,2,fin_flag_number,0.00022112842456243028,10,1
10,2,syn_flag_number,0.00773595748388226,10,1
10,2,rst_flag_number,0.00024258467463884284,10,1
10,2,psh_flag_number,0.0008076880760792538,10,1
10,2,ack_flag_number,0.007458773474892451,10,1
10,2,ece_flag_number,0.0,10,1
10,2,cwr_flag_number,0.0,10,1
10,2,ack_count,0.006209915862514663,10,1
10,2,syn_count,0.007234647974454642,10,1
10,2,fin_count,0.0012318059399872622,10,1
10,2,rst_count,0.0018702683817256095,10,1
10,2,HTTP,0.0002188698208257768,10,1
10,2,HTTPS,0.0003673040997348083,10,1
10,2,DNS,2.6336877090120473e-05,10,1
10,2,Telnet,0.0,10,1
10,2,SMTP,0.0,10,1
10,2,SSH,0.0,10,1
10,2,IRC,0.0,10,1
10,2,TCP,0.010091871011542053,10,1
10,2,UDP,0.008303855807145176,10,1
10,2,DHCP,0.0,10,1
10,2,ARP,2.462268675511638e-05,10,1
10,2,ICMP,0.0006317131420286034,10,1
10,2,IGMP,0.0,10,1
10,2,IPv,3.531030547671476e-05,10,1
10,2,LLC,3.471421811124791e-05,10,1
10,2,Tot sum,0.014438676282511973,10,1
10,2,Min,0.0016582874790776045,10,1
10,2,Max,0.004706598244687543,10,1
10,2,AVG,0.013829891124081591,10,1
10,2,Std,0.008486244772890245,10,1
10,2,Tot size,0.009019332447428915,10,1
10,2,IAT,0.004136310677319363,10,1
10,2,Number,0.0025889711685168817,10,1
10,2,Variance,0.003210961603918128,10,1
10,3,Header_Length,0.014433694517953987,10,1
10,3,Protocol Type,0.004843797199543316,10,1
10,3,Time_To_Live,0.004139052682757302,10,1
10,3,Rate,0.0037633566433585655,10,1
10,3,fin_flag_number,0.00023865441424315726,10,1
10,3,syn_flag_number,0.007700543588969375,10,1
10,3,rst_flag_number,0.0002376433138404779,10,1
10,3,psh_flag_number,0.0007632926310580995,10,1
10,3,ack_flag_number,0.007324025405329831,10,1
10,3,ece_flag_number,0.0,10,1
10,3,cwr_flag_number,0.0,10,1
10,3,ack_count,0.006016711382664852,10,1
10,3,syn_count,0.007531775722825807,10,1
10,3,fin_count,0.0015594846703745656,10,1
10,3,rst_count,0.0014729415452496742,10,1
10,3,HTTP,0.00019310466984205564,10,1
10,3,HTTPS,0.0003963010892200654,10,1
10,3,DNS,3.2136940915510957e-05,10,1
10,3,Telnet,0.0,10,1
10,3,SMTP,0.0,10,1
10,3,SSH,0.0,10,1
10,3,IRC,0.0,10,1
10,3,TCP,0.0091928652049196,10,1
10,3,UDP,0.008310111931194436,10,1
10,3,DHCP,0.0,10,1
10,3,ARP,2.4048420043278426e-05,10,1
10,3,ICMP,0.0005515245272345223,10,1
10,3,IGMP,0.0,10,1
10,3,IPv,3.059552362116518e-05,10,1
10,3,LLC,2.999552851860721e-05,10,1
10,3,Tot sum,0.005837136065882296,10,1
10,3,Min,0.001786880423292667,10,1
10,3,Max,0.004400957053960482,10,1
10,3,AVG,0.011662867436885936,10,1
10,3,Std,0.00700817150275229,10,1
10,3,Tot size,0.005939723002571296,10,1
10,3,IAT,0.0036766123805766758,10,1
10,3,Number,0.0015628864601067978,10,1
10,3,Variance,0.001291010116532669,10,1
10,4,Header_Length,0.01496001297684688,10,1
10,4,Protocol Type,0.00558725418782721,10,1
10,4,Time_To_Live,0.004471351738356584,10,1
10,4,Rate,0.004244734593385268,10,1
10,4,fin_flag_number,0.0002572040202563135,10,1
10,4,syn_flag_number,0.007649724825028941,10,1
10,4,rst_flag_number,0.0002650074782259108,10,1
10,4,psh_flag_number,0.0007599852770252385,10,1
10,4,ack_flag_number,0.0073054838745785534,10,1
10,4,ece_flag_number,0.0,10,1
10,4,cwr_flag_number,0.0,10,1
10,4,ack_count,0.00606633991682998,10,1
10,4,syn_count,0.007775040050654401,10,1
10,4,fin_count,0.0011776835718245258,10,1
10,4,rst_count,0.0018643884165614596,10,1
10,4,HTTP,0.0002323885381849647,10,1
10,4,HTTPS,0.0003696324132734914,10,1
10,4,DNS,3.4743597488510934e-05,10,1
10,4,Telnet,0.0,10,1
10,4,SMTP,0.0,10,1
10,4,SSH,0.0,10,1
10,4,IRC,0.0,10,1
10,4,TCP,0.010414499016172146,10,1
10,4,UDP,0.008591077931920052,10,1
10,4,DHCP,0.0,10,1
10,4,ARP,2.5987335549571338e-05,10,1
10,4,ICMP,0.0006283938516842288,10,1
10,4,IGMP,0.0,10,1
10,4,IPv,3.558934055587308e-05,10,1
10,4,LLC,3.565887178232195e-05,10,1
10,4,Tot sum,0.012010931865718624,10,1
10,4,Min,0.001581184873224736,10,1
10,4,Max,0.005022709883175468,10,1
10,4,AVG,0.015021565595074978,10,1
10,4,Std,0.009912566924826892,10,1
10,4,Tot size,0.010224961938714706,10,1
10,4,IAT,0.004047834837700347,10,1
10,4,Number,0.0015714977838844615,10,1
10,4,Variance,0.00418224399786549,10,1
10,5,Header_Length,0.014566933658157965,10,1
10,5,Protocol Type,0.004909041990900347,10,1
10,5,Time_To_Live,0.004231675698991555,10,1
10,5,Rate,0.003798061248080032,10,1
10,5,fin_flag_number,0.00023790108652968326,10,1
10,5,syn_flag_number,0.0065796057558350045,10,1
10,5,rst_flag_number,0.00025033879193790627,10,1
10,5,psh_flag_number,0.0007247350067958664,10,1
10,5,ack_flag_number,0.006525419539151229,10,1
10,5,ece_flag_number,0.0,10,1
10,5,cwr_flag_number,0.0,10,1
10,5,ack_count,0.00578177938803573,10,1
10,5,syn_count,0.0066759362049415225,10,1
10,5,fin_count,0.0010614333799711898,10,1
10,5,rst_count,0.0013242540590477578,10,1
10,5,HTTP,0.0002011956757516168,10,1
10,5,HTTPS,0.0003460731481305004,10,1
10,5,DNS,3.2723261437792766e-05,10,1
10,5,Telnet,0.0,10,1
10,5,SMTP,0.0,10,1
10,5,SSH,0.0,10,1
10,5,IRC,0.0,10,1
10,5,TCP,0.010105590803208834,10,1
10,5,UDP,0.008324355025540518,10,1
10,5,DHCP,0.0,10,1
10,5,ARP,2.2303914949205283e-05,10,1
10,5,ICMP,0.0005854300029207217,10,1
10,5,IGMP,0.0,10,1
10,5,IPv,3.314856566059277e-05,10,1
10,5,LLC,3.223657968967876e-05,10,1
10,5,Tot sum,0.009969283923695858,10,1
10,5,Min,0.0019445586032665072,10,1
10,5,Max,0.004204999955903102,10,1
10,5,AVG,0.012332045299065968,10,1
10,5,Std,0.008519534722289944,10,1
10,5,Tot size,0.01018354059158829,10,1
10,5,IAT,0.00348595438596885,10,1
10,5,Number,0.0014162627379077522,10,1
10,5,Variance,0.001632522115456324,10,1
11,1,Header_Length,0.014167011216075982,10,0
11,1,Protocol Type,0.0044758588484938204,10,0
11,1,Time_To_Live,0.0041566111454856775,10,0
11,1,Rate,0.004098105485385673,10,0
11,1,fin_flag_number,0.00021591199125643105,10,0
11,1,syn_flag_number,0.007861662020375372,10,0
11,1,rst_flag_number,0.00023498107135487952,10,0
11,1,psh_flag_number,0.0006967503492528875,10,0
11,1,ack_flag_number,0.006858124101978453,10,0
11,1,ece_flag_number,0.0,10,0
11,1,cwr_flag_number,0.0,10,0
11,1,ack_count,0.005900505256656052,10,0
11,1,syn_count,0.007301567650504889,10,0
11,1,fin_count,0.0010846423869876113,10,0
11,1,rst_count,0.0015538741437257726,10,0
11,1,HTTP,0.00020554832161740827,10,0
11,1,HTTPS,0.0003571042830588843,10,0
11,1,DNS,3.345586173924428e-05,10,0
11,1,Telnet,0.0,10,0
11,1,SMTP,0.0,10,0
11,1,SSH,0.0,10,0
11,1,IRC,0.0,10,0
11,1,TCP,0.009418824186936455,10,0
11,1,UDP,0.007220973259273916,10,0
11,1,DHCP,0.0,10,0
11,1,ARP,2.4416604843908257e-05,10,0
11,1,ICMP,0.000657589213518707,10,0
11,1,IGMP,0.0,10,0
11,1,IPv,3.266746197445488e-05,10,0
11,1,LLC,3.0063401862226266e-05,10,0
11,1,Tot sum,0.012496420974120254,10,0
11,1,Min,0.0013390038891998635,10,0
11,1,Max,0.0037058241315827195,10,0
11,1,AVG,0.01159076948881439,10,0
11,1,Std,0.006433336804938741,10,0
11,1,Tot size,0.007844743212551724,10,0
11,1,IAT,0.003422244985251799,10,0
11,1,Number,0.0017182354299575073,10,0
11,1,Variance,0.0016642936283494437,10,0
11,2,Header_Length,0.015309722653217579,10,0
11,2,Protocol Type,0.005313899923091252,10,0
11,2,Time_To_Live,0.00519925911698645,10,0
11,2,Rate,0.0041956310973662566,10,0
11,2,fin_flag_number,0.00022112842456243028,10,0
11,2,syn_flag_number,0.00773595748388226,10,0
11,2,rst_flag_number,0.00024258467463884284,10,0
11,2,psh_flag_number,0.0008076880760792538,10,0
11,2,ack_flag_number,0.007458773474892451,10,0
11,2,ece_flag_number,0.0,10,0
11,2,cwr_flag_number,0.0,10,0
11,2,ack_count,0.006209915862514663,10,0
11,2,syn_count,0.007234647974454642,10,0
11,2,fin_count,0.0012318059399872622,10,0
11,2,rst_count,0.0018702683817256095,10,0
11,2,HTTP,0.0002188698208257768,10,0
11,2,HTTPS,0.0003673040997348083,10,0
11,2,DNS,2.6336877090120473e-05,10,0
11,2,Telnet,0.0,10,0
11,2,SMTP,0.0,10,0
11,2,SSH,0.0,10,0
11,2,IRC,0.0,10,0
11,2,TCP,0.010091871011542053,10,0
11,2,UDP,0.008303855807145176,10,0
11,2,DHCP,0.0,10,0
11,2,ARP,2.462268675511638e-05,10,0
11,2,ICMP,0.0006317131420286034,10,0
11,2,IGMP,0.0,10,0
11,2,IPv,3.531030547671476e-05,10,0
11,2,LLC,3.471421811124791e-05,10,0
11,2,Tot sum,0.014438676282511973,10,0
11,2,Min,0.0016582874790776045,10,0
11,2,Max,0.004706598244687543,10,0
11,2,AVG,0.013829891124081591,10,0
11,2,Std,0.008486244772890245,10,0
11,2,Tot size,0.009019332447428915,10,0
11,2,IAT,0.004136310677319363,10,0
11,2,Number,0.0025889711685168817,10,0
11,2,Variance,0.003210961603918128,10,0
11,3,Header_Length,0.014433694517953987,10,0
11,3,Protocol Type,0.004843797199543316,10,0
11,3,Time_To_Live,0.004139052682757302,10,0
11,3,Rate,0.0037633566433585655,10,0
11,3,fin_flag_number,0.00023865441424315726,10,0
11,3,syn_flag_number,0.007700543588969375,10,0
11,3,rst_flag_number,0.0002376433138404779,10,0
11,3,psh_flag_number,0.0007632926310580995,10,0
11,3,ack_flag_number,0.007324025405329831,10,0
11,3,ece_flag_number,0.0,10,0
11,3,cwr_flag_number,0.0,10,0
11,3,ack_count,0.006016711382664852,10,0
11,3,syn_count,0.007531775722825807,10,0
11,3,fin_count,0.0015594846703745656,10,0
11,3,rst_count,0.0014729415452496742,10,0
11,3,HTTP,0.00019310466984205564,10,0
11,3,HTTPS,0.0003963010892200654,10,0
11,3,DNS,3.2136940915510957e-05,10,0
11,3,Telnet,0.0,10,0
11,3,SMTP,0.0,10,0
11,3,SSH,0.0,10,0
11,3,IRC,0.0,10,0
11,3,TCP,0.0091928652049196,10,0
11,3,UDP,0.008310111931194436,10,0
11,3,DHCP,0.0,10,0
11,3,ARP,2.4048420043278426e-05,10,0
11,3,ICMP,0.0005515245272345223,10,0
11,3,IGMP,0.0,10,0
11,3,IPv,3.059552362116518e-05,10,0
11,3,LLC,2.999552851860721e-05,10,0
11,3,Tot sum,0.005837136065882296,10,0
11,3,Min,0.001786880423292667,10,0
11,3,Max,0.004400957053960482,10,0
11,3,AVG,0.011662867436885936,10,0
11,3,Std,0.00700817150275229,10,0
11,3,Tot size,0.005939723002571296,10,0
11,3,IAT,0.0036766123805766758,10,0
11,3,Number,0.0015628864601067978,10,0
11,3,Variance,0.001291010116532669,10,0
11,4,Header_Length,0.01496001297684688,10,0
11,4,Protocol Type,0.00558725418782721,10,0
11,4,Time_To_Live,0.004471351738356584,10,0
11,4,Rate,0.004244734593385268,10,0
11,4,fin_flag_number,0.0002572040202563135,10,0
11,4,syn_flag_number,0.007649724825028941,10,0
11,4,rst_flag_number,0.0002650074782259108,10,0
11,4,psh_flag_number,0.0007599852770252385,10,0
11,4,ack_flag_number,0.0073054838745785534,10,0
11,4,ece_flag_number,0.0,10,0
11,4,cwr_flag_number,0.0,10,0
11,4,ack_count,0.00606633991682998,10,0
11,4,syn_count,0.007775040050654401,10,0
11,4,fin_count,0.0011776835718245258,10,0
11,4,rst_count,0.0018643884165614596,10,0
11,4,HTTP,0.0002323885381849647,10,0
11,4,HTTPS,0.0003696324132734914,10,0
11,4,DNS,3.4743597488510934e-05,10,0
11,4,Telnet,0.0,10,0
11,4,SMTP,0.0,10,0
11,4,SSH,0.0,10,0
11,4,IRC,0.0,10,0
11,4,TCP,0.010414499016172146,10,0
11,4,UDP,0.008591077931920052,10,0
11,4,DHCP,0.0,10,0
11,4,ARP,2.5987335549571338e-05,10,0
11,4,ICMP,0.0006283938516842288,10,0
11,4,IGMP,0.0,10,0
11,4,IPv,3.558934055587308e-05,10,0
11,4,LLC,3.565887178232195e-05,10,0
11,4,Tot sum,0.012010931865718624,10,0
11,4,Min,0.001581184873224736,10,0
11,4,Max,0.005022709883175468,10,0
11,4,AVG,0.015021565595074978,10,0
11,4,Std,0.009912566924826892,10,0
11,4,Tot size,0.010224961938714706,10,0
11,4,IAT,0.004047834837700347,10,0
11,4,Number,0.0015714977838844615,10,0
11,4,Variance,0.00418224399786549,10,0
11,5,Header_Length,0.014566933658157965,10,0
11,5,Protocol Type,0.004909041990900347,10,0
11,5,Time_To_Live,0.004231675698991555,10,0
11,5,Rate,0.003798061248080032,10,0
11,5,fin_flag_number,0.00023790108652968326,10,0
11,5,syn_flag_number,0.0065796057558350045,10,0
11,5,rst_flag_number,0.00025033879193790627,10,0
11,5,psh_flag_number,0.0007247350067958664,10,0
11,5,ack_flag_number,0.006525419539151229,10,0
11,5,ece_flag_number,0.0,10,0
11,5,cwr_flag_number,0.0,10,0
11,5,ack_count,0.00578177938803573,10,0
11,5,syn_count,0.0066759362049415225,10,0
11,5,fin_count,0.0010614333799711898,10,0
11,5,rst_count,0.0013242540590477578,10,0
11,5,HTTP,0.0002011956757516168,10,0
11,5,HTTPS,0.0003460731481305004,10,0
11,5,DNS,3.2723261437792766e-05,10,0
11,5,Telnet,0.0,10,0
11,5,SMTP,0.0,10,0
11,5,SSH,0.0,10,0
11,5,IRC,0.0,10,0
11,5,TCP,0.010105590803208834,10,0
11,5,UDP,0.008324355025540518,10,0
11,5,DHCP,0.0,10,0
11,5,ARP,2.2303914949205283e-05,10,0
11,5,ICMP,0.0005854300029207217,10,0
11,5,IGMP,0.0,10,0
11,5,IPv,3.314856566059277e-05,10,0
11,5,LLC,3.223657968967876e-05,10,0
11,5,Tot sum,0.009969283923695858,10,0
11,5,Min,0.0019445586032665072,10,0
11,5,Max,0.004204999955903102,10,0
11,5,AVG,0.012332045299065968,10,0
11,5,Std,0.008519534722289944,10,0
11,5,Tot size,0.01018354059158829,10,0
11,5,IAT,0.00348595438596885,10,0
11,5,Number,0.0014162627379077522,10,0
11,5,Variance,0.001632522115456324,10,0
12,1,Header_Length,0.014167011216075982,10,0
12,1,Protocol Type,0.0044758588484938204,10,0
12,1,Time_To_Live,0.0041566111454856775,10,0
12,1,Rate,0.004098105485385673,10,0
12,1,fin_flag_number,0.00021591199125643105,10,0
12,1,syn_flag_number,0.007861662020375372,10,0
12,1,rst_flag_number,0.00023498107135487952,10,0
12,1,psh_flag_number,0.0006967503492528875,10,0
12,1,ack_flag_number,0.006858124101978453,10,0
12,1,ece_flag_number,0.0,10,0
12,1,cwr_flag_number,0.0,10,0
12,1,ack_count,0.005900505256656052,10,0
12,1,syn_count,0.007301567650504889,10,0
12,1,fin_count,0.0010846423869876113,10,0
12,1,rst_count,0.0015538741437257726,10,0
12,1,HTTP,0.00020554832161740827,10,0
12,1,HTTPS,0.0003571042830588843,10,0
12,1,DNS,3.345586173924428e-05,10,0
12,1,Telnet,0.0,10,0
12,1,SMTP,0.0,10,0
12,1,SSH,0.0,10,0
12,1,IRC,0.0,10,0
12,1,TCP,0.009418824186936455,10,0
12,1,UDP,0.007220973259273916,10,0
12,1,DHCP,0.0,10,0
12,1,ARP,2.4416604843908257e-05,10,0
12,1,ICMP,0.000657589213518707,10,0
12,1,IGMP,0.0,10,0
12,1,IPv,3.266746197445488e-05,10,0
12,1,LLC,3.0063401862226266e-05,10,0
12,1,Tot sum,0.012496420974120254,10,0
12,1,Min,0.0013390038891998635,10,0
12,1,Max,0.0037058241315827195,10,0
12,1,AVG,0.01159076948881439,10,0
12,1,Std,0.006433336804938741,10,0
12,1,Tot size,0.007844743212551724,10,0
12,1,IAT,0.003422244985251799,10,0
12,1,Number,0.0017182354299575073,10,0
12,1,Variance,0.0016642936283494437,10,0
12,2,Header_Length,0.015309722653217579,10,0
12,2,Protocol Type,0.005313899923091252,10,0
12,2,Time_To_Live,0.00519925911698645,10,0
12,2,Rate,0.0041956310973662566,10,0
12,2,fin_flag_number,0.00022112842456243028,10,0
12,2,syn_flag_number,0.00773595748388226,10,0
12,2,rst_flag_number,0.00024258467463884284,10,0
12,2,psh_flag_number,0.0008076880760792538,10,0
12,2,ack_flag_number,0.007458773474892451,10,0
12,2,ece_flag_number,0.0,10,0
12,2,cwr_flag_number,0.0,10,0
12,2,ack_count,0.006209915862514663,10,0
12,2,syn_count,0.007234647974454642,10,0
12,2,fin_count,0.0012318059399872622,10,0
12,2,rst_count,0.0018702683817256095,10,0
12,2,HTTP,0.0002188698208257768,10,0
12,2,HTTPS,0.0003673040997348083,10,0
12,2,DNS,2.6336877090120473e-05,10,0
12,2,Telnet,0.0,10,0
12,2,SMTP,0.0,10,0
12,2,SSH,0.0,10,0
12,2,IRC,0.0,10,0
12,2,TCP,0.010091871011542053,10,0
12,2,UDP,0.008303855807145176,10,0
12,2,DHCP,0.0,10,0
12,2,ARP,2.462268675511638e-05,10,0
12,2,ICMP,0.0006317131420286034,10,0
12,2,IGMP,0.0,10,0
12,2,IPv,3.531030547671476e-05,10,0
12,2,LLC,3.471421811124791e-05,10,0
12,2,Tot sum,0.014438676282511973,10,0
12,2,Min,0.0016582874790776045,10,0
12,2,Max,0.004706598244687543,10,0
12,2,AVG,0.013829891124081591,10,0
12,2,Std,0.008486244772890245,10,0
12,2,Tot size,0.009019332447428915,10,0
12,2,IAT,0.004136310677319363,10,0
12,2,Number,0.0025889711685168817,10,0
12,2,Variance,0.003210961603918128,10,0
12,3,Header_Length,0.014433694517953987,10,0
12,3,Protocol Type,0.004843797199543316,10,0
12,3,Time_To_Live,0.004139052682757302,10,0
12,3,Rate,0.0037633566433585655,10,0
12,3,fin_flag_number,0.00023865441424315726,10,0
12,3,syn_flag_number,0.007700543588969375,10,0
12,3,rst_flag_number,0.0002376433138404779,10,0
12,3,psh_flag_number,0.0007632926310580995,10,0
12,3,ack_flag_number,0.007324025405329831,10,0
12,3,ece_flag_number,0.0,10,0
12,3,cwr_flag_number,0.0,10,0
12,3,ack_count,0.006016711382664852,10,0
12,3,syn_count,0.007531775722825807,10,0
12,3,fin_count,0.0015594846703745656,10,0
12,3,rst_count,0.0014729415452496742,10,0
12,3,HTTP,0.00019310466984205564,10,0
12,3,HTTPS,0.0003963010892200654,10,0
12,3,DNS,3.2136940915510957e-05,10,0
12,3,Telnet,0.0,10,0
12,3,SMTP,0.0,10,0
12,3,SSH,0.0,10,0
12,3,IRC,0.0,10,0
12,3,TCP,0.0091928652049196,10,0
12,3,UDP,0.008310111931194436,10,0
12,3,DHCP,0.0,10,0
12,3,ARP,2.4048420043278426e-05,10,0
12,3,ICMP,0.0005515245272345223,10,0
12,3,IGMP,0.0,10,0
12,3,IPv,3.059552362116518e-05,10,0
12,3,LLC,2.999552851860721e-05,10,0
12,3,Tot sum,0.005837136065882296,10,0
12,3,Min,0.001786880423292667,10,0
12,3,Max,0.004400957053960482,10,0
12,3,AVG,0.011662867436885936,10,0
12,3,Std,0.00700817150275229,10,0
12,3,Tot size,0.005939723002571296,10,0
12,3,IAT,0.0036766123805766758,10,0
12,3,Number,0.0015628864601067978,10,0
12,3,Variance,0.001291010116532669,10,0
12,4,Header_Length,0.01496001297684688,10,0
12,4,Protocol Type,0.00558725418782721,10,0
12,4,Time_To_Live,0.004471351738356584,10,0
12,4,Rate,0.004244734593385268,10,0
12,4,fin_flag_number,0.0002572040202563135,10,0
12,4,syn_flag_number,0.007649724825028941,10,0
12,4,rst_flag_number,0.0002650074782259108,10,0
12,4,psh_flag_number,0.0007599852770252385,10,0
12,4,ack_flag_number,0.0073054838745785534,10,0
12,4,ece_flag_number,0.0,10,0
12,4,cwr_flag_number,0.0,10,0
12,4,ack_count,0.00606633991682998,10,0
12,4,syn_count,0.007775040050654401,10,0
12,4,fin_count,0.0011776835718245258,10,0
12,4,rst_count,0.0018643884165614596,10,0
12,4,HTTP,0.0002323885381849647,10,0
12,4,HTTPS,0.0003696324132734914,10,0
12,4,DNS,3.4743597488510934e-05,10,0
12,4,Telnet,0.0,10,0
12,4,SMTP,0.0,10,0
12,4,SSH,0.0,10,0
12,4,IRC,0.0,10,0
12,4,TCP,0.010414499016172146,10,0
12,4,UDP,0.008591077931920052,10,0
12,4,DHCP,0.0,10,0
12,4,ARP,2.5987335549571338e-05,10,0
12,4,ICMP,0.0006283938516842288,10,0
12,4,IGMP,0.0,10,0
12,4,IPv,3.558934055587308e-05,10,0
12,4,LLC,3.565887178232195e-05,10,0
12,4,Tot sum,0.012010931865718624,10,0
12,4,Min,0.001581184873224736,10,0
12,4,Max,0.005022709883175468,10,0
12,4,AVG,0.015021565595074978,10,0
12,4,Std,0.009912566924826892,10,0
12,4,Tot size,0.010224961938714706,10,0
12,4,IAT,0.004047834837700347,10,0
12,4,Number,0.0015714977838844615,10,0
12,4,Variance,0.00418224399786549,10,0
12,5,Header_Length,0.014566933658157965,10,0
12,5,Protocol Type,0.004909041990900347,10,0
12,5,Time_To_Live,0.004231675698991555,10,0
12,5,Rate,0.003798061248080032,10,0
12,5,fin_flag_number,0.00023790108652968326,10,0
12,5,syn_flag_number,0.0065796057558350045,10,0
12,5,rst_flag_number,0.00025033879193790627,10,0
12,5,psh_flag_number,0.0007247350067958664,10,0
12,5,ack_flag_number,0.006525419539151229,10,0
12,5,ece_flag_number,0.0,10,0
12,5,cwr_flag_number,0.0,10,0
12,5,ack_count,0.00578177938803573,10,0
12,5,syn_count,0.0066759362049415225,10,0
12,5,fin_count,0.0010614333799711898,10,0
12,5,rst_count,0.0013242540590477578,10,0
12,5,HTTP,0.0002011956757516168,10,0
12,5,HTTPS,0.0003460731481305004,10,0
12,5,DNS,3.2723261437792766e-05,10,0
12,5,Telnet,0.0,10,0
12,5,SMTP,0.0,10,0
12,5,SSH,0.0,10,0
12,5,IRC,0.0,10,0
12,5,TCP,0.010105590803208834,10,0
12,5,UDP,0.008324355025540518,10,0
12,5,DHCP,0.0,10,0
12,5,ARP,2.2303914949205283e-05,10,0
12,5,ICMP,0.0005854300029207217,10,0
12,5,IGMP,0.0,10,0
12,5,IPv,3.314856566059277e-05,10,0
12,5,LLC,3.223657968967876e-05,10,0
12,5,Tot sum,0.009969283923695858,10,0
12,5,Min,0.0019445586032665072,10,0
12,5,Max,0.004204999955903102,10,0
12,5,AVG,0.012332045299065968,10,0
12,5,Std,0.008519534722289944,10,0
12,5,Tot size,0.01018354059158829,10,0
12,5,IAT,0.00348595438596885,10,0
12,5,Number,0.0014162627379077522,10,0
12,5,Variance,0.001632522115456324,10,0
13,1,Header_Length,0.014167011216075982,10,0
13,1,Protocol Type,0.0044758588484938204,10,0
13,1,Time_To_Live,0.0041566111454856775,10,0
13,1,Rate,0.004098105485385673,10,0
13,1,fin_flag_number,0.00021591199125643105,10,0
13,1,syn_flag_number,0.007861662020375372,10,0
13,1,rst_flag_number,0.00023498107135487952,10,0
13,1,psh_flag_number,0.0006967503492528875,10,0
13,1,ack_flag_number,0.006858124101978453,10,0
13,1,ece_flag_number,0.0,10,0
13,1,cwr_flag_number,0.0,10,0
13,1,ack_count,0.005900505256656052,10,0
13,1,syn_count,0.007301567650504889,10,0
13,1,fin_count,0.0010846423869876113,10,0
13,1,rst_count,0.0015538741437257726,10,0
13,1,HTTP,0.00020554832161740827,10,0
13,1,HTTPS,0.0003571042830588843,10,0
13,1,DNS,3.345586173924428e-05,10,0
13,1,Telnet,0.0,10,0
13,1,SMTP,0.0,10,0
13,1,SSH,0.0,10,0
13,1,IRC,0.0,10,0
13,1,TCP,0.009418824186936455,10,0
13,1,UDP,0.007220973259273916,10,0
13,1,DHCP,0.0,10,0
13,1,ARP,2.4416604843908257e-05,10,0
13,1,ICMP,0.000657589213518707,10,0
13,1,IGMP,0.0,10,0
13,1,IPv,3.266746197445488e-05,10,0
13,1,LLC,3.0063401862226266e-05,10,0
13,1,Tot sum,0.012496420974120254,10,0
13,1,Min,0.0013390038891998635,10,0
13,1,Max,0.0037058241315827195,10,0
13,1,AVG,0.01159076948881439,10,0
13,1,Std,0.006433336804938741,10,0
13,1,Tot size,0.007844743212551724,10,0
13,1,IAT,0.003422244985251799,10,0
13,1,Number,0.0017182354299575073,10,0
13,1,Variance,0.0016642936283494437,10,0
13,2,Header_Length,0.015309722653217579,10,0
13,2,Protocol Type,0.005313899923091252,10,0
13,2,Time_To_Live,0.00519925911698645,10,0
13,2,Rate,0.0041956310973662566,10,0
13,2,fin_flag_number,0.00022112842456243028,10,0
13,2,syn_flag_number,0.00773595748388226,10,0
13,2,rst_flag_number,0.00024258467463884284,10,0
13,2,psh_flag_number,0.0008076880760792538,10,0
13,2,ack_flag_number,0.007458773474892451,10,0
13,2,ece_flag_number,0.0,10,0
13,2,cwr_flag_number,0.0,10,0
13,2,ack_count,0.006209915862514663,10,0
13,2,syn_count,0.007234647974454642,10,0
13,2,fin_count,0.0012318059399872622,10,0
13,2,rst_count,0.0018702683817256095,10,0
13,2,HTTP,0.0002188698208257768,10,0
13,2,HTTPS,0.0003673040997348083,10,0
13,2,DNS,2.6336877090120473e-05,10,0
13,2,Telnet,0.0,10,0
13,2,SMTP,0.0,10,0
13,2,SSH,0.0,10,0
13,2,IRC,0.0,10,0
13,2,TCP,0.010091871011542053,10,0
13,2,UDP,0.008303855807145176,10,0
13,2,DHCP,0.0,10,0
13,2,ARP,2.462268675511638e-05,10,0
13,2,ICMP,0.0006317131420286034,10,0
13,2,IGMP,0.0,10,0
13,2,IPv,3.531030547671476e-05,10,0
13,2,LLC,3.471421811124791e-05,10,0
13,2,Tot sum,0.014438676282511973,10,0
13,2,Min,0.0016582874790776045,10,0
13,2,Max,0.004706598244687543,10,0
13,2,AVG,0.013829891124081591,10,0
13,2,Std,0.008486244772890245,10,0
13,2,Tot size,0.009019332447428915,10,0
13,2,IAT,0.004136310677319363,10,0
13,2,Number,0.0025889711685168817,10,0
13,2,Variance,0.003210961603918128,10,0
13,3,Header_Length,0.014433694517953987,10,0
13,3,Protocol Type,0.004843797199543316,10,0
13,3,Time_To_Live,0.004139052682757302,10,0
13,3,Rate,0.0037633566433585655,10,0
13,3,fin_flag_number,0.00023865441424315726,10,0
13,3,syn_flag_number,0.007700543588969375,10,0
13,3,rst_flag_number,0.0002376433138404779,10,0
13,3,psh_flag_number,0.0007632926310580995,10,0
13,3,ack_flag_number,0.007324025405329831,10,0
13,3,ece_flag_number,0.0,10,0
13,3,cwr_flag_number,0.0,10,0
13,3,ack_count,0.006016711382664852,10,0
13,3,syn_count,0.007531775722825807,10,0
13,3,fin_count,0.0015594846703745656,10,0
13,3,rst_count,0.0014729415452496742,10,0
13,3,HTTP,0.00019310466984205564,10,0
13,3,HTTPS,0.0003963010892200654,10,0
13,3,DNS,3.2136940915510957e-05,10,0
13,3,Telnet,0.0,10,0
13,3,SMTP,0.0,10,0
13,3,SSH,0.0,10,0
13,3,IRC,0.0,10,0
13,3,TCP,0.0091928652049196,10,0
13,3,UDP,0.008310111931194436,10,0
13,3,DHCP,0.0,10,0
13,3,ARP,2.4048420043278426e-05,10,0
13,3,ICMP,0.0005515245272345223,10,0
13,3,IGMP,0.0,10,0
13,3,IPv,3.059552362116518e-05,10,0
13,3,LLC,2.999552851860721e-05,10,0
13,3,Tot sum,0.005837136065882296,10,0
13,3,Min,0.001786880423292667,10,0
13,3,Max,0.004400957053960482,10,0
13,3,AVG,0.011662867436885936,10,0
13,3,Std,0.00700817150275229,10,0
13,3,Tot size,0.005939723002571296,10,0
13,3,IAT,0.0036766123805766758,10,0
13,3,Number,0.0015628864601067978,10,0
13,3,Variance,0.001291010116532669,10,0
13,4,Header_Length,0.01496001297684688,10,0
13,4,Protocol Type,0.00558725418782721,10,0
13,4,Time_To_Live,0.004471351738356584,10,0
13,4,Rate,0.004244734593385268,10,0
13,4,fin_flag_number,0.0002572040202563135,10,0
13,4,syn_flag_number,0.007649724825028941,10,0
13,4,rst_flag_number,0.0002650074782259108,10,0
13,4,psh_flag_number,0.0007599852770252385,10,0
13,4,ack_flag_number,0.0073054838745785534,10,0
13,4,ece_flag_number,0.0,10,0
13,4,cwr_flag_number,0.0,10,0
13,4,ack_count,0.00606633991682998,10,0
13,4,syn_count,0.007775040050654401,10,0
13,4,fin_count,0.0011776835718245258,10,0
13,4,rst_count,0.0018643884165614596,10,0
13,4,HTTP,0.0002323885381849647,10,0
13,4,HTTPS,0.0003696324132734914,10,0
13,4,DNS,3.4743597488510934e-05,10,0
13,4,Telnet,0.0,10,0
13,4,SMTP,0.0,10,0
13,4,SSH,0.0,10,0
13,4,IRC,0.0,10,0
13,4,TCP,0.010414499016172146,10,0
13,4,UDP,0.008591077931920052,10,0
13,4,DHCP,0.0,10,0
13,4,ARP,2.5987335549571338e-05,10,0
13,4,ICMP,0.0006283938516842288,10,0
13,4,IGMP,0.0,10,0
13,4,IPv,3.558934055587308e-05,10,0
13,4,LLC,3.565887178232195e-05,10,0
13,4,Tot sum,0.012010931865718624,10,0
13,4,Min,0.001581184873224736,10,0
13,4,Max,0.005022709883175468,10,0
13,4,AVG,0.015021565595074978,10,0
13,4,Std,0.009912566924826892,10,0
13,4,Tot size,0.010224961938714706,10,0
13,4,IAT,0.004047834837700347,10,0
13,4,Number,0.0015714977838844615,10,0
13,4,Variance,0.00418224399786549,10,0
13,5,Header_Length,0.014566933658157965,10,0
13,5,Protocol Type,0.004909041990900347,10,0
13,5,Time_To_Live,0.004231675698991555,10,0
13,5,Rate,0.003798061248080032,10,0
13,5,fin_flag_number,0.00023790108652968326,10,0
13,5,syn_flag_number,0.0065796057558350045,10,0
13,5,rst_flag_number,0.00025033879193790627,10,0
13,5,psh_flag_number,0.0007247350067958664,10,0
13,5,ack_flag_number,0.006525419539151229,10,0
13,5,ece_flag_number,0.0,10,0
13,5,cwr_flag_number,0.0,10,0
13,5,ack_count,0.00578177938803573,10,0
13,5,syn_count,0.0066759362049415225,10,0
13,5,fin_count,0.0010614333799711898,10,0
13,5,rst_count,0.0013242540590477578,10,0
13,5,HTTP,0.0002011956757516168,10,0
13,5,HTTPS,0.0003460731481305004,10,0
13,5,DNS,3.2723261437792766e-05,10,0
13,5,Telnet,0.0,10,0
13,5,SMTP,0.0,10,0
13,5,SSH,0.0,10,0
13,5,IRC,0.0,10,0
13,5,TCP,0.010105590803208834,10,0
13,5,UDP,0.008324355025540518,10,0
13,5,DHCP,0.0,10,0
13,5,ARP,2.2303914949205283e-05,10,0
13,5,ICMP,0.0005854300029207217,10,0
13,5,IGMP,0.0,10,0
13,5,IPv,3.314856566059277e-05,10,0
13,5,LLC,3.223657968967876e-05,10,0
13,5,Tot sum,0.009969283923695858,10,0
13,5,Min,0.0019445586032665072,10,0
13,5,Max,0.004204999955903102,10,0
13,5,AVG,0.012332045299065968,10,0
13,5,Std,0.008519534722289944,10,0
13,5,Tot size,0.01018354059158829,10,0
13,5,IAT,0.00348595438596885,10,0
13,5,Number,0.0014162627379077522,10,0
13,5,Variance,0.001632522115456324,10,0
14,1,Header_Length,0.014167011216075982,10,0
14,1,Protocol Type,0.0044758588484938204,10,0
14,1,Time_To_Live,0.0041566111454856775,10,0
14,1,Rate,0.004098105485385673,10,0
14,1,fin_flag_number,0.00021591199125643105,10,0
14,1,syn_flag_number,0.007861662020375372,10,0
14,1,rst_flag_number,0.00023498107135487952,10,0
14,1,psh_flag_number,0.0006967503492528875,10,0
14,1,ack_flag_number,0.006858124101978453,10,0
14,1,ece_flag_number,0.0,10,0
14,1,cwr_flag_number,0.0,10,0
14,1,ack_count,0.005900505256656052,10,0
14,1,syn_count,0.007301567650504889,10,0
14,1,fin_count,0.0010846423869876113,10,0
14,1,rst_count,0.0015538741437257726,10,0
14,1,HTTP,0.00020554832161740827,10,0
14,1,HTTPS,0.0003571042830588843,10,0
14,1,DNS,3.345586173924428e-05,10,0
14,1,Telnet,0.0,10,0
14,1,SMTP,0.0,10,0
14,1,SSH,0.0,10,0
14,1,IRC,0.0,10,0
14,1,TCP,0.009418824186936455,10,0
14,1,UDP,0.007220973259273916,10,0
14,1,DHCP,0.0,10,0
14,1,ARP,2.4416604843908257e-05,10,0
14,1,ICMP,0.000657589213518707,10,0
14,1,IGMP,0.0,10,0
14,1,IPv,3.266746197445488e-05,10,0
14,1,LLC,3.0063401862226266e-05,10,0
14,1,Tot sum,0.012496420974120254,10,0
14,1,Min,0.0013390038891998635,10,0
14,1,Max,0.0037058241315827195,10,0
14,1,AVG,0.01159076948881439,10,0
14,1,Std,0.006433336804938741,10,0
14,1,Tot size,0.007844743212551724,10,0
14,1,IAT,0.003422244985251799,10,0
14,1,Number,0.0017182354299575073,10,0
14,1,Variance,0.0016642936283494437,10,0
14,2,Header_Length,0.015309722653217579,10,0
14,2,Protocol Type,0.005313899923091252,10,0
14,2,Time_To_Live,0.00519925911698645,10,0
14,2,Rate,0.0041956310973662566,10,0
14,2,fin_flag_number,0.00022112842456243028,10,0
14,2,syn_flag_number,0.00773595748388226,10,0
14,2,rst_flag_number,0.00024258467463884284,10,0
14,2,psh_flag_number,0.0008076880760792538,10,0
14,2,ack_flag_number,0.007458773474892451,10,0
14,2,ece_flag_number,0.0,10,0
14,2,cwr_flag_number,0.0,10,0
14,2,ack_count,0.006209915862514663,10,0
14,2,syn_count,0.007234647974454642,10,0
14,2,fin_count,0.0012318059399872622,10,0
14,2,rst_count,0.0018702683817256095,10,0
14,2,HTTP,0.0002188698208257768,10,0
14,2,HTTPS,0.0003673040997348083,10,0
14,2,DNS,2.6336877090120473e-05,10,0
14,2,Telnet,0.0,10,0
14,2,SMTP,0.0,10,0
14,2,SSH,0.0,10,0
14,2,IRC,0.0,10,0
14,2,TCP,0.010091871011542053,10,0
14,2,UDP,0.008303855807145176,10,0
14,2,DHCP,0.0,10,0
14,2,ARP,2.462268675511638e-05,10,0
14,2,ICMP,0.0006317131420286034,10,0
14,2,IGMP,0.0,10,0
14,2,IPv,3.531030547671476e-05,10,0
14,2,LLC,3.471421811124791e-05,10,0
14,2,Tot sum,0.014438676282511973,10,0
14,2,Min,0.0016582874790776045,10,0
14,2,Max,0.004706598244687543,10,0
14,2,AVG,0.013829891124081591,10,0
14,2,Std,0.008486244772890245,10,0
14,2,Tot size,0.009019332447428915,10,0
14,2,IAT,0.004136310677319363,10,0
14,2,Number,0.0025889711685168817,10,0
14,2,Variance,0.003210961603918128,10,0
14,3,Header_Length,0.014433694517953987,10,0
14,3,Protocol Type,0.004843797199543316,10,0
14,3,Time_To_Live,0.004139052682757302,10,0
14,3,Rate,0.0037633566433585655,10,0
14,3,fin_flag_number,0.00023865441424315726,10,0
14,3,syn_flag_number,0.007700543588969375,10,0
14,3,rst_flag_number,0.0002376433138404779,10,0
14,3,psh_flag_number,0.0007632926310580995,10,0
14,3,ack_flag_number,0.007324025405329831,10,0
14,3,ece_flag_number,0.0,10,0
14,3,cwr_flag_number,0.0,10,0
14,3,ack_count,0.006016711382664852,10,0
14,3,syn_count,0.007531775722825807,10,0
14,3,fin_count,0.0015594846703745656,10,0
14,3,rst_count,0.0014729415452496742,10,0
14,3,HTTP,0.00019310466984205564,10,0
14,3,HTTPS,0.0003963010892200654,10,0
14,3,DNS,3.2136940915510957e-05,10,0
14,3,Telnet,0.0,10,0
14,3,SMTP,0.0,10,0
14,3,SSH,0.0,10,0
14,3,IRC,0.0,10,0
14,3,TCP,0.0091928652049196,10,0
14,3,UDP,0.008310111931194436,10,0
14,3,DHCP,0.0,10,0
14,3,ARP,2.4048420043278426e-05,10,0
14,3,ICMP,0.0005515245272345223,10,0
14,3,IGMP,0.0,10,0
14,3,IPv,3.059552362116518e-05,10,0
14,3,LLC,2.999552851860721e-05,10,0
14,3,Tot sum,0.005837136065882296,10,0
14,3,Min,0.001786880423292667,10,0
14,3,Max,0.004400957053960482,10,0
14,3,AVG,0.011662867436885936,10,0
14,3,Std,0.00700817150275229,10,0
14,3,Tot size,0.005939723002571296,10,0
14,3,IAT,0.0036766123805766758,10,0
14,3,Number,0.0015628864601067978,10,0
14,3,Variance,0.001291010116532669,10,0
14,4,Header_Length,0.01496001297684688,10,0
14,4,Protocol Type,0.00558725418782721,10,0
14,4,Time_To_Live,0.004471351738356584,10,0
14,4,Rate,0.004244734593385268,10,0
14,4,fin_flag_number,0.0002572040202563135,10,0
14,4,syn_flag_number,0.007649724825028941,10,0
14,4,rst_flag_number,0.0002650074782259108,10,0
14,4,psh_flag_number,0.0007599852770252385,10,0
14,4,ack_flag_number,0.0073054838745785534,10,0
14,4,ece_flag_number,0.0,10,0
14,4,cwr_flag_number,0.0,10,0
14,4,ack_count,0.00606633991682998,10,0
14,4,syn_count,0.007775040050654401,10,0
14,4,fin_count,0.0011776835718245258,10,0
14,4,rst_count,0.0018643884165614596,10,0
14,4,HTTP,0.0002323885381849647,10,0
14,4,HTTPS,0.0003696324132734914,10,0
14,4,DNS,3.4743597488510934e-05,10,0
14,4,Telnet,0.0,10,0
14,4,SMTP,0.0,10,0
14,4,SSH,0.0,10,0
14,4,IRC,0.0,10,0
14,4,TCP,0.010414499016172146,10,0
14,4,UDP,0.008591077931920052,10,0
14,4,DHCP,0.0,10,0
14,4,ARP,2.5987335549571338e-05,10,0
14,4,ICMP,0.0006283938516842288,10,0
14,4,IGMP,0.0,10,0
14,4,IPv,3.558934055587308e-05,10,0
14,4,LLC,3.565887178232195e-05,10,0
14,4,Tot sum,0.012010931865718624,10,0
14,4,Min,0.001581184873224736,10,0
14,4,Max,0.005022709883175468,10,0
14,4,AVG,0.015021565595074978,10,0
14,4,Std,0.009912566924826892,10,0
14,4,Tot size,0.010224961938714706,10,0
14,4,IAT,0.004047834837700347,10,0
14,4,Number,0.0015714977838844615,10,0
14,4,Variance,0.00418224399786549,10,0
14,5,Header_Length,0.014566933658157965,10,0
14,5,Protocol Type,0.004909041990900347,10,0
14,5,Time_To_Live,0.004231675698991555,10,0
14,5,Rate,0.003798061248080032,10,0
14,5,fin_flag_number,0.00023790108652968326,10,0
14,5,syn_flag_number,0.0065796057558350045,10,0
14,5,rst_flag_number,0.00025033879193790627,10,0
14,5,psh_flag_number,0.0007247350067958664,10,0
14,5,ack_flag_number,0.006525419539151229,10,0
14,5,ece_flag_number,0.0,10,0
14,5,cwr_flag_number,0.0,10,0
14,5,ack_count,0.00578177938803573,10,0
14,5,syn_count,0.0066759362049415225,10,0
14,5,fin_count,0.0010614333799711898,10,0
14,5,rst_count,0.0013242540590477578,10,0
14,5,HTTP,0.0002011956757516168,10,0
14,5,HTTPS,0.0003460731481305004,10,0
14,5,DNS,3.2723261437792766e-05,10,0
14,5,Telnet,0.0,10,0
14,5,SMTP,0.0,10,0
14,5,SSH,0.0,10,0
14,5,IRC,0.0,10,0
14,5,TCP,0.010105590803208834,10,0
14,5,UDP,0.008324355025540518,10,0
14,5,DHCP,0.0,10,0
14,5,ARP,2.2303914949205283e-05,10,0
14,5,ICMP,0.0005854300029207217,10,0
14,5,IGMP,0.0,10,0
14,5,IPv,3.314856566059277e-05,10,0
14,5,LLC,3.223657968967876e-05,10,0
14,5,Tot sum,0.009969283923695858,10,0
14,5,Min,0.0019445586032665072,10,0
14,5,Max,0.004204999955903102,10,0
14,5,AVG,0.012332045299065968,10,0
14,5,Std,0.008519534722289944,10,0
14,5,Tot size,0.01018354059158829,10,0
14,5,IAT,0.00348595438596885,10,0
14,5,Number,0.0014162627379077522,10,0
14,5,Variance,0.001632522115456324,10,0
15,1,Header_Length,0.014340147177975974,15,1
15,1,Protocol Type,0.004669017424747564,15,1
15,1,Time_To_Live,0.004404105343619608,15,1
15,1,Rate,0.004100621946440489,15,1
15,1,fin_flag_number,0.00018413172470512016,15,1
15,1,syn_flag_number,0.00849590040638451,15,1
15,1,rst_flag_number,0.0002497806089179879,15,1
15,1,psh_flag_number,0.0007751523120619769,15,1
15,1,ack_flag_number,0.00655517364731492,15,1
15,1,ece_flag_number,0.0,15,1
15,1,cwr_flag_number,0.0,15,1
15,1,ack_count,0.0056202141641307725,15,1
15,1,syn_count,0.007659375488672308,15,1
15,1,fin_count,0.0017819679098985287,15,1
15,1,rst_count,0.0019384840025919493,15,1
15,1,HTTP,0.00020135968050997432,15,1
15,1,HTTPS,0.0003572190298978066,15,1
15,1,DNS,3.557222831957408e-05,15,1
15,1,Telnet,0.0,15,1
15,1,SMTP,0.0,15,1
15,1,SSH,0.0,15,1
15,1,IRC,0.0,15,1
15,1,TCP,0.010077352762382976,15,1
15,1,UDP,0.008232241800617946,15,1
15,1,DHCP,0.0,15,1
15,1,ARP,2.6286297467986318e-05,15,1
15,1,ICMP,0.0006308311161359321,15,1
15,1,IGMP,0.0,15,1
15,1,IPv,3.693095425542274e-05,15,1
15,1,LLC,3.523188269348276e-05,15,1
15,1,Tot sum,0.006398722066826149,15,1
15,1,Min,0.0013183489999256809,15,1
15,1,Max,0.004629985546714826,15,1
15,1,AVG,0.01351836828285083,15,1
15,1,Std,0.007005181680868822,15,1
15,1,Tot size,0.007662436294091044,15,1
15,1,IAT,0.003754111728659299,15,1
15,1,Number,0.0016332514856557884,15,1
15,1,Variance,0.0015696431625962007,15,1
15,2,Header_Length,0.014297446489187503,15,1
15,2,Protocol Type,0.004748108595900248,15,1
15,2,Time_To_Live,0.004212972450965633,15,1
15,2,Rate,0.00408385162055555,15,1
15,2,fin_flag_number,0.0002487097507131838,15,1
15,2,syn_flag_number,0.008149932816119511,15,1
15,2,rst_flag_number,0.00022904730533374436,15,1
15,2,psh_flag_number,0.0008165940057174148,15,1
15,2,ack_flag_number,0.007047923439860188,15,1
15,2,ece_flag_number,0.0,15,1
15,2,cwr_flag_number,0.0,15,1
15,2,ack_count,0.0059693456479497815,15,1
15,2,syn_count,0.007531996371031594,15,1
15,2,fin_count,0.0018115686432673616,15,1
15,2,rst_count,0.0017709149484884015,15,1
15,2,HTTP,0.00019694841378574735,15,1
15,2,HTTPS,0.00036228421684827896,15,1
15,2,DNS,2.8082216527568123e-05,15,1
15,2,Telnet,0.0,15,1
15,2,SMTP,0.0,15,1
15,2,SSH,0.0,15,1
15,2,IRC,0.0,15,1
15,2,TCP,0.009747568354949577,15,1
15,2,UDP,0.008919723478463806,15,1
15,2,DHCP,0.0,15,1
15,2,ARP,2.6013893797994465e-05,15,1
15,2,ICMP,0.000767008969596383,15,1
15,2,IGMP,0.0,15,1
15,2,IPv,3.203829360817709e-05,15,1
15,2,LLC,3.283083784978215e-05,15,1
15,2,Tot sum,0.008802937779098791,15,1
15,2,Min,0.002324898461542141,15,1
15,2,Max,0.005379059530903765,15,1
15,2,AVG,0.013538418564833926,15,1
15,2,Std,0.007298690376274079,15,1
15,2,Tot size,0.009615326171677561,15,1
15,2,IAT,0.004205922403110892,15,1
15,2,Number,0.0020469699623217267,15,1
15,2,Variance,0.005973907673734912,15,1
15,3,Header_Length,0.01502184395179871,15,1
15,3,Protocol Type,0.004576522139934872,15,1
15,3,Time_To_Live,0.004238231078310383,15,1
15,3,Rate,0.004396960839969199,15,1
15,3,fin_flag_number,0.00014795159254130688,15,1
15,3,syn_flag_number,0.007644271623536276,15,1
15,3,rst_flag_number,0.00019545994656954468,15,1
15,3,psh_flag_number,0.0008080760339758508,15,1
15,3,ack_flag_number,0.0066910588358810134,15,1
15,3,ece_flag_number,0.0,15,1
15,3,cwr_flag_number,0.0,15,1
15,3,ack_count,0.005803704717382344,15,1
15,3,syn_count,0.007069986330116454,15,1
15,3,fin_count,0.001241267909566191,15,1
15,3,rst_count,0.001761699933042407,15,1
15,3,HTTP,0.0001848621535908192,15,1
15,3,HTTPS,0.0003801179509512205,15,1
15,3,DNS,3.054580981119498e-05,15,1
15,3,Telnet,0.0,15,1
15,3,SMTP,0.0,15,1
15,3,SSH,0.0,15,1
15,3,IRC,0.0,15,1
15,3,TCP,0.010304583371904147,15,1
15,3,UDP,0.00863945308578259,15,1
15,3,DHCP,0.0,15,1
15,3,ARP,2.4300353260885657e-05,15,1
15,3,ICMP,0.00066046975631196,15,1
15,3,IGMP,0.0,15,1
15,3,IPv,3.4168487454745095e-05,15,1
15,3,LLC,3.2228174008386724e-05,15,1
15,3,Tot sum,0.007538255089986927,15,1
15,3,Min,0.001716937602953508,15,1
15,3,Max,0.005481207871736955,15,1
15,3,AVG,0.014188146953745184,15,1
15,3,Std,0.00787117888980067,15,1
15,3,Tot size,0.008693977878398082,15,1
15,3,IAT,0.004075502072374866,15,1
15,3,Number,0.0014355980607827761,15,1
15,3,Variance,0.0021538675884643452,15,1
15,4,Header_Length,0.014052957652260417,15,1
15,4,Protocol Type,0.0047650067416141395,15,1
15,4,Time_To_Live,0.004625288088148593,15,1
15,4,Rate,0.003815909347642608,15,1
15,4,fin_flag_number,0.00017791884453210324,15,1
15,4,syn_flag_number,0.00807816102729131,15,1
15,4,rst_flag_number,0.00022089660673681416,15,1
15,4,psh_flag_number,0.0008188488487127222,15,1
15,4,ack_flag_number,0.007344311401342117,15,1
15,4,ece_flag_number,0.0,15,1
15,4,cwr_flag_number,0.0,15,1
15,4,ack_count,0.0058893201748019776,15,1
15,4,syn_count,0.0074338629871706806,15,1
15,4,fin_count,0.0011033293738892233,15,1
15,4,rst_count,0.001742307231286651,15,1
15,4,HTTP,0.00019049242330902374,15,1
15,4,HTTPS,0.0003567693673031654,15,1
15,4,DNS,3.3680529756353743e-05,15,1
15,4,Telnet,0.0,15,1
15,4,SMTP,0.0,15,1
15,4,SSH,0.0,15,1
15,4,IRC,0.0,15,1
15,4,TCP,0.009863219109747762,15,1
15,4,UDP,0.008476249484136273,15,1
15,4,DHCP,0.0,15,1
15,4,ARP,2.6383280394713224e-05,15,1
15,4,ICMP,0.0007653196730959566,15,1
15,4,IGMP,0.0,15,1
15,4,IPv,3.2066803159114974e-05,15,1
15,4,LLC,3.381507078338437e-05,15,1
15,4,Tot sum,0.006997035341865677,15,1
15,4,Min,0.0013158166330995032,15,1
15,4,Max,0.004439208977009806,15,1
15,4,AVG,0.011421160808102222,15,1
15,4,Std,0.007174216743554644,15,1
15,4,Tot size,0.007797065528387272,15,1
15,4,IAT,0.003636518925574716,15,1
15,4,Number,0.0016363799133962142,15,1
15,4,Variance,0.003396903763814588,15,1
15,5,Header_Length,0.014024143797858182,15,1
15,5,Protocol Type,0.004549756343356299,15,1
15,5,Time_To_Live,0.004160456516501028,15,1
15,5,Rate,0.003930647527847133,15,1
15,5,fin_flag_number,0.00015660190326481928,15,1
15,5,syn_flag_number,0.007927937826776464,15,1
15,5,rst_flag_number,0.00024522494182411576,15,1
15,5,psh_flag_number,0.0007553786651085396,15,1
15,5,ack_flag_number,0.006517828499471659,15,1
15,5,ece_flag_number,0.0,15,1
15,5,cwr_flag_number,0.0,15,1
15,5,ack_count,0.005313323910381398,15,1
15,5,syn_count,0.007234864453949508,15,1
15,5,fin_count,0.0011963672929355632,15,1
15,5,rst_count,0.0018178482316617867,15,1
15,5,HTTP,0.00015750626971902185,15,1
15,5,HTTPS,0.0003059482572682904,15,1
15,5,DNS,3.0073200119368245e-05,15,1
15,5,Telnet,0.0,15,1
15,5,SMTP,0.0,15,1
15,5,SSH,0.0,15,1
15,5,IRC,0.0,15,1
15,5,TCP,0.009526461010607747,15,1
15,5,UDP,0.007962496486083763,15,1
15,5,DHCP,0.0,15,1
15,5,ARP,2.431795455058343e-05,15,1
15,5,ICMP,0.0006484381534649583,15,1
15,5,IGMP,0.0,15,1
15,5,IPv,3.171676494707613e-05,15,1
15,5,LLC,3.159533261602299e-05,15,1
15,5,Tot sum,0.008861828089758172,15,1
15,5,Min,0.001450355134859766,15,1
15,5,Max,0.006346039324863192,15,1
15,5,AVG,0.018419601614541765,15,1
15,5,Std,0.012382425557945128,15,1
15,5,Tot size,0.009659432644472917,15,1
15,5,IAT,0.003983048512932962,15,1
15,5,Number,0.00244784970901524,15,1
15,5,Variance,0.002020837821419914,15,1
16,1,Header_Length,0.014340147177975974,15,0
16,1,Protocol Type,0.004669017424747564,15,0
16,1,Time_To_Live,0.004404105343619608,15,0
16,1,Rate,0.004100621946440489,15,0
16,1,fin_flag_number,0.00018413172470512016,15,0
16,1,syn_flag_number,0.00849590040638451,15,0
16,1,rst_flag_number,0.0002497806089179879,15,0
16,1,psh_flag_number,0.0007751523120619769,15,0
16,1,ack_flag_number,0.00655517364731492,15,0
16,1,ece_flag_number,0.0,15,0
16,1,cwr_flag_number,0.0,15,0
16,1,ack_count,0.0056202141641307725,15,0
16,1,syn_count,0.007659375488672308,15,0
16,1,fin_count,0.0017819679098985287,15,0
16,1,rst_count,0.0019384840025919493,15,0
16,1,HTTP,0.00020135968050997432,15,0
16,1,HTTPS,0.0003572190298978066,15,0
16,1,DNS,3.557222831957408e-05,15,0
16,1,Telnet,0.0,15,0
16,1,SMTP,0.0,15,0
16,1,SSH,0.0,15,0
16,1,IRC,0.0,15,0
16,1,TCP,0.010077352762382976,15,0
16,1,UDP,0.008232241800617946,15,0
16,1,DHCP,0.0,15,0
16,1,ARP,2.6286297467986318e-05,15,0
16,1,ICMP,0.0006308311161359321,15,0
16,1,IGMP,0.0,15,0
16,1,IPv,3.693095425542274e-05,15,0
16,1,LLC,3.523188269348276e-05,15,0
16,1,Tot sum,0.006398722066826149,15,0
16,1,Min,0.0013183489999256809,15,0
16,1,Max,0.004629985546714826,15,0
16,1,AVG,0.01351836828285083,15,0
16,1,Std,0.007005181680868822,15,0
16,1,Tot size,0.007662436294091044,15,0
16,1,IAT,0.003754111728659299,15,0
16,1,Number,0.0016332514856557884,15,0
16,1,Variance,0.0015696431625962007,15,0
16,2,Header_Length,0.014297446489187503,15,0
16,2,Protocol Type,0.004748108595900248,15,0
16,2,Time_To_Live,0.004212972450965633,15,0
16,2,Rate,0.00408385162055555,15,0
16,2,fin_flag_number,0.0002487097507131838,15,0
16,2,syn_flag_number,0.008149932816119511,15,0
16,2,rst_flag_number,0.00022904730533374436,15,0
16,2,psh_flag_number,0.0008165940057174148,15,0
16,2,ack_flag_number,0.007047923439860188,15,0
16,2,ece_flag_number,0.0,15,0
16,2,cwr_flag_number,0.0,15,0
16,2,ack_count,0.0059693456479497815,15,0
16,2,syn_count,0.007531996371031594,15,0
16,2,fin_count,0.0018115686432673616,15,0
16,2,rst_count,0.0017709149484884015,15,0
16,2,HTTP,0.00019694841378574735,15,0
16,2,HTTPS,0.00036228421684827896,15,0
16,2,DNS,2.8082216527568123e-05,15,0
16,2,Telnet,0.0,15,0
16,2,SMTP,0.0,15,0
16,2,SSH,0.0,15,0
16,2,IRC,0.0,15,0
16,2,TCP,0.009747568354949577,15,0
16,2,UDP,0.008919723478463806,15,0
16,2,DHCP,0.0,15,0
16,2,ARP,2.6013893797994465e-05,15,0
16,2,ICMP,0.000767008969596383,15,0
16,2,IGMP,0.0,15,0
16,2,IPv,3.203829360817709e-05,15,0
16,2,LLC,3.283083784978215e-05,15,0
16,2,Tot sum,0.008802937779098791,15,0
16,2,Min,0.002324898461542141,15,0
16,2,Max,0.005379059530903765,15,0
16,2,AVG,0.013538418564833926,15,0
16,2,Std,0.007298690376274079,15,0
16,2,Tot size,0.009615326171677561,15,0
16,2,IAT,0.004205922403110892,15,0
16,2,Number,0.0020469699623217267,15,0
16,2,Variance,0.005973907673734912,15,0
16,3,Header_Length,0.01502184395179871,15,0
16,3,Protocol Type,0.004576522139934872,15,0
16,3,Time_To_Live,0.004238231078310383,15,0
16,3,Rate,0.004396960839969199,15,0
16,3,fin_flag_number,0.00014795159254130688,15,0
16,3,syn_flag_number,0.007644271623536276,15,0
16,3,rst_flag_number,0.00019545994656954468,15,0
16,3,psh_flag_number,0.0008080760339758508,15,0
16,3,ack_flag_number,0.0066910588358810134,15,0
16,3,ece_flag_number,0.0,15,0
16,3,cwr_flag_number,0.0,15,0
16,3,ack_count,0.005803704717382344,15,0
16,3,syn_count,0.007069986330116454,15,0
16,3,fin_count,0.001241267909566191,15,0
16,3,rst_count,0.001761699933042407,15,0
16,3,HTTP,0.0001848621535908192,15,0
16,3,HTTPS,0.0003801179509512205,15,0
16,3,DNS,3.054580981119498e-05,15,0
16,3,Telnet,0.0,15,0
16,3,SMTP,0.0,15,0
16,3,SSH,0.0,15,0
16,3,IRC,0.0,15,0
16,3,TCP,0.010304583371904147,15,0
16,3,UDP,0.00863945308578259,15,0
16,3,DHCP,0.0,15,0
16,3,ARP,2.4300353260885657e-05,15,0
16,3,ICMP,0.00066046975631196,15,0
16,3,IGMP,0.0,15,0
16,3,IPv,3.4168487454745095e-05,15,0
16,3,LLC,3.2228174008386724e-05,15,0
16,3,Tot sum,0.007538255089986927,15,0
16,3,Min,0.001716937602953508,15,0
16,3,Max,0.005481207871736955,15,0
16,3,AVG,0.014188146953745184,15,0
16,3,Std,0.00787117888980067,15,0
16,3,Tot size,0.008693977878398082,15,0
16,3,IAT,0.004075502072374866,15,0
16,3,Number,0.0014355980607827761,15,0
16,3,Variance,0.0021538675884643452,15,0
16,4,Header_Length,0.014052957652260417,15,0
16,4,Protocol Type,0.0047650067416141395,15,0
16,4,Time_To_Live,0.004625288088148593,15,0
16,4,Rate,0.003815909347642608,15,0
16,4,fin_flag_number,0.00017791884453210324,15,0
16,4,syn_flag_number,0.00807816102729131,15,0
16,4,rst_flag_number,0.00022089660673681416,15,0
16,4,psh_flag_number,0.0008188488487127222,15,0
16,4,ack_flag_number,0.007344311401342117,15,0
16,4,ece_flag_number,0.0,15,0
16,4,cwr_flag_number,0.0,15,0
16,4,ack_count,0.0058893201748019776,15,0
16,4,syn_count,0.0074338629871706806,15,0
16,4,fin_count,0.0011033293738892233,15,0
16,4,rst_count,0.001742307231286651,15,0
16,4,HTTP,0.00019049242330902374,15,0
16,4,HTTPS,0.0003567693673031654,15,0
16,4,DNS,3.3680529756353743e-05,15,0
16,4,Telnet,0.0,15,0
16,4,SMTP,0.0,15,0
16,4,SSH,0.0,15,0
16,4,IRC,0.0,15,0
16,4,TCP,0.009863219109747762,15,0
16,4,UDP,0.008476249484136273,15,0
16,4,DHCP,0.0,15,0
16,4,ARP,2.6383280394713224e-05,15,0
16,4,ICMP,0.0007653196730959566,15,0
16,4,IGMP,0.0,15,0
16,4,IPv,3.2066803159114974e-05,15,0
16,4,LLC,3.381507078338437e-05,15,0
16,4,Tot sum,0.006997035341865677,15,0
16,4,Min,0.0013158166330995032,15,0
16,4,Max,0.004439208977009806,15,0
16,4,AVG,0.011421160808102222,15,0
16,4,Std,0.007174216743554644,15,0
16,4,Tot size,0.007797065528387272,15,0
16,4,IAT,0.003636518925574716,15,0
16,4,Number,0.0016363799133962142,15,0
16,4,Variance,0.003396903763814588,15,0
16,5,Header_Length,0.014024143797858182,15,0
16,5,Protocol Type,0.004549756343356299,15,0
16,5,Time_To_Live,0.004160456516501028,15,0
16,5,Rate,0.003930647527847133,15,0
16,5,fin_flag_number,0.00015660190326481928,15,0
16,5,syn_flag_number,0.007927937826776464,15,0
16,5,rst_flag_number,0.00024522494182411576,15,0
16,5,psh_flag_number,0.0007553786651085396,15,0
16,5,ack_flag_number,0.006517828499471659,15,0
16,5,ece_flag_number,0.0,15,0
16,5,cwr_flag_number,0.0,15,0
16,5,ack_count,0.005313323910381398,15,0
16,5,syn_count,0.007234864453949508,15,0
16,5,fin_count,0.0011963672929355632,15,0
16,5,rst_count,0.0018178482316617867,15,0
16,5,HTTP,0.00015750626971902185,15,0
16,5,HTTPS,0.0003059482572682904,15,0
16,5,DNS,3.0073200119368245e-05,15,0
16,5,Telnet,0.0,15,0
16,5,SMTP,0.0,15,0
16,5,SSH,0.0,15,0
16,5,IRC,0.0,15,0
16,5,TCP,0.009526461010607747,15,0
16,5,UDP,0.007962496486083763,15,0
16,5,DHCP,0.0,15,0
16,5,ARP,2.431795455058343e-05,15,0
16,5,ICMP,0.0006484381534649583,15,0
16,5,IGMP,0.0,15,0
16,5,IPv,3.171676494707613e-05,15,0
16,5,LLC,3.159533261602299e-05,15,0
16,5,Tot sum,0.008861828089758172,15,0
16,5,Min,0.001450355134859766,15,0
16,5,Max,0.006346039324863192,15,0
16,5,AVG,0.018419601614541765,15,0
16,5,Std,0.012382425557945128,15,0
16,5,Tot size,0.009659432644472917,15,0
16,5,IAT,0.003983048512932962,15,0
16,5,Number,0.00244784970901524,15,0
16,5,Variance,0.002020837821419914,15,0
17,1,Header_Length,0.014340147177975974,15,0
17,1,Protocol Type,0.004669017424747564,15,0
17,1,Time_To_Live,0.004404105343619608,15,0
17,1,Rate,0.004100621946440489,15,0
17,1,fin_flag_number,0.00018413172470512016,15,0
17,1,syn_flag_number,0.00849590040638451,15,0
17,1,rst_flag_number,0.0002497806089179879,15,0
17,1,psh_flag_number,0.0007751523120619769,15,0
17,1,ack_flag_number,0.00655517364731492,15,0
17,1,ece_flag_number,0.0,15,0
17,1,cwr_flag_number,0.0,15,0
17,1,ack_count,0.0056202141641307725,15,0
17,1,syn_count,0.007659375488672308,15,0
17,1,fin_count,0.0017819679098985287,15,0
17,1,rst_count,0.0019384840025919493,15,0
17,1,HTTP,0.00020135968050997432,15,0
17,1,HTTPS,0.0003572190298978066,15,0
17,1,DNS,3.557222831957408e-05,15,0
17,1,Telnet,0.0,15,0
17,1,SMTP,0.0,15,0
17,1,SSH,0.0,15,0
17,1,IRC,0.0,15,0
17,1,TCP,0.010077352762382976,15,0
17,1,UDP,0.008232241800617946,15,0
17,1,DHCP,0.0,15,0
17,1,ARP,2.6286297467986318e-05,15,0
17,1,ICMP,0.0006308311161359321,15,0
17,1,IGMP,0.0,15,0
17,1,IPv,3.693095425542274e-05,15,0
17,1,LLC,3.523188269348276e-05,15,0
17,1,Tot sum,0.006398722066826149,15,0
17,1,Min,0.0013183489999256809,15,0
17,1,Max,0.004629985546714826,15,0
17,1,AVG,0.01351836828285083,15,0
17,1,Std,0.007005181680868822,15,0
17,1,Tot size,0.007662436294091044,15,0
17,1,IAT,0.003754111728659299,15,0
17,1,Number,0.0016332514856557884,15,0
17,1,Variance,0.0015696431625962007,15,0
17,2,Header_Length,0.014297446489187503,15,0
17,2,Protocol Type,0.004748108595900248,15,0
17,2,Time_To_Live,0.004212972450965633,15,0
17,2,Rate,0.00408385162055555,15,0
17,2,fin_flag_number,0.0002487097507131838,15,0
17,2,syn_flag_number,0.008149932816119511,15,0
17,2,rst_flag_number,0.00022904730533374436,15,0
17,2,psh_flag_number,0.0008165940057174148,15,0
17,2,ack_flag_number,0.007047923439860188,15,0
17,2,ece_flag_number,0.0,15,0
17,2,cwr_flag_number,0.0,15,0
17,2,ack_count,0.0059693456479497815,15,0
17,2,syn_count,0.007531996371031594,15,0
17,2,fin_count,0.0018115686432673616,15,0
17,2,rst_count,0.0017709149484884015,15,0
17,2,HTTP,0.00019694841378574735,15,0
17,2,HTTPS,0.00036228421684827896,15,0
17,2,DNS,2.8082216527568123e-05,15,0
17,2,Telnet,0.0,15,0
17,2,SMTP,0.0,15,0
17,2,SSH,0.0,15,0
17,2,IRC,0.0,15,0
17,2,TCP,0.009747568354949577,15,0
17,2,UDP,0.008919723478463806,15,0
17,2,DHCP,0.0,15,0
17,2,ARP,2.6013893797994465e-05,15,0
17,2,ICMP,0.000767008969596383,15,0
17,2,IGMP,0.0,15,0
17,2,IPv,3.203829360817709e-05,15,0
17,2,LLC,3.283083784978215e-05,15,0
17,2,Tot sum,0.008802937779098791,15,0
17,2,Min,0.002324898461542141,15,0
17,2,Max,0.005379059530903765,15,0
17,2,AVG,0.013538418564833926,15,0
17,2,Std,0.007298690376274079,15,0
17,2,Tot size,0.009615326171677561,15,0
17,2,IAT,0.004205922403110892,15,0
17,2,Number,0.0020469699623217267,15,0
17,2,Variance,0.005973907673734912,15,0
17,3,Header_Length,0.01502184395179871,15,0
17,3,Protocol Type,0.004576522139934872,15,0
17,3,Time_To_Live,0.004238231078310383,15,0
17,3,Rate,0.004396960839969199,15,0
17,3,fin_flag_number,0.00014795159254130688,15,0
17,3,syn_flag_number,0.007644271623536276,15,0
17,3,rst_flag_number,0.00019545994656954468,15,0
17,3,psh_flag_number,0.0008080760339758508,15,0
17,3,ack_flag_number,0.0066910588358810134,15,0
17,3,ece_flag_number,0.0,15,0
17,3,cwr_flag_number,0.0,15,0
17,3,ack_count,0.005803704717382344,15,0
17,3,syn_count,0.007069986330116454,15,0
17,3,fin_count,0.001241267909566191,15,0
17,3,rst_count,0.001761699933042407,15,0
17,3,HTTP,0.0001848621535908192,15,0
17,3,HTTPS,0.0003801179509512205,15,0
17,3,DNS,3.054580981119498e-05,15,0
17,3,Telnet,0.0,15,0
17,3,SMTP,0.0,15,0
17,3,SSH,0.0,15,0
17,3,IRC,0.0,15,0
17,3,TCP,0.010304583371904147,15,0
17,3,UDP,0.00863945308578259,15,0
17,3,DHCP,0.0,15,0
17,3,ARP,2.4300353260885657e-05,15,0
17,3,ICMP,0.00066046975631196,15,0
17,3,IGMP,0.0,15,0
17,3,IPv,3.4168487454745095e-05,15,0
17,3,LLC,3.2228174008386724e-05,15,0
17,3,Tot sum,0.007538255089986927,15,0
17,3,Min,0.001716937602953508,15,0
17,3,Max,0.005481207871736955,15,0
17,3,AVG,0.014188146953745184,15,0
17,3,Std,0.00787117888980067,15,0
17,3,Tot size,0.008693977878398082,15,0
17,3,IAT,0.004075502072374866,15,0
17,3,Number,0.0014355980607827761,15,0
17,3,Variance,0.0021538675884643452,15,0
17,4,Header_Length,0.014052957652260417,15,0
17,4,Protocol Type,0.0047650067416141395,15,0
17,4,Time_To_Live,0.004625288088148593,15,0
17,4,Rate,0.003815909347642608,15,0
17,4,fin_flag_number,0.00017791884453210324,15,0
17,4,syn_flag_number,0.00807816102729131,15,0
17,4,rst_flag_number,0.00022089660673681416,15,0
17,4,psh_flag_number,0.0008188488487127222,15,0
17,4,ack_flag_number,0.007344311401342117,15,0
17,4,ece_flag_number,0.0,15,0
17,4,cwr_flag_number,0.0,15,0
17,4,ack_count,0.0058893201748019776,15,0
17,4,syn_count,0.0074338629871706806,15,0
17,4,fin_count,0.0011033293738892233,15,0
17,4,rst_count,0.001742307231286651,15,0
17,4,HTTP,0.00019049242330902374,15,0
17,4,HTTPS,0.0003567693673031654,15,0
17,4,DNS,3.3680529756353743e-05,15,0
17,4,Telnet,0.0,15,0
17,4,SMTP,0.0,15,0
17,4,SSH,0.0,15,0
17,4,IRC,0.0,15,0
17,4,TCP,0.009863219109747762,15,0
17,4,UDP,0.008476249484136273,15,0
17,4,DHCP,0.0,15,0
17,4,ARP,2.6383280394713224e-05,15,0
17,4,ICMP,0.0007653196730959566,15,0
17,4,IGMP,0.0,15,0
17,4,IPv,3.2066803159114974e-05,15,0
17,4,LLC,3.381507078338437e-05,15,0
17,4,Tot sum,0.006997035341865677,15,0
17,4,Min,0.0013158166330995032,15,0
17,4,Max,0.004439208977009806,15,0
17,4,AVG,0.011421160808102222,15,0
17,4,Std,0.007174216743554644,15,0
17,4,Tot size,0.007797065528387272,15,0
17,4,IAT,0.003636518925574716,15,0
17,4,Number,0.0016363799133962142,15,0
17,4,Variance,0.003396903763814588,15,0
17,5,Header_Length,0.014024143797858182,15,0
17,5,Protocol Type,0.004549756343356299,15,0
17,5,Time_To_Live,0.004160456516501028,15,0
17,5,Rate,0.003930647527847133,15,0
17,5,fin_flag_number,0.00015660190326481928,15,0
17,5,syn_flag_number,0.007927937826776464,15,0
17,5,rst_flag_number,0.00024522494182411576,15,0
17,5,psh_flag_number,0.0007553786651085396,15,0
17,5,ack_flag_number,0.006517828499471659,15,0
17,5,ece_flag_number,0.0,15,0
17,5,cwr_flag_number,0.0,15,0
17,5,ack_count,0.005313323910381398,15,0
17,5,syn_count,0.007234864453949508,15,0
17,5,fin_count,0.0011963672929355632,15,0
17,5,rst_count,0.0018178482316617867,15,0
17,5,HTTP,0.00015750626971902185,15,0
17,5,HTTPS,0.0003059482572682904,15,0
17,5,DNS,3.0073200119368245e-05,15,0
17,5,Telnet,0.0,15,0
17,5,SMTP,0.0,15,0
17,5,SSH,0.0,15,0
17,5,IRC,0.0,15,0
17,5,TCP,0.009526461010607747,15,0
17,5,UDP,0.007962496486083763,15,0
17,5,DHCP,0.0,15,0
17,5,ARP,2.431795455058343e-05,15,0
17,5,ICMP,0.0006484381534649583,15,0
17,5,IGMP,0.0,15,0
17,5,IPv,3.171676494707613e-05,15,0
17,5,LLC,3.159533261602299e-05,15,0
17,5,Tot sum,0.008861828089758172,15,0
17,5,Min,0.001450355134859766,15,0
17,5,Max,0.006346039324863192,15,0
17,5,AVG,0.018419601614541765,15,0
17,5,Std,0.012382425557945128,15,0
17,5,Tot size,0.009659432644472917,15,0
17,5,IAT,0.003983048512932962,15,0
17,5,Number,0.00244784970901524,15,0
17,5,Variance,0.002020837821419914,15,0
18,1,Header_Length,0.014340147177975974,15,0
18,1,Protocol Type,0.004669017424747564,15,0
18,1,Time_To_Live,0.004404105343619608,15,0
18,1,Rate,0.004100621946440489,15,0
18,1,fin_flag_number,0.00018413172470512016,15,0
18,1,syn_flag_number,0.00849590040638451,15,0
18,1,rst_flag_number,0.0002497806089179879,15,0
18,1,psh_flag_number,0.0007751523120619769,15,0
18,1,ack_flag_number,0.00655517364731492,15,0
18,1,ece_flag_number,0.0,15,0
18,1,cwr_flag_number,0.0,15,0
18,1,ack_count,0.0056202141641307725,15,0
18,1,syn_count,0.007659375488672308,15,0
18,1,fin_count,0.0017819679098985287,15,0
18,1,rst_count,0.0019384840025919493,15,0
18,1,HTTP,0.00020135968050997432,15,0
18,1,HTTPS,0.0003572190298978066,15,0
18,1,DNS,3.557222831957408e-05,15,0
18,1,Telnet,0.0,15,0
18,1,SMTP,0.0,15,0
18,1,SSH,0.0,15,0
18,1,IRC,0.0,15,0
18,1,TCP,0.010077352762382976,15,0
18,1,UDP,0.008232241800617946,15,0
18,1,DHCP,0.0,15,0
18,1,ARP,2.6286297467986318e-05,15,0
18,1,ICMP,0.0006308311161359321,15,0
18,1,IGMP,0.0,15,0
18,1,IPv,3.693095425542274e-05,15,0
18,1,LLC,3.523188269348276e-05,15,0
18,1,Tot sum,0.006398722066826149,15,0
18,1,Min,0.0013183489999256809,15,0
18,1,Max,0.004629985546714826,15,0
18,1,AVG,0.01351836828285083,15,0
18,1,Std,0.007005181680868822,15,0
18,1,Tot size,0.007662436294091044,15,0
18,1,IAT,0.003754111728659299,15,0
18,1,Number,0.0016332514856557884,15,0
18,1,Variance,0.0015696431625962007,15,0
18,2,Header_Length,0.014297446489187503,15,0
18,2,Protocol Type,0.004748108595900248,15,0
18,2,Time_To_Live,0.004212972450965633,15,0
18,2,Rate,0.00408385162055555,15,0
18,2,fin_flag_number,0.0002487097507131838,15,0
18,2,syn_flag_number,0.008149932816119511,15,0
18,2,rst_flag_number,0.00022904730533374436,15,0
18,2,psh_flag_number,0.0008165940057174148,15,0
18,2,ack_flag_number,0.007047923439860188,15,0
18,2,ece_flag_number,0.0,15,0
18,2,cwr_flag_number,0.0,15,0
18,2,ack_count,0.0059693456479497815,15,0
18,2,syn_count,0.007531996371031594,15,0
18,2,fin_count,0.0018115686432673616,15,0
18,2,rst_count,0.0017709149484884015,15,0
18,2,HTTP,0.00019694841378574735,15,0
18,2,HTTPS,0.00036228421684827896,15,0
18,2,DNS,2.8082216527568123e-05,15,0
18,2,Telnet,0.0,15,0
18,2,SMTP,0.0,15,0
18,2,SSH,0.0,15,0
18,2,IRC,0.0,15,0
18,2,TCP,0.009747568354949577,15,0
18,2,UDP,0.008919723478463806,15,0
18,2,DHCP,0.0,15,0
18,2,ARP,2.6013893797994465e-05,15,0
18,2,ICMP,0.000767008969596383,15,0
18,2,IGMP,0.0,15,0
18,2,IPv,3.203829360817709e-05,15,0
18,2,LLC,3.283083784978215e-05,15,0
18,2,Tot sum,0.008802937779098791,15,0
18,2,Min,0.002324898461542141,15,0
18,2,Max,0.005379059530903765,15,0
18,2,AVG,0.013538418564833926,15,0
18,2,Std,0.007298690376274079,15,0
18,2,Tot size,0.009615326171677561,15,0
18,2,IAT,0.004205922403110892,15,0
18,2,Number,0.0020469699623217267,15,0
18,2,Variance,0.005973907673734912,15,0
18,3,Header_Length,0.01502184395179871,15,0
18,3,Protocol Type,0.004576522139934872,15,0
18,3,Time_To_Live,0.004238231078310383,15,0
18,3,Rate,0.004396960839969199,15,0
18,3,fin_flag_number,0.00014795159254130688,15,0
18,3,syn_flag_number,0.007644271623536276,15,0
18,3,rst_flag_number,0.00019545994656954468,15,0
18,3,psh_flag_number,0.0008080760339758508,15,0
18,3,ack_flag_number,0.0066910588358810134,15,0
18,3,ece_flag_number,0.0,15,0
18,3,cwr_flag_number,0.0,15,0
18,3,ack_count,0.005803704717382344,15,0
18,3,syn_count,0.007069986330116454,15,0
18,3,fin_count,0.001241267909566191,15,0
18,3,rst_count,0.001761699933042407,15,0
18,3,HTTP,0.0001848621535908192,15,0
18,3,HTTPS,0.0003801179509512205,15,0
18,3,DNS,3.054580981119498e-05,15,0
18,3,Telnet,0.0,15,0
18,3,SMTP,0.0,15,0
18,3,SSH,0.0,15,0
18,3,IRC,0.0,15,0
18,3,TCP,0.010304583371904147,15,0
18,3,UDP,0.00863945308578259,15,0
18,3,DHCP,0.0,15,0
18,3,ARP,2.4300353260885657e-05,15,0
18,3,ICMP,0.00066046975631196,15,0
18,3,IGMP,0.0,15,0
18,3,IPv,3.4168487454745095e-05,15,0
18,3,LLC,3.2228174008386724e-05,15,0
18,3,Tot sum,0.007538255089986927,15,0
18,3,Min,0.001716937602953508,15,0
18,3,Max,0.005481207871736955,15,0
18,3,AVG,0.014188146953745184,15,0
18,3,Std,0.00787117888980067,15,0
18,3,Tot size,0.008693977878398082,15,0
18,3,IAT,0.004075502072374866,15,0
18,3,Number,0.0014355980607827761,15,0
18,3,Variance,0.0021538675884643452,15,0
18,4,Header_Length,0.014052957652260417,15,0
18,4,Protocol Type,0.0047650067416141395,15,0
18,4,Time_To_Live,0.004625288088148593,15,0
18,4,Rate,0.003815909347642608,15,0
18,4,fin_flag_number,0.00017791884453210324,15,0
18,4,syn_flag_number,0.00807816102729131,15,0
18,4,rst_flag_number,0.00022089660673681416,15,0
18,4,psh_flag_number,0.0008188488487127222,15,0
18,4,ack_flag_number,0.007344311401342117,15,0
18,4,ece_flag_number,0.0,15,0
18,4,cwr_flag_number,0.0,15,0
18,4,ack_count,0.0058893201748019776,15,0
18,4,syn_count,0.0074338629871706806,15,0
18,4,fin_count,0.0011033293738892233,15,0
18,4,rst_count,0.001742307231286651,15,0
18,4,HTTP,0.00019049242330902374,15,0
18,4,HTTPS,0.0003567693673031654,15,0
18,4,DNS,3.3680529756353743e-05,15,0
18,4,Telnet,0.0,15,0
18,4,SMTP,0.0,15,0
18,4,SSH,0.0,15,0
18,4,IRC,0.0,15,0
18,4,TCP,0.009863219109747762,15,0
18,4,UDP,0.008476249484136273,15,0
18,4,DHCP,0.0,15,0
18,4,ARP,2.6383280394713224e-05,15,0
18,4,ICMP,0.0007653196730959566,15,0
18,4,IGMP,0.0,15,0
18,4,IPv,3.2066803159114974e-05,15,0
18,4,LLC,3.381507078338437e-05,15,0
18,4,Tot sum,0.006997035341865677,15,0
18,4,Min,0.0013158166330995032,15,0
18,4,Max,0.004439208977009806,15,0
18,4,AVG,0.011421160808102222,15,0
18,4,Std,0.007174216743554644,15,0
18,4,Tot size,0.007797065528387272,15,0
18,4,IAT,0.003636518925574716,15,0
18,4,Number,0.0016363799133962142,15,0
18,4,Variance,0.003396903763814588,15,0
18,5,Header_Length,0.014024143797858182,15,0
18,5,Protocol Type,0.004549756343356299,15,0
18,5,Time_To_Live,0.004160456516501028,15,0
18,5,Rate,0.003930647527847133,15,0
18,5,fin_flag_number,0.00015660190326481928,15,0
18,5,syn_flag_number,0.007927937826776464,15,0
18,5,rst_flag_number,0.00024522494182411576,15,0
18,5,psh_flag_number,0.0007553786651085396,15,0
18,5,ack_flag_number,0.006517828499471659,15,0
18,5,ece_flag_number,0.0,15,0
18,5,cwr_flag_number,0.0,15,0
18,5,ack_count,0.005313323910381398,15,0
18,5,syn_count,0.007234864453949508,15,0
18,5,fin_count,0.0011963672929355632,15,0
18,5,rst_count,0.0018178482316617867,15,0
18,5,HTTP,0.00015750626971902185,15,0
18,5,HTTPS,0.0003059482572682904,15,0
18,5,DNS,3.0073200119368245e-05,15,0
18,5,Telnet,0.0,15,0
18,5,SMTP,0.0,15,0
18,5,SSH,0.0,15,0
18,5,IRC,0.0,15,0
18,5,TCP,0.009526461010607747,15,0
18,5,UDP,0.007962496486083763,15,0
18,5,DHCP,0.0,15,0
18,5,ARP,2.431795455058343e-05,15,0
18,5,ICMP,0.0006484381534649583,15,0
18,5,IGMP,0.0,15,0
18,5,IPv,3.171676494707613e-05,15,0
18,5,LLC,3.159533261602299e-05,15,0
18,5,Tot sum,0.008861828089758172,15,0
18,5,Min,0.001450355134859766,15,0
18,5,Max,0.006346039324863192,15,0
18,5,AVG,0.018419601614541765,15,0
18,5,Std,0.012382425557945128,15,0
18,5,Tot size,0.009659432644472917,15,0
18,5,IAT,0.003983048512932962,15,0
18,5,Number,0.00244784970901524,15,0
18,5,Variance,0.002020837821419914,15,0
19,1,Header_Length,0.014340147177975974,15,0
19,1,Protocol Type,0.004669017424747564,15,0
19,1,Time_To_Live,0.004404105343619608,15,0
19,1,Rate,0.004100621946440489,15,0
19,1,fin_flag_number,0.00018413172470512016,15,0
19,1,syn_flag_number,0.00849590040638451,15,0
19,1,rst_flag_number,0.0002497806089179879,15,0
19,1,psh_flag_number,0.0007751523120619769,15,0
19,1,ack_flag_number,0.00655517364731492,15,0
19,1,ece_flag_number,0.0,15,0
19,1,cwr_flag_number,0.0,15,0
19,1,ack_count,0.0056202141641307725,15,0
19,1,syn_count,0.007659375488672308,15,0
19,1,fin_count,0.0017819679098985287,15,0
19,1,rst_count,0.0019384840025919493,15,0
19,1,HTTP,0.00020135968050997432,15,0
19,1,HTTPS,0.0003572190298978066,15,0
19,1,DNS,3.557222831957408e-05,15,0
19,1,Telnet,0.0,15,0
19,1,SMTP,0.0,15,0
19,1,SSH,0.0,15,0
19,1,IRC,0.0,15,0
19,1,TCP,0.010077352762382976,15,0
19,1,UDP,0.008232241800617946,15,0
19,1,DHCP,0.0,15,0
19,1,ARP,2.6286297467986318e-05,15,0
19,1,ICMP,0.0006308311161359321,15,0
19,1,IGMP,0.0,15,0
19,1,IPv,3.693095425542274e-05,15,0
19,1,LLC,3.523188269348276e-05,15,0
19,1,Tot sum,0.006398722066826149,15,0
19,1,Min,0.0013183489999256809,15,0
19,1,Max,0.004629985546714826,15,0
19,1,AVG,0.01351836828285083,15,0
19,1,Std,0.007005181680868822,15,0
19,1,Tot size,0.007662436294091044,15,0
19,1,IAT,0.003754111728659299,15,0
19,1,Number,0.0016332514856557884,15,0
19,1,Variance,0.0015696431625962007,15,0
19,2,Header_Length,0.014297446489187503,15,0
19,2,Protocol Type,0.004748108595900248,15,0
19,2,Time_To_Live,0.004212972450965633,15,0
19,2,Rate,0.00408385162055555,15,0
19,2,fin_flag_number,0.0002487097507131838,15,0
19,2,syn_flag_number,0.008149932816119511,15,0
19,2,rst_flag_number,0.00022904730533374436,15,0
19,2,psh_flag_number,0.0008165940057174148,15,0
19,2,ack_flag_number,0.007047923439860188,15,0
19,2,ece_flag_number,0.0,15,0
19,2,cwr_flag_number,0.0,15,0
19,2,ack_count,0.0059693456479497815,15,0
19,2,syn_count,0.007531996371031594,15,0
19,2,fin_count,0.0018115686432673616,15,0
19,2,rst_count,0.0017709149484884015,15,0
19,2,HTTP,0.00019694841378574735,15,0
19,2,HTTPS,0.00036228421684827896,15,0
19,2,DNS,2.8082216527568123e-05,15,0
19,2,Telnet,0.0,15,0
19,2,SMTP,0.0,15,0
19,2,SSH,0.0,15,0
19,2,IRC,0.0,15,0
19,2,TCP,0.009747568354949577,15,0
19,2,UDP,0.008919723478463806,15,0
19,2,DHCP,0.0,15,0
19,2,ARP,2.6013893797994465e-05,15,0
19,2,ICMP,0.000767008969596383,15,0
19,2,IGMP,0.0,15,0
19,2,IPv,3.203829360817709e-05,15,0
19,2,LLC,3.283083784978215e-05,15,0
19,2,Tot sum,0.008802937779098791,15,0
19,2,Min,0.002324898461542141,15,0
19,2,Max,0.005379059530903765,15,0
19,2,AVG,0.013538418564833926,15,0
19,2,Std,0.007298690376274079,15,0
19,2,Tot size,0.009615326171677561,15,0
19,2,IAT,0.004205922403110892,15,0
19,2,Number,0.0020469699623217267,15,0
19,2,Variance,0.005973907673734912,15,0
19,3,Header_Length,0.01502184395179871,15,0
19,3,Protocol Type,0.004576522139934872,15,0
19,3,Time_To_Live,0.004238231078310383,15,0
19,3,Rate,0.004396960839969199,15,0
19,3,fin_flag_number,0.00014795159254130688,15,0
19,3,syn_flag_number,0.007644271623536276,15,0
19,3,rst_flag_number,0.00019545994656954468,15,0
19,3,psh_flag_number,0.0008080760339758508,15,0
19,3,ack_flag_number,0.0066910588358810134,15,0
19,3,ece_flag_number,0.0,15,0
19,3,cwr_flag_number,0.0,15,0
19,3,ack_count,0.005803704717382344,15,0
19,3,syn_count,0.007069986330116454,15,0
19,3,fin_count,0.001241267909566191,15,0
19,3,rst_count,0.001761699933042407,15,0
19,3,HTTP,0.0001848621535908192,15,0
19,3,HTTPS,0.0003801179509512205,15,0
19,3,DNS,3.054580981119498e-05,15,0
19,3,Telnet,0.0,15,0
19,3,SMTP,0.0,15,0
19,3,SSH,0.0,15,0
19,3,IRC,0.0,15,0
19,3,TCP,0.010304583371904147,15,0
19,3,UDP,0.00863945308578259,15,0
19,3,DHCP,0.0,15,0
19,3,ARP,2.4300353260885657e-05,15,0
19,3,ICMP,0.00066046975631196,15,0
19,3,IGMP,0.0,15,0
19,3,IPv,3.4168487454745095e-05,15,0
19,3,LLC,3.2228174008386724e-05,15,0
19,3,Tot sum,0.007538255089986927,15,0
19,3,Min,0.001716937602953508,15,0
19,3,Max,0.005481207871736955,15,0
19,3,AVG,0.014188146953745184,15,0
19,3,Std,0.00787117888980067,15,0
19,3,Tot size,0.008693977878398082,15,0
19,3,IAT,0.004075502072374866,15,0
19,3,Number,0.0014355980607827761,15,0
19,3,Variance,0.0021538675884643452,15,0
19,4,Header_Length,0.014052957652260417,15,0
19,4,Protocol Type,0.0047650067416141395,15,0
19,4,Time_To_Live,0.004625288088148593,15,0
19,4,Rate,0.003815909347642608,15,0
19,4,fin_flag_number,0.00017791884453210324,15,0
19,4,syn_flag_number,0.00807816102729131,15,0
19,4,rst_flag_number,0.00022089660673681416,15,0
19,4,psh_flag_number,0.0008188488487127222,15,0
19,4,ack_flag_number,0.007344311401342117,15,0
19,4,ece_flag_number,0.0,15,0
19,4,cwr_flag_number,0.0,15,0
19,4,ack_count,0.0058893201748019776,15,0
19,4,syn_count,0.0074338629871706806,15,0
19,4,fin_count,0.0011033293738892233,15,0
19,4,rst_count,0.001742307231286651,15,0
19,4,HTTP,0.00019049242330902374,15,0
19,4,HTTPS,0.0003567693673031654,15,0
19,4,DNS,3.3680529756353743e-05,15,0
19,4,Telnet,0.0,15,0
19,4,SMTP,0.0,15,0
19,4,SSH,0.0,15,0
19,4,IRC,0.0,15,0
19,4,TCP,0.009863219109747762,15,0
19,4,UDP,0.008476249484136273,15,0
19,4,DHCP,0.0,15,0
19,4,ARP,2.6383280394713224e-05,15,0
19,4,ICMP,0.0007653196730959566,15,0
19,4,IGMP,0.0,15,0
19,4,IPv,3.2066803159114974e-05,15,0
19,4,LLC,3.381507078338437e-05,15,0
19,4,Tot sum,0.006997035341865677,15,0
19,4,Min,0.0013158166330995032,15,0
19,4,Max,0.004439208977009806,15,0
19,4,AVG,0.011421160808102222,15,0
19,4,Std,0.007174216743554644,15,0
19,4,Tot size,0.007797065528387272,15,0
19,4,IAT,0.003636518925574716,15,0
19,4,Number,0.0016363799133962142,15,0
19,4,Variance,0.003396903763814588,15,0
19,5,Header_Length,0.014024143797858182,15,0
19,5,Protocol Type,0.004549756343356299,15,0
19,5,Time_To_Live,0.004160456516501028,15,0
19,5,Rate,0.003930647527847133,15,0
19,5,fin_flag_number,0.00015660190326481928,15,0
19,5,syn_flag_number,0.007927937826776464,15,0
19,5,rst_flag_number,0.00024522494182411576,15,0
19,5,psh_flag_number,0.0007553786651085396,15,0
19,5,ack_flag_number,0.006517828499471659,15,0
19,5,ece_flag_number,0.0,15,0
19,5,cwr_flag_number,0.0,15,0
19,5,ack_count,0.005313323910381398,15,0
19,5,syn_count,0.007234864453949508,15,0
19,5,fin_count,0.0011963672929355632,15,0
19,5,rst_count,0.0018178482316617867,15,0
19,5,HTTP,0.00015750626971902185,15,0
19,5,HTTPS,0.0003059482572682904,15,0
19,5,DNS,3.0073200119368245e-05,15,0
19,5,Telnet,0.0,15,0
19,5,SMTP,0.0,15,0
19,5,SSH,0.0,15,0
19,5,IRC,0.0,15,0
19,5,TCP,0.009526461010607747,15,0
19,5,UDP,0.007962496486083763,15,0
19,5,DHCP,0.0,15,0
19,5,ARP,2.431795455058343e-05,15,0
19,5,ICMP,0.0006484381534649583,15,0
19,5,IGMP,0.0,15,0
19,5,IPv,3.171676494707613e-05,15,0
19,5,LLC,3.159533261602299e-05,15,0
19,5,Tot sum,0.008861828089758172,15,0
19,5,Min,0.001450355134859766,15,0
19,5,Max,0.006346039324863192,15,0
19,5,AVG,0.018419601614541765,15,0
19,5,Std,0.012382425557945128,15,0
19,5,Tot size,0.009659432644472917,15,0
19,5,IAT,0.003983048512932962,15,0
19,5,Number,0.00244784970901524,15,0
19,5,Variance,0.002020837821419914,15,0
20,1,Header_Length,0.013869738084386938,20,1
20,1,Protocol Type,0.005035664626001803,20,1
20,1,Time_To_Live,0.0038069227817080606,20,1
20,1,Rate,0.004126605725942467,20,1
20,1,fin_flag_number,0.00022319435397609655,20,1
20,1,syn_flag_number,0.007643544077033349,20,1
20,1,rst_flag_number,0.00023076799814263947,20,1
20,1,psh_flag_number,0.000817985854307745,20,1
20,1,ack_flag_number,0.006466265065251327,20,1
20,1,ece_flag_number,0.0,20,1
20,1,cwr_flag_number,0.0,20,1
20,1,ack_count,0.005238605649166808,20,1
20,1,syn_count,0.007052417651794883,20,1
20,1,fin_count,0.0023002057277415468,20,1
20,1,rst_count,0.0016073769666545886,20,1
20,1,HTTP,0.0001773496360355453,20,1
20,1,HTTPS,0.00029715417421393646,20,1
20,1,DNS,3.4264794018488576e-05,20,1
20,1,Telnet,0.0,20,1
20,1,SMTP,0.0,20,1
20,1,SSH,0.0,20,1
20,1,IRC,0.0,20,1
20,1,TCP,0.010362161172928666,20,1
20,1,UDP,0.00855274800345298,20,1
20,1,DHCP,0.0,20,1
20,1,ARP,2.326958311056481e-05,20,1
20,1,ICMP,0.000666180423819055,20,1
20,1,IGMP,0.0,20,1
20,1,IPv,3.2893433562960326e-05,20,1
20,1,LLC,2.9678303485861404e-05,20,1
20,1,Tot sum,0.00725401653010843,20,1
20,1,Min,0.0009857541253495584,20,1
20,1,Max,0.0047668701438438425,20,1
20,1,AVG,0.01297359302949307,20,1
20,1,Std,0.006691436196765924,20,1
20,1,Tot size,0.007363893808027937,20,1
20,1,IAT,0.0035502780579421554,20,1
20,1,Number,0.0014713908820387798,20,1
20,1,Variance,0.002391550505450429,20,1
20,2,Header_Length,0.014405861644516241,20,1
20,2,Protocol Type,0.005116284343837047,20,1
20,2,Time_To_Live,0.0038873386944413666,20,1
20,2,Rate,0.004415396131743055,20,1
20,2,fin_flag_number,0.0002162628950519109,20,1
20,2,syn_flag_number,0.008021155668211627,20,1
20,2,rst_flag_number,0.00025097285003447935,20,1
20,2,psh_flag_number,0.0008293008538273115,20,1
20,2,ack_flag_number,0.006543965191382942,20,1
20,2,ece_flag_number,0.0,20,1
20,2,cwr_flag_number,0.0,20,1
20,2,ack_count,0.005662550689283369,20,1
20,2,syn_count,0.007190040447593498,20,1
20,2,fin_count,0.0014588006616020684,20,1
20,2,rst_count,0.0019190283474656484,20,1
20,2,HTTP,0.00015727668428501375,20,1
20,2,HTTPS,0.00032870485294753154,20,1
20,2,DNS,2.501799116415573e-05,20,1
20,2,Telnet,0.0,20,1
20,2,SMTP,0.0,20,1
20,2,SSH,0.0,20,1
20,2,IRC,0.0,20,1
20,2,TCP,0.009921433432603294,20,1
20,2,UDP,0.008573006316049393,20,1
20,2,DHCP,0.0,20,1
20,2,ARP,2.6446077664387644e-05,20,1
20,2,ICMP,0.0006980466486491688,20,1
20,2,IGMP,0.0,20,1
20,2,IPv,3.381692843012664e-05,20,1
20,2,LLC,3.3326558420242954e-05,20,1
20,2,Tot sum,0.00933268086450777,20,1
20,2,Min,0.003000510202260617,20,1
20,2,Max,0.006770876218693628,20,1
20,2,AVG,0.015694306285398817,20,1
20,2,Std,0.007884891291290145,20,1
20,2,Tot size,0.009525464632319026,20,1
20,2,IAT,0.0036593950025253508,20,1
20,2,Number,0.0018843091530167486,20,1
20,2,Variance,0.0026319405448696894,20,1
20,3,Header_Length,0.015092733097967782,20,1
20,3,Protocol Type,0.00512010418313449,20,1
20,3,Time_To_Live,0.004319096438513359,20,1
20,3,Rate,0.004108421378975092,20,1
20,3,fin_flag_number,0.0001893912346848272,20,1
20,3,syn_flag_number,0.007710235476322592,20,1
20,3,rst_flag_number,0.0002443953307205262,20,1
20,3,psh_flag_number,0.0008088533560521103,20,1
20,3,ack_flag_number,0.006188781849126929,20,1
20,3,ece_flag_number,0.0,20,1
20,3,cwr_flag_number,0.0,20,1
20,3,ack_count,0.00510590449218436,20,1
20,3,syn_count,0.007025007778560684,20,1
20,3,fin_count,0.0021547184860367828,20,1
20,3,rst_count,0.001650327115389452,20,1
20,3,HTTP,0.00018375110509346573,20,1
20,3,HTTPS,0.00031224775099811903,20,1
20,3,DNS,2.445131518913029e-05,20,1
20,3,Telnet,0.0,20,1
20,3,SMTP,0.0,20,1
20,3,SSH,0.0,20,1
20,3,IRC,0.0,20,1
20,3,TCP,0.010508134788689047,20,1
20,3,UDP,0.008205130832437355,20,1
20,3,DHCP,0.0,20,1
20,3,ARP,2.5609168201384127e-05,20,1
20,3,ICMP,0.0007044604382207693,20,1
20,3,IGMP,0.0,20,1
20,3,IPv,3.56204270133858e-05,20,1
20,3,LLC,3.241965580791051e-05,20,1
20,3,Tot sum,0.008390716743519438,20,1
20,3,Min,0.0016748555256274646,20,1
20,3,Max,0.005623202295920456,20,1
20,3,AVG,0.013455701981679212,20,1
20,3,Std,0.007212896720334214,20,1
20,3,Tot size,0.007347587885267401,20,1
20,3,IAT,0.004154211440953012,20,1
20,3,Number,0.001773037489967061,20,1
20,3,Variance,0.002503060518447749,20,1
20,4,Header_Length,0.013439098669730686,20,1
20,4,Protocol Type,0.005088564041761708,20,1
20,4,Time_To_Live,0.004161993679942363,20,1
20,4,Rate,0.004181162952966937,20,1
20,4,fin_flag_number,0.00021074165415992184,20,1
20,4,syn_flag_number,0.008165750289475927,20,1
20,4,rst_flag_number,0.00027231149351840747,20,1
20,4,psh_flag_number,0.0008408718741855201,20,1
20,4,ack_flag_number,0.006753141541484522,20,1
20,4,ece_flag_number,0.0,20,1
20,4,cwr_flag_number,0.0,20,1
20,4,ack_count,0.005611762929163213,20,1
20,4,syn_count,0.007469865988959891,20,1
20,4,fin_count,0.0016604275125472574,20,1
20,4,rst_count,0.001807675219163457,20,1
20,4,HTTP,0.0001887514288855882,20,1
20,4,HTTPS,0.00034867529664911554,20,1
20,4,DNS,3.216200024881819e-05,20,1
20,4,Telnet,0.0,20,1
20,4,SMTP,0.0,20,1
20,4,SSH,0.0,20,1
20,4,IRC,0.0,20,1
20,4,TCP,0.009740730800682907,20,1
20,4,UDP,0.008113622323966686,20,1
20,4,DHCP,0.0,20,1
20,4,ARP,2.6218350884073545e-05,20,1
20,4,ICMP,0.0007449160642334061,20,1
20,4,IGMP,0.0,20,1
20,4,IPv,3.4766149090257364e-05,20,1
20,4,LLC,3.196860021744067e-05,20,1
20,4,Tot sum,0.00944585536893295,20,1
20,4,Min,0.0019370871773875318,20,1
20,4,Max,0.0050425485081575,20,1
20,4,AVG,0.012112725298940795,20,1
20,4,Std,0.006596070546732022,20,1
20,4,Tot size,0.006908630133190739,20,1
20,4,IAT,0.003820781678750684,20,1
20,4,Number,0.0014330031187207068,20,1
20,4,Variance,0.002705137160357695,20,1
20,5,Header_Length,0.014337077659343403,20,1
20,5,Protocol Type,0.00483800575040024,20,1
20,5,Time_To_Live,0.004298038908771107,20,1
20,5,Rate,0.004075304099676361,20,1
20,5,fin_flag_number,0.00026867467881574883,20,1
20,5,syn_flag_number,0.007401973925393726,20,1
20,5,rst_flag_number,0.0002760005189743411,20,1
20,5,psh_flag_number,0.0008102563435386545,20,1
20,5,ack_flag_number,0.006313416423122097,20,1
20,5,ece_flag_number,0.0,20,1
20,5,cwr_flag_number,0.0,20,1
20,5,ack_count,0.005762209809101872,20,1
20,5,syn_count,0.007029266698716697,20,1
20,5,fin_count,0.0022077436858299227,20,1
20,5,rst_count,0.0020671400684103627,20,1
20,5,HTTP,0.0001735793840969602,20,1
20,5,HTTPS,0.00028827549128453524,20,1
20,5,DNS,2.8942794418175616e-05,20,1
20,5,Telnet,0.0,20,1
20,5,SMTP,0.0,20,1
20,5,SSH,0.0,20,1
20,5,IRC,0.0,20,1
20,5,TCP,0.009422722065613648,20,1
20,5,UDP,0.0072844845668396455,20,1
20,5,DHCP,0.0,20,1
20,5,ARP,2.738683852149786e-05,20,1
20,5,ICMP,0.0007344054362281264,20,1
20,5,IGMP,0.0,20,1
20,5,IPv,3.472132404973844e-05,20,1
20,5,LLC,3.4465359912185595e-05,20,1
20,5,Tot sum,0.013318880400691503,20,1
20,5,Min,0.0021904203087783837,20,1
20,5,Max,0.006464452143708355,20,1
20,5,AVG,0.017029665967703733,20,1
20,5,Std,0.008903951916577243,20,1
20,5,Tot size,0.009512833601297514,20,1
20,5,IAT,0.003993372702924057,20,1
20,5,Number,0.002639633390500194,20,1
20,5,Variance,0.002521158642650337,20,1
