client,cosine_similarity_to_server
client_1,0.7843674530556618
client_5,0.7164476225299524
client_3,0.8087554304578989
client_2,0.7778429678937917
client_4,0.7241908489212424
