round,client_id,class,feature,class_shap_value
1,1,BENIGN,Header_Length,0.0002127019117438067
1,1,BENIGN,Protocol Type,9.817976145143348e-05
1,1,BENIGN,Time_To_Live,0.038066767177360815
1,1,BENIGN,Rate,0.00012682009591742372
1,1,BENIGN,fin_flag_number,9.903264674449019e-06
1,1,BENIGN,syn_flag_number,0.0002702058468173618
1,1,BENIGN,rst_flag_number,5.056291126948054e-06
1,1,BENIGN,psh_flag_number,9.609954792111353e-06
1,1,BENIGN,ack_flag_number,0.004098445921272287
1,1,BENIGN,ece_flag_number,0.0
1,1,BENIGN,cwr_flag_number,0.0
1,1,BENIGN,ack_count,0.0003767060765653696
1,1,BENIGN,syn_count,9.057070377025412e-05
1,1,BENIGN,fin_count,0.00027097794900328155
1,1,BENIGN,rst_count,0.00037296312716534886
1,1,BENIGN,HTTP,6.454507105058127e-06
1,1,BENIGN,HTTPS,1.2882301048766643e-05
1,1,BENIGN,DNS,4.45915102318395e-06
1,1,BENIGN,Telnet,0.0
1,1,BENIGN,SMTP,0.0
1,1,BENIGN,SSH,0.0
1,1,BENIGN,IRC,0.0
1,1,BENIGN,TCP,1.3497323408273587e-05
1,1,BENIGN,UDP,0.0010091762461343023
1,1,BENIGN,DHCP,0.0
1,1,BENIGN,ARP,3.363729360292278e-06
1,1,BENIGN,ICMP,3.729345383325366e-05
1,1,BENIGN,IGMP,0.0
1,1,BENIGN,IPv,1.8175726512220658e-06
1,1,BENIGN,LLC,9.726586636851775e-07
1,1,BENIGN,Tot sum,0.16584078139858321
1,1,BENIGN,Min,0.0007800399276732151
1,1,BENIGN,Max,0.0014318262103188318
1,1,BENIGN,AVG,0.003472397444784292
1,1,BENIGN,Std,0.014483185415156186
1,1,BENIGN,Tot size,0.01087146337958984
1,1,BENIGN,IAT,0.02650279612415716
1,1,BENIGN,Number,0.010512044994538883
1,1,BENIGN,Variance,0.3246565893292427
1,2,BENIGN,Header_Length,3.308552455338898e-07
1,2,BENIGN,Protocol Type,5.771322708625348e-07
1,2,BENIGN,Time_To_Live,4.689577294954006e-05
1,2,BENIGN,Rate,4.4912599744151295e-06
1,2,BENIGN,fin_flag_number,9.552659498979211e-08
1,2,BENIGN,syn_flag_number,3.3642520685361886e-05
1,2,BENIGN,rst_flag_number,2.9194518381681077e-07
1,2,BENIGN,psh_flag_number,2.514599801828332e-07
1,2,BENIGN,ack_flag_number,2.953067628013173e-05
1,2,BENIGN,ece_flag_number,0.0
1,2,BENIGN,cwr_flag_number,0.0
1,2,BENIGN,ack_count,5.394991338647515e-06
1,2,BENIGN,syn_count,3.594754857090265e-05
1,2,BENIGN,fin_count,1.1470347951103577e-05
1,2,BENIGN,rst_count,4.6368479409863994e-05
1,2,BENIGN,HTTP,1.635747367778606e-07
1,2,BENIGN,HTTPS,1.030922106437515e-06
1,2,BENIGN,DNS,8.1519194639057e-08
1,2,BENIGN,Telnet,0.0
1,2,BENIGN,SMTP,0.0
1,2,BENIGN,SSH,2.0086908136818236e-09
1,2,BENIGN,IRC,0.0
1,2,BENIGN,TCP,6.561065745494532e-08
1,2,BENIGN,UDP,6.905781191740568e-06
1,2,BENIGN,DHCP,0.0
1,2,BENIGN,ARP,2.808507759688439e-10
1,2,BENIGN,ICMP,3.791662048779898e-08
1,2,BENIGN,IGMP,0.0
1,2,BENIGN,IPv,2.9488242573455502e-09
1,2,BENIGN,LLC,2.1373216601509177e-10
1,2,BENIGN,Tot sum,0.0015787605314471875
1,2,BENIGN,Min,4.984648814927439e-05
1,2,BENIGN,Max,2.643045743297989e-05
1,2,BENIGN,AVG,0.0001618233134649927
1,2,BENIGN,Std,0.00015901510078037974
1,2,BENIGN,Tot size,0.0007402279050438664
1,2,BENIGN,IAT,0.00029594514670350236
1,2,BENIGN,Number,0.00014325012202220933
1,2,BENIGN,Variance,0.010714593704324215
1,3,BENIGN,Header_Length,0.00011408498505431908
1,3,BENIGN,Protocol Type,2.632489346865441e-06
1,3,BENIGN,Time_To_Live,0.004531488298266595
1,3,BENIGN,Rate,0.00011546996541937915
1,3,BENIGN,fin_flag_number,2.2311553317777564e-06
1,3,BENIGN,syn_flag_number,0.0010379508214555244
1,3,BENIGN,rst_flag_number,3.782148701647614e-06
1,3,BENIGN,psh_flag_number,2.0980799393699455e-05
1,3,BENIGN,ack_flag_number,0.00038002296366812516
1,3,BENIGN,ece_flag_number,0.0
1,3,BENIGN,cwr_flag_number,0.0
1,3,BENIGN,ack_count,0.00011561133130371104
1,3,BENIGN,syn_count,0.00043503458100531135
1,3,BENIGN,fin_count,0.00045482478758458457
1,3,BENIGN,rst_count,0.0006440865866352396
1,3,BENIGN,HTTP,5.899779260243321e-06
1,3,BENIGN,HTTPS,5.963356111848839e-06
1,3,BENIGN,DNS,1.753782150920591e-07
1,3,BENIGN,Telnet,0.0
1,3,BENIGN,SMTP,0.0
1,3,BENIGN,SSH,0.0
1,3,BENIGN,IRC,0.0
1,3,BENIGN,TCP,6.7451154009745554e-06
1,3,BENIGN,UDP,0.0001271035464128545
1,3,BENIGN,DHCP,0.0
1,3,BENIGN,ARP,4.703803298905691e-06
1,3,BENIGN,ICMP,2.328112345277855e-05
1,3,BENIGN,IGMP,0.0
1,3,BENIGN,IPv,3.8630265059125256e-06
1,3,BENIGN,LLC,6.924348824349086e-06
1,3,BENIGN,Tot sum,0.048804184142500165
1,3,BENIGN,Min,0.00034158183360659676
1,3,BENIGN,Max,0.0007769832962367218
1,3,BENIGN,AVG,0.007100968452868983
1,3,BENIGN,Std,0.008309489925159142
1,3,BENIGN,Tot size,0.0029887820193835067
1,3,BENIGN,IAT,0.06011625899018327
1,3,BENIGN,Number,0.004445497130927833
1,3,BENIGN,Variance,0.25895827198401095
1,4,BENIGN,Header_Length,0.00015667831575569836
1,4,BENIGN,Protocol Type,1.3072260264834767e-05
1,4,BENIGN,Time_To_Live,0.07024392851485288
1,4,BENIGN,Rate,7.102825553033654e-05
1,4,BENIGN,fin_flag_number,2.2134296037368274e-06
1,4,BENIGN,syn_flag_number,0.0029233612390271446
1,4,BENIGN,rst_flag_number,3.314760223194213e-06
1,4,BENIGN,psh_flag_number,7.273059399270921e-06
1,4,BENIGN,ack_flag_number,0.007399445853661746
1,4,BENIGN,ece_flag_number,0.0
1,4,BENIGN,cwr_flag_number,0.0
1,4,BENIGN,ack_count,0.00024240317823291945
1,4,BENIGN,syn_count,0.0007931797108085448
1,4,BENIGN,fin_count,0.00017369872865060642
1,4,BENIGN,rst_count,0.00017750187456613275
1,4,BENIGN,HTTP,1.0986729014772489e-05
1,4,BENIGN,HTTPS,2.9423112505000405e-05
1,4,BENIGN,DNS,3.807462208849088e-08
1,4,BENIGN,Telnet,0.0
1,4,BENIGN,SMTP,0.0
1,4,BENIGN,SSH,0.0
1,4,BENIGN,IRC,0.0
1,4,BENIGN,TCP,2.1890844019267774e-05
1,4,BENIGN,UDP,0.0007876033348566125
1,4,BENIGN,DHCP,0.0
1,4,BENIGN,ARP,2.31501600718104e-06
1,4,BENIGN,ICMP,1.9081722878766526e-05
1,4,BENIGN,IGMP,0.0
1,4,BENIGN,IPv,2.255840766268724e-06
1,4,BENIGN,LLC,2.9789719514922153e-06
1,4,BENIGN,Tot sum,0.0653705912642181
1,4,BENIGN,Min,0.01189158030037447
1,4,BENIGN,Max,0.0007344222916799481
1,4,BENIGN,AVG,0.029567670298274607
1,4,BENIGN,Std,0.004689047140755065
1,4,BENIGN,Tot size,0.05217766517307609
1,4,BENIGN,IAT,0.008148193468514364
1,4,BENIGN,Number,0.013674568636270123
1,4,BENIGN,Variance,0.14340073788189328
1,5,BENIGN,Header_Length,6.230152084185647e-05
1,5,BENIGN,Protocol Type,4.173409234198289e-06
1,5,BENIGN,Time_To_Live,0.004272363265954482
1,5,BENIGN,Rate,7.737331175121654e-05
1,5,BENIGN,fin_flag_number,3.885982326323756e-06
1,5,BENIGN,syn_flag_number,0.0006066717000521749
1,5,BENIGN,rst_flag_number,1.3042307994926007e-06
1,5,BENIGN,psh_flag_number,7.823080541413673e-06
1,5,BENIGN,ack_flag_number,0.0004665984332859807
1,5,BENIGN,ece_flag_number,0.0
1,5,BENIGN,cwr_flag_number,0.0
1,5,BENIGN,ack_count,0.00017563994060765253
1,5,BENIGN,syn_count,0.0006386062634646805
1,5,BENIGN,fin_count,0.0002426880990810787
1,5,BENIGN,rst_count,0.0002572369713561784
1,5,BENIGN,HTTP,1.300218630717609e-06
1,5,BENIGN,HTTPS,1.068387052498565e-05
1,5,BENIGN,DNS,6.738205980846152e-07
1,5,BENIGN,Telnet,0.0
1,5,BENIGN,SMTP,0.0
1,5,BENIGN,SSH,0.0
1,5,BENIGN,IRC,0.0
1,5,BENIGN,TCP,2.8560227427476548e-06
1,5,BENIGN,UDP,0.00038100510942058464
1,5,BENIGN,DHCP,0.0
1,5,BENIGN,ARP,1.0084905134981336e-07
1,5,BENIGN,ICMP,1.17458128845227e-05
1,5,BENIGN,IGMP,0.0
1,5,BENIGN,IPv,6.42147537657789e-08
1,5,BENIGN,LLC,1.0736189983012734e-07
1,5,BENIGN,Tot sum,0.060299464222043755
1,5,BENIGN,Min,0.0012298302064209566
1,5,BENIGN,Max,0.0019085130013991147
1,5,BENIGN,AVG,0.01673863115720451
1,5,BENIGN,Std,0.01151560030411929
1,5,BENIGN,Tot size,0.01779439258389175
1,5,BENIGN,IAT,0.021231840786640532
1,5,BENIGN,Number,0.003910396134597249
1,5,BENIGN,Variance,0.11459066299721599
1,1,DDOS,Header_Length,0.0026921155251329763
1,1,DDOS,Protocol Type,0.0002677615462744143
1,1,DDOS,Time_To_Live,0.0008411527280031805
1,1,DDOS,Rate,0.00195323159750842
1,1,DDOS,fin_flag_number,0.00011263195865467424
1,1,DDOS,syn_flag_number,0.02334335525520146
1,1,DDOS,rst_flag_number,4.5075316847942304e-05
1,1,DDOS,psh_flag_number,8.186799677787349e-05
1,1,DDOS,ack_flag_number,0.011270706943469122
1,1,DDOS,ece_flag_number,0.0
1,1,DDOS,cwr_flag_number,0.0
1,1,DDOS,ack_count,0.01750095613533631
1,1,DDOS,syn_count,0.014562680351082236
1,1,DDOS,fin_count,0.015859794267453254
1,1,DDOS,rst_count,0.008076653478201478
1,1,DDOS,HTTP,0.00022255958274399745
1,1,DDOS,HTTPS,2.3661477973746516e-05
1,1,DDOS,DNS,0.0
1,1,DDOS,Telnet,0.0
1,1,DDOS,SMTP,0.0
1,1,DDOS,SSH,0.0
1,1,DDOS,IRC,0.0
1,1,DDOS,TCP,0.00246455371088814
1,1,DDOS,UDP,0.01380286212079227
1,1,DDOS,DHCP,0.0
1,1,DDOS,ARP,4.5797762396659895e-06
1,1,DDOS,ICMP,0.0018454649260092992
1,1,DDOS,IGMP,0.0
1,1,DDOS,IPv,6.327271901263032e-06
1,1,DDOS,LLC,4.5769498044023745e-06
1,1,DDOS,Tot sum,0.10261329244822263
1,1,DDOS,Min,0.004411275452002883
1,1,DDOS,Max,0.016202985867857934
1,1,DDOS,AVG,0.07064984850585461
1,1,DDOS,Std,0.026589070539921524
1,1,DDOS,Tot size,0.061374318599700925
1,1,DDOS,IAT,0.00209633864578791
1,1,DDOS,Number,2.8282032531024013e-06
1,1,DDOS,Variance,0.13035097271203994
1,2,DDOS,Header_Length,0.009702359590308785
1,2,DDOS,Protocol Type,0.000634448588765224
1,2,DDOS,Time_To_Live,0.001190755463755977
1,2,DDOS,Rate,0.0028697980859988094
1,2,DDOS,fin_flag_number,0.0004982394468868278
1,2,DDOS,syn_flag_number,0.02617826587811578
1,2,DDOS,rst_flag_number,0.0001251345928984904
1,2,DDOS,psh_flag_number,7.130982274645703e-05
1,2,DDOS,ack_flag_number,0.009760221496981103
1,2,DDOS,ece_flag_number,0.0
1,2,DDOS,cwr_flag_number,0.0
1,2,DDOS,ack_count,0.008600410562212345
1,2,DDOS,syn_count,0.01245315958512947
1,2,DDOS,fin_count,0.07688873382649035
1,2,DDOS,rst_count,0.044443313036390465
1,2,DDOS,HTTP,1.8472334045327442e-05
1,2,DDOS,HTTPS,6.356404579235252e-05
1,2,DDOS,DNS,1.9438222807366403e-06
1,2,DDOS,Telnet,0.0
1,2,DDOS,SMTP,0.0
1,2,DDOS,SSH,0.0
1,2,DDOS,IRC,0.0
1,2,DDOS,TCP,0.009423407057340683
1,2,DDOS,UDP,0.029120578569381904
1,2,DDOS,DHCP,0.0
1,2,DDOS,ARP,1.610467608159638e-06
1,2,DDOS,ICMP,0.006581041040240621
1,2,DDOS,IGMP,0.0
1,2,DDOS,IPv,5.280925380546364e-07
1,2,DDOS,LLC,7.248693219263913e-06
1,2,DDOS,Tot sum,0.02184723309474066
1,2,DDOS,Min,1.714208291758723e-07
1,2,DDOS,Max,0.0031334525439888237
1,2,DDOS,AVG,0.005235480482224375
1,2,DDOS,Std,0.006892625615000725
1,2,DDOS,Tot size,0.010323010897263885
1,2,DDOS,IAT,0.0025626030936109602
1,2,DDOS,Number,9.730244846650748e-06
1,2,DDOS,Variance,0.07371853981167079
1,3,DDOS,Header_Length,0.0029162239574361593
1,3,DDOS,Protocol Type,0.0003771642893354965
1,3,DDOS,Time_To_Live,0.001518720286549069
1,3,DDOS,Rate,0.0007821101515219197
1,3,DDOS,fin_flag_number,0.00045185833851064673
1,3,DDOS,syn_flag_number,0.05451385713458876
1,3,DDOS,rst_flag_number,0.00013860316348655033
1,3,DDOS,psh_flag_number,9.16587996329099e-05
1,3,DDOS,ack_flag_number,0.018049387658174966
1,3,DDOS,ece_flag_number,0.0
1,3,DDOS,cwr_flag_number,0.0
1,3,DDOS,ack_count,0.01454469804884866
1,3,DDOS,syn_count,0.01380752724071499
1,3,DDOS,fin_count,0.034335723519325255
1,3,DDOS,rst_count,0.013194876327179372
1,3,DDOS,HTTP,2.505048184957559e-05
1,3,DDOS,HTTPS,1.3668402850441907e-06
1,3,DDOS,DNS,7.39739803279349e-07
1,3,DDOS,Telnet,0.0
1,3,DDOS,SMTP,0.0
1,3,DDOS,SSH,0.0
1,3,DDOS,IRC,0.0
1,3,DDOS,TCP,0.0023487532627768813
1,3,DDOS,UDP,0.024734454695135355
1,3,DDOS,DHCP,0.0
1,3,DDOS,ARP,2.722603119309497e-06
1,3,DDOS,ICMP,0.001605130049301806
1,3,DDOS,IGMP,0.0
1,3,DDOS,IPv,2.6995088376224887e-06
1,3,DDOS,LLC,3.727962939592544e-06
1,3,DDOS,Tot sum,0.04655829791445285
1,3,DDOS,Min,0.0013137965652276762
1,3,DDOS,Max,0.013618119288003072
1,3,DDOS,AVG,0.014996343769598752
1,3,DDOS,Std,0.020155225053895266
1,3,DDOS,Tot size,0.016639911895617844
1,3,DDOS,IAT,0.00013952025483376929
1,3,DDOS,Number,0.0
1,3,DDOS,Variance,0.07863630409119651
1,4,DDOS,Header_Length,0.017763431498315184
1,4,DDOS,Protocol Type,0.0018800870104314527
1,4,DDOS,Time_To_Live,0.0010940340188653863
1,4,DDOS,Rate,0.002673792098357808
1,4,DDOS,fin_flag_number,0.00042007462827768903
1,4,DDOS,syn_flag_number,0.019094241154380142
1,4,DDOS,rst_flag_number,0.00017926168061421777
1,4,DDOS,psh_flag_number,0.00021574671554844827
1,4,DDOS,ack_flag_number,0.026840305421501398
1,4,DDOS,ece_flag_number,0.0
1,4,DDOS,cwr_flag_number,0.0
1,4,DDOS,ack_count,0.03913714463542419
1,4,DDOS,syn_count,0.012573620124021545
1,4,DDOS,fin_count,0.08154836553148925
1,4,DDOS,rst_count,0.020398886769544333
1,4,DDOS,HTTP,0.00035995744956380805
1,4,DDOS,HTTPS,0.003150094831289607
1,4,DDOS,DNS,4.436203479762924e-06
1,4,DDOS,Telnet,0.0
1,4,DDOS,SMTP,0.0
1,4,DDOS,SSH,0.0
1,4,DDOS,IRC,0.0
1,4,DDOS,TCP,0.012145486142253503
1,4,DDOS,UDP,0.04726440771482885
1,4,DDOS,DHCP,0.0
1,4,DDOS,ARP,5.081421127783869e-06
1,4,DDOS,ICMP,0.006756899708392439
1,4,DDOS,IGMP,0.0
1,4,DDOS,IPv,4.4197819853764034e-06
1,4,DDOS,LLC,1.3241140308650756e-05
1,4,DDOS,Tot sum,0.07253186937887221
1,4,DDOS,Min,0.0008901802080799826
1,4,DDOS,Max,0.009839942604594398
1,4,DDOS,AVG,0.014917191647691652
1,4,DDOS,Std,0.01755854778457433
1,4,DDOS,Tot size,0.02184945410117507
1,4,DDOS,IAT,0.0074561217537848275
1,4,DDOS,Number,0.0
1,4,DDOS,Variance,0.08278649934509304
1,5,DDOS,Header_Length,0.010041160024093188
1,5,DDOS,Protocol Type,0.001229298543034929
1,5,DDOS,Time_To_Live,0.001406475845942623
1,5,DDOS,Rate,0.0011255306400016706
1,5,DDOS,fin_flag_number,0.00010731098707310594
1,5,DDOS,syn_flag_number,0.05126996621111175
1,5,DDOS,rst_flag_number,6.608381031583121e-05
1,5,DDOS,psh_flag_number,0.00013918369625223192
1,5,DDOS,ack_flag_number,0.008084970058553154
1,5,DDOS,ece_flag_number,0.0
1,5,DDOS,cwr_flag_number,0.0
1,5,DDOS,ack_count,0.00596171252473141
1,5,DDOS,syn_count,0.021477702783886343
1,5,DDOS,fin_count,0.01869788779586088
1,5,DDOS,rst_count,0.019339446251979097
1,5,DDOS,HTTP,3.05862408822577e-07
1,5,DDOS,HTTPS,0.0026299367009206876
1,5,DDOS,DNS,1.0593650301093938e-06
1,5,DDOS,Telnet,0.0
1,5,DDOS,SMTP,0.0
1,5,DDOS,SSH,0.0
1,5,DDOS,IRC,0.0
1,5,DDOS,TCP,0.006814460350881291
1,5,DDOS,UDP,0.0377009946241742
1,5,DDOS,DHCP,0.0
1,5,DDOS,ARP,1.2349448992532431e-06
1,5,DDOS,ICMP,0.0021570611180777633
1,5,DDOS,IGMP,0.0
1,5,DDOS,IPv,1.9623798074741574e-06
1,5,DDOS,LLC,3.951933380930487e-06
1,5,DDOS,Tot sum,0.08042247800622135
1,5,DDOS,Min,0.0
1,5,DDOS,Max,0.00895569782878738
1,5,DDOS,AVG,0.005448131452430971
1,5,DDOS,Std,0.025771182344760744
1,5,DDOS,Tot size,0.008270777098368853
1,5,DDOS,IAT,0.0024448685239121916
1,5,DDOS,Number,0.0
1,5,DDOS,Variance,0.17103838748298586
1,1,DOS,Header_Length,0.002668430544002831
1,1,DOS,Protocol Type,0.0007725075224470857
1,1,DOS,Time_To_Live,0.0028359202277727035
1,1,DOS,Rate,0.0017276671189847548
1,1,DOS,fin_flag_number,0.00014857669419257035
1,1,DOS,syn_flag_number,0.014574575318511052
1,1,DOS,rst_flag_number,3.06131861123049e-05
1,1,DOS,psh_flag_number,8.810723306851287e-05
1,1,DOS,ack_flag_number,0.014308937946407242
1,1,DOS,ece_flag_number,0.0
1,1,DOS,cwr_flag_number,0.0
1,1,DOS,ack_count,0.009261102932214271
1,1,DOS,syn_count,0.0047306682310590984
1,1,DOS,fin_count,0.017473889137181686
1,1,DOS,rst_count,0.003590822120895609
1,1,DOS,HTTP,0.00031902101429608364
1,1,DOS,HTTPS,2.3746908089883335e-05
1,1,DOS,DNS,0.0
1,1,DOS,Telnet,0.0
1,1,DOS,SMTP,0.0
1,1,DOS,SSH,0.0
1,1,DOS,IRC,0.0
1,1,DOS,TCP,0.003442551595480836
1,1,DOS,UDP,0.028725092628155834
1,1,DOS,DHCP,0.0
1,1,DOS,ARP,1.258969255379938e-06
1,1,DOS,ICMP,0.00167694314877167
1,1,DOS,IGMP,0.0
1,1,DOS,IPv,4.16002475738253e-06
1,1,DOS,LLC,6.8138362057657e-06
1,1,DOS,Tot sum,0.13862906508147715
1,1,DOS,Min,0.025000900973100215
1,1,DOS,Max,0.004874666966497898
1,1,DOS,AVG,0.11368081569671631
1,1,DOS,Std,0.009076069039292634
1,1,DOS,Tot size,0.06626406210416462
1,1,DOS,IAT,0.0011225778391235508
1,1,DOS,Number,1.0445381377621743e-06
1,1,DOS,Variance,0.0899888439103961
1,2,DOS,Header_Length,0.004180734595593094
1,2,DOS,Protocol Type,0.000455017353851872
1,2,DOS,Time_To_Live,0.004747738172943628
1,2,DOS,Rate,0.004776510977535509
1,2,DOS,fin_flag_number,0.0005390850055846386
1,2,DOS,syn_flag_number,0.02417156980081927
1,2,DOS,rst_flag_number,0.00020527293854684104
1,2,DOS,psh_flag_number,4.117386306461413e-05
1,2,DOS,ack_flag_number,0.006289742176886648
1,2,DOS,ece_flag_number,0.0
1,2,DOS,cwr_flag_number,0.0
1,2,DOS,ack_count,0.0029948165058158336
1,2,DOS,syn_count,0.05729922242462635
1,2,DOS,fin_count,0.10579288145527244
1,2,DOS,rst_count,0.05119444392621517
1,2,DOS,HTTP,1.637915743231133e-05
1,2,DOS,HTTPS,0.0002902003205235815
1,2,DOS,DNS,0.0
1,2,DOS,Telnet,0.0
1,2,DOS,SMTP,0.0
1,2,DOS,SSH,0.0
1,2,DOS,IRC,0.0
1,2,DOS,TCP,0.005313806846970692
1,2,DOS,UDP,0.04573689089738764
1,2,DOS,DHCP,0.0
1,2,DOS,ARP,6.90265187586192e-07
1,2,DOS,ICMP,0.001834764982447723
1,2,DOS,IGMP,0.0
1,2,DOS,IPv,4.029657098669759e-07
1,2,DOS,LLC,2.1328742207060714e-06
1,2,DOS,Tot sum,0.1338336169719696
1,2,DOS,Min,0.07156002183855179
1,2,DOS,Max,0.004751778900390491
1,2,DOS,AVG,0.13473996919346973
1,2,DOS,Std,0.0037593803222989663
1,2,DOS,Tot size,0.04226988128502853
1,2,DOS,IAT,0.001978563270495215
1,2,DOS,Number,2.4815969345581836e-05
1,2,DOS,Variance,0.04682046736124903
1,3,DOS,Header_Length,0.007446807467931649
1,3,DOS,Protocol Type,0.0007548731347924332
1,3,DOS,Time_To_Live,0.014323904349839722
1,3,DOS,Rate,0.002982156221924015
1,3,DOS,fin_flag_number,0.0008007973621715792
1,3,DOS,syn_flag_number,0.03907248824834823
1,3,DOS,rst_flag_number,0.00015035742871987167
1,3,DOS,psh_flag_number,3.250597442274739e-05
1,3,DOS,ack_flag_number,0.010624154610559345
1,3,DOS,ece_flag_number,0.0
1,3,DOS,cwr_flag_number,0.0
1,3,DOS,ack_count,0.0034423242788761852
1,3,DOS,syn_count,0.01225861719576642
1,3,DOS,fin_count,0.05532353650778532
1,3,DOS,rst_count,0.014770365017466248
1,3,DOS,HTTP,0.00010894265815295512
1,3,DOS,HTTPS,2.468223316398621e-07
1,3,DOS,DNS,1.3390184932404736e-06
1,3,DOS,Telnet,0.0
1,3,DOS,SMTP,0.0
1,3,DOS,SSH,0.0
1,3,DOS,IRC,0.0
1,3,DOS,TCP,0.006382366689831542
1,3,DOS,UDP,0.0595713019836694
1,3,DOS,DHCP,0.0
1,3,DOS,ARP,4.155877824985055e-05
1,3,DOS,ICMP,0.004255440541237476
1,3,DOS,IGMP,0.0
1,3,DOS,IPv,1.0826823927345686e-05
1,3,DOS,LLC,2.571606158880968e-05
1,3,DOS,Tot sum,0.04694803253514692
1,3,DOS,Min,0.016805230616591872
1,3,DOS,Max,0.0013642625424836296
1,3,DOS,AVG,0.05177159979939461
1,3,DOS,Std,0.0019989725202322005
1,3,DOS,Tot size,0.036700733692850915
1,3,DOS,IAT,0.00109284150385065
1,3,DOS,Number,0.0
1,3,DOS,Variance,0.04682062300853431
1,4,DOS,Header_Length,0.019334471570618916
1,4,DOS,Protocol Type,0.0021034762667113682
1,4,DOS,Time_To_Live,0.01580552120438643
1,4,DOS,Rate,0.002189860036560276
1,4,DOS,fin_flag_number,6.264433127398661e-05
1,4,DOS,syn_flag_number,0.020914782071486115
1,4,DOS,rst_flag_number,1.6705250004633854e-05
1,4,DOS,psh_flag_number,0.00011387079284759238
1,4,DOS,ack_flag_number,0.00937628317042254
1,4,DOS,ece_flag_number,0.0
1,4,DOS,cwr_flag_number,0.0
1,4,DOS,ack_count,0.01636227540730033
1,4,DOS,syn_count,0.012698644562624395
1,4,DOS,fin_count,0.00838930843747221
1,4,DOS,rst_count,0.005360980547266081
1,4,DOS,HTTP,0.0005738018019428637
1,4,DOS,HTTPS,0.0012854231754886314
1,4,DOS,DNS,4.487099080563439e-06
1,4,DOS,Telnet,0.0
1,4,DOS,SMTP,0.0
1,4,DOS,SSH,0.0
1,4,DOS,IRC,0.0
1,4,DOS,TCP,0.012466065991247888
1,4,DOS,UDP,0.040236956509761515
1,4,DOS,DHCP,0.0
1,4,DOS,ARP,1.1873548418961376e-05
1,4,DOS,ICMP,0.004661502723320154
1,4,DOS,IGMP,0.0
1,4,DOS,IPv,3.853624326577432e-05
1,4,DOS,LLC,5.653275705655991e-05
1,4,DOS,Tot sum,0.10990971140563488
1,4,DOS,Min,0.034658032353036106
1,4,DOS,Max,0.008351738099008799
1,4,DOS,AVG,0.08243755782023073
1,4,DOS,Std,0.015133922414679545
1,4,DOS,Tot size,0.03218467901460827
1,4,DOS,IAT,0.006406342556147138
1,4,DOS,Number,0.0
1,4,DOS,Variance,0.09933962477371097
1,5,DOS,Header_Length,0.019167604017366103
1,5,DOS,Protocol Type,0.0018233431423482216
1,5,DOS,Time_To_Live,0.0023432895774931238
1,5,DOS,Rate,0.002942190370777098
1,5,DOS,fin_flag_number,0.00018357778736941555
1,5,DOS,syn_flag_number,0.019312339881435037
1,5,DOS,rst_flag_number,7.949524369053052e-05
1,5,DOS,psh_flag_number,0.00021426482761626174
1,5,DOS,ack_flag_number,0.012659918202734844
1,5,DOS,ece_flag_number,0.0
1,5,DOS,cwr_flag_number,0.0
1,5,DOS,ack_count,0.006143677772342926
1,5,DOS,syn_count,0.013312776840757578
1,5,DOS,fin_count,0.0346236569796929
1,5,DOS,rst_count,0.024126574382171383
1,5,DOS,HTTP,0.0011855419725179672
1,5,DOS,HTTPS,0.0023569830451911854
1,5,DOS,DNS,4.836900197702221e-07
1,5,DOS,Telnet,0.0
1,5,DOS,SMTP,0.0
1,5,DOS,SSH,0.0
1,5,DOS,IRC,0.0
1,5,DOS,TCP,0.013677131188069324
1,5,DOS,UDP,0.02793549851485295
1,5,DOS,DHCP,0.0
1,5,DOS,ARP,4.028236461905976e-06
1,5,DOS,ICMP,0.006813926034897122
1,5,DOS,IGMP,0.0
1,5,DOS,IPv,4.956319398985443e-06
1,5,DOS,LLC,1.1644397072529956e-05
1,5,DOS,Tot sum,0.0946799880824983
1,5,DOS,Min,0.0
1,5,DOS,Max,0.0026141850801650436
1,5,DOS,AVG,0.008086881623603404
1,5,DOS,Std,0.009625106444582343
1,5,DOS,Tot size,0.0071992711164057255
1,5,DOS,IAT,0.002783453854135587
1,5,DOS,Number,0.0
1,5,DOS,Variance,0.1296847615391016
1,1,MIRAI,Header_Length,5.5830784924637554e-05
1,1,MIRAI,Protocol Type,7.518623800706337e-05
1,1,MIRAI,Time_To_Live,3.901783429682837e-05
1,1,MIRAI,Rate,5.138107273978676e-05
1,1,MIRAI,fin_flag_number,6.7583967755524554e-06
1,1,MIRAI,syn_flag_number,0.001115708908855595
1,1,MIRAI,rst_flag_number,6.1997067803076785e-06
1,1,MIRAI,psh_flag_number,9.294906767820521e-06
1,1,MIRAI,ack_flag_number,0.0017446033953547157
1,1,MIRAI,ece_flag_number,0.0
1,1,MIRAI,cwr_flag_number,0.0
1,1,MIRAI,ack_count,0.0018253969491524914
1,1,MIRAI,syn_count,0.0006793161825953576
1,1,MIRAI,fin_count,0.002116851701794076
1,1,MIRAI,rst_count,0.0011768154659876017
1,1,MIRAI,HTTP,4.901493532827317e-06
1,1,MIRAI,HTTPS,8.378790778973411e-08
1,1,MIRAI,DNS,4.200368302065271e-08
1,1,MIRAI,Telnet,0.0
1,1,MIRAI,SMTP,0.0
1,1,MIRAI,SSH,0.0
1,1,MIRAI,IRC,0.0
1,1,MIRAI,TCP,3.7097135589192476e-05
1,1,MIRAI,UDP,0.0026634518728315014
1,1,MIRAI,DHCP,0.0
1,1,MIRAI,ARP,1.0772590397500892e-07
1,1,MIRAI,ICMP,1.714908940471105e-05
1,1,MIRAI,IGMP,0.0
1,1,MIRAI,IPv,6.766589217277463e-08
1,1,MIRAI,LLC,3.265234219895774e-07
1,1,MIRAI,Tot sum,0.38035246040672066
1,1,MIRAI,Min,0.0330384963308461
1,1,MIRAI,Max,0.006882476535247406
1,1,MIRAI,AVG,0.26108168135397136
1,1,MIRAI,Std,0.012494989694096148
1,1,MIRAI,Tot size,0.16635961988940834
1,1,MIRAI,IAT,0.00027196527043997775
1,1,MIRAI,Number,4.883623152522887e-05
1,1,MIRAI,Variance,0.17015524083399214
1,2,MIRAI,Header_Length,0.00018263363199366722
1,2,MIRAI,Protocol Type,0.0002738115261308849
1,2,MIRAI,Time_To_Live,4.3409470185906686e-05
1,2,MIRAI,Rate,0.0001352321018202929
1,2,MIRAI,fin_flag_number,2.8428790392354132e-05
1,2,MIRAI,syn_flag_number,0.012287009414285422
1,2,MIRAI,rst_flag_number,1.1916316145743621e-05
1,2,MIRAI,psh_flag_number,9.252809695681207e-06
1,2,MIRAI,ack_flag_number,0.0008065621588684735
1,2,MIRAI,ece_flag_number,0.0
1,2,MIRAI,cwr_flag_number,0.0
1,2,MIRAI,ack_count,0.0010234552493784577
1,2,MIRAI,syn_count,0.0064859780948609115
1,2,MIRAI,fin_count,0.0031226746854372323
1,2,MIRAI,rst_count,0.0029405098815914244
1,2,MIRAI,HTTP,2.9750286529406365e-06
1,2,MIRAI,HTTPS,4.5601350109336634e-07
1,2,MIRAI,DNS,1.530956978967879e-07
1,2,MIRAI,Telnet,0.0
1,2,MIRAI,SMTP,0.0
1,2,MIRAI,SSH,0.0
1,2,MIRAI,IRC,0.0
1,2,MIRAI,TCP,7.095924302120693e-05
1,2,MIRAI,UDP,0.004878135735634714
1,2,MIRAI,DHCP,0.0
1,2,MIRAI,ARP,3.448428849139873e-07
1,2,MIRAI,ICMP,1.6787191657385848e-05
1,2,MIRAI,IGMP,0.0
1,2,MIRAI,IPv,7.66263426932312e-08
1,2,MIRAI,LLC,5.176045434041044e-07
1,2,MIRAI,Tot sum,0.48646425977349284
1,2,MIRAI,Min,0.1576998431868276
1,2,MIRAI,Max,0.01248850543051958
1,2,MIRAI,AVG,0.44869078546762464
1,2,MIRAI,Std,0.011150811391416937
1,2,MIRAI,Tot size,0.07030648328363895
1,2,MIRAI,IAT,0.000996440608651028
1,2,MIRAI,Number,2.0679885537333575e-06
1,2,MIRAI,Variance,0.31456155674532055
1,3,MIRAI,Header_Length,0.00013712618656427366
1,3,MIRAI,Protocol Type,9.423932391996459e-05
1,3,MIRAI,Time_To_Live,9.934583795256913e-05
1,3,MIRAI,Rate,0.00018039336191577604
1,3,MIRAI,fin_flag_number,1.6561542793169792e-05
1,3,MIRAI,syn_flag_number,0.006240054499357939
1,3,MIRAI,rst_flag_number,8.792907587462651e-06
1,3,MIRAI,psh_flag_number,1.1358889184975852e-05
1,3,MIRAI,ack_flag_number,0.001159071272923029
1,3,MIRAI,ece_flag_number,0.0
1,3,MIRAI,cwr_flag_number,0.0
1,3,MIRAI,ack_count,0.0013703372213058173
1,3,MIRAI,syn_count,0.0037771489238366484
1,3,MIRAI,fin_count,0.004738340416224673
1,3,MIRAI,rst_count,0.0034570040530525147
1,3,MIRAI,HTTP,8.128065379509053e-06
1,3,MIRAI,HTTPS,8.67808344628962e-09
1,3,MIRAI,DNS,9.095846529305617e-08
1,3,MIRAI,Telnet,0.0
1,3,MIRAI,SMTP,0.0
1,3,MIRAI,SSH,0.0
1,3,MIRAI,IRC,0.0
1,3,MIRAI,TCP,0.00013900522171752527
1,3,MIRAI,UDP,0.016613381099887192
1,3,MIRAI,DHCP,0.0
1,3,MIRAI,ARP,4.03374157276204e-07
1,3,MIRAI,ICMP,6.643425940637826e-05
1,3,MIRAI,IGMP,0.0
1,3,MIRAI,IPv,4.3508112153034516e-07
1,3,MIRAI,LLC,1.1373192862151883e-06
1,3,MIRAI,Tot sum,1.4452099376358092
1,3,MIRAI,Min,0.15379356284392998
1,3,MIRAI,Max,0.018022854439914228
1,3,MIRAI,AVG,0.7980223968625069
1,3,MIRAI,Std,0.011105499452969524
1,3,MIRAI,Tot size,0.32820843663066623
1,3,MIRAI,IAT,0.0005342515509255463
1,3,MIRAI,Number,0.0
1,3,MIRAI,Variance,0.3046781488810666
1,4,MIRAI,Header_Length,8.084330065685207e-05
1,4,MIRAI,Protocol Type,0.0001271605896363326
1,4,MIRAI,Time_To_Live,0.00020307661767446917
1,4,MIRAI,Rate,3.205116800018004e-05
1,4,MIRAI,fin_flag_number,4.061529359944416e-06
1,4,MIRAI,syn_flag_number,0.006978646881179884
1,4,MIRAI,rst_flag_number,1.6597811496765757e-06
1,4,MIRAI,psh_flag_number,1.0549003161486325e-05
1,4,MIRAI,ack_flag_number,0.0014589716858608881
1,4,MIRAI,ece_flag_number,0.0
1,4,MIRAI,cwr_flag_number,0.0
1,4,MIRAI,ack_count,0.0016996823465888155
1,4,MIRAI,syn_count,0.004599858208712249
1,4,MIRAI,fin_count,0.0006368103658815017
1,4,MIRAI,rst_count,0.0005057194419350707
1,4,MIRAI,HTTP,3.738337829872762e-06
1,4,MIRAI,HTTPS,4.5244684755640915e-06
1,4,MIRAI,DNS,8.451601318792967e-08
1,4,MIRAI,Telnet,0.0
1,4,MIRAI,SMTP,0.0
1,4,MIRAI,SSH,0.0
1,4,MIRAI,IRC,0.0
1,4,MIRAI,TCP,5.8333714127911664e-05
1,4,MIRAI,UDP,0.006757316054063267
1,4,MIRAI,DHCP,0.0
1,4,MIRAI,ARP,4.77642684626467e-08
1,4,MIRAI,ICMP,5.2165962078021266e-05
1,4,MIRAI,IGMP,0.0
1,4,MIRAI,IPv,1.1542430811140036e-07
1,4,MIRAI,LLC,2.482653183033534e-07
1,4,MIRAI,Tot sum,0.7733275011181832
1,4,MIRAI,Min,0.09253976322361268
1,4,MIRAI,Max,0.015259226341731847
1,4,MIRAI,AVG,0.5219099260866642
1,4,MIRAI,Std,0.033458860580867625
1,4,MIRAI,Tot size,0.16122062257491052
1,4,MIRAI,IAT,0.0007097301471731043
1,4,MIRAI,Number,0.0
1,4,MIRAI,Variance,0.3733343822415918
1,5,MIRAI,Header_Length,8.943148714024574e-05
1,5,MIRAI,Protocol Type,5.343178718248964e-05
1,5,MIRAI,Time_To_Live,0.0001169772025605198
1,5,MIRAI,Rate,7.970829319674522e-05
1,5,MIRAI,fin_flag_number,1.2915805837110383e-05
1,5,MIRAI,syn_flag_number,0.0117293119430542
1,5,MIRAI,rst_flag_number,3.4438999364283517e-06
1,5,MIRAI,psh_flag_number,1.4144420674711e-05
1,5,MIRAI,ack_flag_number,0.0014228772313799709
1,5,MIRAI,ece_flag_number,0.0
1,5,MIRAI,cwr_flag_number,0.0
1,5,MIRAI,ack_count,0.001464885735185817
1,5,MIRAI,syn_count,0.007478640554472804
1,5,MIRAI,fin_count,0.0014387517992872744
1,5,MIRAI,rst_count,0.0012819137482438236
1,5,MIRAI,HTTP,0.0
1,5,MIRAI,HTTPS,4.607914723919748e-06
1,5,MIRAI,DNS,1.0152098621762917e-07
1,5,MIRAI,Telnet,0.0
1,5,MIRAI,SMTP,0.0
1,5,MIRAI,SSH,0.0
1,5,MIRAI,IRC,0.0
1,5,MIRAI,TCP,7.523201602452901e-05
1,5,MIRAI,UDP,0.015404142090119421
1,5,MIRAI,DHCP,0.0
1,5,MIRAI,ARP,3.497501854798912e-08
1,5,MIRAI,ICMP,7.010201288721873e-05
1,5,MIRAI,IGMP,0.0
1,5,MIRAI,IPv,1.065394471311265e-07
1,5,MIRAI,LLC,2.2853664880528867e-07
1,5,MIRAI,Tot sum,0.8725570946931839
1,5,MIRAI,Min,0.2675630753918085
1,5,MIRAI,Max,0.020198761578649284
1,5,MIRAI,AVG,0.9742842257022858
1,5,MIRAI,Std,0.013824761810246855
1,5,MIRAI,Tot size,0.049464122485369445
1,5,MIRAI,IAT,0.0012877145229140297
1,5,MIRAI,Number,0.0
1,5,MIRAI,Variance,0.21130935029359535
1,1,RECON,Header_Length,0.0001195412585275335
1,1,RECON,Protocol Type,2.2286625999479172e-05
1,1,RECON,Time_To_Live,0.005111196326288337
1,1,RECON,Rate,0.000421826455271912
1,1,RECON,fin_flag_number,6.750127305110709e-06
1,1,RECON,syn_flag_number,0.020980608176250824
1,1,RECON,rst_flag_number,1.9069050028974744e-05
1,1,RECON,psh_flag_number,4.120210542453151e-05
1,1,RECON,ack_flag_number,0.011546829739381792
1,1,RECON,ece_flag_number,0.0
1,1,RECON,cwr_flag_number,0.0
1,1,RECON,ack_count,0.0020569313681107816
1,1,RECON,syn_count,0.0009663276359560769
1,1,RECON,fin_count,0.0024408888042671607
1,1,RECON,rst_count,0.0016977475563180633
1,1,RECON,HTTP,1.617136182883172e-05
1,1,RECON,HTTPS,6.311512878314219e-05
1,1,RECON,DNS,5.616820789100529e-06
1,1,RECON,Telnet,0.0
1,1,RECON,SMTP,0.0
1,1,RECON,SSH,0.0
1,1,RECON,IRC,0.0
1,1,RECON,TCP,1.260265362645896e-05
1,1,RECON,UDP,0.0030588720583182294
1,1,RECON,DHCP,0.0
1,1,RECON,ARP,1.3689836827701641e-06
1,1,RECON,ICMP,3.159873528204571e-05
1,1,RECON,IGMP,0.0
1,1,RECON,IPv,1.3656095394942724e-06
1,1,RECON,LLC,4.739667964681615e-06
1,1,RECON,Tot sum,0.21850275117903947
1,1,RECON,Min,0.001503725803195266
1,1,RECON,Max,0.0005574528702709358
1,1,RECON,AVG,0.009410984470741823
1,1,RECON,Std,0.0018021196883637458
1,1,RECON,Tot size,0.010706223670604231
1,1,RECON,IAT,0.021313796157483012
1,1,RECON,Number,0.007794182992074639
1,1,RECON,Variance,0.06342311352491378
1,2,RECON,Header_Length,6.7529676479694e-05
1,2,RECON,Protocol Type,2.9825955358742108e-05
1,2,RECON,Time_To_Live,0.007375362040750133
1,2,RECON,Rate,0.0002118685223194916
1,2,RECON,fin_flag_number,2.8617843701184143e-05
1,2,RECON,syn_flag_number,0.004317695370679076
1,2,RECON,rst_flag_number,8.122578724967245e-06
1,2,RECON,psh_flag_number,1.2348332720346633e-05
1,2,RECON,ack_flag_number,0.011564386467716759
1,2,RECON,ece_flag_number,0.0
1,2,RECON,cwr_flag_number,0.0
1,2,RECON,ack_count,0.0007700464371055204
1,2,RECON,syn_count,0.006146795984932396
1,2,RECON,fin_count,0.0031032687977017304
1,2,RECON,rst_count,0.0022449345973768685
1,2,RECON,HTTP,1.5294849934122111e-06
1,2,RECON,HTTPS,2.340076131446267e-05
1,2,RECON,DNS,1.9394477951095725e-05
1,2,RECON,Telnet,0.0
1,2,RECON,SMTP,0.0
1,2,RECON,SSH,0.0
1,2,RECON,IRC,0.0
1,2,RECON,TCP,1.514121381900324e-05
1,2,RECON,UDP,0.002360732438779678
1,2,RECON,DHCP,0.0
1,2,RECON,ARP,6.190642200110119e-06
1,2,RECON,ICMP,1.544552389125542e-05
1,2,RECON,IGMP,0.0
1,2,RECON,IPv,1.3190179350885955e-05
1,2,RECON,LLC,1.6944193440160404e-05
1,2,RECON,Tot sum,0.30581264046486467
1,2,RECON,Min,4.515511819711548e-05
1,2,RECON,Max,0.0026252534924424255
1,2,RECON,AVG,0.007059101085178554
1,2,RECON,Std,0.00272427893942222
1,2,RECON,Tot size,0.036394509370438755
1,2,RECON,IAT,0.04430396091538569
1,2,RECON,Number,0.01539480688261392
1,2,RECON,Variance,0.06275081285275519
1,3,RECON,Header_Length,0.0007424599103160289
1,3,RECON,Protocol Type,6.800738912673409e-05
1,3,RECON,Time_To_Live,0.0237953134062991
1,3,RECON,Rate,0.0005463761860426075
1,3,RECON,fin_flag_number,2.943307705152165e-05
1,3,RECON,syn_flag_number,0.0038550435688616603
1,3,RECON,rst_flag_number,6.943184006900083e-05
1,3,RECON,psh_flag_number,4.9025267008317995e-05
1,3,RECON,ack_flag_number,0.030762160495942225
1,3,RECON,ece_flag_number,0.0
1,3,RECON,cwr_flag_number,0.0
1,3,RECON,ack_count,0.0029182300837192086
1,3,RECON,syn_count,0.005746117707712983
1,3,RECON,fin_count,0.00534853081262554
1,3,RECON,rst_count,0.004844383488307358
1,3,RECON,HTTP,2.528904298841894e-05
1,3,RECON,HTTPS,6.681428627672848e-05
1,3,RECON,DNS,2.6437941318629975e-05
1,3,RECON,Telnet,0.0
1,3,RECON,SMTP,0.0
1,3,RECON,SSH,0.0
1,3,RECON,IRC,0.0
1,3,RECON,TCP,4.894137139430654e-05
1,3,RECON,UDP,0.004864976258204479
1,3,RECON,DHCP,0.0
1,3,RECON,ARP,2.9370803027450877e-07
1,3,RECON,ICMP,0.00012774180387395973
1,3,RECON,IGMP,0.0
1,3,RECON,IPv,4.328581107149177e-06
1,3,RECON,LLC,7.2324506675380816e-06
1,3,RECON,Tot sum,0.37211142074156667
1,3,RECON,Min,0.00479393161454027
1,3,RECON,Max,0.003846512784366496
1,3,RECON,AVG,0.025861042260657996
1,3,RECON,Std,0.013614393846364693
1,3,RECON,Tot size,0.03294313310616417
1,3,RECON,IAT,0.07027727000968298
1,3,RECON,Number,0.025173973303753882
1,3,RECON,Variance,0.05092503656633198
1,4,RECON,Header_Length,0.00022443429897975876
1,4,RECON,Protocol Type,0.00016672933758172804
1,4,RECON,Time_To_Live,0.009666807286816948
1,4,RECON,Rate,0.00013142133484507213
1,4,RECON,fin_flag_number,4.635498243743541e-06
1,4,RECON,syn_flag_number,0.0018638187062606447
1,4,RECON,rst_flag_number,1.0456583115825424e-05
1,4,RECON,psh_flag_number,5.94338454135368e-05
1,4,RECON,ack_flag_number,0.006180453424167354
1,4,RECON,ece_flag_number,0.0
1,4,RECON,cwr_flag_number,0.0
1,4,RECON,ack_count,0.0005233060527643829
1,4,RECON,syn_count,0.00381131865651696
1,4,RECON,fin_count,0.0004163654580224829
1,4,RECON,rst_count,0.00047508097986792563
1,4,RECON,HTTP,4.477073960984513e-06
1,4,RECON,HTTPS,2.8358955074736513e-05
1,4,RECON,DNS,6.068526400504481e-07
1,4,RECON,Telnet,0.0
1,4,RECON,SMTP,0.0
1,4,RECON,SSH,0.0
1,4,RECON,IRC,0.0
1,4,RECON,TCP,3.947798043100192e-05
1,4,RECON,UDP,0.0055911100782395804
1,4,RECON,DHCP,0.0
1,4,RECON,ARP,2.8750145754374845e-07
1,4,RECON,ICMP,3.8288004134301445e-05
1,4,RECON,IGMP,0.0
1,4,RECON,IPv,1.2795206418780848e-06
1,4,RECON,LLC,3.530067722334884e-06
1,4,RECON,Tot sum,0.20257368870079517
1,4,RECON,Min,0.0007237260446657956
1,4,RECON,Max,0.003014624440402258
1,4,RECON,AVG,0.019615459081251174
1,4,RECON,Std,0.0026668392558349295
1,4,RECON,Tot size,0.035405476950109004
1,4,RECON,IAT,0.04365603676997125
1,4,RECON,Number,0.014984647871460765
1,4,RECON,Variance,0.1085553303546476
1,5,RECON,Header_Length,0.0006286030124783793
1,5,RECON,Protocol Type,4.913860695721084e-05
1,5,RECON,Time_To_Live,0.03645594327776962
1,5,RECON,Rate,0.00010641835395830412
1,5,RECON,fin_flag_number,1.9619214253907557e-05
1,5,RECON,syn_flag_number,0.019126213850722707
1,5,RECON,rst_flag_number,4.556823344215033e-05
1,5,RECON,psh_flag_number,4.707048617778042e-05
1,5,RECON,ack_flag_number,0.044875739310737114
1,5,RECON,ece_flag_number,0.0
1,5,RECON,cwr_flag_number,0.0
1,5,RECON,ack_count,0.0027178556621038296
1,5,RECON,syn_count,0.013363236117220368
1,5,RECON,fin_count,0.0026904528088380177
1,5,RECON,rst_count,0.0015421479400515637
1,5,RECON,HTTP,1.1266682582800058e-05
1,5,RECON,HTTPS,9.491058722090883e-05
1,5,RECON,DNS,1.2950038718557641e-05
1,5,RECON,Telnet,0.0
1,5,RECON,SMTP,0.0
1,5,RECON,SSH,0.0
1,5,RECON,IRC,0.0
1,5,RECON,TCP,7.104757206377599e-05
1,5,RECON,UDP,0.007410257546780485
1,5,RECON,DHCP,0.0
1,5,RECON,ARP,3.3035355720523183e-06
1,5,RECON,ICMP,8.24690546451734e-05
1,5,RECON,IGMP,0.0
1,5,RECON,IPv,4.184308118215796e-06
1,5,RECON,LLC,6.830671705959635e-06
1,5,RECON,Tot sum,0.3725920567288995
1,5,RECON,Min,0.001747694547862011
1,5,RECON,Max,0.0019207079050829635
1,5,RECON,AVG,0.04001800003898097
1,5,RECON,Std,0.003766433976852568
1,5,RECON,Tot size,0.0521362810395658
1,5,RECON,IAT,0.13441494090784545
1,5,RECON,Number,0.032070754237065555
1,5,RECON,Variance,0.09717749916017056
1,1,SPOOFING,Header_Length,9.584544896767965e-06
1,1,SPOOFING,Protocol Type,1.2920975103725141e-05
1,1,SPOOFING,Time_To_Live,0.001908898687452165
1,1,SPOOFING,Rate,4.672801337619603e-05
1,1,SPOOFING,fin_flag_number,9.159902997168957e-06
1,1,SPOOFING,syn_flag_number,0.00029242015493764485
1,1,SPOOFING,rst_flag_number,2.0802244323547824e-06
1,1,SPOOFING,psh_flag_number,7.440629325117243e-06
1,1,SPOOFING,ack_flag_number,0.0006192592986053568
1,1,SPOOFING,ece_flag_number,0.0
1,1,SPOOFING,cwr_flag_number,0.0
1,1,SPOOFING,ack_count,0.0005411203249877872
1,1,SPOOFING,syn_count,0.00011541309843323688
1,1,SPOOFING,fin_count,0.00030806568994847796
1,1,SPOOFING,rst_count,0.00038692231178174554
1,1,SPOOFING,HTTP,9.925374802666199e-06
1,1,SPOOFING,HTTPS,9.454972976286059e-06
1,1,SPOOFING,DNS,0.0
1,1,SPOOFING,Telnet,0.0
1,1,SPOOFING,SMTP,0.0
1,1,SPOOFING,SSH,0.0
1,1,SPOOFING,IRC,0.0
1,1,SPOOFING,TCP,1.8332126788322967e-05
1,1,SPOOFING,UDP,0.0005779042248832411
1,1,SPOOFING,DHCP,0.0
1,1,SPOOFING,ARP,1.2886954934843152e-07
1,1,SPOOFING,ICMP,5.3646085930836305e-06
1,1,SPOOFING,IGMP,0.0
1,1,SPOOFING,IPv,1.3451527078323089e-08
1,1,SPOOFING,LLC,9.363105966109231e-07
1,1,SPOOFING,Tot sum,0.08036863973829896
1,1,SPOOFING,Min,0.00016536749456008693
1,1,SPOOFING,Max,0.0007244836015161127
1,1,SPOOFING,AVG,0.01494783624075353
1,1,SPOOFING,Std,0.009454505937173962
1,1,SPOOFING,Tot size,0.02757735690101981
1,1,SPOOFING,IAT,0.008848001759793079
1,1,SPOOFING,Number,0.002278134878997662
1,1,SPOOFING,Variance,0.08431709483265877
1,2,SPOOFING,Header_Length,0.00021351811642489338
1,2,SPOOFING,Protocol Type,4.8224609207636605e-05
1,2,SPOOFING,Time_To_Live,0.0034715672434685986
1,2,SPOOFING,Rate,0.0003313181792222508
1,2,SPOOFING,fin_flag_number,5.243405410340074e-05
1,2,SPOOFING,syn_flag_number,0.012447200161841466
1,2,SPOOFING,rst_flag_number,2.0679488621055953e-05
1,2,SPOOFING,psh_flag_number,8.9880553173316e-05
1,2,SPOOFING,ack_flag_number,0.03446623774657383
1,2,SPOOFING,ece_flag_number,0.0
1,2,SPOOFING,cwr_flag_number,0.0
1,2,SPOOFING,ack_count,0.0011977259002151186
1,2,SPOOFING,syn_count,0.007095038021361688
1,2,SPOOFING,fin_count,0.005771655988246494
1,2,SPOOFING,rst_count,0.003460677570274129
1,2,SPOOFING,HTTP,6.740516495540305e-06
1,2,SPOOFING,HTTPS,0.00013840830466413934
1,2,SPOOFING,DNS,2.027880254900083e-05
1,2,SPOOFING,Telnet,0.0
1,2,SPOOFING,SMTP,0.0
1,2,SPOOFING,SSH,0.0
1,2,SPOOFING,IRC,0.0
1,2,SPOOFING,TCP,8.329685302896906e-05
1,2,SPOOFING,UDP,0.0035049024116233342
1,2,SPOOFING,DHCP,0.0
1,2,SPOOFING,ARP,3.799778878965654e-06
1,2,SPOOFING,ICMP,6.60081543060187e-05
1,2,SPOOFING,IGMP,0.0
1,2,SPOOFING,IPv,9.359332156522183e-06
1,2,SPOOFING,LLC,2.3619275351283165e-05
1,2,SPOOFING,Tot sum,0.1353936537867412
1,2,SPOOFING,Min,0.007227273432727088
1,2,SPOOFING,Max,0.0033898669321388297
1,2,SPOOFING,AVG,0.1386363093741238
1,2,SPOOFING,Std,0.012639074289472774
1,2,SPOOFING,Tot size,0.1326263329014182
1,2,SPOOFING,IAT,0.10392573546752715
1,2,SPOOFING,Number,0.0352069940068759
1,2,SPOOFING,Variance,0.0803394149595988
1,3,SPOOFING,Header_Length,1.4153938631267237e-05
1,3,SPOOFING,Protocol Type,4.382220561383043e-06
1,3,SPOOFING,Time_To_Live,0.0005169285480701724
1,3,SPOOFING,Rate,0.00021839082783579045
1,3,SPOOFING,fin_flag_number,5.774604950326001e-06
1,3,SPOOFING,syn_flag_number,0.00010443218546427602
1,3,SPOOFING,rst_flag_number,9.893670317118187e-07
1,3,SPOOFING,psh_flag_number,2.892728718251192e-06
1,3,SPOOFING,ack_flag_number,0.0006692624512311341
1,3,SPOOFING,ece_flag_number,0.0
1,3,SPOOFING,cwr_flag_number,0.0
1,3,SPOOFING,ack_count,0.00012440229753050148
1,3,SPOOFING,syn_count,0.00019025481662708897
1,3,SPOOFING,fin_count,0.00018614172108044613
1,3,SPOOFING,rst_count,0.00025372361700419787
1,3,SPOOFING,HTTP,5.479660659876706e-06
1,3,SPOOFING,HTTPS,1.1996375189274626e-05
1,3,SPOOFING,DNS,3.268726565391899e-08
1,3,SPOOFING,Telnet,0.0
1,3,SPOOFING,SMTP,0.0
1,3,SPOOFING,SSH,0.0
1,3,SPOOFING,IRC,0.0
1,3,SPOOFING,TCP,1.2147117285676856e-05
1,3,SPOOFING,UDP,0.00042135447613418365
1,3,SPOOFING,DHCP,0.0
1,3,SPOOFING,ARP,6.014834516753073e-06
1,3,SPOOFING,ICMP,2.1525812896072695e-05
1,3,SPOOFING,IGMP,0.0
1,3,SPOOFING,IPv,4.6467254027869607e-07
1,3,SPOOFING,LLC,6.968677157551811e-06
1,3,SPOOFING,Tot sum,0.00699535380490488
1,3,SPOOFING,Min,0.0006018519765642605
1,3,SPOOFING,Max,5.0762252283220735e-05
1,3,SPOOFING,AVG,0.005083988826663699
1,3,SPOOFING,Std,0.00016890214824343274
1,3,SPOOFING,Tot size,0.0032090154418256134
1,3,SPOOFING,IAT,0.00022492008233165883
1,3,SPOOFING,Number,0.0073964504076229785
1,3,SPOOFING,Variance,0.007179970021388727
1,4,SPOOFING,Header_Length,0.0008425097671533877
1,4,SPOOFING,Protocol Type,2.2932029331457215e-05
1,4,SPOOFING,Time_To_Live,0.010828327770786928
1,4,SPOOFING,Rate,0.0022121860744832135
1,4,SPOOFING,fin_flag_number,1.320421148043316e-06
1,4,SPOOFING,syn_flag_number,0.00434913790650171
1,4,SPOOFING,rst_flag_number,8.65417454516404e-06
1,4,SPOOFING,psh_flag_number,3.083005206789835e-05
1,4,SPOOFING,ack_flag_number,0.013503677697644888
1,4,SPOOFING,ece_flag_number,0.0
1,4,SPOOFING,cwr_flag_number,0.0
1,4,SPOOFING,ack_count,0.0020544678713434903
1,4,SPOOFING,syn_count,0.002564347292718594
1,4,SPOOFING,fin_count,0.00021333343968308328
1,4,SPOOFING,rst_count,0.00014409689442942408
1,4,SPOOFING,HTTP,1.1769432009600678e-05
1,4,SPOOFING,HTTPS,0.0002197921990358509
1,4,SPOOFING,DNS,1.2536207135848028e-07
1,4,SPOOFING,Telnet,0.0
1,4,SPOOFING,SMTP,0.0
1,4,SPOOFING,SSH,0.0
1,4,SPOOFING,IRC,0.0
1,4,SPOOFING,TCP,7.143497413721888e-05
1,4,SPOOFING,UDP,0.0011968066031840864
1,4,SPOOFING,DHCP,0.0
1,4,SPOOFING,ARP,1.9773974573270016e-06
1,4,SPOOFING,ICMP,0.00010797155969441974
1,4,SPOOFING,IGMP,0.0
1,4,SPOOFING,IPv,4.784676161695076e-07
1,4,SPOOFING,LLC,3.0427443833302982e-06
1,4,SPOOFING,Tot sum,0.2471790236188099
1,4,SPOOFING,Min,0.03735017263074951
1,4,SPOOFING,Max,0.008161689291591756
1,4,SPOOFING,AVG,0.254776823730208
1,4,SPOOFING,Std,0.011314819267136044
1,4,SPOOFING,Tot size,0.17091451855376363
1,4,SPOOFING,IAT,0.0037408568012324396
1,4,SPOOFING,Number,0.038456526135269085
1,4,SPOOFING,Variance,0.06216484942706302
1,5,SPOOFING,Header_Length,2.7402135845022713e-05
1,5,SPOOFING,Protocol Type,2.855136441688444e-05
1,5,SPOOFING,Time_To_Live,0.00922497568271865
1,5,SPOOFING,Rate,0.0011622053063376826
1,5,SPOOFING,fin_flag_number,6.3230221723387105e-06
1,5,SPOOFING,syn_flag_number,0.005377769483311567
1,5,SPOOFING,rst_flag_number,6.306799048516609e-06
1,5,SPOOFING,psh_flag_number,1.8218823990423515e-05
1,5,SPOOFING,ack_flag_number,0.008479147506295703
1,5,SPOOFING,ece_flag_number,0.0
1,5,SPOOFING,cwr_flag_number,0.0
1,5,SPOOFING,ack_count,0.0008903487142333689
1,5,SPOOFING,syn_count,0.0020356473774882033
1,5,SPOOFING,fin_count,0.0006734638460557107
1,5,SPOOFING,rst_count,0.00014416503845495753
1,5,SPOOFING,HTTP,0.0
1,5,SPOOFING,HTTPS,0.00014405135934794088
1,5,SPOOFING,DNS,8.092444424190327e-06
1,5,SPOOFING,Telnet,0.0
1,5,SPOOFING,SMTP,0.0
1,5,SPOOFING,SSH,0.0
1,5,SPOOFING,IRC,0.0
1,5,SPOOFING,TCP,4.9154040425491985e-05
1,5,SPOOFING,UDP,0.002728493695940415
1,5,SPOOFING,DHCP,8.420486210525269e-08
1,5,SPOOFING,ARP,1.224384376274923e-07
1,5,SPOOFING,ICMP,4.45504931292362e-05
1,5,SPOOFING,IGMP,0.0
1,5,SPOOFING,IPv,4.926984908115717e-08
1,5,SPOOFING,LLC,5.097749446125732e-07
1,5,SPOOFING,Tot sum,0.1848342054290697
1,5,SPOOFING,Min,0.004628858096566546
1,5,SPOOFING,Max,0.008804734350997023
1,5,SPOOFING,AVG,0.24762476403266193
1,5,SPOOFING,Std,0.014481006981804967
1,5,SPOOFING,Tot size,0.1267627015709877
1,5,SPOOFING,IAT,0.00862354409425734
1,5,SPOOFING,Number,0.017796092468779535
1,5,SPOOFING,Variance,0.21470408036839217
1,1,WEB,Header_Length,1.2097058200311039e-05
1,1,WEB,Protocol Type,6.345418889885934e-06
1,1,WEB,Time_To_Live,0.0009438647277590917
1,1,WEB,Rate,8.218200139253896e-06
1,1,WEB,fin_flag_number,2.810758764582033e-06
1,1,WEB,syn_flag_number,0.00019546444680997865
1,1,WEB,rst_flag_number,7.345522762136625e-06
1,1,WEB,psh_flag_number,1.4546216816291314e-06
1,1,WEB,ack_flag_number,0.00026322741434228194
1,1,WEB,ece_flag_number,0.0
1,1,WEB,cwr_flag_number,0.0
1,1,WEB,ack_count,0.00012049824316164858
1,1,WEB,syn_count,5.6167145982044533e-05
1,1,WEB,fin_count,0.0002616168475356062
1,1,WEB,rst_count,0.00038592745268033467
1,1,WEB,HTTP,1.3103572226391692e-06
1,1,WEB,HTTPS,1.0238784751870344e-06
1,1,WEB,DNS,8.290448590742017e-07
1,1,WEB,Telnet,0.0
1,1,WEB,SMTP,0.0
1,1,WEB,SSH,7.947326121637843e-07
1,1,WEB,IRC,0.0
1,1,WEB,TCP,5.5646140420861915e-06
1,1,WEB,UDP,0.0005921940767279921
1,1,WEB,DHCP,0.0
1,1,WEB,ARP,1.877736628719262e-06
1,1,WEB,ICMP,1.2583768082663483e-06
1,1,WEB,IGMP,0.0
1,1,WEB,IPv,8.187789678926193e-07
1,1,WEB,LLC,1.9533587250375463e-06
1,1,WEB,Tot sum,0.011356318660546094
1,1,WEB,Min,0.0021417659440885473
1,1,WEB,Max,0.00025970041660912103
1,1,WEB,AVG,0.000964758235932095
1,1,WEB,Std,0.0011939067524508573
1,1,WEB,Tot size,0.002019797499815468
1,1,WEB,IAT,0.010785250021581306
1,1,WEB,Number,0.003080119549849769
1,1,WEB,Variance,0.010511212711207918
1,2,WEB,Header_Length,2.1349021692096405e-06
1,2,WEB,Protocol Type,3.8436866980351423e-07
1,2,WEB,Time_To_Live,0.00036317142850066374
1,2,WEB,Rate,3.0999683232835197e-06
1,2,WEB,fin_flag_number,9.391416611492786e-07
1,2,WEB,syn_flag_number,0.0001971426369323126
1,2,WEB,rst_flag_number,1.5743676058832534e-06
1,2,WEB,psh_flag_number,3.0031186537549104e-07
1,2,WEB,ack_flag_number,0.00017934810307451698
1,2,WEB,ece_flag_number,0.0
1,2,WEB,cwr_flag_number,0.0
1,2,WEB,ack_count,7.746339258574153e-06
1,2,WEB,syn_count,0.0001309607798361867
1,2,WEB,fin_count,2.8549177295644766e-05
1,2,WEB,rst_count,8.382615451409947e-05
1,2,WEB,HTTP,9.78273785359751e-07
1,2,WEB,HTTPS,8.527909775679632e-07
1,2,WEB,DNS,5.363005328717918e-09
1,2,WEB,Telnet,0.0
1,2,WEB,SMTP,0.0
1,2,WEB,SSH,5.94884663485118e-07
1,2,WEB,IRC,0.0
1,2,WEB,TCP,3.7873783331754396e-07
1,2,WEB,UDP,1.3597655262742592e-05
1,2,WEB,DHCP,0.0
1,2,WEB,ARP,2.0050160008285023e-07
1,2,WEB,ICMP,1.4241458823338604e-07
1,2,WEB,IGMP,0.0
1,2,WEB,IPv,1.3041959863180351e-07
1,2,WEB,LLC,2.151949853517604e-07
1,2,WEB,Tot sum,0.003932783822529018
1,2,WEB,Min,0.0003882272003096876
1,2,WEB,Max,0.0001145978576687412
1,2,WEB,AVG,0.0026190355183643987
1,2,WEB,Std,0.00014694372930534882
1,2,WEB,Tot size,0.0028898930322611704
1,2,WEB,IAT,0.0013591303916086872
1,2,WEB,Number,0.00015562464698177793
1,2,WEB,Variance,0.0055299090017797425
1,3,WEB,Header_Length,9.804928783552214e-05
1,3,WEB,Protocol Type,6.521262572311004e-05
1,3,WEB,Time_To_Live,0.004854196207361383
1,3,WEB,Rate,5.712646018309897e-05
1,3,WEB,fin_flag_number,1.7718344722794654e-05
1,3,WEB,syn_flag_number,0.0006666570013521778
1,3,WEB,rst_flag_number,5.497419508913026e-05
1,3,WEB,psh_flag_number,5.681653489303385e-06
1,3,WEB,ack_flag_number,0.004156497443727858
1,3,WEB,ece_flag_number,0.0
1,3,WEB,cwr_flag_number,0.0
1,3,WEB,ack_count,0.00019261331547113514
1,3,WEB,syn_count,0.0019231415793910856
1,3,WEB,fin_count,0.0007422148564273812
1,3,WEB,rst_count,0.0015429889254669148
1,3,WEB,HTTP,1.6594370817557545e-05
1,3,WEB,HTTPS,9.21860998299856e-06
1,3,WEB,DNS,6.620297811901765e-05
1,3,WEB,Telnet,0.0
1,3,WEB,SMTP,0.0
1,3,WEB,SSH,0.0
1,3,WEB,IRC,0.0
1,3,WEB,TCP,4.091694394787737e-05
1,3,WEB,UDP,0.0061217178449979315
1,3,WEB,DHCP,0.0
1,3,WEB,ARP,1.4360139035896059e-05
1,3,WEB,ICMP,4.310684738868531e-05
1,3,WEB,IGMP,0.0
1,3,WEB,IPv,3.3018970696463424e-06
1,3,WEB,LLC,1.3054065770679025e-06
1,3,WEB,Tot sum,0.08830537538706267
1,3,WEB,Min,0.00047039255159688766
1,3,WEB,Max,0.0008579447283409535
1,3,WEB,AVG,0.01733164832694456
1,3,WEB,Std,0.012524841958656907
1,3,WEB,Tot size,0.018797016772441565
1,3,WEB,IAT,0.08342272532390779
1,3,WEB,Number,0.01799586253328016
1,3,WEB,Variance,0.09493612299847883
1,4,WEB,Header_Length,3.859829739667475e-05
1,4,WEB,Protocol Type,3.37825799761049e-05
1,4,WEB,Time_To_Live,0.010893855119138606
1,4,WEB,Rate,7.579610705761297e-05
1,4,WEB,fin_flag_number,2.317326354805971e-06
1,4,WEB,syn_flag_number,0.0017584919856744818
1,4,WEB,rst_flag_number,5.554311223932018e-06
1,4,WEB,psh_flag_number,1.216845490432661e-05
1,4,WEB,ack_flag_number,0.003006497211754322
1,4,WEB,ece_flag_number,0.0
1,4,WEB,cwr_flag_number,0.0
1,4,WEB,ack_count,0.0002929246442818112
1,4,WEB,syn_count,0.00228722294268664
1,4,WEB,fin_count,0.0002977499500502745
1,4,WEB,rst_count,0.00019138684619974812
1,4,WEB,HTTP,1.1585299199623478e-05
1,4,WEB,HTTPS,3.7785082284358396e-06
1,4,WEB,DNS,2.7830966799147206e-06
1,4,WEB,Telnet,0.0
1,4,WEB,SMTP,0.0
1,4,WEB,SSH,0.0
1,4,WEB,IRC,0.0
1,4,WEB,TCP,2.959188509521482e-05
1,4,WEB,UDP,0.0014192824168276275
1,4,WEB,DHCP,0.0
1,4,WEB,ARP,5.348279200134698e-06
1,4,WEB,ICMP,1.3084065335533523e-05
1,4,WEB,IGMP,0.0
1,4,WEB,IPv,2.09769628325418e-06
1,4,WEB,LLC,5.228301705528793e-06
1,4,WEB,Tot sum,0.05085465433076024
1,4,WEB,Min,0.039612461547221756
1,4,WEB,Max,0.003986188929047785
1,4,WEB,AVG,0.1406466567888856
1,4,WEB,Std,0.00641538975542062
1,4,WEB,Tot size,0.0852054476737976
1,4,WEB,IAT,0.04322619793674676
1,4,WEB,Number,0.010248959437012673
1,4,WEB,Variance,0.050281299807829784
1,5,WEB,Header_Length,6.22844928809485e-05
1,5,WEB,Protocol Type,1.9348019274434413e-05
1,5,WEB,Time_To_Live,0.012632182861784714
1,5,WEB,Rate,5.7893600372693756e-05
1,5,WEB,fin_flag_number,9.29739301770427e-06
1,5,WEB,syn_flag_number,0.0006934003630021835
1,5,WEB,rst_flag_number,1.2283293868442514e-05
1,5,WEB,psh_flag_number,1.0005587046979514e-05
1,5,WEB,ack_flag_number,0.00223130867793202
1,5,WEB,ece_flag_number,0.0
1,5,WEB,cwr_flag_number,0.0
1,5,WEB,ack_count,0.0002962132415049723
1,5,WEB,syn_count,0.001429037457364757
1,5,WEB,fin_count,0.00021888906928140272
1,5,WEB,rst_count,0.00029332977171847574
1,5,WEB,HTTP,2.103133374475874e-06
1,5,WEB,HTTPS,2.0861258249427196e-05
1,5,WEB,DNS,7.1799754143472495e-06
1,5,WEB,Telnet,0.0
1,5,WEB,SMTP,0.0
1,5,WEB,SSH,3.0160309108850924e-06
1,5,WEB,IRC,0.0
1,5,WEB,TCP,6.109723482490281e-05
1,5,WEB,UDP,0.0015522451975957807
1,5,WEB,DHCP,0.0
1,5,WEB,ARP,3.6209262075287406e-06
1,5,WEB,ICMP,1.9155062119624588e-05
1,5,WEB,IGMP,0.0
1,5,WEB,IPv,4.427343768384842e-07
1,5,WEB,LLC,3.790440412959617e-06
1,5,WEB,Tot sum,0.11435165610746481
1,5,WEB,Min,0.003806424955473631
1,5,WEB,Max,0.0011737593387806556
1,5,WEB,AVG,0.018962499097688122
1,5,WEB,Std,0.008410835334507283
1,5,WEB,Tot size,0.018179160793079064
1,5,WEB,IAT,0.038223840493583336
1,5,WEB,Number,0.015295243921173096
1,5,WEB,Variance,0.05184033919358626
2,1,BENIGN,Header_Length,0.00011976865040423945
2,1,BENIGN,Protocol Type,5.518887651874138e-05
2,1,BENIGN,Time_To_Live,0.0344585638299975
2,1,BENIGN,Rate,0.00015358398489553337
2,1,BENIGN,fin_flag_number,1.4478291832631385e-05
2,1,BENIGN,syn_flag_number,0.0004657998147251874
2,1,BENIGN,rst_flag_number,5.007757641983801e-06
2,1,BENIGN,psh_flag_number,2.1974335439267635e-06
2,1,BENIGN,ack_flag_number,0.002145165732508758
2,1,BENIGN,ece_flag_number,0.0
2,1,BENIGN,cwr_flag_number,0.0
2,1,BENIGN,ack_count,0.0011396853158657904
2,1,BENIGN,syn_count,0.00020257454251577657
2,1,BENIGN,fin_count,0.00046618543483418763
2,1,BENIGN,rst_count,0.0008249757637713628
2,1,BENIGN,HTTP,8.250748327309765e-06
2,1,BENIGN,HTTPS,4.878738096714131e-06
2,1,BENIGN,DNS,1.3317763659870253e-06
2,1,BENIGN,Telnet,0.0
2,1,BENIGN,SMTP,0.0
2,1,BENIGN,SSH,0.0
2,1,BENIGN,IRC,0.0
2,1,BENIGN,TCP,7.719741637379762e-06
2,1,BENIGN,UDP,0.0006177262279379647
2,1,BENIGN,DHCP,0.0
2,1,BENIGN,ARP,5.065923043959253e-07
2,1,BENIGN,ICMP,7.046735631632828e-06
2,1,BENIGN,IGMP,0.0
2,1,BENIGN,IPv,9.243978551731757e-07
2,1,BENIGN,LLC,1.7974342076676475e-06
2,1,BENIGN,Tot sum,0.11772605692967772
2,1,BENIGN,Min,0.0012534932582639157
2,1,BENIGN,Max,0.0006340866908431053
2,1,BENIGN,AVG,0.0032008801397751087
2,1,BENIGN,Std,0.007034625019878149
2,1,BENIGN,Tot size,0.01617621732875705
2,1,BENIGN,IAT,0.014390866758571975
2,1,BENIGN,Number,0.009560328193401801
2,1,BENIGN,Variance,0.18586638858541846
2,2,BENIGN,Header_Length,1.2429554091752949e-06
2,2,BENIGN,Protocol Type,2.004351440110241e-06
2,2,BENIGN,Time_To_Live,0.0003912765666427731
2,2,BENIGN,Rate,5.327758140083461e-06
2,2,BENIGN,fin_flag_number,5.081517247873535e-07
2,2,BENIGN,syn_flag_number,6.678720592390164e-05
2,2,BENIGN,rst_flag_number,5.37014274604175e-08
2,2,BENIGN,psh_flag_number,8.545871399645577e-07
2,2,BENIGN,ack_flag_number,1.3158197083384948e-05
2,2,BENIGN,ece_flag_number,0.0
2,2,BENIGN,cwr_flag_number,0.0
2,2,BENIGN,ack_count,1.1195769678806755e-05
2,2,BENIGN,syn_count,2.095473515737467e-05
2,2,BENIGN,fin_count,1.738285686059271e-05
2,2,BENIGN,rst_count,2.5907728826268794e-05
2,2,BENIGN,HTTP,1.141889512223937e-07
2,2,BENIGN,HTTPS,1.099146880534363e-06
2,2,BENIGN,DNS,3.626650819654742e-07
2,2,BENIGN,Telnet,0.0
2,2,BENIGN,SMTP,0.0
2,2,BENIGN,SSH,7.021265346907057e-10
2,2,BENIGN,IRC,0.0
2,2,BENIGN,TCP,2.333273814714154e-07
2,2,BENIGN,UDP,4.037303095998368e-05
2,2,BENIGN,DHCP,0.0
2,2,BENIGN,ARP,1.391027908831388e-09
2,2,BENIGN,ICMP,3.5710018168044757e-07
2,2,BENIGN,IGMP,0.0
2,2,BENIGN,IPv,1.8238002502321548e-09
2,2,BENIGN,LLC,2.488186831052508e-10
2,2,BENIGN,Tot sum,0.004351352445519296
2,2,BENIGN,Min,2.5844659264784296e-05
2,2,BENIGN,Max,7.395245720545062e-05
2,2,BENIGN,AVG,0.0003558710363904538
2,2,BENIGN,Std,0.0004821025664568879
2,2,BENIGN,Tot size,0.0011605965744820423
2,2,BENIGN,IAT,0.000876484903403707
2,2,BENIGN,Number,0.00021235049860024446
2,2,BENIGN,Variance,0.005458801635541022
2,3,BENIGN,Header_Length,0.00022206784125273772
2,3,BENIGN,Protocol Type,6.2947950469016686e-06
2,3,BENIGN,Time_To_Live,0.008556831855025848
2,3,BENIGN,Rate,0.00021859269177184614
2,3,BENIGN,fin_flag_number,2.095183445476323e-05
2,3,BENIGN,syn_flag_number,0.0023096852670278166
2,3,BENIGN,rst_flag_number,2.2705383575072345e-06
2,3,BENIGN,psh_flag_number,4.946727344581348e-05
2,3,BENIGN,ack_flag_number,0.0063271348399212
2,3,BENIGN,ece_flag_number,0.0
2,3,BENIGN,cwr_flag_number,0.0
2,3,BENIGN,ack_count,0.00029831505207766895
2,3,BENIGN,syn_count,0.00046856738636051886
2,3,BENIGN,fin_count,0.0007459770993591519
2,3,BENIGN,rst_count,0.001578016051553277
2,3,BENIGN,HTTP,1.0911950820258199e-06
2,3,BENIGN,HTTPS,5.5483675593492874e-06
2,3,BENIGN,DNS,2.0383116008187986e-06
2,3,BENIGN,Telnet,0.0
2,3,BENIGN,SMTP,0.0
2,3,BENIGN,SSH,0.0
2,3,BENIGN,IRC,0.0
2,3,BENIGN,TCP,6.414765277540368e-06
2,3,BENIGN,UDP,0.00030406366236093165
2,3,BENIGN,DHCP,0.0
2,3,BENIGN,ARP,1.855614517862758e-05
2,3,BENIGN,ICMP,2.6363403323870217e-05
2,3,BENIGN,IGMP,0.0
2,3,BENIGN,IPv,3.0075020270747823e-06
2,3,BENIGN,LLC,1.482927812925805e-05
2,3,BENIGN,Tot sum,0.049697231012396516
2,3,BENIGN,Min,0.00032530524307468057
2,3,BENIGN,Max,0.0013859597209375351
2,3,BENIGN,AVG,0.021980472654104233
2,3,BENIGN,Std,0.02536929678171873
2,3,BENIGN,Tot size,0.0073195715696783735
2,3,BENIGN,IAT,0.12070864061879547
2,3,BENIGN,Number,0.015936155861891167
2,3,BENIGN,Variance,0.47255325661972164
2,4,BENIGN,Header_Length,0.00016560076939811096
2,4,BENIGN,Protocol Type,1.663808506151554e-05
2,4,BENIGN,Time_To_Live,0.04280581854382035
2,4,BENIGN,Rate,7.726814415036643e-05
2,4,BENIGN,fin_flag_number,2.7070563231035294e-06
2,4,BENIGN,syn_flag_number,0.0012450131048808543
2,4,BENIGN,rst_flag_number,2.051137521408286e-06
2,4,BENIGN,psh_flag_number,7.59457311545475e-06
2,4,BENIGN,ack_flag_number,0.00025660950950623374
2,4,BENIGN,ece_flag_number,0.0
2,4,BENIGN,cwr_flag_number,0.0
2,4,BENIGN,ack_count,0.00010363138015918593
2,4,BENIGN,syn_count,0.00045585455509353776
2,4,BENIGN,fin_count,0.00018522762931354463
2,4,BENIGN,rst_count,0.0001503810339585243
2,4,BENIGN,HTTP,8.957687904143085e-06
2,4,BENIGN,HTTPS,2.4855082082098078e-05
2,4,BENIGN,DNS,4.062429516393795e-08
2,4,BENIGN,Telnet,0.0
2,4,BENIGN,SMTP,0.0
2,4,BENIGN,SSH,0.0
2,4,BENIGN,IRC,0.0
2,4,BENIGN,TCP,2.7033772440177016e-06
2,4,BENIGN,UDP,0.0008549950745873503
2,4,BENIGN,DHCP,0.0
2,4,BENIGN,ARP,1.3867395174465072e-06
2,4,BENIGN,ICMP,5.596701209897859e-06
2,4,BENIGN,IGMP,0.0
2,4,BENIGN,IPv,1.852447358297038e-06
2,4,BENIGN,LLC,1.8487360683583019e-06
2,4,BENIGN,Tot sum,0.03740808051079512
2,4,BENIGN,Min,0.001807508544789016
2,4,BENIGN,Max,0.0011157677094161046
2,4,BENIGN,AVG,0.012307143044745316
2,4,BENIGN,Std,0.013484502560822875
2,4,BENIGN,Tot size,0.03997420875821263
2,4,BENIGN,IAT,0.02023889768670415
2,4,BENIGN,Number,0.010068561411753763
2,4,BENIGN,Variance,0.23307598229931728
2,5,BENIGN,Header_Length,6.731020422421353e-05
2,5,BENIGN,Protocol Type,5.816156183868771e-06
2,5,BENIGN,Time_To_Live,0.005940731212467654
2,5,BENIGN,Rate,7.055486997842308e-05
2,5,BENIGN,fin_flag_number,6.989779558708165e-06
2,5,BENIGN,syn_flag_number,0.0013740756434344804
2,5,BENIGN,rst_flag_number,6.649668469638214e-07
2,5,BENIGN,psh_flag_number,1.4286287030529365e-05
2,5,BENIGN,ack_flag_number,0.0015015353139006039
2,5,BENIGN,ece_flag_number,0.0
2,5,BENIGN,cwr_flag_number,0.0
2,5,BENIGN,ack_count,0.00019750565409708541
2,5,BENIGN,syn_count,0.001182410451292526
2,5,BENIGN,fin_count,0.00031978485726540383
2,5,BENIGN,rst_count,0.00011571876466405228
2,5,BENIGN,HTTP,1.5532715337940318e-06
2,5,BENIGN,HTTPS,4.215993703837739e-06
2,5,BENIGN,DNS,1.810244451565246e-06
2,5,BENIGN,Telnet,0.0
2,5,BENIGN,SMTP,0.0
2,5,BENIGN,SSH,0.0
2,5,BENIGN,IRC,0.0
2,5,BENIGN,TCP,2.0190525695795714e-06
2,5,BENIGN,UDP,0.0004312943100558186
2,5,BENIGN,DHCP,0.0
2,5,BENIGN,ARP,2.1296056341019164e-07
2,5,BENIGN,ICMP,9.836838895527223e-06
2,5,BENIGN,IGMP,0.0
2,5,BENIGN,IPv,6.984356656879188e-08
2,5,BENIGN,LLC,1.6762097050371237e-07
2,5,BENIGN,Tot sum,0.0761647007893771
2,5,BENIGN,Min,0.00417958175894455
2,5,BENIGN,Max,0.0032807417679578065
2,5,BENIGN,AVG,0.03780483324080706
2,5,BENIGN,Std,0.025175191881135105
2,5,BENIGN,Tot size,0.01132050552405417
2,5,BENIGN,IAT,0.025152360865831724
2,5,BENIGN,Number,0.0035090435414531383
2,5,BENIGN,Variance,0.2915651984512806
2,1,DDOS,Header_Length,0.006248995393980295
2,1,DDOS,Protocol Type,0.00038275930273812264
2,1,DDOS,Time_To_Live,0.0007566349169792375
2,1,DDOS,Rate,0.001984420629014494
2,1,DDOS,fin_flag_number,0.00013065816019661725
2,1,DDOS,syn_flag_number,0.016982311976607888
2,1,DDOS,rst_flag_number,7.543084684584756e-05
2,1,DDOS,psh_flag_number,0.00013344887665880378
2,1,DDOS,ack_flag_number,0.008073853957466782
2,1,DDOS,ece_flag_number,0.0
2,1,DDOS,cwr_flag_number,0.0
2,1,DDOS,ack_count,0.012507694738451392
2,1,DDOS,syn_count,0.008892339450540021
2,1,DDOS,fin_count,0.029192332271486522
2,1,DDOS,rst_count,0.02507441770285368
2,1,DDOS,HTTP,0.00021342410741453932
2,1,DDOS,HTTPS,2.612980692902056e-05
2,1,DDOS,DNS,0.0
2,1,DDOS,Telnet,0.0
2,1,DDOS,SMTP,0.0
2,1,DDOS,SSH,0.0
2,1,DDOS,IRC,0.0
2,1,DDOS,TCP,0.0036184797500027344
2,1,DDOS,UDP,0.009009273373521864
2,1,DDOS,DHCP,0.0
2,1,DDOS,ARP,6.828634096933684e-06
2,1,DDOS,ICMP,0.0005967675830390817
2,1,DDOS,IGMP,0.0
2,1,DDOS,IPv,4.073601267862159e-06
2,1,DDOS,LLC,2.590291325077487e-06
2,1,DDOS,Tot sum,0.6857821153476834
2,1,DDOS,Min,0.015886437776498497
2,1,DDOS,Max,0.010348026058636606
2,1,DDOS,AVG,0.09455349296331406
2,1,DDOS,Std,0.017302567581646146
2,1,DDOS,Tot size,0.10591216366738081
2,1,DDOS,IAT,0.0026186719129327684
2,1,DDOS,Number,4.996617121832969e-06
2,1,DDOS,Variance,0.05276838643476367
2,2,DDOS,Header_Length,0.014774351372938099
2,2,DDOS,Protocol Type,0.0012057362875054877
2,2,DDOS,Time_To_Live,0.0017634820034345467
2,2,DDOS,Rate,0.002376434662983229
2,2,DDOS,fin_flag_number,0.00038850264338066156
2,2,DDOS,syn_flag_number,0.029073791120026726
2,2,DDOS,rst_flag_number,6.078419435198157e-05
2,2,DDOS,psh_flag_number,8.694707424581339e-05
2,2,DDOS,ack_flag_number,0.005610388252534904
2,2,DDOS,ece_flag_number,0.0
2,2,DDOS,cwr_flag_number,0.0
2,2,DDOS,ack_count,0.00782827714283485
2,2,DDOS,syn_count,0.022121678671101107
2,2,DDOS,fin_count,0.08078530943894294
2,2,DDOS,rst_count,0.04740212238539243
2,2,DDOS,HTTP,2.3240101327814955e-05
2,2,DDOS,HTTPS,8.604991447374033e-05
2,2,DDOS,DNS,8.507227903464809e-07
2,2,DDOS,Telnet,0.0
2,2,DDOS,SMTP,0.0
2,2,DDOS,SSH,0.0
2,2,DDOS,IRC,0.0
2,2,DDOS,TCP,0.010758469307950236
2,2,DDOS,UDP,0.028384682851174146
2,2,DDOS,DHCP,0.0
2,2,DDOS,ARP,1.169349128815611e-06
2,2,DDOS,ICMP,0.004884155452180039
2,2,DDOS,IGMP,0.0
2,2,DDOS,IPv,1.2675828213071227e-06
2,2,DDOS,LLC,5.505288992724289e-06
2,2,DDOS,Tot sum,0.07456002463586628
2,2,DDOS,Min,2.6121623029951024e-06
2,2,DDOS,Max,0.008335509209427983
2,2,DDOS,AVG,0.013721595774404705
2,2,DDOS,Std,0.020199719839729367
2,2,DDOS,Tot size,0.013717699772678315
2,2,DDOS,IAT,0.0026263810497766825
2,2,DDOS,Number,0.0001432738636594877
2,2,DDOS,Variance,0.12468342939391733
2,3,DDOS,Header_Length,0.00330163745675236
2,3,DDOS,Protocol Type,0.0007395538908895105
2,3,DDOS,Time_To_Live,0.001083463244867744
2,3,DDOS,Rate,0.0007762707322399365
2,3,DDOS,fin_flag_number,0.00019198431618860923
2,3,DDOS,syn_flag_number,0.022180273386766203
2,3,DDOS,rst_flag_number,0.00010056455485027982
2,3,DDOS,psh_flag_number,0.00011891688886862539
2,3,DDOS,ack_flag_number,0.020888033596565946
2,3,DDOS,ece_flag_number,0.0
2,3,DDOS,cwr_flag_number,0.0
2,3,DDOS,ack_count,0.013586430018767715
2,3,DDOS,syn_count,0.019385963259264827
2,3,DDOS,fin_count,0.04584002979099751
2,3,DDOS,rst_count,0.02632187572307885
2,3,DDOS,HTTP,4.9353183385392185e-05
2,3,DDOS,HTTPS,3.740935561324932e-07
2,3,DDOS,DNS,4.134053389392989e-07
2,3,DDOS,Telnet,0.0
2,3,DDOS,SMTP,0.0
2,3,DDOS,SSH,0.0
2,3,DDOS,IRC,0.0
2,3,DDOS,TCP,0.0017137462069513275
2,3,DDOS,UDP,0.01806388646364212
2,3,DDOS,DHCP,0.0
2,3,DDOS,ARP,4.091298339403693e-06
2,3,DDOS,ICMP,0.0012812749021122727
2,3,DDOS,IGMP,0.0
2,3,DDOS,IPv,1.5621550485178658e-06
2,3,DDOS,LLC,4.807712218735105e-06
2,3,DDOS,Tot sum,0.07531067412346601
2,3,DDOS,Min,0.0023773223743773996
2,3,DDOS,Max,0.00830732500362501
2,3,DDOS,AVG,0.022038285341113805
2,3,DDOS,Std,0.016808551143913063
2,3,DDOS,Tot size,0.022151792654767632
2,3,DDOS,IAT,0.0001584976538651972
2,3,DDOS,Number,0.0
2,3,DDOS,Variance,0.12070159593131394
2,4,DDOS,Header_Length,0.011694253291352652
2,4,DDOS,Protocol Type,0.002543262846302241
2,4,DDOS,Time_To_Live,0.0006525430616420635
2,4,DDOS,Rate,0.0019915975572075695
2,4,DDOS,fin_flag_number,0.00014632679790338443
2,4,DDOS,syn_flag_number,0.017434546397998928
2,4,DDOS,rst_flag_number,4.782468043913468e-05
2,4,DDOS,psh_flag_number,0.0005639403403620236
2,4,DDOS,ack_flag_number,0.00965546614024788
2,4,DDOS,ece_flag_number,0.0
2,4,DDOS,cwr_flag_number,0.0
2,4,DDOS,ack_count,0.03159342964645475
2,4,DDOS,syn_count,0.008924773303442634
2,4,DDOS,fin_count,0.036396537092514336
2,4,DDOS,rst_count,0.019621533039025963
2,4,DDOS,HTTP,0.0003548951982338622
2,4,DDOS,HTTPS,0.0018836819741409271
2,4,DDOS,DNS,2.0128635583205325e-06
2,4,DDOS,Telnet,0.0
2,4,DDOS,SMTP,0.0
2,4,DDOS,SSH,0.0
2,4,DDOS,IRC,0.0
2,4,DDOS,TCP,0.0076024664333090184
2,4,DDOS,UDP,0.0399502526037395
2,4,DDOS,DHCP,0.0
2,4,DDOS,ARP,2.4345198738728866e-06
2,4,DDOS,ICMP,0.0021976346884912345
2,4,DDOS,IGMP,0.0
2,4,DDOS,IPv,2.9178759497483497e-06
2,4,DDOS,LLC,5.424389306085686e-06
2,4,DDOS,Tot sum,0.049919875484192744
2,4,DDOS,Min,0.0027594983344897627
2,4,DDOS,Max,0.002377201720082667
2,4,DDOS,AVG,0.020003536809235813
2,4,DDOS,Std,0.005499046303884825
2,4,DDOS,Tot size,0.019854254089295864
2,4,DDOS,IAT,0.005442587926518172
2,4,DDOS,Number,0.0
2,4,DDOS,Variance,0.0049811264827440025
2,5,DDOS,Header_Length,0.01397396057611786
2,5,DDOS,Protocol Type,0.0020178303849093028
2,5,DDOS,Time_To_Live,0.0008379265251278412
2,5,DDOS,Rate,0.000927291575817435
2,5,DDOS,fin_flag_number,0.00012772588991083467
2,5,DDOS,syn_flag_number,0.032885591906961054
2,5,DDOS,rst_flag_number,8.299400225268983e-05
2,5,DDOS,psh_flag_number,0.00015324511568550747
2,5,DDOS,ack_flag_number,0.009169887036841828
2,5,DDOS,ece_flag_number,0.0
2,5,DDOS,cwr_flag_number,0.0
2,5,DDOS,ack_count,0.011112647382833529
2,5,DDOS,syn_count,0.020067142369225622
2,5,DDOS,fin_count,0.0349033943581162
2,5,DDOS,rst_count,0.019943383225472643
2,5,DDOS,HTTP,2.629210712257191e-07
2,5,DDOS,HTTPS,0.0031236639627877593
2,5,DDOS,DNS,8.965964383822467e-07
2,5,DDOS,Telnet,0.0
2,5,DDOS,SMTP,0.0
2,5,DDOS,SSH,0.0
2,5,DDOS,IRC,0.0
2,5,DDOS,TCP,0.00732239157188701
2,5,DDOS,UDP,0.021634849917609243
2,5,DDOS,DHCP,0.0
2,5,DDOS,ARP,1.4687532170987173e-06
2,5,DDOS,ICMP,0.0022277170525740074
2,5,DDOS,IGMP,0.0
2,5,DDOS,IPv,2.584765947943879e-06
2,5,DDOS,LLC,3.8569728756265855e-06
2,5,DDOS,Tot sum,0.096579509973526
2,5,DDOS,Min,0.0
2,5,DDOS,Max,0.012608703110890929
2,5,DDOS,AVG,0.0065168312808964405
2,5,DDOS,Std,0.02986238484736532
2,5,DDOS,Tot size,0.008288234774954616
2,5,DDOS,IAT,0.002459737429035158
2,5,DDOS,Number,0.0
2,5,DDOS,Variance,0.27182046687230466
2,1,DOS,Header_Length,0.0035718632223506576
2,1,DOS,Protocol Type,0.0006928584878778566
2,1,DOS,Time_To_Live,0.003476647346178652
2,1,DOS,Rate,0.0017409188885039839
2,1,DOS,fin_flag_number,0.00013968378967206264
2,1,DOS,syn_flag_number,0.009723247302463277
2,1,DOS,rst_flag_number,5.639809863708933e-05
2,1,DOS,psh_flag_number,8.997504433523318e-05
2,1,DOS,ack_flag_number,0.012949605707035516
2,1,DOS,ece_flag_number,0.0
2,1,DOS,cwr_flag_number,0.0
2,1,DOS,ack_count,0.017666556633776052
2,1,DOS,syn_count,0.008723706819000653
2,1,DOS,fin_count,0.026080419762183737
2,1,DOS,rst_count,0.01196573661727598
2,1,DOS,HTTP,8.674631668696975e-05
2,1,DOS,HTTPS,2.3226052444530466e-05
2,1,DOS,DNS,0.0
2,1,DOS,Telnet,0.0
2,1,DOS,SMTP,0.0
2,1,DOS,SSH,0.0
2,1,DOS,IRC,0.0
2,1,DOS,TCP,0.0027924669951971738
2,1,DOS,UDP,0.029830965702421962
2,1,DOS,DHCP,0.0
2,1,DOS,ARP,4.6479948096589395e-06
2,1,DOS,ICMP,0.0007657338852737894
2,1,DOS,IGMP,0.0
2,1,DOS,IPv,4.739010155585532e-06
2,1,DOS,LLC,6.491125124341579e-06
2,1,DOS,Tot sum,0.14686373369768263
2,1,DOS,Min,0.02103090119198896
2,1,DOS,Max,0.003631790983490646
2,1,DOS,AVG,0.1389707200694829
2,1,DOS,Std,0.006629206985235214
2,1,DOS,Tot size,0.042619219166226685
2,1,DOS,IAT,0.0009753268471285991
2,1,DOS,Number,4.5266450285907924e-07
2,1,DOS,Variance,0.18312537912279367
2,2,DOS,Header_Length,0.004164628376020119
2,2,DOS,Protocol Type,0.0007740553108305903
2,2,DOS,Time_To_Live,0.0020721633036373532
2,2,DOS,Rate,0.0031856385856372073
2,2,DOS,fin_flag_number,0.0003548809676431119
2,2,DOS,syn_flag_number,0.02296478631615173
2,2,DOS,rst_flag_number,0.00011636457711574621
2,2,DOS,psh_flag_number,0.00010761822686617961
2,2,DOS,ack_flag_number,0.005132576233154396
2,2,DOS,ece_flag_number,0.0
2,2,DOS,cwr_flag_number,0.0
2,2,DOS,ack_count,0.010360623651649803
2,2,DOS,syn_count,0.030209181550890207
2,2,DOS,fin_count,0.0644812416867353
2,2,DOS,rst_count,0.031359109561890364
2,2,DOS,HTTP,2.6125389049980184e-05
2,2,DOS,HTTPS,0.00037586106308253877
2,2,DOS,DNS,0.0
2,2,DOS,Telnet,0.0
2,2,DOS,SMTP,0.0
2,2,DOS,SSH,0.0
2,2,DOS,IRC,0.0
2,2,DOS,TCP,0.003616188191153924
2,2,DOS,UDP,0.03806313050517929
2,2,DOS,DHCP,0.0
2,2,DOS,ARP,1.637571438450891e-06
2,2,DOS,ICMP,0.0008630876101619833
2,2,DOS,IGMP,0.0
2,2,DOS,IPv,5.882080618135888e-07
2,2,DOS,LLC,2.2721855259533186e-06
2,2,DOS,Tot sum,0.14105366296134889
2,2,DOS,Min,0.037047101980860475
2,2,DOS,Max,0.005670114560052753
2,2,DOS,AVG,0.12236032759537921
2,2,DOS,Std,0.01211114744655788
2,2,DOS,Tot size,0.0263068477564957
2,2,DOS,IAT,0.0030749628320336344
2,2,DOS,Number,3.831349545180274e-05
2,2,DOS,Variance,0.04060782641172409
2,3,DOS,Header_Length,0.013742492294113617
2,3,DOS,Protocol Type,0.0027123389878397574
2,3,DOS,Time_To_Live,0.007086892276129219
2,3,DOS,Rate,0.003576475872023366
2,3,DOS,fin_flag_number,0.0003961314127082005
2,3,DOS,syn_flag_number,0.013901585389976389
2,3,DOS,rst_flag_number,9.703542355055106e-05
2,3,DOS,psh_flag_number,2.7198621046409245e-05
2,3,DOS,ack_flag_number,0.009723177214618772
2,3,DOS,ece_flag_number,0.0
2,3,DOS,cwr_flag_number,0.0
2,3,DOS,ack_count,0.00250132619694341
2,3,DOS,syn_count,0.012013238522558822
2,3,DOS,fin_count,0.06735293982783333
2,3,DOS,rst_count,0.024529884720686825
2,3,DOS,HTTP,0.0017765848971976084
2,3,DOS,HTTPS,4.352148820885304e-07
2,3,DOS,DNS,8.997957134049272e-07
2,3,DOS,Telnet,0.0
2,3,DOS,SMTP,0.0
2,3,DOS,SSH,0.0
2,3,DOS,IRC,0.0
2,3,DOS,TCP,0.006788978561962722
2,3,DOS,UDP,0.045076220828923395
2,3,DOS,DHCP,0.0
2,3,DOS,ARP,5.1790012676633525e-06
2,3,DOS,ICMP,0.007690282095427392
2,3,DOS,IGMP,0.0
2,3,DOS,IPv,5.369535972477024e-06
2,3,DOS,LLC,1.3440973793876764e-05
2,3,DOS,Tot sum,0.10835939226672053
2,3,DOS,Min,0.021011330955661833
2,3,DOS,Max,0.0018916615135822212
2,3,DOS,AVG,0.06282148864120245
2,3,DOS,Std,0.004050695593468845
2,3,DOS,Tot size,0.019636176405401783
2,3,DOS,IAT,0.0007147415370127419
2,3,DOS,Number,0.0
2,3,DOS,Variance,0.018415053875651212
2,4,DOS,Header_Length,0.01762149480782682
2,4,DOS,Protocol Type,0.002395148111418166
2,4,DOS,Time_To_Live,0.01715977008848313
2,4,DOS,Rate,0.0019294596517283936
2,4,DOS,fin_flag_number,4.3087132210928304e-05
2,4,DOS,syn_flag_number,0.013430547481402755
2,4,DOS,rst_flag_number,2.307664367435791e-05
2,4,DOS,psh_flag_number,0.0002485674256604398
2,4,DOS,ack_flag_number,0.014135526136669796
2,4,DOS,ece_flag_number,0.0
2,4,DOS,cwr_flag_number,0.0
2,4,DOS,ack_count,0.030089008847426157
2,4,DOS,syn_count,0.009872224857099354
2,4,DOS,fin_count,0.009355380793567746
2,4,DOS,rst_count,0.008385371437179856
2,4,DOS,HTTP,0.0003951299350774207
2,4,DOS,HTTPS,0.0019595663473751302
2,4,DOS,DNS,3.438586809778599e-06
2,4,DOS,Telnet,0.0
2,4,DOS,SMTP,0.0
2,4,DOS,SSH,0.0
2,4,DOS,IRC,0.0
2,4,DOS,TCP,0.010853647240946885
2,4,DOS,UDP,0.04651266010478139
2,4,DOS,DHCP,0.0
2,4,DOS,ARP,2.3407332027503003e-05
2,4,DOS,ICMP,0.0025032747771547292
2,4,DOS,IGMP,0.0
2,4,DOS,IPv,1.577042987257471e-05
2,4,DOS,LLC,3.894878940968738e-05
2,4,DOS,Tot sum,0.12308693751692772
2,4,DOS,Min,0.029212670167908072
2,4,DOS,Max,0.01216799397370778
2,4,DOS,AVG,0.11288057994097471
2,4,DOS,Std,0.025666145415743812
2,4,DOS,Tot size,0.013432849112723489
2,4,DOS,IAT,0.005586883818614297
2,4,DOS,Number,0.0
2,4,DOS,Variance,0.08187603217083961
2,5,DOS,Header_Length,0.021216527809838227
2,5,DOS,Protocol Type,0.002396039142581685
2,5,DOS,Time_To_Live,0.0029193025948188733
2,5,DOS,Rate,0.0024684036085091065
2,5,DOS,fin_flag_number,8.461892505522428e-05
2,5,DOS,syn_flag_number,0.009314213244942948
2,5,DOS,rst_flag_number,5.31934327767658e-05
2,5,DOS,psh_flag_number,0.0002749053980572569
2,5,DOS,ack_flag_number,0.005313096244208282
2,5,DOS,ece_flag_number,0.0
2,5,DOS,cwr_flag_number,0.0
2,5,DOS,ack_count,0.013907903085055295
2,5,DOS,syn_count,0.013860106724314392
2,5,DOS,fin_count,0.020915670095928363
2,5,DOS,rst_count,0.021823317952657816
2,5,DOS,HTTP,0.0014529111795127392
2,5,DOS,HTTPS,0.0025771874602980916
2,5,DOS,DNS,1.0228614989671315e-06
2,5,DOS,Telnet,0.0
2,5,DOS,SMTP,0.0
2,5,DOS,SSH,0.0
2,5,DOS,IRC,0.0
2,5,DOS,TCP,0.01183207806864175
2,5,DOS,UDP,0.02988454844162334
2,5,DOS,DHCP,0.0
2,5,DOS,ARP,1.0760395697673176e-05
2,5,DOS,ICMP,0.004738506116791541
2,5,DOS,IGMP,0.0
2,5,DOS,IPv,4.558933338216775e-06
2,5,DOS,LLC,1.0176543887041589e-05
2,5,DOS,Tot sum,0.1494885644875467
2,5,DOS,Min,0.0
2,5,DOS,Max,0.007853064719529356
2,5,DOS,AVG,0.013088405404414517
2,5,DOS,Std,0.022509910026565196
2,5,DOS,Tot size,0.009040061343694106
2,5,DOS,IAT,0.0043801931138204965
2,5,DOS,Number,0.0
2,5,DOS,Variance,0.20696876994334162
2,1,MIRAI,Header_Length,5.064321076133638e-05
2,1,MIRAI,Protocol Type,3.024736799943639e-05
2,1,MIRAI,Time_To_Live,3.200075028644278e-05
2,1,MIRAI,Rate,4.926402285718723e-05
2,1,MIRAI,fin_flag_number,6.283883535473933e-06
2,1,MIRAI,syn_flag_number,0.0007617934573318052
2,1,MIRAI,rst_flag_number,3.650010458500219e-06
2,1,MIRAI,psh_flag_number,4.148324827557559e-06
2,1,MIRAI,ack_flag_number,0.001561166539977421
2,1,MIRAI,ece_flag_number,0.0
2,1,MIRAI,cwr_flag_number,0.0
2,1,MIRAI,ack_count,0.0015552571196167265
2,1,MIRAI,syn_count,0.0005538544054161321
2,1,MIRAI,fin_count,0.0011307060523904511
2,1,MIRAI,rst_count,0.0008074468621998676
2,1,MIRAI,HTTP,1.0596869945089793e-05
2,1,MIRAI,HTTPS,5.354001171298251e-08
2,1,MIRAI,DNS,5.4212011768584034e-08
2,1,MIRAI,Telnet,0.0
2,1,MIRAI,SMTP,0.0
2,1,MIRAI,SSH,0.0
2,1,MIRAI,IRC,0.0
2,1,MIRAI,TCP,2.0761931068591366e-05
2,1,MIRAI,UDP,0.0029108995431670337
2,1,MIRAI,DHCP,0.0
2,1,MIRAI,ARP,2.9497838349712423e-08
2,1,MIRAI,ICMP,5.5263452324538775e-05
2,1,MIRAI,IGMP,0.0
2,1,MIRAI,IPv,6.116872048878008e-08
2,1,MIRAI,LLC,1.6433542011640155e-07
2,1,MIRAI,Tot sum,0.25978476703166964
2,1,MIRAI,Min,0.05941848058719188
2,1,MIRAI,Max,0.010116762317193207
2,1,MIRAI,AVG,0.39669205965474247
2,1,MIRAI,Std,0.014378141204360873
2,1,MIRAI,Tot size,0.14555606311187147
2,1,MIRAI,IAT,0.0003184067211805086
2,1,MIRAI,Number,5.795660635783406e-05
2,1,MIRAI,Variance,0.17102421317249536
2,2,MIRAI,Header_Length,0.00015755006425024475
2,2,MIRAI,Protocol Type,0.0001404812030159519
2,2,MIRAI,Time_To_Live,5.7776950575316734e-05
2,2,MIRAI,Rate,0.0002778123307507485
2,2,MIRAI,fin_flag_number,3.090869740844937e-05
2,2,MIRAI,syn_flag_number,0.010657300800085067
2,2,MIRAI,rst_flag_number,1.3298649901116732e-05
2,2,MIRAI,psh_flag_number,5.279177014472225e-06
2,2,MIRAI,ack_flag_number,0.0008649660245282576
2,2,MIRAI,ece_flag_number,0.0
2,2,MIRAI,cwr_flag_number,0.0
2,2,MIRAI,ack_count,0.0009591125839506276
2,2,MIRAI,syn_count,0.00746488394215703
2,2,MIRAI,fin_count,0.004135682038031519
2,2,MIRAI,rst_count,0.0027251837658695877
2,2,MIRAI,HTTP,5.124445488036145e-06
2,2,MIRAI,HTTPS,3.534812790029207e-07
2,2,MIRAI,DNS,2.4967923195617912e-08
2,2,MIRAI,Telnet,0.0
2,2,MIRAI,SMTP,0.0
2,2,MIRAI,SSH,0.0
2,2,MIRAI,IRC,0.0
2,2,MIRAI,TCP,7.709229903412052e-05
2,2,MIRAI,UDP,0.007842535607051105
2,2,MIRAI,DHCP,0.0
2,2,MIRAI,ARP,3.595450404070277e-08
2,2,MIRAI,ICMP,1.8922958997791283e-05
2,2,MIRAI,IGMP,0.0
2,2,MIRAI,IPv,4.375971720538274e-08
2,2,MIRAI,LLC,2.8303493593284657e-07
2,2,MIRAI,Tot sum,0.8818487349897624
2,2,MIRAI,Min,0.1928830255711773
2,2,MIRAI,Max,0.021241601090878248
2,2,MIRAI,AVG,0.868024805188179
2,2,MIRAI,Std,0.018173751269932835
2,2,MIRAI,Tot size,0.13350088223814965
2,2,MIRAI,IAT,0.0012284662909223699
2,2,MIRAI,Number,4.8919624930476855e-06
2,2,MIRAI,Variance,0.19175804972182958
2,3,MIRAI,Header_Length,6.787653019273421e-05
2,3,MIRAI,Protocol Type,5.451158519775845e-05
2,3,MIRAI,Time_To_Live,0.0001807567590645931
2,3,MIRAI,Rate,7.537933124694974e-05
2,3,MIRAI,fin_flag_number,2.3995236369955818e-05
2,3,MIRAI,syn_flag_number,0.005513086472637952
2,3,MIRAI,rst_flag_number,1.4754947801520758e-05
2,3,MIRAI,psh_flag_number,9.650972583585826e-06
2,3,MIRAI,ack_flag_number,0.0014087186644246685
2,3,MIRAI,ece_flag_number,0.0
2,3,MIRAI,cwr_flag_number,0.0
2,3,MIRAI,ack_count,0.0015885950722349662
2,3,MIRAI,syn_count,0.004194210423156619
2,3,MIRAI,fin_count,0.003879425732884556
2,3,MIRAI,rst_count,0.0028880988247692585
2,3,MIRAI,HTTP,9.951023412213544e-06
2,3,MIRAI,HTTPS,7.466945237677435e-08
2,3,MIRAI,DNS,4.441203991234488e-08
2,3,MIRAI,Telnet,0.0
2,3,MIRAI,SMTP,0.0
2,3,MIRAI,SSH,0.0
2,3,MIRAI,IRC,0.0
2,3,MIRAI,TCP,5.7035414283745925e-05
2,3,MIRAI,UDP,0.014593032968696207
2,3,MIRAI,DHCP,0.0
2,3,MIRAI,ARP,1.1193846107815376e-07
2,3,MIRAI,ICMP,9.028782824316295e-05
2,3,MIRAI,IGMP,0.0
2,3,MIRAI,IPv,1.468187750930383e-07
2,3,MIRAI,LLC,6.114926009104238e-07
2,3,MIRAI,Tot sum,0.5836082242429257
2,3,MIRAI,Min,0.1375689713167958
2,3,MIRAI,Max,0.019235351402312518
2,3,MIRAI,AVG,0.7293974190950394
2,3,MIRAI,Std,0.024393914357642644
2,3,MIRAI,Tot size,0.1766340248286724
2,3,MIRAI,IAT,0.0008692211285961093
2,3,MIRAI,Number,0.0
2,3,MIRAI,Variance,0.28849891085374113
2,4,MIRAI,Header_Length,5.601492373443762e-05
2,4,MIRAI,Protocol Type,8.345223686774261e-05
2,4,MIRAI,Time_To_Live,0.0002104668959191258
2,4,MIRAI,Rate,4.290140373086615e-05
2,4,MIRAI,fin_flag_number,2.9546555481374527e-06
2,4,MIRAI,syn_flag_number,0.005671180365607142
2,4,MIRAI,rst_flag_number,1.8820737153646405e-06
2,4,MIRAI,psh_flag_number,1.0950399087050755e-05
2,4,MIRAI,ack_flag_number,0.001709881902206689
2,4,MIRAI,ece_flag_number,0.0
2,4,MIRAI,cwr_flag_number,0.0
2,4,MIRAI,ack_count,0.0020019289862830193
2,4,MIRAI,syn_count,0.004850681882817298
2,4,MIRAI,fin_count,0.0006028901494573802
2,4,MIRAI,rst_count,0.0003639742222731002
2,4,MIRAI,HTTP,5.711161713506385e-06
2,4,MIRAI,HTTPS,1.1347070588155207e-06
2,4,MIRAI,DNS,6.034793051945541e-08
2,4,MIRAI,Telnet,0.0
2,4,MIRAI,SMTP,0.0
2,4,MIRAI,SSH,0.0
2,4,MIRAI,IRC,0.0
2,4,MIRAI,TCP,4.40425223132479e-05
2,4,MIRAI,UDP,0.010227935464354233
2,4,MIRAI,DHCP,0.0
2,4,MIRAI,ARP,1.4495958744475956e-08
2,4,MIRAI,ICMP,2.2424005078391928e-05
2,4,MIRAI,IGMP,0.0
2,4,MIRAI,IPv,3.295570796257863e-08
2,4,MIRAI,LLC,1.3016239643892647e-07
2,4,MIRAI,Tot sum,0.6122846439480781
2,4,MIRAI,Min,0.07784905890584923
2,4,MIRAI,Max,0.018189200758934022
2,4,MIRAI,AVG,0.6877123534679412
2,4,MIRAI,Std,0.04514630155172199
2,4,MIRAI,Tot size,0.20986173376441003
2,4,MIRAI,IAT,0.0007189967909653205
2,4,MIRAI,Number,0.0
2,4,MIRAI,Variance,0.45300155552104115
2,5,MIRAI,Header_Length,7.51878137634776e-05
2,5,MIRAI,Protocol Type,5.520344047909021e-05
2,5,MIRAI,Time_To_Live,0.0001158893915999215
2,5,MIRAI,Rate,5.839813638885971e-05
2,5,MIRAI,fin_flag_number,9.787341559786e-06
2,5,MIRAI,syn_flag_number,0.012064932007342577
2,5,MIRAI,rst_flag_number,6.466565309892758e-06
2,5,MIRAI,psh_flag_number,9.343437250208808e-06
2,5,MIRAI,ack_flag_number,0.0008432396978605538
2,5,MIRAI,ece_flag_number,0.0
2,5,MIRAI,cwr_flag_number,0.0
2,5,MIRAI,ack_count,0.001295560083235614
2,5,MIRAI,syn_count,0.008325599553063511
2,5,MIRAI,fin_count,0.0013760567991994322
2,5,MIRAI,rst_count,0.0009406440411112271
2,5,MIRAI,HTTP,0.0
2,5,MIRAI,HTTPS,5.717688210893357e-07
2,5,MIRAI,DNS,1.1482468398327228e-07
2,5,MIRAI,Telnet,0.0
2,5,MIRAI,SMTP,0.0
2,5,MIRAI,SSH,0.0
2,5,MIRAI,IRC,0.0
2,5,MIRAI,TCP,5.634335648210254e-05
2,5,MIRAI,UDP,0.01263380548916757
2,5,MIRAI,DHCP,0.0
2,5,MIRAI,ARP,3.245611766011791e-08
2,5,MIRAI,ICMP,4.265507923264522e-05
2,5,MIRAI,IGMP,0.0
2,5,MIRAI,IPv,1.2872679455711022e-07
2,5,MIRAI,LLC,2.1637102918248274e-07
2,5,MIRAI,Tot sum,0.8104363054037094
2,5,MIRAI,Min,0.170513849001145
2,5,MIRAI,Max,0.018772901874035595
2,5,MIRAI,AVG,0.7804847538471222
2,5,MIRAI,Std,0.018500093882903457
2,5,MIRAI,Tot size,0.08880554661154746
2,5,MIRAI,IAT,0.0011199826054507866
2,5,MIRAI,Number,0.0
2,5,MIRAI,Variance,0.199430528240282
2,1,RECON,Header_Length,8.427166748674609e-05
2,1,RECON,Protocol Type,9.955953573026477e-06
2,1,RECON,Time_To_Live,0.003160758212561632
2,1,RECON,Rate,0.0001288816834659201
2,1,RECON,fin_flag_number,1.77414708147694e-05
2,1,RECON,syn_flag_number,0.019343571799981873
2,1,RECON,rst_flag_number,1.7483543282992285e-05
2,1,RECON,psh_flag_number,2.709678733481269e-05
2,1,RECON,ack_flag_number,0.013566302627077675
2,1,RECON,ece_flag_number,0.0
2,1,RECON,cwr_flag_number,0.0
2,1,RECON,ack_count,0.0017303718406765257
2,1,RECON,syn_count,0.0018043448304524644
2,1,RECON,fin_count,0.0023710941237368387
2,1,RECON,rst_count,0.0011079095933382633
2,1,RECON,HTTP,1.472923417722427e-05
2,1,RECON,HTTPS,2.5401076516651244e-05
2,1,RECON,DNS,7.93016609463848e-06
2,1,RECON,Telnet,0.0
2,1,RECON,SMTP,0.0
2,1,RECON,SSH,0.0
2,1,RECON,IRC,0.0
2,1,RECON,TCP,7.272539960467839e-06
2,1,RECON,UDP,0.002923048577576992
2,1,RECON,DHCP,0.0
2,1,RECON,ARP,5.583528434605078e-07
2,1,RECON,ICMP,2.4175949084792593e-05
2,1,RECON,IGMP,0.0
2,1,RECON,IPv,6.515056922840046e-07
2,1,RECON,LLC,4.1839685660960415e-06
2,1,RECON,Tot sum,0.16647331081330777
2,1,RECON,Min,0.0017014850636769552
2,1,RECON,Max,0.0008808329515886726
2,1,RECON,AVG,0.008236975036561489
2,1,RECON,Std,0.002125246405557846
2,1,RECON,Tot size,0.010621079214615747
2,1,RECON,IAT,0.0186164912651293
2,1,RECON,Number,0.007115016895113513
2,1,RECON,Variance,0.06448303782381118
2,2,RECON,Header_Length,0.00010489984629273863
2,2,RECON,Protocol Type,1.7959184816085384e-05
2,2,RECON,Time_To_Live,0.007465715862957722
2,2,RECON,Rate,0.00024854575061823426
2,2,RECON,fin_flag_number,2.3166049360767716e-05
2,2,RECON,syn_flag_number,0.00832349717559282
2,2,RECON,rst_flag_number,2.51127442600918e-05
2,2,RECON,psh_flag_number,1.1460535653284864e-05
2,2,RECON,ack_flag_number,0.014780780220235101
2,2,RECON,ece_flag_number,0.0
2,2,RECON,cwr_flag_number,0.0
2,2,RECON,ack_count,0.000877567945553892
2,2,RECON,syn_count,0.007480650278739631
2,2,RECON,fin_count,0.005271146025643247
2,2,RECON,rst_count,0.002581318614875272
2,2,RECON,HTTP,5.763947386849821e-06
2,2,RECON,HTTPS,7.021353161817956e-05
2,2,RECON,DNS,1.0689238069971908e-05
2,2,RECON,Telnet,0.0
2,2,RECON,SMTP,0.0
2,2,RECON,SSH,0.0
2,2,RECON,IRC,0.0
2,2,RECON,TCP,1.450615008047329e-05
2,2,RECON,UDP,0.0037483115752820597
2,2,RECON,DHCP,0.0
2,2,RECON,ARP,4.663186802322805e-06
2,2,RECON,ICMP,5.07158114197992e-06
2,2,RECON,IGMP,0.0
2,2,RECON,IPv,1.3311599683341057e-05
2,2,RECON,LLC,2.3681714306311717e-05
2,2,RECON,Tot sum,0.3155328149790876
2,2,RECON,Min,3.250514748369682e-05
2,2,RECON,Max,0.0027018067223252727
2,2,RECON,AVG,0.015893523913109674
2,2,RECON,Std,0.006719830067595467
2,2,RECON,Tot size,0.03457614005310461
2,2,RECON,IAT,0.0668234028005827
2,2,RECON,Number,0.0277619226337265
2,2,RECON,Variance,0.10314808413386345
2,3,RECON,Header_Length,0.0007398542286637166
2,3,RECON,Protocol Type,3.8957672260053756e-05
2,3,RECON,Time_To_Live,0.03691366155107971
2,3,RECON,Rate,0.0002681429470698049
2,3,RECON,fin_flag_number,5.641346871243513e-05
2,3,RECON,syn_flag_number,0.03208026409529339
2,3,RECON,rst_flag_number,0.00010901051660994199
2,3,RECON,psh_flag_number,4.374991811886275e-05
2,3,RECON,ack_flag_number,0.0386726895798347
2,3,RECON,ece_flag_number,0.0
2,3,RECON,cwr_flag_number,0.0
2,3,RECON,ack_count,0.0011135127610486962
2,3,RECON,syn_count,0.006773250499463757
2,3,RECON,fin_count,0.008190492513676872
2,3,RECON,rst_count,0.0033146751469757874
2,3,RECON,HTTP,3.744208255795911e-05
2,3,RECON,HTTPS,5.813913375476432e-05
2,3,RECON,DNS,1.7503716905725026e-05
2,3,RECON,Telnet,0.0
2,3,RECON,SMTP,0.0
2,3,RECON,SSH,0.0
2,3,RECON,IRC,0.0
2,3,RECON,TCP,2.7474989656894878e-05
2,3,RECON,UDP,0.003902958986327576
2,3,RECON,DHCP,0.0
2,3,RECON,ARP,1.967584824025259e-06
2,3,RECON,ICMP,5.081052632363026e-05
2,3,RECON,IGMP,0.0
2,3,RECON,IPv,2.0751514533401405e-06
2,3,RECON,LLC,1.8404453758114058e-06
2,3,RECON,Tot sum,0.3091003904119134
2,3,RECON,Min,0.0025401258304555085
2,3,RECON,Max,0.0023033958706946576
2,3,RECON,AVG,0.028140764171257614
2,3,RECON,Std,0.006631151171313831
2,3,RECON,Tot size,0.0412460558116436
2,3,RECON,IAT,0.08587151399333379
2,3,RECON,Number,0.04333115957560949
2,3,RECON,Variance,0.128025470871944
2,4,RECON,Header_Length,0.00019508329196469277
2,4,RECON,Protocol Type,1.240866300804555e-05
2,4,RECON,Time_To_Live,0.016800224973485454
2,4,RECON,Rate,9.526787146114657e-05
2,4,RECON,fin_flag_number,4.597328138800094e-06
2,4,RECON,syn_flag_number,0.0029872477032768076
2,4,RECON,rst_flag_number,9.324305389668553e-06
2,4,RECON,psh_flag_number,6.670505599117859e-05
2,4,RECON,ack_flag_number,0.014524500735569745
2,4,RECON,ece_flag_number,0.0
2,4,RECON,cwr_flag_number,0.0
2,4,RECON,ack_count,0.0017994011046539526
2,4,RECON,syn_count,0.0036060925747733565
2,4,RECON,fin_count,0.0008820751858365838
2,4,RECON,rst_count,0.0008424330924754031
2,4,RECON,HTTP,6.0256516491108414e-05
2,4,RECON,HTTPS,3.799750296309412e-05
2,4,RECON,DNS,2.774913190917161e-06
2,4,RECON,Telnet,0.0
2,4,RECON,SMTP,0.0
2,4,RECON,SSH,0.0
2,4,RECON,IRC,0.0
2,4,RECON,TCP,2.6098423336406996e-05
2,4,RECON,UDP,0.005590465977729764
2,4,RECON,DHCP,0.0
2,4,RECON,ARP,4.847792456241784e-07
2,4,RECON,ICMP,2.6493588211451425e-05
2,4,RECON,IGMP,0.0
2,4,RECON,IPv,2.1384517571831905e-06
2,4,RECON,LLC,5.413064081816188e-06
2,4,RECON,Tot sum,0.36835033595561983
2,4,RECON,Min,0.0007882735195380519
2,4,RECON,Max,0.0037928176556306426
2,4,RECON,AVG,0.027834507994703016
2,4,RECON,Std,0.007059922703774646
2,4,RECON,Tot size,0.04536731065018103
2,4,RECON,IAT,0.06349327899515629
2,4,RECON,Number,0.022634105011820792
2,4,RECON,Variance,0.14914075133856386
2,5,RECON,Header_Length,0.00039336704112429287
2,5,RECON,Protocol Type,3.5009792441087484e-05
2,5,RECON,Time_To_Live,0.05515443572882646
2,5,RECON,Rate,0.0001498506407926925
2,5,RECON,fin_flag_number,2.9764768868822954e-05
2,5,RECON,syn_flag_number,0.03389015132124769
2,5,RECON,rst_flag_number,4.660246680003866e-05
2,5,RECON,psh_flag_number,6.629786691121353e-05
2,5,RECON,ack_flag_number,0.06478132926422404
2,5,RECON,ece_flag_number,0.0
2,5,RECON,cwr_flag_number,0.0
2,5,RECON,ack_count,0.0017724823537719203
2,5,RECON,syn_count,0.01215470319002634
2,5,RECON,fin_count,0.0012576488417835208
2,5,RECON,rst_count,0.0021444158450321994
2,5,RECON,HTTP,4.2717862743302246e-05
2,5,RECON,HTTPS,3.434530390897805e-05
2,5,RECON,DNS,8.331904460227163e-06
2,5,RECON,Telnet,0.0
2,5,RECON,SMTP,0.0
2,5,RECON,SSH,0.0
2,5,RECON,IRC,0.0
2,5,RECON,TCP,3.9024223178785177e-05
2,5,RECON,UDP,0.005436051473679981
2,5,RECON,DHCP,0.0
2,5,RECON,ARP,9.71245866543749e-07
2,5,RECON,ICMP,7.855246525423354e-05
2,5,RECON,IGMP,0.0
2,5,RECON,IPv,8.212434507298694e-06
2,5,RECON,LLC,1.3800789747919762e-05
2,5,RECON,Tot sum,0.42822360824793576
2,5,RECON,Min,0.0012559581380173768
2,5,RECON,Max,0.0006201925683853915
2,5,RECON,AVG,0.06201806003009551
2,5,RECON,Std,0.018461060160188936
2,5,RECON,Tot size,0.05282491783145815
2,5,RECON,IAT,0.17940123748994666
2,5,RECON,Number,0.02976362326880917
2,5,RECON,Variance,0.10197653202340007
2,1,SPOOFING,Header_Length,1.5002702571109695e-05
2,1,SPOOFING,Protocol Type,3.5045497466512646e-05
2,1,SPOOFING,Time_To_Live,0.0030698135693455696
2,1,SPOOFING,Rate,3.46960296923271e-05
2,1,SPOOFING,fin_flag_number,3.337239705558659e-06
2,1,SPOOFING,syn_flag_number,0.0006982826765352002
2,1,SPOOFING,rst_flag_number,3.0382812923335223e-06
2,1,SPOOFING,psh_flag_number,1.2858235291446362e-05
2,1,SPOOFING,ack_flag_number,0.0009555152550092316
2,1,SPOOFING,ece_flag_number,0.0
2,1,SPOOFING,cwr_flag_number,0.0
2,1,SPOOFING,ack_count,0.0012031318726258178
2,1,SPOOFING,syn_count,0.00023999789128197334
2,1,SPOOFING,fin_count,0.0004227694734254328
2,1,SPOOFING,rst_count,0.0005483874758283492
2,1,SPOOFING,HTTP,6.173177790813611e-06
2,1,SPOOFING,HTTPS,1.4039404843657622e-05
2,1,SPOOFING,DNS,0.0
2,1,SPOOFING,Telnet,0.0
2,1,SPOOFING,SMTP,0.0
2,1,SPOOFING,SSH,0.0
2,1,SPOOFING,IRC,0.0
2,1,SPOOFING,TCP,5.034859911745571e-06
2,1,SPOOFING,UDP,0.00046105243191050247
2,1,SPOOFING,DHCP,0.0
2,1,SPOOFING,ARP,2.9825058988075527e-07
2,1,SPOOFING,ICMP,3.1279719399535113e-06
2,1,SPOOFING,IGMP,0.0
2,1,SPOOFING,IPv,8.534012316596673e-07
2,1,SPOOFING,LLC,1.6197929824102175e-06
2,1,SPOOFING,Tot sum,0.07661372334696352
2,1,SPOOFING,Min,0.00027805550162156577
2,1,SPOOFING,Max,0.0006296660241787322
2,1,SPOOFING,AVG,0.029604098619893195
2,1,SPOOFING,Std,0.013923148741014302
2,1,SPOOFING,Tot size,0.04625094924122095
2,1,SPOOFING,IAT,0.026329292623108812
2,1,SPOOFING,Number,0.001862900071500917
2,1,SPOOFING,Variance,0.3107128757983446
2,2,SPOOFING,Header_Length,0.0002726231593896955
2,2,SPOOFING,Protocol Type,1.4736036928297835e-05
2,2,SPOOFING,Time_To_Live,0.0037158639362132816
2,2,SPOOFING,Rate,0.0006746112553287275
2,2,SPOOFING,fin_flag_number,1.3727680197206383e-05
2,2,SPOOFING,syn_flag_number,0.01899196868762374
2,2,SPOOFING,rst_flag_number,1.644996477807581e-05
2,2,SPOOFING,psh_flag_number,3.651668788613449e-05
2,2,SPOOFING,ack_flag_number,0.039645706276041894
2,2,SPOOFING,ece_flag_number,0.0
2,2,SPOOFING,cwr_flag_number,0.0
2,2,SPOOFING,ack_count,0.0018705460967794352
2,2,SPOOFING,syn_count,0.0057539968896890056
2,2,SPOOFING,fin_count,0.004430284958652919
2,2,SPOOFING,rst_count,0.00403878494980745
2,2,SPOOFING,HTTP,7.105507040705561e-06
2,2,SPOOFING,HTTPS,0.0002722087581531696
2,2,SPOOFING,DNS,1.1226771312067285e-05
2,2,SPOOFING,Telnet,0.0
2,2,SPOOFING,SMTP,0.0
2,2,SPOOFING,SSH,0.0
2,2,SPOOFING,IRC,0.0
2,2,SPOOFING,TCP,7.685844950628961e-05
2,2,SPOOFING,UDP,0.005268150507617975
2,2,SPOOFING,DHCP,0.0
2,2,SPOOFING,ARP,4.986774034765329e-07
2,2,SPOOFING,ICMP,3.594161641871096e-05
2,2,SPOOFING,IGMP,0.0
2,2,SPOOFING,IPv,8.722966665319909e-07
2,2,SPOOFING,LLC,9.203313531180867e-06
2,2,SPOOFING,Tot sum,0.13871893975883723
2,2,SPOOFING,Min,0.016627631947994815
2,2,SPOOFING,Max,0.004281574703782098
2,2,SPOOFING,AVG,0.1863262815400958
2,2,SPOOFING,Std,0.011389264930039644
2,2,SPOOFING,Tot size,0.14591752756386994
2,2,SPOOFING,IAT,0.03520319050682019
2,2,SPOOFING,Number,0.0280600146856159
2,2,SPOOFING,Variance,0.07011474985629321
2,3,SPOOFING,Header_Length,1.815192907415053e-05
2,3,SPOOFING,Protocol Type,6.773579338759106e-06
2,3,SPOOFING,Time_To_Live,0.0007436603621044924
2,3,SPOOFING,Rate,0.0004240113889363073
2,3,SPOOFING,fin_flag_number,6.871772342176285e-06
2,3,SPOOFING,syn_flag_number,0.0010651151222191401
2,3,SPOOFING,rst_flag_number,7.314444997433278e-06
2,3,SPOOFING,psh_flag_number,3.941602331103411e-06
2,3,SPOOFING,ack_flag_number,0.004995602769179186
2,3,SPOOFING,ece_flag_number,0.0
2,3,SPOOFING,cwr_flag_number,0.0
2,3,SPOOFING,ack_count,0.00025079608805071983
2,3,SPOOFING,syn_count,0.00017079468427709797
2,3,SPOOFING,fin_count,0.0004881061728667646
2,3,SPOOFING,rst_count,0.0003238139981249333
2,3,SPOOFING,HTTP,6.9123158983719344e-06
2,3,SPOOFING,HTTPS,3.0093217599697075e-05
2,3,SPOOFING,DNS,5.2356937801228966e-08
2,3,SPOOFING,Telnet,0.0
2,3,SPOOFING,SMTP,0.0
2,3,SPOOFING,SSH,0.0
2,3,SPOOFING,IRC,0.0
2,3,SPOOFING,TCP,9.72618825869631e-06
2,3,SPOOFING,UDP,0.0017215615839793585
2,3,SPOOFING,DHCP,0.0
2,3,SPOOFING,ARP,3.53050421159698e-06
2,3,SPOOFING,ICMP,1.9197153303540658e-05
2,3,SPOOFING,IGMP,0.0
2,3,SPOOFING,IPv,2.4114564957617574e-06
2,3,SPOOFING,LLC,5.860257025458449e-06
2,3,SPOOFING,Tot sum,0.028322385896535705
2,3,SPOOFING,Min,8.830285270187144e-05
2,3,SPOOFING,Max,0.00014417992269954993
2,3,SPOOFING,AVG,0.012451209590653888
2,3,SPOOFING,Std,0.0005861491751602444
2,3,SPOOFING,Tot size,0.01443751358310692
2,3,SPOOFING,IAT,0.0016135409575510629
2,3,SPOOFING,Number,0.008783136485999422
2,3,SPOOFING,Variance,0.006813400394457858
2,4,SPOOFING,Header_Length,0.0003865881075626021
2,4,SPOOFING,Protocol Type,2.9479547589517096e-05
2,4,SPOOFING,Time_To_Live,0.010033059417719415
2,4,SPOOFING,Rate,0.0016621357724208251
2,4,SPOOFING,fin_flag_number,3.3772712630941726e-06
2,4,SPOOFING,syn_flag_number,0.007348345917853294
2,4,SPOOFING,rst_flag_number,2.3224451292769286e-06
2,4,SPOOFING,psh_flag_number,2.1896344533089973e-05
2,4,SPOOFING,ack_flag_number,0.046006672068688206
2,4,SPOOFING,ece_flag_number,0.0
2,4,SPOOFING,cwr_flag_number,0.0
2,4,SPOOFING,ack_count,0.002357964601026197
2,4,SPOOFING,syn_count,0.0011499577354697975
2,4,SPOOFING,fin_count,0.0003014809002479524
2,4,SPOOFING,rst_count,0.00017153347546026155
2,4,SPOOFING,HTTP,1.1359381436193416e-05
2,4,SPOOFING,HTTPS,0.0002420232463421712
2,4,SPOOFING,DNS,1.398499123422825e-07
2,4,SPOOFING,Telnet,0.0
2,4,SPOOFING,SMTP,0.0
2,4,SPOOFING,SSH,0.0
2,4,SPOOFING,IRC,0.0
2,4,SPOOFING,TCP,3.752834521506543e-05
2,4,SPOOFING,UDP,0.002013541072415137
2,4,SPOOFING,DHCP,0.0
2,4,SPOOFING,ARP,4.0251378878655707e-07
2,4,SPOOFING,ICMP,4.3481286739677215e-05
2,4,SPOOFING,IGMP,0.0
2,4,SPOOFING,IPv,1.333916700685389e-06
2,4,SPOOFING,LLC,3.1114256456743485e-06
2,4,SPOOFING,Tot sum,0.23238089599180967
2,4,SPOOFING,Min,0.06353936927880569
2,4,SPOOFING,Max,0.007626887355581857
2,4,SPOOFING,AVG,0.19019525405019522
2,4,SPOOFING,Std,0.011750026031950255
2,4,SPOOFING,Tot size,0.16584918079897762
2,4,SPOOFING,IAT,0.005640261320149875
2,4,SPOOFING,Number,0.025693326850887387
2,4,SPOOFING,Variance,0.08404538243776187
2,5,SPOOFING,Header_Length,4.952084136675694e-05
2,5,SPOOFING,Protocol Type,3.261039873336813e-05
2,5,SPOOFING,Time_To_Live,0.01522363053436493
2,5,SPOOFING,Rate,0.001131501084842057
2,5,SPOOFING,fin_flag_number,3.542432401104634e-06
2,5,SPOOFING,syn_flag_number,0.005714187961712014
2,5,SPOOFING,rst_flag_number,6.22413598083682e-06
2,5,SPOOFING,psh_flag_number,7.524789904067575e-06
2,5,SPOOFING,ack_flag_number,0.018461871982708544
2,5,SPOOFING,ece_flag_number,0.0
2,5,SPOOFING,cwr_flag_number,0.0
2,5,SPOOFING,ack_count,0.0008517504218616522
2,5,SPOOFING,syn_count,0.0006097219076764305
2,5,SPOOFING,fin_count,0.00024340723584828083
2,5,SPOOFING,rst_count,0.0004805751462299668
2,5,SPOOFING,HTTP,0.0
2,5,SPOOFING,HTTPS,7.405812186789262e-05
2,5,SPOOFING,DNS,5.408857108604725e-07
2,5,SPOOFING,Telnet,0.0
2,5,SPOOFING,SMTP,0.0
2,5,SPOOFING,SSH,0.0
2,5,SPOOFING,IRC,0.0
2,5,SPOOFING,TCP,3.71873998901151e-05
2,5,SPOOFING,UDP,0.000411419120428036
2,5,SPOOFING,DHCP,9.05733301692635e-09
2,5,SPOOFING,ARP,1.4881181518155983e-07
2,5,SPOOFING,ICMP,6.175704149882221e-05
2,5,SPOOFING,IGMP,0.0
2,5,SPOOFING,IPv,1.2560028048724802e-07
2,5,SPOOFING,LLC,3.8496334164861423e-07
2,5,SPOOFING,Tot sum,0.02423614696599543
2,5,SPOOFING,Min,0.02981609223616033
2,5,SPOOFING,Max,0.0021714657137636094
2,5,SPOOFING,AVG,0.12340128002688289
2,5,SPOOFING,Std,0.011046056461054832
2,5,SPOOFING,Tot size,0.041221979260444644
2,5,SPOOFING,IAT,0.0036457162322676593
2,5,SPOOFING,Number,0.02027684767381288
2,5,SPOOFING,Variance,0.05335665147285908
2,1,WEB,Header_Length,3.8478059474300606e-05
2,1,WEB,Protocol Type,3.3782163835383014e-05
2,1,WEB,Time_To_Live,0.003883639691730423
2,1,WEB,Rate,2.4213898774405608e-05
2,1,WEB,fin_flag_number,8.184042837910965e-06
2,1,WEB,syn_flag_number,0.0001816998437334405
2,1,WEB,rst_flag_number,9.465484987458695e-06
2,1,WEB,psh_flag_number,4.451223195189869e-06
2,1,WEB,ack_flag_number,0.0004643728851533524
2,1,WEB,ece_flag_number,0.0
2,1,WEB,cwr_flag_number,0.0
2,1,WEB,ack_count,0.00016518236045612867
2,1,WEB,syn_count,9.844061146395689e-05
2,1,WEB,fin_count,0.0002500625682273494
2,1,WEB,rst_count,0.00022549083223566413
2,1,WEB,HTTP,3.2289231609894385e-05
2,1,WEB,HTTPS,4.157099907686757e-06
2,1,WEB,DNS,1.5429295702418245e-06
2,1,WEB,Telnet,0.0
2,1,WEB,SMTP,0.0
2,1,WEB,SSH,1.8964347741956543e-06
2,1,WEB,IRC,0.0
2,1,WEB,TCP,1.62527732527451e-05
2,1,WEB,UDP,0.0010725766108862444
2,1,WEB,DHCP,0.0
2,1,WEB,ARP,1.260043481345896e-05
2,1,WEB,ICMP,3.848815691753771e-06
2,1,WEB,IGMP,0.0
2,1,WEB,IPv,4.899855078732262e-06
2,1,WEB,LLC,3.6431652496560217e-06
2,1,WEB,Tot sum,0.0488681435585022
2,1,WEB,Min,0.0010075104238239873
2,1,WEB,Max,0.0003994872277871764
2,1,WEB,AVG,0.018036419048439712
2,1,WEB,Std,0.0030059555909701884
2,1,WEB,Tot size,0.01625400027260184
2,1,WEB,IAT,0.08212821165725473
2,1,WEB,Number,0.004318572163174395
2,1,WEB,Variance,0.05134392036125064
2,2,WEB,Header_Length,4.695552671840631e-06
2,2,WEB,Protocol Type,4.892350733198825e-07
2,2,WEB,Time_To_Live,0.0006725485721275959
2,2,WEB,Rate,5.456921407143156e-06
2,2,WEB,fin_flag_number,9.474240047643856e-07
2,2,WEB,syn_flag_number,0.00037371623471926796
2,2,WEB,rst_flag_number,1.5331049675881836e-06
2,2,WEB,psh_flag_number,5.64771285360699e-07
2,2,WEB,ack_flag_number,0.00014616988300062417
2,2,WEB,ece_flag_number,0.0
2,2,WEB,cwr_flag_number,0.0
2,2,WEB,ack_count,1.336590639766655e-05
2,2,WEB,syn_count,0.00029663602571758927
2,2,WEB,fin_count,5.4155346134088235e-05
2,2,WEB,rst_count,8.175399587706522e-05
2,2,WEB,HTTP,2.229654927976554e-06
2,2,WEB,HTTPS,4.63214394752498e-07
2,2,WEB,DNS,3.158571502126506e-08
2,2,WEB,Telnet,0.0
2,2,WEB,SMTP,0.0
2,2,WEB,SSH,6.594535065573837e-07
2,2,WEB,IRC,0.0
2,2,WEB,TCP,1.188926401418655e-06
2,2,WEB,UDP,4.400504251140802e-05
2,2,WEB,DHCP,0.0
2,2,WEB,ARP,1.567450394407595e-07
2,2,WEB,ICMP,4.480613642554587e-07
2,2,WEB,IGMP,0.0
2,2,WEB,IPv,5.411533441413742e-08
2,2,WEB,LLC,2.0960895518997922e-07
2,2,WEB,Tot sum,0.004863667688186979
2,2,WEB,Min,0.0022437916517786594
2,2,WEB,Max,0.00018379987112666641
2,2,WEB,AVG,0.01384900100165396
2,2,WEB,Std,0.00022252546998515754
2,2,WEB,Tot size,0.0022202847670996563
2,2,WEB,IAT,0.0015901368707432085
2,2,WEB,Number,0.0006336480439472325
2,2,WEB,Variance,0.004415779995997582
2,3,WEB,Header_Length,9.908940784981723e-05
2,3,WEB,Protocol Type,1.1402273702287858e-05
2,3,WEB,Time_To_Live,0.0038979703088443786
2,3,WEB,Rate,6.240369137984203e-05
2,3,WEB,fin_flag_number,7.754734395781781e-06
2,3,WEB,syn_flag_number,0.000704298722121166
2,3,WEB,rst_flag_number,5.968792818578095e-05
2,3,WEB,psh_flag_number,6.191030121383001e-06
2,3,WEB,ack_flag_number,0.0021578412362032394
2,3,WEB,ece_flag_number,0.0
2,3,WEB,cwr_flag_number,0.0
2,3,WEB,ack_count,0.0004168621208933132
2,3,WEB,syn_count,0.0006081930438995187
2,3,WEB,fin_count,0.001507279231418579
2,3,WEB,rst_count,0.0005618930253035615
2,3,WEB,HTTP,2.3020079155955387e-05
2,3,WEB,HTTPS,8.351570316181278e-06
2,3,WEB,DNS,1.7274430082779568e-05
2,3,WEB,Telnet,0.0
2,3,WEB,SMTP,0.0
2,3,WEB,SSH,0.0
2,3,WEB,IRC,0.0
2,3,WEB,TCP,5.170835792256412e-05
2,3,WEB,UDP,0.0037940631913443213
2,3,WEB,DHCP,0.0
2,3,WEB,ARP,5.541062077618619e-06
2,3,WEB,ICMP,1.631081507014187e-05
2,3,WEB,IGMP,0.0
2,3,WEB,IPv,9.593649043720954e-06
2,3,WEB,LLC,1.0542048433437313e-05
2,3,WEB,Tot sum,0.08234800042409915
2,3,WEB,Min,0.0003611310163478265
2,3,WEB,Max,0.0009618391122785397
2,3,WEB,AVG,0.01335395877249539
2,3,WEB,Std,0.006546524207806215
2,3,WEB,Tot size,0.017990379594266415
2,3,WEB,IAT,0.06134695991349872
2,3,WEB,Number,0.010507772897108225
2,3,WEB,Variance,0.05210251528769731
2,4,WEB,Header_Length,7.72291494286037e-05
2,4,WEB,Protocol Type,3.2563101655114224e-05
2,4,WEB,Time_To_Live,0.008600931467390183
2,4,WEB,Rate,2.348047167970435e-05
2,4,WEB,fin_flag_number,3.913031711988424e-06
2,4,WEB,syn_flag_number,0.0016247485027633957
2,4,WEB,rst_flag_number,5.33970490153024e-06
2,4,WEB,psh_flag_number,8.412130951569452e-05
2,4,WEB,ack_flag_number,0.005561068876704667
2,4,WEB,ece_flag_number,0.0
2,4,WEB,cwr_flag_number,0.0
2,4,WEB,ack_count,0.0004518690538134251
2,4,WEB,syn_count,0.001702734133868944
2,4,WEB,fin_count,0.0003876218266327669
2,4,WEB,rst_count,0.0001705334125290392
2,4,WEB,HTTP,1.690338452249307e-05
2,4,WEB,HTTPS,1.9709525895450496e-05
2,4,WEB,DNS,9.764681240886918e-06
2,4,WEB,Telnet,0.0
2,4,WEB,SMTP,0.0
2,4,WEB,SSH,0.0
2,4,WEB,IRC,0.0
2,4,WEB,TCP,4.432324092249473e-05
2,4,WEB,UDP,0.0021386921383964364
2,4,WEB,DHCP,0.0
2,4,WEB,ARP,2.6087236790317546e-06
2,4,WEB,ICMP,8.718072587043935e-06
2,4,WEB,IGMP,0.0
2,4,WEB,IPv,6.803827182544353e-07
2,4,WEB,LLC,3.5063236790700004e-07
2,4,WEB,Tot sum,0.1300206477753818
2,4,WEB,Min,0.0682184460809367
2,4,WEB,Max,0.0052116604638285935
2,4,WEB,AVG,0.15903370827436447
2,4,WEB,Std,0.011222493609966477
2,4,WEB,Tot size,0.1598427920602262
2,4,WEB,IAT,0.08664996234874707
2,4,WEB,Number,0.009160234333830886
2,4,WEB,Variance,0.287685255235192
2,5,WEB,Header_Length,2.6009288213657555e-05
2,5,WEB,Protocol Type,2.6716223254452665e-06
2,5,WEB,Time_To_Live,0.0019110103416892343
2,5,WEB,Rate,4.3455849012552505e-06
2,5,WEB,fin_flag_number,1.1176958200034836e-06
2,5,WEB,syn_flag_number,0.00033318094127992025
2,5,WEB,rst_flag_number,1.8120575086433277e-06
2,5,WEB,psh_flag_number,1.4488907044918343e-06
2,5,WEB,ack_flag_number,0.0007730517856963104
2,5,WEB,ece_flag_number,0.0
2,5,WEB,cwr_flag_number,0.0
2,5,WEB,ack_count,5.2243920826117174e-05
2,5,WEB,syn_count,0.0003053388039688798
2,5,WEB,fin_count,5.706818793065338e-05
2,5,WEB,rst_count,9.408863573475146e-05
2,5,WEB,HTTP,1.8335854292672594e-07
2,5,WEB,HTTPS,4.667012285897165e-06
2,5,WEB,DNS,7.309759970932586e-08
2,5,WEB,Telnet,0.0
2,5,WEB,SMTP,0.0
2,5,WEB,SSH,9.760448918427755e-07
2,5,WEB,IRC,0.0
2,5,WEB,TCP,4.310964399589778e-06
2,5,WEB,UDP,0.0003372875742392978
2,5,WEB,DHCP,0.0
2,5,WEB,ARP,1.0646160938279637e-06
2,5,WEB,ICMP,3.5730594307281647e-06
2,5,WEB,IGMP,0.0
2,5,WEB,IPv,6.453815499136983e-07
2,5,WEB,LLC,4.537846637921866e-07
2,5,WEB,Tot sum,0.016825117847656657
2,5,WEB,Min,0.002703016688360549
2,5,WEB,Max,0.00038498053975217773
2,5,WEB,AVG,0.005021311288874131
2,5,WEB,Std,0.00168141152626049
2,5,WEB,Tot size,0.003973465535091236
2,5,WEB,IAT,0.016855262602643962
2,5,WEB,Number,0.0013494934702151795
2,5,WEB,Variance,0.013606746247387492
3,1,BENIGN,Header_Length,0.00010421904707413887
3,1,BENIGN,Protocol Type,3.6012971361287785e-05
3,1,BENIGN,Time_To_Live,0.0500074684387755
3,1,BENIGN,Rate,0.00014788187884846594
3,1,BENIGN,fin_flag_number,2.7137394015142034e-05
3,1,BENIGN,syn_flag_number,0.0011371133566569825
3,1,BENIGN,rst_flag_number,4.054433212097308e-06
3,1,BENIGN,psh_flag_number,1.0967579751763878e-05
3,1,BENIGN,ack_flag_number,0.004297355558043137
3,1,BENIGN,ece_flag_number,0.0
3,1,BENIGN,cwr_flag_number,0.0
3,1,BENIGN,ack_count,0.0014950006321328146
3,1,BENIGN,syn_count,0.0001797914443955051
3,1,BENIGN,fin_count,0.001151657083369173
3,1,BENIGN,rst_count,0.0015626239799757969
3,1,BENIGN,HTTP,6.946470930913051e-06
3,1,BENIGN,HTTPS,7.793563793434544e-06
3,1,BENIGN,DNS,5.560608769883402e-07
3,1,BENIGN,Telnet,0.0
3,1,BENIGN,SMTP,0.0
3,1,BENIGN,SSH,0.0
3,1,BENIGN,IRC,0.0
3,1,BENIGN,TCP,5.034881340293396e-06
3,1,BENIGN,UDP,0.0014574197826732415
3,1,BENIGN,DHCP,0.0
3,1,BENIGN,ARP,1.6608816469143583e-06
3,1,BENIGN,ICMP,7.290970794571194e-06
3,1,BENIGN,IGMP,0.0
3,1,BENIGN,IPv,1.700890246980613e-07
3,1,BENIGN,LLC,8.72783243427433e-07
3,1,BENIGN,Tot sum,0.1563453932059929
3,1,BENIGN,Min,0.0021108267093950415
3,1,BENIGN,Max,0.0018843592231860384
3,1,BENIGN,AVG,0.007136033254209906
3,1,BENIGN,Std,0.017005628626793622
3,1,BENIGN,Tot size,0.019595252885483205
3,1,BENIGN,IAT,0.019503448071986895
3,1,BENIGN,Number,0.011617326958366902
3,1,BENIGN,Variance,0.22757025212049484
3,2,BENIGN,Header_Length,2.7286012880267663e-06
3,2,BENIGN,Protocol Type,1.4777305201607582e-06
3,2,BENIGN,Time_To_Live,0.0005043962347031083
3,2,BENIGN,Rate,5.528563402634745e-06
3,2,BENIGN,fin_flag_number,1.2686730999966755e-06
3,2,BENIGN,syn_flag_number,0.00011210187014967232
3,2,BENIGN,rst_flag_number,1.4078073695689142e-07
3,2,BENIGN,psh_flag_number,1.0807811524182754e-06
3,2,BENIGN,ack_flag_number,6.585797321498888e-05
3,2,BENIGN,ece_flag_number,0.0
3,2,BENIGN,cwr_flag_number,0.0
3,2,BENIGN,ack_count,1.3831900216132453e-05
3,2,BENIGN,syn_count,2.5095317494105984e-05
3,2,BENIGN,fin_count,5.166818243083071e-05
3,2,BENIGN,rst_count,4.7174176108910616e-05
3,2,BENIGN,HTTP,1.1998881397912163e-07
3,2,BENIGN,HTTPS,6.87335954374646e-07
3,2,BENIGN,DNS,3.364163259078623e-07
3,2,BENIGN,Telnet,0.0
3,2,BENIGN,SMTP,0.0
3,2,BENIGN,SSH,5.034325845088005e-10
3,2,BENIGN,IRC,0.0
3,2,BENIGN,TCP,6.516992387267662e-07
3,2,BENIGN,UDP,9.891374292241295e-05
3,2,BENIGN,DHCP,0.0
3,2,BENIGN,ARP,1.875366835782377e-09
3,2,BENIGN,ICMP,1.3962062488381833e-07
3,2,BENIGN,IGMP,0.0
3,2,BENIGN,IPv,1.2278617330351016e-09
3,2,BENIGN,LLC,2.1989294429368075e-10
3,2,BENIGN,Tot sum,0.008797603759740013
3,2,BENIGN,Min,3.453673043329886e-05
3,2,BENIGN,Max,0.00011278134807071182
3,2,BENIGN,AVG,9.825506672314077e-05
3,2,BENIGN,Std,0.0008095129785942845
3,2,BENIGN,Tot size,0.0013539157080231234
3,2,BENIGN,IAT,0.0008938620783169426
3,2,BENIGN,Number,0.00022917432222016031
3,2,BENIGN,Variance,0.004154209145781351
3,3,BENIGN,Header_Length,0.00020657170310869332
3,3,BENIGN,Protocol Type,2.4936869181146905e-06
3,3,BENIGN,Time_To_Live,0.012793296569952872
3,3,BENIGN,Rate,0.0002094673368731037
3,3,BENIGN,fin_flag_number,2.646223906594969e-05
3,3,BENIGN,syn_flag_number,0.002774653416418005
3,3,BENIGN,rst_flag_number,2.213147363505641e-06
3,3,BENIGN,psh_flag_number,5.515057901313014e-05
3,3,BENIGN,ack_flag_number,0.007048574820919385
3,3,BENIGN,ece_flag_number,0.0
3,3,BENIGN,cwr_flag_number,0.0
3,3,BENIGN,ack_count,0.0002992269215383203
3,3,BENIGN,syn_count,0.000396455910140503
3,3,BENIGN,fin_count,0.0003097145553510927
3,3,BENIGN,rst_count,0.0005966663587969378
3,3,BENIGN,HTTP,2.876400352214148e-06
3,3,BENIGN,HTTPS,6.014066755000158e-06
3,3,BENIGN,DNS,9.212547391598825e-07
3,3,BENIGN,Telnet,0.0
3,3,BENIGN,SMTP,0.0
3,3,BENIGN,SSH,0.0
3,3,BENIGN,IRC,0.0
3,3,BENIGN,TCP,2.638459005765981e-06
3,3,BENIGN,UDP,0.0012065284803611576
3,3,BENIGN,DHCP,0.0
3,3,BENIGN,ARP,1.1653981755592458e-05
3,3,BENIGN,ICMP,3.091060358730857e-05
3,3,BENIGN,IGMP,0.0
3,3,BENIGN,IPv,6.695454085448027e-06
3,3,BENIGN,LLC,1.7493895301723407e-05
3,3,BENIGN,Tot sum,0.11850198692409322
3,3,BENIGN,Min,0.0004368606684693077
3,3,BENIGN,Max,0.002022563508944586
3,3,BENIGN,AVG,0.027637640247121453
3,3,BENIGN,Std,0.0301785362418741
3,3,BENIGN,Tot size,0.025011642300523818
3,3,BENIGN,IAT,0.11762245948102645
3,3,BENIGN,Number,0.01220973920931101
3,3,BENIGN,Variance,0.2559338677674532
3,4,BENIGN,Header_Length,0.00026043352929718824
3,4,BENIGN,Protocol Type,1.890951145355757e-05
3,4,BENIGN,Time_To_Live,0.09688969021415161
3,4,BENIGN,Rate,0.00014345946196954175
3,4,BENIGN,fin_flag_number,7.034845354780828e-06
3,4,BENIGN,syn_flag_number,0.0021477092395798536
3,4,BENIGN,rst_flag_number,1.6210670182204012e-06
3,4,BENIGN,psh_flag_number,6.654831101116088e-06
3,4,BENIGN,ack_flag_number,0.005105250731321576
3,4,BENIGN,ece_flag_number,0.0
3,4,BENIGN,cwr_flag_number,0.0
3,4,BENIGN,ack_count,0.0004931919925638794
3,4,BENIGN,syn_count,0.0006357405976814334
3,4,BENIGN,fin_count,0.00019472104976046012
3,4,BENIGN,rst_count,0.0003293995346666634
3,4,BENIGN,HTTP,1.4095187586615766e-05
3,4,BENIGN,HTTPS,2.7430935452343876e-05
3,4,BENIGN,DNS,1.0528157254330317e-07
3,4,BENIGN,Telnet,0.0
3,4,BENIGN,SMTP,0.0
3,4,BENIGN,SSH,0.0
3,4,BENIGN,IRC,0.0
3,4,BENIGN,TCP,1.5480993014804768e-05
3,4,BENIGN,UDP,0.0003655544511730113
3,4,BENIGN,DHCP,0.0
3,4,BENIGN,ARP,1.2927695481473878e-06
3,4,BENIGN,ICMP,1.5459015933494415e-05
3,4,BENIGN,IGMP,0.0
3,4,BENIGN,IPv,3.2904922958446047e-06
3,4,BENIGN,LLC,9.114554664345874e-07
3,4,BENIGN,Tot sum,0.10914841908961534
3,4,BENIGN,Min,0.015304844272759511
3,4,BENIGN,Max,0.002162138509993383
3,4,BENIGN,AVG,0.016460879403166474
3,4,BENIGN,Std,0.013860367488086922
3,4,BENIGN,Tot size,0.04785995436832309
3,4,BENIGN,IAT,0.02353869645485247
3,4,BENIGN,Number,0.017802066335571
3,4,BENIGN,Variance,0.0938562196028215
3,5,BENIGN,Header_Length,0.00014569369550372359
3,5,BENIGN,Protocol Type,1.5681834575076437e-05
3,5,BENIGN,Time_To_Live,0.01311666576511925
3,5,BENIGN,Rate,0.00012058603439299987
3,5,BENIGN,fin_flag_number,1.0009991452264444e-05
3,5,BENIGN,syn_flag_number,0.0029785346290736926
3,5,BENIGN,rst_flag_number,1.1000841530051098e-06
3,5,BENIGN,psh_flag_number,2.2402512822594645e-05
3,5,BENIGN,ack_flag_number,0.0033034857147868023
3,5,BENIGN,ece_flag_number,0.0
3,5,BENIGN,cwr_flag_number,0.0
3,5,BENIGN,ack_count,0.00039345457198578513
3,5,BENIGN,syn_count,0.0009847480701864696
3,5,BENIGN,fin_count,0.00037051123395031026
3,5,BENIGN,rst_count,0.00036915459829742756
3,5,BENIGN,HTTP,2.872593597658124e-07
3,5,BENIGN,HTTPS,1.3580218362108098e-05
3,5,BENIGN,DNS,3.49164988191486e-06
3,5,BENIGN,Telnet,0.0
3,5,BENIGN,SMTP,0.0
3,5,BENIGN,SSH,0.0
3,5,BENIGN,IRC,0.0
3,5,BENIGN,TCP,5.388269009731772e-06
3,5,BENIGN,UDP,0.001089284453610162
3,5,BENIGN,DHCP,0.0
3,5,BENIGN,ARP,2.0093569691047482e-08
3,5,BENIGN,ICMP,8.106410651365082e-06
3,5,BENIGN,IGMP,0.0
3,5,BENIGN,IPv,2.863474857395243e-07
3,5,BENIGN,LLC,4.823638869166924e-07
3,5,BENIGN,Tot sum,0.12010442250757478
3,5,BENIGN,Min,0.005003549708817445
3,5,BENIGN,Max,0.0060553234070539474
3,5,BENIGN,AVG,0.045201067626476285
3,5,BENIGN,Std,0.04769858419895172
3,5,BENIGN,Tot size,0.0374334953725338
3,5,BENIGN,IAT,0.029788561834720895
3,5,BENIGN,Number,0.005719112859515008
3,5,BENIGN,Variance,0.47436589635908605
3,1,DDOS,Header_Length,0.009506271820282564
3,1,DDOS,Protocol Type,0.0007114521351468284
3,1,DDOS,Time_To_Live,0.0006618377232371131
3,1,DDOS,Rate,0.0019248317103119916
3,1,DDOS,fin_flag_number,8.939642611949239e-05
3,1,DDOS,syn_flag_number,0.021173805254511534
3,1,DDOS,rst_flag_number,5.158693329576636e-05
3,1,DDOS,psh_flag_number,0.0003802841660217382
3,1,DDOS,ack_flag_number,0.00854561331216246
3,1,DDOS,ece_flag_number,0.0
3,1,DDOS,cwr_flag_number,0.0
3,1,DDOS,ack_count,0.006892318729660474
3,1,DDOS,syn_count,0.015412956677027977
3,1,DDOS,fin_count,0.026626597344875335
3,1,DDOS,rst_count,0.01800114754587412
3,1,DDOS,HTTP,0.0002654399677339825
3,1,DDOS,HTTPS,1.9135046250085e-05
3,1,DDOS,DNS,0.0
3,1,DDOS,Telnet,0.0
3,1,DDOS,SMTP,0.0
3,1,DDOS,SSH,0.0
3,1,DDOS,IRC,0.0
3,1,DDOS,TCP,0.0042636677128029985
3,1,DDOS,UDP,0.013790881750173867
3,1,DDOS,DHCP,0.0
3,1,DDOS,ARP,7.366396175711998e-06
3,1,DDOS,ICMP,0.0011383632150682387
3,1,DDOS,IGMP,0.0
3,1,DDOS,IPv,2.8749153109242087e-06
3,1,DDOS,LLC,9.183473713392231e-06
3,1,DDOS,Tot sum,0.12507758997380733
3,1,DDOS,Min,0.011026901891455054
3,1,DDOS,Max,0.0021230233774986117
3,1,DDOS,AVG,0.12291744463145733
3,1,DDOS,Std,0.0033992810065683445
3,1,DDOS,Tot size,0.09210400506854058
3,1,DDOS,IAT,0.004123610933311284
3,1,DDOS,Number,1.240162590647742e-05
3,1,DDOS,Variance,0.008341095258947462
3,2,DDOS,Header_Length,0.0126336863306733
3,2,DDOS,Protocol Type,0.0010485060924111168
3,2,DDOS,Time_To_Live,0.0009874986127215379
3,2,DDOS,Rate,0.001932846443969538
3,2,DDOS,fin_flag_number,0.0002760690834520574
3,2,DDOS,syn_flag_number,0.026889572909567505
3,2,DDOS,rst_flag_number,4.699959197296266e-05
3,2,DDOS,psh_flag_number,0.00044142198652252773
3,2,DDOS,ack_flag_number,0.045594975011772475
3,2,DDOS,ece_flag_number,0.0
3,2,DDOS,cwr_flag_number,0.0
3,2,DDOS,ack_count,0.024933453631820156
3,2,DDOS,syn_count,0.018174730893224477
3,2,DDOS,fin_count,0.05047865460801404
3,2,DDOS,rst_count,0.030047405726509168
3,2,DDOS,HTTP,4.661822697471507e-05
3,2,DDOS,HTTPS,0.00014293056476883949
3,2,DDOS,DNS,7.228279628179735e-07
3,2,DDOS,Telnet,0.0
3,2,DDOS,SMTP,0.0
3,2,DDOS,SSH,0.0
3,2,DDOS,IRC,0.0
3,2,DDOS,TCP,0.008412921863123302
3,2,DDOS,UDP,0.027071770674956495
3,2,DDOS,DHCP,0.0
3,2,DDOS,ARP,2.0612002895381564e-06
3,2,DDOS,ICMP,0.0031113459338371285
3,2,DDOS,IGMP,0.0
3,2,DDOS,IPv,6.751866806098405e-07
3,2,DDOS,LLC,4.780277520488596e-06
3,2,DDOS,Tot sum,0.11355303265154362
3,2,DDOS,Min,1.031413776786394e-06
3,2,DDOS,Max,0.006307941500563174
3,2,DDOS,AVG,0.018367146444506943
3,2,DDOS,Std,0.01710125575773418
3,2,DDOS,Tot size,0.017822000570595263
3,2,DDOS,IAT,0.002301467989673256
3,2,DDOS,Number,2.9341187200770946e-05
3,2,DDOS,Variance,0.13279314832761885
3,3,DDOS,Header_Length,0.0028720464615616947
3,3,DDOS,Protocol Type,0.000438609211369112
3,3,DDOS,Time_To_Live,0.0010052502143480524
3,3,DDOS,Rate,0.000829511811014072
3,3,DDOS,fin_flag_number,0.0002833836348145269
3,3,DDOS,syn_flag_number,0.03151658934166335
3,3,DDOS,rst_flag_number,0.0001167080528830411
3,3,DDOS,psh_flag_number,0.00037227022876322734
3,3,DDOS,ack_flag_number,0.014024124565185047
3,3,DDOS,ece_flag_number,0.0
3,3,DDOS,cwr_flag_number,0.0
3,3,DDOS,ack_count,0.007007763197179884
3,3,DDOS,syn_count,0.02916360992239788
3,3,DDOS,fin_count,0.05311265513300896
3,3,DDOS,rst_count,0.0321845659520477
3,3,DDOS,HTTP,4.428763661081803e-05
3,3,DDOS,HTTPS,5.192980722767971e-07
3,3,DDOS,DNS,7.186893242305814e-07
3,3,DDOS,Telnet,0.0
3,3,DDOS,SMTP,0.0
3,3,DDOS,SSH,0.0
3,3,DDOS,IRC,0.0
3,3,DDOS,TCP,0.0019174059270881116
3,3,DDOS,UDP,0.01706515303812921
3,3,DDOS,DHCP,0.0
3,3,DDOS,ARP,4.180560881650308e-06
3,3,DDOS,ICMP,0.000851979657454649
3,3,DDOS,IGMP,0.0
3,3,DDOS,IPv,2.410397962071542e-06
3,3,DDOS,LLC,1.8953222451045804e-06
3,3,DDOS,Tot sum,0.0763890697620809
3,3,DDOS,Min,0.0018963759881444275
3,3,DDOS,Max,0.0017830040902481414
3,3,DDOS,AVG,0.031863748701289295
3,3,DDOS,Std,0.004049142080111779
3,3,DDOS,Tot size,0.020806439593434332
3,3,DDOS,IAT,0.000505548626097152
3,3,DDOS,Number,0.0
3,3,DDOS,Variance,0.2792071611853316
3,4,DDOS,Header_Length,0.014810313237830997
3,4,DDOS,Protocol Type,0.0024564013787312434
3,4,DDOS,Time_To_Live,0.0006539646463920689
3,4,DDOS,Rate,0.0021731189302045097
3,4,DDOS,fin_flag_number,0.0002693784108487307
3,4,DDOS,syn_flag_number,0.014179582984070294
3,4,DDOS,rst_flag_number,7.08860907707276e-05
3,4,DDOS,psh_flag_number,0.0006024793794495054
3,4,DDOS,ack_flag_number,0.012353127053938807
3,4,DDOS,ece_flag_number,0.0
3,4,DDOS,cwr_flag_number,0.0
3,4,DDOS,ack_count,0.034330487321130934
3,4,DDOS,syn_count,0.014549877174431458
3,4,DDOS,fin_count,0.08092840947210789
3,4,DDOS,rst_count,0.022789417346939445
3,4,DDOS,HTTP,0.000406401588998051
3,4,DDOS,HTTPS,0.0010439946974656778
3,4,DDOS,DNS,1.3204552885781596e-06
3,4,DDOS,Telnet,0.0
3,4,DDOS,SMTP,0.0
3,4,DDOS,SSH,0.0
3,4,DDOS,IRC,0.0
3,4,DDOS,TCP,0.008956366719212383
3,4,DDOS,UDP,0.046106967516243456
3,4,DDOS,DHCP,0.0
3,4,DDOS,ARP,5.4959235555429585e-06
3,4,DDOS,ICMP,0.0019439074043475558
3,4,DDOS,IGMP,0.0
3,4,DDOS,IPv,3.0280052943254533e-06
3,4,DDOS,LLC,4.714935261063147e-06
3,4,DDOS,Tot sum,0.04474746170453727
3,4,DDOS,Min,0.0031382971093989907
3,4,DDOS,Max,0.0008310837860335596
3,4,DDOS,AVG,0.023232503095641732
3,4,DDOS,Std,0.0027898974978597833
3,4,DDOS,Tot size,0.01845149197615683
3,4,DDOS,IAT,0.004476372481440194
3,4,DDOS,Number,0.0
3,4,DDOS,Variance,0.008420219049003207
3,5,DDOS,Header_Length,0.015364614908378371
3,5,DDOS,Protocol Type,0.0015651462715368324
3,5,DDOS,Time_To_Live,0.0009995892127335538
3,5,DDOS,Rate,0.0005537756945273031
3,5,DDOS,fin_flag_number,7.261438488512795e-05
3,5,DDOS,syn_flag_number,0.03816012947936542
3,5,DDOS,rst_flag_number,2.4419224439498065e-05
3,5,DDOS,psh_flag_number,0.000146219266186165
3,5,DDOS,ack_flag_number,0.01916476628939563
3,5,DDOS,ece_flag_number,0.0
3,5,DDOS,cwr_flag_number,0.0
3,5,DDOS,ack_count,0.021879841781628783
3,5,DDOS,syn_count,0.028397291176952423
3,5,DDOS,fin_count,0.017972135485615583
3,5,DDOS,rst_count,0.015574206048040651
3,5,DDOS,HTTP,3.2659431781212334e-07
3,5,DDOS,HTTPS,0.002686820451280347
3,5,DDOS,DNS,8.767662388109443e-07
3,5,DDOS,Telnet,0.0
3,5,DDOS,SMTP,0.0
3,5,DDOS,SSH,0.0
3,5,DDOS,IRC,0.0
3,5,DDOS,TCP,0.007620819063504314
3,5,DDOS,UDP,0.029083725679083728
3,5,DDOS,DHCP,0.0
3,5,DDOS,ARP,1.9557879721666948e-06
3,5,DDOS,ICMP,0.0016321868056252242
3,5,DDOS,IGMP,0.0
3,5,DDOS,IPv,1.5411935017750622e-06
3,5,DDOS,LLC,3.274656898311079e-06
3,5,DDOS,Tot sum,0.18858122639358044
3,5,DDOS,Min,0.0
3,5,DDOS,Max,0.026271995305023665
3,5,DDOS,AVG,0.010669297951972112
3,5,DDOS,Std,0.05469525658991188
3,5,DDOS,Tot size,0.012741165375337005
3,5,DDOS,IAT,0.002827882346463184
3,5,DDOS,Number,0.0
3,5,DDOS,Variance,0.369958308711648
3,1,DOS,Header_Length,0.003967207541063544
3,1,DOS,Protocol Type,0.0009943085498434812
3,1,DOS,Time_To_Live,0.002283931067324829
3,1,DOS,Rate,0.002569263918485376
3,1,DOS,fin_flag_number,0.00011127524853691285
3,1,DOS,syn_flag_number,0.011777567828539759
3,1,DOS,rst_flag_number,3.4698117087828e-05
3,1,DOS,psh_flag_number,0.00023807558268345018
3,1,DOS,ack_flag_number,0.014299886907974724
3,1,DOS,ece_flag_number,0.0
3,1,DOS,cwr_flag_number,0.0
3,1,DOS,ack_count,0.012813469767570496
3,1,DOS,syn_count,0.008529093794641085
3,1,DOS,fin_count,0.02415318768762518
3,1,DOS,rst_count,0.005806236906209961
3,1,DOS,HTTP,9.694228216403645e-05
3,1,DOS,HTTPS,1.7233763180657392e-05
3,1,DOS,DNS,0.0
3,1,DOS,Telnet,0.0
3,1,DOS,SMTP,0.0
3,1,DOS,SSH,0.0
3,1,DOS,IRC,0.0
3,1,DOS,TCP,0.0030674684185214574
3,1,DOS,UDP,0.026446729071903975
3,1,DOS,DHCP,0.0
3,1,DOS,ARP,2.4720626711882686e-06
3,1,DOS,ICMP,0.0014534302122228837
3,1,DOS,IGMP,0.0
3,1,DOS,IPv,1.7186316656037093e-06
3,1,DOS,LLC,8.448030292385057e-06
3,1,DOS,Tot sum,0.16705396849938553
3,1,DOS,Min,0.028539026621729136
3,1,DOS,Max,0.005277714948169887
3,1,DOS,AVG,0.15144283510744572
3,1,DOS,Std,0.008705264772288501
3,1,DOS,Tot size,0.023123066313564776
3,1,DOS,IAT,0.001638236261351267
3,1,DOS,Number,6.561356497059023e-06
3,1,DOS,Variance,0.09687745422124863
3,2,DOS,Header_Length,0.005960147119003523
3,2,DOS,Protocol Type,0.0008770537682721624
3,2,DOS,Time_To_Live,0.004509421230613953
3,2,DOS,Rate,0.002425297908507673
3,2,DOS,fin_flag_number,0.00030931258661439644
3,2,DOS,syn_flag_number,0.01925083240494132
3,2,DOS,rst_flag_number,6.116599465713079e-05
3,2,DOS,psh_flag_number,5.788476819361677e-05
3,2,DOS,ack_flag_number,0.0025978078541811556
3,2,DOS,ece_flag_number,0.0
3,2,DOS,cwr_flag_number,0.0
3,2,DOS,ack_count,0.004100573860341683
3,2,DOS,syn_count,0.023131484631448984
3,2,DOS,fin_count,0.05990215674974024
3,2,DOS,rst_count,0.02596663059666753
3,2,DOS,HTTP,3.504693279410276e-05
3,2,DOS,HTTPS,0.000245060250813367
3,2,DOS,DNS,0.0
3,2,DOS,Telnet,0.0
3,2,DOS,SMTP,0.0
3,2,DOS,SSH,0.0
3,2,DOS,IRC,0.0
3,2,DOS,TCP,0.004238437161075126
3,2,DOS,UDP,0.03436156190000474
3,2,DOS,DHCP,0.0
3,2,DOS,ARP,8.79496953132275e-07
3,2,DOS,ICMP,0.0011370069985787267
3,2,DOS,IGMP,0.0
3,2,DOS,IPv,2.1081602739059235e-07
3,2,DOS,LLC,8.517178457623232e-07
3,2,DOS,Tot sum,0.17504511792212724
3,2,DOS,Min,0.03708267843290969
3,2,DOS,Max,0.004446080361958593
3,2,DOS,AVG,0.11681943484582007
3,2,DOS,Std,0.010324476240202784
3,2,DOS,Tot size,0.02603695187717676
3,2,DOS,IAT,0.0020799022713617887
3,2,DOS,Number,3.6920560796716016e-05
3,2,DOS,Variance,0.053047842578962445
3,3,DOS,Header_Length,0.006665143958525732
3,3,DOS,Protocol Type,0.00192678760686249
3,3,DOS,Time_To_Live,0.005877856161532691
3,3,DOS,Rate,0.0029216025141067803
3,3,DOS,fin_flag_number,0.0004019032268843148
3,3,DOS,syn_flag_number,0.017307545826770365
3,3,DOS,rst_flag_number,0.0001226980959472712
3,3,DOS,psh_flag_number,0.00010827705609699479
3,3,DOS,ack_flag_number,0.009006604470778256
3,3,DOS,ece_flag_number,0.0
3,3,DOS,cwr_flag_number,0.0
3,3,DOS,ack_count,0.006892781774513424
3,3,DOS,syn_count,0.02184420321136713
3,3,DOS,fin_count,0.06679396011168137
3,3,DOS,rst_count,0.029123592004179955
3,3,DOS,HTTP,0.0006263224786380306
3,3,DOS,HTTPS,4.4233707079399666e-07
3,3,DOS,DNS,2.7985145457876116e-06
3,3,DOS,Telnet,0.0
3,3,DOS,SMTP,0.0
3,3,DOS,SSH,0.0
3,3,DOS,IRC,0.0
3,3,DOS,TCP,0.005705088531976798
3,3,DOS,UDP,0.06905335136689246
3,3,DOS,DHCP,0.0
3,3,DOS,ARP,7.622078970825896e-06
3,3,DOS,ICMP,0.0034381782010314056
3,3,DOS,IGMP,0.0
3,3,DOS,IPv,6.653408573242814e-06
3,3,DOS,LLC,9.911048947586209e-06
3,3,DOS,Tot sum,0.17727759625122416
3,3,DOS,Min,0.02273611875716597
3,3,DOS,Max,0.0020370202633785083
3,3,DOS,AVG,0.07348307906650006
3,3,DOS,Std,0.004101864004042
3,3,DOS,Tot size,0.020143249080865643
3,3,DOS,IAT,0.0009832847465077066
3,3,DOS,Number,0.0
3,3,DOS,Variance,0.02050067684613168
3,4,DOS,Header_Length,0.017330808377300853
3,4,DOS,Protocol Type,0.002025782340206206
3,4,DOS,Time_To_Live,0.020307431563560387
3,4,DOS,Rate,0.002104457529640058
3,4,DOS,fin_flag_number,3.83133839477523e-05
3,4,DOS,syn_flag_number,0.01222231615392957
3,4,DOS,rst_flag_number,2.417871858142462e-05
3,4,DOS,psh_flag_number,0.00021308852192305494
3,4,DOS,ack_flag_number,0.01134205903217662
3,4,DOS,ece_flag_number,0.0
3,4,DOS,cwr_flag_number,0.0
3,4,DOS,ack_count,0.021651449259661604
3,4,DOS,syn_count,0.012142908241366967
3,4,DOS,fin_count,0.009254274133127183
3,4,DOS,rst_count,0.008331348263891415
3,4,DOS,HTTP,0.0003262464540057408
3,4,DOS,HTTPS,0.0006585767949360388
3,4,DOS,DNS,1.5209469083288242e-06
3,4,DOS,Telnet,0.0
3,4,DOS,SMTP,0.0
3,4,DOS,SSH,0.0
3,4,DOS,IRC,0.0
3,4,DOS,TCP,0.009801266228896566
3,4,DOS,UDP,0.048274571821093556
3,4,DOS,DHCP,0.0
3,4,DOS,ARP,3.92917804909132e-05
3,4,DOS,ICMP,0.002160234230541391
3,4,DOS,IGMP,0.0
3,4,DOS,IPv,5.230416563151152e-06
3,4,DOS,LLC,1.9710037070552743e-05
3,4,DOS,Tot sum,0.18745206631720066
3,4,DOS,Min,0.04964961274527013
3,4,DOS,Max,0.0156676979502663
3,4,DOS,AVG,0.19379781945608557
3,4,DOS,Std,0.03602137813577429
3,4,DOS,Tot size,0.0338120739965234
3,4,DOS,IAT,0.005727571385796182
3,4,DOS,Number,0.0
3,4,DOS,Variance,0.06591197154484689
3,5,DOS,Header_Length,0.025667995382138997
3,5,DOS,Protocol Type,0.002132392999351396
3,5,DOS,Time_To_Live,0.002561623665133084
3,5,DOS,Rate,0.0025398496237357903
3,5,DOS,fin_flag_number,9.745571819621545e-05
3,5,DOS,syn_flag_number,0.015817988914204762
3,5,DOS,rst_flag_number,6.482006033365905e-05
3,5,DOS,psh_flag_number,0.00014766548838451854
3,5,DOS,ack_flag_number,0.006427787567645282
3,5,DOS,ece_flag_number,0.0
3,5,DOS,cwr_flag_number,0.0
3,5,DOS,ack_count,0.01048124323860975
3,5,DOS,syn_count,0.029740947717800736
3,5,DOS,fin_count,0.023881468674517237
3,5,DOS,rst_count,0.02838942646048963
3,5,DOS,HTTP,0.0013603447936475278
3,5,DOS,HTTPS,0.0023398787367932884
3,5,DOS,DNS,3.6171454880218335e-07
3,5,DOS,Telnet,0.0
3,5,DOS,SMTP,0.0
3,5,DOS,SSH,0.0
3,5,DOS,IRC,0.0
3,5,DOS,TCP,0.013560168404808337
3,5,DOS,UDP,0.025634107293444685
3,5,DOS,DHCP,0.0
3,5,DOS,ARP,8.020834184385706e-06
3,5,DOS,ICMP,0.004962742097814043
3,5,DOS,IGMP,0.0
3,5,DOS,IPv,5.498375921320076e-06
3,5,DOS,LLC,1.0095155136014e-05
3,5,DOS,Tot sum,0.19293920546770096
3,5,DOS,Min,0.0
3,5,DOS,Max,0.005737595837854314
3,5,DOS,AVG,0.016437151981517673
3,5,DOS,Std,0.021459254799992777
3,5,DOS,Tot size,0.011018075412721373
3,5,DOS,IAT,0.005130672160066752
3,5,DOS,Number,0.0
3,5,DOS,Variance,0.2080462676472962
3,1,MIRAI,Header_Length,4.147814838688646e-05
3,1,MIRAI,Protocol Type,3.0282558282124227e-05
3,1,MIRAI,Time_To_Live,4.3935403706996115e-05
3,1,MIRAI,Rate,2.9105088856340444e-05
3,1,MIRAI,fin_flag_number,1.0484460319304389e-05
3,1,MIRAI,syn_flag_number,0.0018166065736295422
3,1,MIRAI,rst_flag_number,4.746809338485036e-06
3,1,MIRAI,psh_flag_number,6.125487308672461e-06
3,1,MIRAI,ack_flag_number,0.0012486661813454702
3,1,MIRAI,ece_flag_number,0.0
3,1,MIRAI,cwr_flag_number,0.0
3,1,MIRAI,ack_count,0.0013591993672889657
3,1,MIRAI,syn_count,0.0013185479067033157
3,1,MIRAI,fin_count,0.001964818695341819
3,1,MIRAI,rst_count,0.0011386083297111327
3,1,MIRAI,HTTP,4.88015099691097e-06
3,1,MIRAI,HTTPS,6.7467408904065e-08
3,1,MIRAI,DNS,6.829681709064062e-08
3,1,MIRAI,Telnet,0.0
3,1,MIRAI,SMTP,0.0
3,1,MIRAI,SSH,0.0
3,1,MIRAI,IRC,0.0
3,1,MIRAI,TCP,2.7098007603854057e-05
3,1,MIRAI,UDP,0.004463224685244427
3,1,MIRAI,DHCP,0.0
3,1,MIRAI,ARP,3.395672773520708e-08
3,1,MIRAI,ICMP,1.720347605811412e-05
3,1,MIRAI,IGMP,0.0
3,1,MIRAI,IPv,3.9962776376967216e-08
3,1,MIRAI,LLC,1.9513238811441624e-07
3,1,MIRAI,Tot sum,0.38471515299752357
3,1,MIRAI,Min,0.04617943186312914
3,1,MIRAI,Max,0.01049609548645094
3,1,MIRAI,AVG,0.32196065471507607
3,1,MIRAI,Std,0.019930271338671444
3,1,MIRAI,Tot size,0.14626588798128068
3,1,MIRAI,IAT,0.00024575829884270205
3,1,MIRAI,Number,4.75833295809025e-05
3,1,MIRAI,Variance,0.1392643541097641
3,2,MIRAI,Header_Length,0.00014569977574865333
3,2,MIRAI,Protocol Type,4.6068047981862034e-05
3,2,MIRAI,Time_To_Live,6.833360548625933e-05
3,2,MIRAI,Rate,7.195897351266466e-05
3,2,MIRAI,fin_flag_number,3.1923787901178e-05
3,2,MIRAI,syn_flag_number,0.010790178086608648
3,2,MIRAI,rst_flag_number,2.4084330834739377e-05
3,2,MIRAI,psh_flag_number,5.334296486125823e-06
3,2,MIRAI,ack_flag_number,0.0007238254162075464
3,2,MIRAI,ece_flag_number,0.0
3,2,MIRAI,cwr_flag_number,0.0
3,2,MIRAI,ack_count,0.0008341973785718438
3,2,MIRAI,syn_count,0.008382232207804919
3,2,MIRAI,fin_count,0.004326172545552254
3,2,MIRAI,rst_count,0.002569680323358625
3,2,MIRAI,HTTP,6.483783045041491e-06
3,2,MIRAI,HTTPS,1.8354166364531466e-07
3,2,MIRAI,DNS,1.9159105590915714e-08
3,2,MIRAI,Telnet,0.0
3,2,MIRAI,SMTP,0.0
3,2,MIRAI,SSH,0.0
3,2,MIRAI,IRC,0.0
3,2,MIRAI,TCP,5.629092593153473e-05
3,2,MIRAI,UDP,0.007451591256540269
3,2,MIRAI,DHCP,0.0
3,2,MIRAI,ARP,5.268917080414326e-08
3,2,MIRAI,ICMP,7.325499700527871e-06
3,2,MIRAI,IGMP,0.0
3,2,MIRAI,IPv,1.1893417131147999e-07
3,2,MIRAI,LLC,3.2751738636704887e-07
3,2,MIRAI,Tot sum,0.716163694858551
3,2,MIRAI,Min,0.1529641305702512
3,2,MIRAI,Max,0.01817352743819356
3,2,MIRAI,AVG,0.7150797605514526
3,2,MIRAI,Std,0.02292502166237682
3,2,MIRAI,Tot size,0.11921830028295517
3,2,MIRAI,IAT,0.001271493796230061
3,2,MIRAI,Number,1.3823197014062316e-05
3,2,MIRAI,Variance,0.24352125020232052
3,3,MIRAI,Header_Length,9.912534260365646e-05
3,3,MIRAI,Protocol Type,3.603574316457525e-05
3,3,MIRAI,Time_To_Live,0.00011356560478361643
3,3,MIRAI,Rate,0.00012328053926466965
3,3,MIRAI,fin_flag_number,2.659081728779711e-05
3,3,MIRAI,syn_flag_number,0.005078075407072902
3,3,MIRAI,rst_flag_number,1.9727485687326406e-05
3,3,MIRAI,psh_flag_number,5.584288305726659e-06
3,3,MIRAI,ack_flag_number,0.0009282359038479626
3,3,MIRAI,ece_flag_number,0.0
3,3,MIRAI,cwr_flag_number,0.0
3,3,MIRAI,ack_count,0.0009796172962523997
3,3,MIRAI,syn_count,0.004249708773568272
3,3,MIRAI,fin_count,0.004214470973238349
3,3,MIRAI,rst_count,0.002069556462811306
3,3,MIRAI,HTTP,1.2794497843060526e-05
3,3,MIRAI,HTTPS,7.843426972353739e-08
3,3,MIRAI,DNS,4.1092431679601304e-08
3,3,MIRAI,Telnet,0.0
3,3,MIRAI,SMTP,0.0
3,3,MIRAI,SSH,0.0
3,3,MIRAI,IRC,0.0
3,3,MIRAI,TCP,8.631183591205627e-05
3,3,MIRAI,UDP,0.019793785479851066
3,3,MIRAI,DHCP,0.0
3,3,MIRAI,ARP,1.0761670363734765e-07
3,3,MIRAI,ICMP,5.8205756795359774e-05
3,3,MIRAI,IGMP,0.0
3,3,MIRAI,IPv,5.885523854942676e-08
3,3,MIRAI,LLC,4.053539299775366e-07
3,3,MIRAI,Tot sum,0.8493540257215499
3,3,MIRAI,Min,0.1458083692996297
3,3,MIRAI,Max,0.023078357242047785
3,3,MIRAI,AVG,0.882543683052063
3,3,MIRAI,Std,0.03634831645758822
3,3,MIRAI,Tot size,0.2276243709027767
3,3,MIRAI,IAT,0.001066398839247995
3,3,MIRAI,Number,0.0
3,3,MIRAI,Variance,0.21972189196385444
3,4,MIRAI,Header_Length,7.401064794976264e-05
3,4,MIRAI,Protocol Type,0.00010199310836469521
3,4,MIRAI,Time_To_Live,0.0001303110394246687
3,4,MIRAI,Rate,3.2107366405398355e-05
3,4,MIRAI,fin_flag_number,6.066465630283346e-06
3,4,MIRAI,syn_flag_number,0.005400472576729954
3,4,MIRAI,rst_flag_number,4.974230012066982e-06
3,4,MIRAI,psh_flag_number,1.0158996951759037e-05
3,4,MIRAI,ack_flag_number,0.002126042640884407
3,4,MIRAI,ece_flag_number,0.0
3,4,MIRAI,cwr_flag_number,0.0
3,4,MIRAI,ack_count,0.002178874661331065
3,4,MIRAI,syn_count,0.004481374146416783
3,4,MIRAI,fin_count,0.0010968997121381108
3,4,MIRAI,rst_count,0.0006166143721202388
3,4,MIRAI,HTTP,4.036490201997367e-06
3,4,MIRAI,HTTPS,7.759494344838913e-07
3,4,MIRAI,DNS,1.1058960033838439e-07
3,4,MIRAI,Telnet,0.0
3,4,MIRAI,SMTP,0.0
3,4,MIRAI,SSH,0.0
3,4,MIRAI,IRC,0.0
3,4,MIRAI,TCP,4.1191992750100326e-05
3,4,MIRAI,UDP,0.009366159024648369
3,4,MIRAI,DHCP,0.0
3,4,MIRAI,ARP,8.89402187898014e-08
3,4,MIRAI,ICMP,2.086190888803685e-05
3,4,MIRAI,IGMP,0.0
3,4,MIRAI,IPv,3.0008084550559035e-08
3,4,MIRAI,LLC,1.7937708861603953e-07
3,4,MIRAI,Tot sum,0.8137909442186355
3,4,MIRAI,Min,0.06611427459865808
3,4,MIRAI,Max,0.019610826671123505
3,4,MIRAI,AVG,0.6540094763040543
3,4,MIRAI,Std,0.05317098209052347
3,4,MIRAI,Tot size,0.20538588538765906
3,4,MIRAI,IAT,0.0006015067829139298
3,4,MIRAI,Number,0.0
3,4,MIRAI,Variance,0.6022453340701759
3,5,MIRAI,Header_Length,7.365759392996551e-05
3,5,MIRAI,Protocol Type,0.0001227774115250213
3,5,MIRAI,Time_To_Live,0.00013125250989105554
3,5,MIRAI,Rate,4.66462961412617e-05
3,5,MIRAI,fin_flag_number,1.3244562069303356e-05
3,5,MIRAI,syn_flag_number,0.011124048568308353
3,5,MIRAI,rst_flag_number,1.1550317185538007e-05
3,5,MIRAI,psh_flag_number,6.612617426071665e-06
3,5,MIRAI,ack_flag_number,0.0012198067968711257
3,5,MIRAI,ece_flag_number,0.0
3,5,MIRAI,cwr_flag_number,0.0
3,5,MIRAI,ack_count,0.0014286676421761512
3,5,MIRAI,syn_count,0.00935561740770936
3,5,MIRAI,fin_count,0.0016804818296805024
3,5,MIRAI,rst_count,0.001062336767790839
3,5,MIRAI,HTTP,0.0
3,5,MIRAI,HTTPS,3.676027699839324e-06
3,5,MIRAI,DNS,4.215958683273513e-08
3,5,MIRAI,Telnet,0.0
3,5,MIRAI,SMTP,0.0
3,5,MIRAI,SSH,0.0
3,5,MIRAI,IRC,0.0
3,5,MIRAI,TCP,4.914163946523331e-05
3,5,MIRAI,UDP,0.014133389247581363
3,5,MIRAI,DHCP,0.0
3,5,MIRAI,ARP,1.0151789719969883e-08
3,5,MIRAI,ICMP,4.102229922864353e-05
3,5,MIRAI,IGMP,0.0
3,5,MIRAI,IPv,1.3365948010601868e-07
3,5,MIRAI,LLC,1.1295597310834182e-07
3,5,MIRAI,Tot sum,0.894134384393692
3,5,MIRAI,Min,0.1585608616587706
3,5,MIRAI,Max,0.020617839694023133
3,5,MIRAI,AVG,0.8892202615737915
3,5,MIRAI,Std,0.022587481793016194
3,5,MIRAI,Tot size,0.17902241572737693
3,5,MIRAI,IAT,0.0011807085335021838
3,5,MIRAI,Number,0.0
3,5,MIRAI,Variance,0.1942317984998226
3,1,RECON,Header_Length,0.0001242232624690587
3,1,RECON,Protocol Type,2.1619235963044047e-05
3,1,RECON,Time_To_Live,0.0057039429650103555
3,1,RECON,Rate,0.00010917446987832591
3,1,RECON,fin_flag_number,2.2784531180519706e-05
3,1,RECON,syn_flag_number,0.02363791900143042
3,1,RECON,rst_flag_number,1.2775528534803016e-05
3,1,RECON,psh_flag_number,2.189940717016725e-05
3,1,RECON,ack_flag_number,0.013269515660067555
3,1,RECON,ece_flag_number,0.0
3,1,RECON,cwr_flag_number,0.0
3,1,RECON,ack_count,0.00137542160191515
3,1,RECON,syn_count,0.0004796808213541226
3,1,RECON,fin_count,0.0018384442082606256
3,1,RECON,rst_count,0.0004362713523732964
3,1,RECON,HTTP,1.5081751932655152e-05
3,1,RECON,HTTPS,3.0396424913270437e-05
3,1,RECON,DNS,4.1994583881432845e-06
3,1,RECON,Telnet,0.0
3,1,RECON,SMTP,0.0
3,1,RECON,SSH,0.0
3,1,RECON,IRC,0.0
3,1,RECON,TCP,5.912458550483279e-06
3,1,RECON,UDP,0.0016287200232909527
3,1,RECON,DHCP,0.0
3,1,RECON,ARP,5.068665659802019e-07
3,1,RECON,ICMP,3.0423737024420915e-05
3,1,RECON,IGMP,0.0
3,1,RECON,IPv,1.5001956279014906e-06
3,1,RECON,LLC,2.1326840530910827e-06
3,1,RECON,Tot sum,0.14492318090051412
3,1,RECON,Min,0.0011270387924014358
3,1,RECON,Max,0.0008734499831916764
3,1,RECON,AVG,0.018181812518741937
3,1,RECON,Std,0.0037556286784820258
3,1,RECON,Tot size,0.019754105928586795
3,1,RECON,IAT,0.02176856846199371
3,1,RECON,Number,0.00672551280586049
3,1,RECON,Variance,0.07007467272924259
3,2,RECON,Header_Length,4.9594189978563466e-05
3,2,RECON,Protocol Type,6.13218292571105e-05
3,2,RECON,Time_To_Live,0.012033050374907362
3,2,RECON,Rate,0.0003512921418945325
3,2,RECON,fin_flag_number,1.229921828880265e-05
3,2,RECON,syn_flag_number,0.02772125458204755
3,2,RECON,rst_flag_number,2.9839575032752917e-05
3,2,RECON,psh_flag_number,1.5417162986675058e-05
3,2,RECON,ack_flag_number,0.029174877628611283
3,2,RECON,ece_flag_number,0.0
3,2,RECON,cwr_flag_number,0.0
3,2,RECON,ack_count,0.0018766180333841475
3,2,RECON,syn_count,0.007206195488652156
3,2,RECON,fin_count,0.0042999213267648885
3,2,RECON,rst_count,0.002061882316957053
3,2,RECON,HTTP,5.038111588939742e-06
3,2,RECON,HTTPS,6.338728161097152e-05
3,2,RECON,DNS,5.016387422074331e-06
3,2,RECON,Telnet,0.0
3,2,RECON,SMTP,0.0
3,2,RECON,SSH,0.0
3,2,RECON,IRC,0.0
3,2,RECON,TCP,1.0121207387081554e-05
3,2,RECON,UDP,0.0017284946643940202
3,2,RECON,DHCP,0.0
3,2,RECON,ARP,2.107180779448159e-06
3,2,RECON,ICMP,5.8842685442428435e-06
3,2,RECON,IGMP,0.0
3,2,RECON,IPv,5.100512876232699e-06
3,2,RECON,LLC,2.1530613810938348e-05
3,2,RECON,Tot sum,0.3854721653973684
3,2,RECON,Min,4.4345012964974726e-05
3,2,RECON,Max,0.002174972109787632
3,2,RECON,AVG,0.029331900546094403
3,2,RECON,Std,0.011372994503472001
3,2,RECON,Tot size,0.04786638997029513
3,2,RECON,IAT,0.07189046035164211
3,2,RECON,Number,0.019923245264726573
3,2,RECON,Variance,0.17543519455939532
3,3,RECON,Header_Length,0.0004885752980953839
3,3,RECON,Protocol Type,2.0820066052351648e-05
3,3,RECON,Time_To_Live,0.034210588468704374
3,3,RECON,Rate,0.0005421566612994865
3,3,RECON,fin_flag_number,4.405111004928131e-05
3,3,RECON,syn_flag_number,0.015649836104967108
3,3,RECON,rst_flag_number,6.637075133539839e-05
3,3,RECON,psh_flag_number,3.8862929233118845e-05
3,3,RECON,ack_flag_number,0.04482707747956738
3,3,RECON,ece_flag_number,0.0
3,3,RECON,cwr_flag_number,0.0
3,3,RECON,ack_count,0.001781209259388561
3,3,RECON,syn_count,0.005947011072930763
3,3,RECON,fin_count,0.00659779547713697
3,3,RECON,rst_count,0.002742826107714791
3,3,RECON,HTTP,2.9055411776823802e-05
3,3,RECON,HTTPS,1.755352981831493e-05
3,3,RECON,DNS,9.290107492374716e-06
3,3,RECON,Telnet,0.0
3,3,RECON,SMTP,0.0
3,3,RECON,SSH,0.0
3,3,RECON,IRC,0.0
3,3,RECON,TCP,3.7144946577427615e-05
3,3,RECON,UDP,0.005091254834951542
3,3,RECON,DHCP,0.0
3,3,RECON,ARP,3.9103130212714276e-07
3,3,RECON,ICMP,0.00011006296331288468
3,3,RECON,IGMP,0.0
3,3,RECON,IPv,8.026763652746461e-07
3,3,RECON,LLC,2.408744251214401e-06
3,3,RECON,Tot sum,0.4781519546639174
3,3,RECON,Min,0.0026561018349411823
3,3,RECON,Max,0.0020493632218858693
3,3,RECON,AVG,0.035757865302730354
3,3,RECON,Std,0.009394323479500599
3,3,RECON,Tot size,0.03868529535830021
3,3,RECON,IAT,0.0677708846546011
3,3,RECON,Number,0.04467373465304263
3,3,RECON,Variance,0.15529425120330415
3,4,RECON,Header_Length,0.00018972154521179618
3,4,RECON,Protocol Type,3.1342167415004954e-05
3,4,RECON,Time_To_Live,0.019700654009284335
3,4,RECON,Rate,4.615636034941417e-05
3,4,RECON,fin_flag_number,1.972688835394365e-06
3,4,RECON,syn_flag_number,0.00519950736197643
3,4,RECON,rst_flag_number,8.032447180994495e-06
3,4,RECON,psh_flag_number,7.385561336263891e-05
3,4,RECON,ack_flag_number,0.020165648765396327
3,4,RECON,ece_flag_number,0.0
3,4,RECON,cwr_flag_number,0.0
3,4,RECON,ack_count,0.002114454851107439
3,4,RECON,syn_count,0.0036772313207620753
3,4,RECON,fin_count,0.0004788690828718245
3,4,RECON,rst_count,0.0003965547184634488
3,4,RECON,HTTP,6.525185051486915e-06
3,4,RECON,HTTPS,2.3650088479598708e-05
3,4,RECON,DNS,7.492629416794294e-07
3,4,RECON,Telnet,0.0
3,4,RECON,SMTP,0.0
3,4,RECON,SSH,0.0
3,4,RECON,IRC,0.0
3,4,RECON,TCP,2.6573039554023127e-05
3,4,RECON,UDP,0.0037315636247512883
3,4,RECON,DHCP,0.0
3,4,RECON,ARP,1.2736292010526174e-06
3,4,RECON,ICMP,2.328501461761334e-05
3,4,RECON,IGMP,0.0
3,4,RECON,IPv,2.0316893700744743e-06
3,4,RECON,LLC,7.524578287743111e-06
3,4,RECON,Tot sum,0.34421818479895594
3,4,RECON,Min,0.0007496823731344193
3,4,RECON,Max,0.0026189316264208173
3,4,RECON,AVG,0.047121355670969936
3,4,RECON,Std,0.00571308056532871
3,4,RECON,Tot size,0.05923811811953783
3,4,RECON,IAT,0.04696591785177588
3,4,RECON,Number,0.018205163395032288
3,4,RECON,Variance,0.10620891331927851
3,5,RECON,Header_Length,0.0003569701140804682
3,5,RECON,Protocol Type,2.125978661524641e-05
3,5,RECON,Time_To_Live,0.05717151361611741
3,5,RECON,Rate,0.00020434591481830467
3,5,RECON,fin_flag_number,2.5650580425917724e-05
3,5,RECON,syn_flag_number,0.03158737467456376
3,5,RECON,rst_flag_number,6.651071143863874e-05
3,5,RECON,psh_flag_number,5.066011259629022e-05
3,5,RECON,ack_flag_number,0.06524340722535271
3,5,RECON,ece_flag_number,0.0
3,5,RECON,cwr_flag_number,0.0
3,5,RECON,ack_count,0.002294112578874774
3,5,RECON,syn_count,0.010708852632524213
3,5,RECON,fin_count,0.0010828439927990986
3,5,RECON,rst_count,0.0016379434811597093
3,5,RECON,HTTP,1.5005942441348451e-05
3,5,RECON,HTTPS,4.202081936455215e-05
3,5,RECON,DNS,7.325486347527222e-07
3,5,RECON,Telnet,0.0
3,5,RECON,SMTP,0.0
3,5,RECON,SSH,0.0
3,5,RECON,IRC,0.0
3,5,RECON,TCP,3.922935852216369e-05
3,5,RECON,UDP,0.0024592253614173385
3,5,RECON,DHCP,0.0
3,5,RECON,ARP,9.09273041435621e-07
3,5,RECON,ICMP,6.789663788993039e-05
3,5,RECON,IGMP,0.0
3,5,RECON,IPv,5.271628894154556e-06
3,5,RECON,LLC,1.3319523111043896e-05
3,5,RECON,Tot sum,0.17156492015346886
3,5,RECON,Min,0.0015211860993986192
3,5,RECON,Max,0.0016466441738884896
3,5,RECON,AVG,0.07023356554564089
3,5,RECON,Std,0.020521911921241552
3,5,RECON,Tot size,0.0834347648662515
3,5,RECON,IAT,0.1602193815215287
3,5,RECON,Number,0.0226198535063304
3,5,RECON,Variance,0.10145634289365262
3,1,SPOOFING,Header_Length,1.4026453050064447e-05
3,1,SPOOFING,Protocol Type,4.019448923244795e-05
3,1,SPOOFING,Time_To_Live,0.004831205200025579
3,1,SPOOFING,Rate,4.126671937001447e-05
3,1,SPOOFING,fin_flag_number,8.170727568312941e-06
3,1,SPOOFING,syn_flag_number,0.0007704723571805516
3,1,SPOOFING,rst_flag_number,4.3628718362498375e-06
3,1,SPOOFING,psh_flag_number,5.682729255696018e-06
3,1,SPOOFING,ack_flag_number,0.0013014036680942809
3,1,SPOOFING,ece_flag_number,0.0
3,1,SPOOFING,cwr_flag_number,0.0
3,1,SPOOFING,ack_count,0.0006240502490982181
3,1,SPOOFING,syn_count,7.229470861602749e-05
3,1,SPOOFING,fin_count,0.0010317294822016266
3,1,SPOOFING,rst_count,0.0008052030027101865
3,1,SPOOFING,HTTP,4.486605939035826e-06
3,1,SPOOFING,HTTPS,1.7959643799514424e-05
3,1,SPOOFING,DNS,0.0
3,1,SPOOFING,Telnet,0.0
3,1,SPOOFING,SMTP,0.0
3,1,SPOOFING,SSH,0.0
3,1,SPOOFING,IRC,0.0
3,1,SPOOFING,TCP,7.303839896621866e-06
3,1,SPOOFING,UDP,0.0006800330875194049
3,1,SPOOFING,DHCP,0.0
3,1,SPOOFING,ARP,7.911772430535535e-07
3,1,SPOOFING,ICMP,8.85836262796147e-06
3,1,SPOOFING,IGMP,0.0
3,1,SPOOFING,IPv,1.33937166246767e-07
3,1,SPOOFING,LLC,1.2824038324588116e-06
3,1,SPOOFING,Tot sum,0.10584226096980273
3,1,SPOOFING,Min,0.000420063597994158
3,1,SPOOFING,Max,0.0012221168097312329
3,1,SPOOFING,AVG,0.052545981900766495
3,1,SPOOFING,Std,0.016674266615882515
3,1,SPOOFING,Tot size,0.08089865809306503
3,1,SPOOFING,IAT,0.02549935898671265
3,1,SPOOFING,Number,0.002749297124682926
3,1,SPOOFING,Variance,0.13866882622241974
3,2,SPOOFING,Header_Length,0.00010748555687314365
3,2,SPOOFING,Protocol Type,2.6274086193112112e-05
3,2,SPOOFING,Time_To_Live,0.0045564372586795795
3,2,SPOOFING,Rate,0.0006886406739226913
3,2,SPOOFING,fin_flag_number,2.6305504408696834e-05
3,2,SPOOFING,syn_flag_number,0.02394040042127017
3,2,SPOOFING,rst_flag_number,1.9668454990551253e-05
3,2,SPOOFING,psh_flag_number,2.7364293094933602e-05
3,2,SPOOFING,ack_flag_number,0.0591857984786202
3,2,SPOOFING,ece_flag_number,0.0
3,2,SPOOFING,cwr_flag_number,0.0
3,2,SPOOFING,ack_count,0.0027638437039598784
3,2,SPOOFING,syn_count,0.0031981002626707777
3,2,SPOOFING,fin_count,0.0020895274025860998
3,2,SPOOFING,rst_count,0.002703804171324009
3,2,SPOOFING,HTTP,3.957327584203085e-06
3,2,SPOOFING,HTTPS,0.00018026015620762337
3,2,SPOOFING,DNS,5.102763316244818e-06
3,2,SPOOFING,Telnet,0.0
3,2,SPOOFING,SMTP,0.0
3,2,SPOOFING,SSH,0.0
3,2,SPOOFING,IRC,0.0
3,2,SPOOFING,TCP,4.1559285796211044e-05
3,2,SPOOFING,UDP,0.004594359396105574
3,2,SPOOFING,DHCP,0.0
3,2,SPOOFING,ARP,2.2752563110794988e-07
3,2,SPOOFING,ICMP,4.790288081863991e-05
3,2,SPOOFING,IGMP,0.0
3,2,SPOOFING,IPv,7.001956700558587e-07
3,2,SPOOFING,LLC,6.234246103264951e-06
3,2,SPOOFING,Tot sum,0.1909426598693244
3,2,SPOOFING,Min,0.02385971776093356
3,2,SPOOFING,Max,0.004902397922705859
3,2,SPOOFING,AVG,0.1885198762640357
3,2,SPOOFING,Std,0.01397276489296928
3,2,SPOOFING,Tot size,0.12959431931376458
3,2,SPOOFING,IAT,0.03164833066288679
3,2,SPOOFING,Number,0.02376999546249863
3,2,SPOOFING,Variance,0.13268158975988625
3,3,SPOOFING,Header_Length,3.3127813797761976e-05
3,3,SPOOFING,Protocol Type,6.004638947353092e-06
3,3,SPOOFING,Time_To_Live,0.0020646815976718357
3,3,SPOOFING,Rate,0.00044489427252258906
3,3,SPOOFING,fin_flag_number,9.626713978239109e-06
3,3,SPOOFING,syn_flag_number,0.0014840901245321448
3,3,SPOOFING,rst_flag_number,4.105554656330668e-06
3,3,SPOOFING,psh_flag_number,4.265162458416683e-06
3,3,SPOOFING,ack_flag_number,0.0070783149361432155
3,3,SPOOFING,ece_flag_number,0.0
3,3,SPOOFING,cwr_flag_number,0.0
3,3,SPOOFING,ack_count,0.000503024803951746
3,3,SPOOFING,syn_count,5.564954537220501e-05
3,3,SPOOFING,fin_count,0.0005806698676337873
3,3,SPOOFING,rst_count,0.00019895235539024725
3,3,SPOOFING,HTTP,2.9017635537614828e-06
3,3,SPOOFING,HTTPS,2.1976751434249488e-05
3,3,SPOOFING,DNS,4.394780914011853e-08
3,3,SPOOFING,Telnet,0.0
3,3,SPOOFING,SMTP,0.0
3,3,SPOOFING,SSH,0.0
3,3,SPOOFING,IRC,0.0
3,3,SPOOFING,TCP,6.166176871058582e-06
3,3,SPOOFING,UDP,0.0014437796797924563
3,3,SPOOFING,DHCP,0.0
3,3,SPOOFING,ARP,2.451269790755203e-06
3,3,SPOOFING,ICMP,2.548262457929551e-05
3,3,SPOOFING,IGMP,0.0
3,3,SPOOFING,IPv,2.8983352224554864e-06
3,3,SPOOFING,LLC,9.713049572676601e-06
3,3,SPOOFING,Tot sum,0.02166631610816694
3,3,SPOOFING,Min,0.0007107498750409391
3,3,SPOOFING,Max,7.896234214967989e-05
3,3,SPOOFING,AVG,0.010294801658892539
3,3,SPOOFING,Std,0.0005703906623239164
3,3,SPOOFING,Tot size,0.011164584389189259
3,3,SPOOFING,IAT,0.0035950540457250213
3,3,SPOOFING,Number,0.009435397512834242
3,3,SPOOFING,Variance,0.007206127431709319
3,4,SPOOFING,Header_Length,8.183505935903668e-05
3,4,SPOOFING,Protocol Type,2.933214345772761e-05
3,4,SPOOFING,Time_To_Live,0.016492058234689466
3,4,SPOOFING,Rate,0.003714802173661269
3,4,SPOOFING,fin_flag_number,3.2204269047042544e-06
3,4,SPOOFING,syn_flag_number,0.008649674515618244
3,4,SPOOFING,rst_flag_number,2.091867310483053e-06
3,4,SPOOFING,psh_flag_number,9.484428798245403e-06
3,4,SPOOFING,ack_flag_number,0.04911071504066058
3,4,SPOOFING,ece_flag_number,0.0
3,4,SPOOFING,cwr_flag_number,0.0
3,4,SPOOFING,ack_count,0.003036524195158563
3,4,SPOOFING,syn_count,0.0009295484698668588
3,4,SPOOFING,fin_count,0.0006301683577930817
3,4,SPOOFING,rst_count,0.0005190133422630083
3,4,SPOOFING,HTTP,2.5059511843394944e-06
3,4,SPOOFING,HTTPS,0.00017922829849794652
3,4,SPOOFING,DNS,7.008818661002892e-08
3,4,SPOOFING,Telnet,0.0
3,4,SPOOFING,SMTP,0.0
3,4,SPOOFING,SSH,0.0
3,4,SPOOFING,IRC,0.0
3,4,SPOOFING,TCP,0.00010433192125560708
3,4,SPOOFING,UDP,0.0015925596915622009
3,4,SPOOFING,DHCP,0.0
3,4,SPOOFING,ARP,6.094369771919572e-07
3,4,SPOOFING,ICMP,6.659031819538086e-05
3,4,SPOOFING,IGMP,0.0
3,4,SPOOFING,IPv,2.3367977065175127e-07
3,4,SPOOFING,LLC,3.874856702601459e-06
3,4,SPOOFING,Tot sum,0.14828211925923823
3,4,SPOOFING,Min,0.018684012833909948
3,4,SPOOFING,Max,0.003749998711282387
3,4,SPOOFING,AVG,0.18036058619618417
3,4,SPOOFING,Std,0.013125199346541194
3,4,SPOOFING,Tot size,0.1287903926335275
3,4,SPOOFING,IAT,0.005102122321841307
3,4,SPOOFING,Number,0.03468669443245744
3,4,SPOOFING,Variance,0.08787174723111094
3,5,SPOOFING,Header_Length,4.1879705891290085e-05
3,5,SPOOFING,Protocol Type,8.181999980649834e-05
3,5,SPOOFING,Time_To_Live,0.016408415306068493
3,5,SPOOFING,Rate,0.0010792097065007056
3,5,SPOOFING,fin_flag_number,3.4592739893923864e-06
3,5,SPOOFING,syn_flag_number,0.007563060111715458
3,5,SPOOFING,rst_flag_number,3.960709704742272e-06
3,5,SPOOFING,psh_flag_number,9.310787336147541e-06
3,5,SPOOFING,ack_flag_number,0.01848457673586381
3,5,SPOOFING,ece_flag_number,0.0
3,5,SPOOFING,cwr_flag_number,0.0
3,5,SPOOFING,ack_count,0.0016888383088371484
3,5,SPOOFING,syn_count,0.0009650467032770394
3,5,SPOOFING,fin_count,0.00037334330882003995
3,5,SPOOFING,rst_count,0.0006306965675321408
3,5,SPOOFING,HTTP,0.0
3,5,SPOOFING,HTTPS,8.037933035893729e-05
3,5,SPOOFING,DNS,3.4158366465086853e-06
3,5,SPOOFING,Telnet,0.0
3,5,SPOOFING,SMTP,0.0
3,5,SPOOFING,SSH,0.0
3,5,SPOOFING,IRC,0.0
3,5,SPOOFING,TCP,1.0670401547940855e-05
3,5,SPOOFING,UDP,0.002255653998508933
3,5,SPOOFING,DHCP,2.8101887892262314e-07
3,5,SPOOFING,ARP,9.727273165838213e-08
3,5,SPOOFING,ICMP,6.679703752467958e-05
3,5,SPOOFING,IGMP,0.0
3,5,SPOOFING,IPv,1.1636081018728816e-07
3,5,SPOOFING,LLC,4.835964976024343e-07
3,5,SPOOFING,Tot sum,0.14647354056505718
3,5,SPOOFING,Min,0.009098450155215687
3,5,SPOOFING,Max,0.004336969344876707
3,5,SPOOFING,AVG,0.20177224669605492
3,5,SPOOFING,Std,0.011959637992549687
3,5,SPOOFING,Tot size,0.17335259206593037
3,5,SPOOFING,IAT,0.01037503141715206
3,5,SPOOFING,Number,0.018507060552656183
3,5,SPOOFING,Variance,0.11646214448846877
3,1,WEB,Header_Length,3.668117948905092e-05
3,1,WEB,Protocol Type,1.5335313253217465e-05
3,1,WEB,Time_To_Live,0.002793910810521538
3,1,WEB,Rate,1.5022204820525076e-05
3,1,WEB,fin_flag_number,9.423497185423458e-06
3,1,WEB,syn_flag_number,0.0001677915941399988
3,1,WEB,rst_flag_number,1.2476599015087685e-05
3,1,WEB,psh_flag_number,4.136637658991304e-06
3,1,WEB,ack_flag_number,0.0006246844172892452
3,1,WEB,ece_flag_number,0.0
3,1,WEB,cwr_flag_number,0.0
3,1,WEB,ack_count,0.0002912912306783255
3,1,WEB,syn_count,0.00023191044328996213
3,1,WEB,fin_count,0.0003353898930640753
3,1,WEB,rst_count,0.00023378110395242402
3,1,WEB,HTTP,2.119777316256233e-06
3,1,WEB,HTTPS,8.137744213376763e-07
3,1,WEB,DNS,8.837766831248928e-07
3,1,WEB,Telnet,0.0
3,1,WEB,SMTP,0.0
3,1,WEB,SSH,5.538693450546361e-07
3,1,WEB,IRC,0.0
3,1,WEB,TCP,7.014616465284007e-06
3,1,WEB,UDP,0.00037869001425860915
3,1,WEB,DHCP,0.0
3,1,WEB,ARP,4.874917366892717e-06
3,1,WEB,ICMP,2.1396125363892794e-06
3,1,WEB,IGMP,0.0
3,1,WEB,IPv,4.035106819955114e-06
3,1,WEB,LLC,4.860837071873902e-06
3,1,WEB,Tot sum,0.03685207958333194
3,1,WEB,Min,0.0026412304880068403
3,1,WEB,Max,0.0004636934150767047
3,1,WEB,AVG,0.004849532520165667
3,1,WEB,Std,0.004438828087586444
3,1,WEB,Tot size,0.008087974099908024
3,1,WEB,IAT,0.050277274353720716
3,1,WEB,Number,0.0016735766170313583
3,1,WEB,Variance,0.030371696109432376
3,2,WEB,Header_Length,1.3908553117225608e-05
3,2,WEB,Protocol Type,4.5866383060699786e-06
3,2,WEB,Time_To_Live,0.0040751343991246355
3,2,WEB,Rate,1.7826205088411486e-05
3,2,WEB,fin_flag_number,4.212217058219281e-06
3,2,WEB,syn_flag_number,0.0007367903578712643
3,2,WEB,rst_flag_number,4.147540073562439e-06
3,2,WEB,psh_flag_number,2.048169879831363e-06
3,2,WEB,ack_flag_number,0.00029647017560705533
3,2,WEB,ece_flag_number,0.0
3,2,WEB,cwr_flag_number,0.0
3,2,WEB,ack_count,0.00010246599243117771
3,2,WEB,syn_count,0.0007236065771508038
3,2,WEB,fin_count,0.00019050522435186678
3,2,WEB,rst_count,0.00018414400176637314
3,2,WEB,HTTP,3.196856704534845e-06
3,2,WEB,HTTPS,2.342181415260214e-06
3,2,WEB,DNS,1.1813447713393543e-07
3,2,WEB,Telnet,0.0
3,2,WEB,SMTP,0.0
3,2,WEB,SSH,5.978379348903218e-07
3,2,WEB,IRC,0.0
3,2,WEB,TCP,1.1832160019897841e-05
3,2,WEB,UDP,0.00020057442459062714
3,2,WEB,DHCP,0.0
3,2,WEB,ARP,6.34263597953065e-07
3,2,WEB,ICMP,1.4557687902971849e-05
3,2,WEB,IGMP,0.0
3,2,WEB,IPv,6.104282939716627e-07
3,2,WEB,LLC,5.26451398760383e-07
3,2,WEB,Tot sum,0.05219781544401485
3,2,WEB,Min,0.02617766516563651
3,2,WEB,Max,0.0024364334472920745
3,2,WEB,AVG,0.02769143357145367
3,2,WEB,Std,0.0007816147085208059
3,2,WEB,Tot size,0.01599325602001045
3,2,WEB,IAT,0.013367199352194348
3,2,WEB,Number,0.0017460305854797298
3,2,WEB,Variance,0.022274082250805804
3,3,WEB,Header_Length,0.00017772797098132288
3,3,WEB,Protocol Type,4.842244629088555e-06
3,3,WEB,Time_To_Live,0.006176893700103392
3,3,WEB,Rate,5.0339870011839596e-05
3,3,WEB,fin_flag_number,1.6703364052261806e-05
3,3,WEB,syn_flag_number,0.0011120196926981407
3,3,WEB,rst_flag_number,3.5563712648922775e-05
3,3,WEB,psh_flag_number,3.828937887195849e-06
3,3,WEB,ack_flag_number,0.004513240413507447
3,3,WEB,ece_flag_number,0.0
3,3,WEB,cwr_flag_number,0.0
3,3,WEB,ack_count,0.00030857952877028083
3,3,WEB,syn_count,0.0008671388222865062
3,3,WEB,fin_count,0.0008711577016129012
3,3,WEB,rst_count,0.0007854297916765063
3,3,WEB,HTTP,1.755277883148665e-05
3,3,WEB,HTTPS,1.4392796296047727e-05
3,3,WEB,DNS,1.7606630416638902e-05
3,3,WEB,Telnet,0.0
3,3,WEB,SMTP,0.0
3,3,WEB,SSH,0.0
3,3,WEB,IRC,0.0
3,3,WEB,TCP,2.9539672874534516e-05
3,3,WEB,UDP,0.0033431113599363014
3,3,WEB,DHCP,0.0
3,3,WEB,ARP,6.689058495235045e-06
3,3,WEB,ICMP,1.1471200768653488e-05
3,3,WEB,IGMP,0.0
3,3,WEB,IPv,1.198415701779698e-05
3,3,WEB,LLC,4.596084982377846e-06
3,3,WEB,Tot sum,0.06453533091116696
3,3,WEB,Min,0.00014081186959344905
3,3,WEB,Max,0.0008516194053299842
3,3,WEB,AVG,0.012205331423319876
3,3,WEB,Std,0.0064958163602568675
3,3,WEB,Tot size,0.022406766843050718
3,3,WEB,IAT,0.06860108637920348
3,3,WEB,Number,0.00925211712383316
3,3,WEB,Variance,0.059630952309817076
3,4,WEB,Header_Length,0.0001263087354345771
3,4,WEB,Protocol Type,4.680254805862205e-05
3,4,WEB,Time_To_Live,0.013836943142450764
3,4,WEB,Rate,7.1057807139141e-05
3,4,WEB,fin_flag_number,7.5662942833787385e-06
3,4,WEB,syn_flag_number,0.001514197705546394
3,4,WEB,rst_flag_number,7.627924253483797e-06
3,4,WEB,psh_flag_number,1.5576766980984757e-05
3,4,WEB,ack_flag_number,0.0018085319992678706
3,4,WEB,ece_flag_number,0.0
3,4,WEB,cwr_flag_number,0.0
3,4,WEB,ack_count,0.000494616415744531
3,4,WEB,syn_count,0.0014401713022380136
3,4,WEB,fin_count,0.0004670203286195829
3,4,WEB,rst_count,0.00032707672407923384
3,4,WEB,HTTP,6.843802935208032e-06
3,4,WEB,HTTPS,7.263364715015541e-06
3,4,WEB,DNS,8.732700196167898e-06
3,4,WEB,Telnet,0.0
3,4,WEB,SMTP,0.0
3,4,WEB,SSH,0.0
3,4,WEB,IRC,0.0
3,4,WEB,TCP,4.064044046572235e-05
3,4,WEB,UDP,0.0035490071546519174
3,4,WEB,DHCP,0.0
3,4,WEB,ARP,7.132564466771907e-06
3,4,WEB,ICMP,2.0216851669374592e-05
3,4,WEB,IGMP,0.0
3,4,WEB,IPv,3.0433225388648566e-06
3,4,WEB,LLC,1.8407527312191973e-06
3,4,WEB,Tot sum,0.1948562468867749
3,4,WEB,Min,0.04917033785291096
3,4,WEB,Max,0.006249622214818373
3,4,WEB,AVG,0.13976398166269063
3,4,WEB,Std,0.01708482977192034
3,4,WEB,Tot size,0.1081545852124691
3,4,WEB,IAT,0.1479075109353289
3,4,WEB,Number,0.008798012672923506
3,4,WEB,Variance,0.10858069107398478
3,5,WEB,Header_Length,2.725017848366207e-05
3,5,WEB,Protocol Type,3.6463672702602424e-06
3,5,WEB,Time_To_Live,0.0023383626307037276
3,5,WEB,Rate,7.81813345902549e-06
3,5,WEB,fin_flag_number,3.645877539915077e-06
3,5,WEB,syn_flag_number,0.00029589476197884325
3,5,WEB,rst_flag_number,2.5800806911724373e-06
3,5,WEB,psh_flag_number,2.87045239602407e-06
3,5,WEB,ack_flag_number,0.00025863562525234584
3,5,WEB,ece_flag_number,0.0
3,5,WEB,cwr_flag_number,0.0
3,5,WEB,ack_count,5.6466998377402436e-05
3,5,WEB,syn_count,0.00032442533332641685
3,5,WEB,fin_count,0.00017813444239962451
3,5,WEB,rst_count,8.418244535159935e-05
3,5,WEB,HTTP,1.3461077287502122e-06
3,5,WEB,HTTPS,3.961018983345e-06
3,5,WEB,DNS,8.49308499733495e-08
3,5,WEB,Telnet,0.0
3,5,WEB,SMTP,0.0
3,5,WEB,SSH,1.078530326026339e-06
3,5,WEB,IRC,0.0
3,5,WEB,TCP,2.816982668019108e-06
3,5,WEB,UDP,0.0008280567748471413
3,5,WEB,DHCP,0.0
3,5,WEB,ARP,2.2454772219283187e-06
3,5,WEB,ICMP,7.979705969690665e-06
3,5,WEB,IGMP,0.0
3,5,WEB,IPv,1.3922187715287305e-06
3,5,WEB,LLC,1.0416631692239386e-06
3,5,WEB,Tot sum,0.01982409550109878
3,5,WEB,Min,0.003122198605626636
3,5,WEB,Max,0.0004740856624266598
3,5,WEB,AVG,0.0023438151147274766
3,5,WEB,Std,0.002371039430727251
3,5,WEB,Tot size,0.005597332800971344
3,5,WEB,IAT,0.019879760975936734
3,5,WEB,Number,0.0013659560986184261
3,5,WEB,Variance,0.022024527058238163
4,1,BENIGN,Header_Length,0.00012550045969419443
4,1,BENIGN,Protocol Type,2.748653722051131e-05
4,1,BENIGN,Time_To_Live,0.04887241053966136
4,1,BENIGN,Rate,0.00011199540268194141
4,1,BENIGN,fin_flag_number,1.7414068720711386e-05
4,1,BENIGN,syn_flag_number,0.0011415864496484573
4,1,BENIGN,rst_flag_number,1.8597375545770234e-06
4,1,BENIGN,psh_flag_number,8.283222813076918e-06
4,1,BENIGN,ack_flag_number,0.005888165927899536
4,1,BENIGN,ece_flag_number,0.0
4,1,BENIGN,cwr_flag_number,0.0
4,1,BENIGN,ack_count,0.0012211663314701583
4,1,BENIGN,syn_count,0.00015990358020303574
4,1,BENIGN,fin_count,0.0006952646031322729
4,1,BENIGN,rst_count,0.000633176141752756
4,1,BENIGN,HTTP,3.979542454812801e-06
4,1,BENIGN,HTTPS,5.454256667913882e-06
4,1,BENIGN,DNS,1.5807947875146056e-07
4,1,BENIGN,Telnet,0.0
4,1,BENIGN,SMTP,0.0
4,1,BENIGN,SSH,0.0
4,1,BENIGN,IRC,0.0
4,1,BENIGN,TCP,3.2994254191009986e-06
4,1,BENIGN,UDP,0.0007129427805921296
4,1,BENIGN,DHCP,0.0
4,1,BENIGN,ARP,5.690014786230435e-07
4,1,BENIGN,ICMP,9.498701370347362e-06
4,1,BENIGN,IGMP,0.0
4,1,BENIGN,IPv,3.7629022254792587e-07
4,1,BENIGN,LLC,5.215859233610731e-07
4,1,BENIGN,Tot sum,0.10821501109749079
4,1,BENIGN,Min,0.002032672685891157
4,1,BENIGN,Max,0.0013821123080560937
4,1,BENIGN,AVG,0.0048509643245779445
4,1,BENIGN,Std,0.016879903525114058
4,1,BENIGN,Tot size,0.022084812546381727
4,1,BENIGN,IAT,0.01723599200854551
4,1,BENIGN,Number,0.010158895111385392
4,1,BENIGN,Variance,0.09014935228042305
4,2,BENIGN,Header_Length,1.8647676014893477e-06
4,2,BENIGN,Protocol Type,8.969340683506744e-07
4,2,BENIGN,Time_To_Live,0.0005240240008220099
4,2,BENIGN,Rate,5.813740570559389e-06
4,2,BENIGN,fin_flag_number,1.5185382808979853e-06
4,2,BENIGN,syn_flag_number,0.00011384832851035753
4,2,BENIGN,rst_flag_number,2.782306662202361e-07
4,2,BENIGN,psh_flag_number,1.063876485840609e-06
4,2,BENIGN,ack_flag_number,9.495083032788898e-05
4,2,BENIGN,ece_flag_number,0.0
4,2,BENIGN,cwr_flag_number,0.0
4,2,BENIGN,ack_count,1.3617910082075468e-05
4,2,BENIGN,syn_count,3.9930496541273897e-05
4,2,BENIGN,fin_count,4.0470859831032156e-05
4,2,BENIGN,rst_count,4.6729029119063625e-05
4,2,BENIGN,HTTP,9.78215261220744e-08
4,2,BENIGN,HTTPS,6.528722828136324e-07
4,2,BENIGN,DNS,1.703910400330244e-07
4,2,BENIGN,Telnet,0.0
4,2,BENIGN,SMTP,0.0
4,2,BENIGN,SSH,1.3383916197540202e-09
4,2,BENIGN,IRC,0.0
4,2,BENIGN,TCP,4.915260504431696e-07
4,2,BENIGN,UDP,0.00010657229756390052
4,2,BENIGN,DHCP,0.0
4,2,BENIGN,ARP,1.967669558365637e-09
4,2,BENIGN,ICMP,3.593189895068072e-08
4,2,BENIGN,IGMP,0.0
4,2,BENIGN,IPv,7.776286674917449e-10
4,2,BENIGN,LLC,9.624721685440319e-10
4,2,BENIGN,Tot sum,0.009500984496844467
4,2,BENIGN,Min,2.2039622246161627e-05
4,2,BENIGN,Max,0.0001388437878631521
4,2,BENIGN,AVG,0.00015373292894764744
4,2,BENIGN,Std,0.001036714376823511
4,2,BENIGN,Tot size,0.0016397481747844722
4,2,BENIGN,IAT,0.0009067026715911197
4,2,BENIGN,Number,0.00014928542951793134
4,2,BENIGN,Variance,0.01370693533681333
4,3,BENIGN,Header_Length,0.00018213465955341235
4,3,BENIGN,Protocol Type,2.9750935940597857e-06
4,3,BENIGN,Time_To_Live,0.013442016710632743
4,3,BENIGN,Rate,0.00020185202872653464
4,3,BENIGN,fin_flag_number,5.2195514160757736e-05
4,3,BENIGN,syn_flag_number,0.004279061234410619
4,3,BENIGN,rst_flag_number,5.599332459382822e-06
4,3,BENIGN,psh_flag_number,4.539985788198919e-05
4,3,BENIGN,ack_flag_number,0.010197650560439798
4,3,BENIGN,ece_flag_number,0.0
4,3,BENIGN,cwr_flag_number,0.0
4,3,BENIGN,ack_count,0.00028049130353338116
4,3,BENIGN,syn_count,0.0005112894289595715
4,3,BENIGN,fin_count,0.0013532621473132168
4,3,BENIGN,rst_count,0.0016975276503217174
4,3,BENIGN,HTTP,2.870060792758977e-06
4,3,BENIGN,HTTPS,1.8573458663961873e-06
4,3,BENIGN,DNS,2.0226100034714813e-06
4,3,BENIGN,Telnet,0.0
4,3,BENIGN,SMTP,0.0
4,3,BENIGN,SSH,0.0
4,3,BENIGN,IRC,0.0
4,3,BENIGN,TCP,3.834722466500296e-06
4,3,BENIGN,UDP,0.0015232311894578742
4,3,BENIGN,DHCP,0.0
4,3,BENIGN,ARP,1.1567516426247426e-05
4,3,BENIGN,ICMP,1.9576522910824677e-05
4,3,BENIGN,IGMP,0.0
4,3,BENIGN,IPv,3.4289643069618237e-06
4,3,BENIGN,LLC,1.630172220756787e-05
4,3,BENIGN,Tot sum,0.19339804016053677
4,3,BENIGN,Min,0.0010914052551413533
4,3,BENIGN,Max,0.00403168034972623
4,3,BENIGN,AVG,0.044620029535144566
4,3,BENIGN,Std,0.04258727170526981
4,3,BENIGN,Tot size,0.012577663362026214
4,3,BENIGN,IAT,0.11217117107953527
4,3,BENIGN,Number,0.007981885084154783
4,3,BENIGN,Variance,0.3790158573538065
4,4,BENIGN,Header_Length,0.00018089057451788903
4,4,BENIGN,Protocol Type,1.6765795515993885e-05
4,4,BENIGN,Time_To_Live,0.07283701459676735
4,4,BENIGN,Rate,8.680254325099668e-05
4,4,BENIGN,fin_flag_number,5.686198154819522e-06
4,4,BENIGN,syn_flag_number,0.0024179208234272665
4,4,BENIGN,rst_flag_number,2.5876607690378252e-06
4,4,BENIGN,psh_flag_number,4.388045287129216e-06
4,4,BENIGN,ack_flag_number,0.004636101848518592
4,4,BENIGN,ece_flag_number,0.0
4,4,BENIGN,cwr_flag_number,0.0
4,4,BENIGN,ack_count,0.0006306342951575061
4,4,BENIGN,syn_count,0.00047330295603842387
4,4,BENIGN,fin_count,0.0002043656547130013
4,4,BENIGN,rst_count,0.00028887807088868734
4,4,BENIGN,HTTP,5.481704297594092e-06
4,4,BENIGN,HTTPS,1.0239036704717819e-05
4,4,BENIGN,DNS,3.1375685038970144e-08
4,4,BENIGN,Telnet,0.0
4,4,BENIGN,SMTP,0.0
4,4,BENIGN,SSH,0.0
4,4,BENIGN,IRC,0.0
4,4,BENIGN,TCP,3.719613544295175e-06
4,4,BENIGN,UDP,0.0008078989074419951
4,4,BENIGN,DHCP,0.0
4,4,BENIGN,ARP,1.764379519550441e-06
4,4,BENIGN,ICMP,7.3323749660403335e-06
4,4,BENIGN,IGMP,0.0
4,4,BENIGN,IPv,5.740544543858528e-07
4,4,BENIGN,LLC,1.7460083976433837e-06
4,4,BENIGN,Tot sum,0.06232740362174809
4,4,BENIGN,Min,0.010062806714267935
4,4,BENIGN,Max,0.002669545751996338
4,4,BENIGN,AVG,0.009196884109405801
4,4,BENIGN,Std,0.019193665977945785
4,4,BENIGN,Tot size,0.03992194663733244
4,4,BENIGN,IAT,0.01960683991201222
4,4,BENIGN,Number,0.014627853934507584
4,4,BENIGN,Variance,0.19195548259012868
4,5,BENIGN,Header_Length,8.115358623399516e-05
4,5,BENIGN,Protocol Type,6.144766319948758e-06
4,5,BENIGN,Time_To_Live,0.012756440614975873
4,5,BENIGN,Rate,9.67128921274707e-05
4,5,BENIGN,fin_flag_number,1.1150466438181184e-05
4,5,BENIGN,syn_flag_number,0.001458259666651429
4,5,BENIGN,rst_flag_number,1.0819441148335328e-06
4,5,BENIGN,psh_flag_number,1.8262666813839702e-05
4,5,BENIGN,ack_flag_number,0.0029180624020227696
4,5,BENIGN,ece_flag_number,0.0
4,5,BENIGN,cwr_flag_number,0.0
4,5,BENIGN,ack_count,6.496868072645157e-05
4,5,BENIGN,syn_count,0.0008711856711670407
4,5,BENIGN,fin_count,0.000569267354785552
4,5,BENIGN,rst_count,0.00030692206494222776
4,5,BENIGN,HTTP,7.069017783578601e-07
4,5,BENIGN,HTTPS,8.438061854576517e-06
4,5,BENIGN,DNS,1.692444776281443e-06
4,5,BENIGN,Telnet,0.0
4,5,BENIGN,SMTP,0.0
4,5,BENIGN,SSH,0.0
4,5,BENIGN,IRC,0.0
4,5,BENIGN,TCP,9.240280832045755e-07
4,5,BENIGN,UDP,0.0007544547653196787
4,5,BENIGN,DHCP,0.0
4,5,BENIGN,ARP,2.3681508998230072e-07
4,5,BENIGN,ICMP,1.2373749657967893e-05
4,5,BENIGN,IGMP,0.0
4,5,BENIGN,IPv,2.552340096884098e-07
4,5,BENIGN,LLC,1.7414204055155036e-07
4,5,BENIGN,Tot sum,0.08482864175457508
4,5,BENIGN,Min,0.0035586631900514478
4,5,BENIGN,Max,0.00479042218066752
4,5,BENIGN,AVG,0.03474763901904225
4,5,BENIGN,Std,0.04159336630254984
4,5,BENIGN,Tot size,0.07260392606258392
4,5,BENIGN,IAT,0.028968299421831035
4,5,BENIGN,Number,0.004315606896125246
4,5,BENIGN,Variance,0.214173074811697
4,1,DDOS,Header_Length,0.006259112770203501
4,1,DDOS,Protocol Type,0.0007089544742484577
4,1,DDOS,Time_To_Live,0.0005886027297492546
4,1,DDOS,Rate,0.002741892325866502
4,1,DDOS,fin_flag_number,0.00014782564394408838
4,1,DDOS,syn_flag_number,0.007756927289301529
4,1,DDOS,rst_flag_number,4.592265540850349e-05
4,1,DDOS,psh_flag_number,0.00039021985066938213
4,1,DDOS,ack_flag_number,0.020389746921136976
4,1,DDOS,ece_flag_number,0.0
4,1,DDOS,cwr_flag_number,0.0
4,1,DDOS,ack_count,0.014146819175221027
4,1,DDOS,syn_count,0.015120689393370412
4,1,DDOS,fin_count,0.03750512292608619
4,1,DDOS,rst_count,0.029913145769387483
4,1,DDOS,HTTP,0.00013478638684318866
4,1,DDOS,HTTPS,1.6254530839887595e-05
4,1,DDOS,DNS,0.0
4,1,DDOS,Telnet,0.0
4,1,DDOS,SMTP,0.0
4,1,DDOS,SSH,0.0
4,1,DDOS,IRC,0.0
4,1,DDOS,TCP,0.0028526426496682687
4,1,DDOS,UDP,0.013985585886985064
4,1,DDOS,DHCP,0.0
4,1,DDOS,ARP,1.0888429744682072e-05
4,1,DDOS,ICMP,0.0008557708719308721
4,1,DDOS,IGMP,0.0
4,1,DDOS,IPv,1.540937373079032e-06
4,1,DDOS,LLC,7.028119222241003e-06
4,1,DDOS,Tot sum,0.47890903018414976
4,1,DDOS,Min,0.026786378398537636
4,1,DDOS,Max,0.0038774318498326467
4,1,DDOS,AVG,0.22389291562139987
4,1,DDOS,Std,0.002082232644897886
4,1,DDOS,Tot size,0.16209433637559414
4,1,DDOS,IAT,0.0032292653297190553
4,1,DDOS,Number,1.300606888889888e-05
4,1,DDOS,Variance,0.014378511620452627
4,2,DDOS,Header_Length,0.0138044231504864
4,2,DDOS,Protocol Type,0.0015503134872687952
4,2,DDOS,Time_To_Live,0.0013007211504373118
4,2,DDOS,Rate,0.002013778542368527
4,2,DDOS,fin_flag_number,0.00031510598549857607
4,2,DDOS,syn_flag_number,0.01266409998643212
4,2,DDOS,rst_flag_number,0.00013321076860393078
4,2,DDOS,psh_flag_number,9.873262508222069e-05
4,2,DDOS,ack_flag_number,0.0045280452686711214
4,2,DDOS,ece_flag_number,0.0
4,2,DDOS,cwr_flag_number,0.0
4,2,DDOS,ack_count,0.00728341717767762
4,2,DDOS,syn_count,0.012962553673423827
4,2,DDOS,fin_count,0.12314874177100137
4,2,DDOS,rst_count,0.030755033263994848
4,2,DDOS,HTTP,4.435081531255492e-05
4,2,DDOS,HTTPS,7.415135298103337e-05
4,2,DDOS,DNS,1.858938776422292e-06
4,2,DDOS,Telnet,0.0
4,2,DDOS,SMTP,0.0
4,2,DDOS,SSH,0.0
4,2,DDOS,IRC,0.0
4,2,DDOS,TCP,0.008951515929402376
4,2,DDOS,UDP,0.022942822970799172
4,2,DDOS,DHCP,0.0
4,2,DDOS,ARP,1.6947396220601262e-06
4,2,DDOS,ICMP,0.0034410143374770997
4,2,DDOS,IGMP,0.0
4,2,DDOS,IPv,1.6641260025096472e-06
4,2,DDOS,LLC,5.457887178650367e-06
4,2,DDOS,Tot sum,0.17953436225652694
4,2,DDOS,Min,1.974605217469616e-06
4,2,DDOS,Max,0.0020877985160041137
4,2,DDOS,AVG,0.020082545187324285
4,2,DDOS,Std,0.013965497945901007
4,2,DDOS,Tot size,0.020130299380980432
4,2,DDOS,IAT,0.0017168938735267147
4,2,DDOS,Number,4.05990115723398e-05
4,2,DDOS,Variance,0.2870742216240615
4,3,DDOS,Header_Length,0.0031893512699753047
4,3,DDOS,Protocol Type,0.0007041250612928706
4,3,DDOS,Time_To_Live,0.0011464593974778836
4,3,DDOS,Rate,0.0005798505764687434
4,3,DDOS,fin_flag_number,0.00023944433705764824
4,3,DDOS,syn_flag_number,0.019374447874724865
4,3,DDOS,rst_flag_number,0.00010010218866227661
4,3,DDOS,psh_flag_number,0.0005491894313308876
4,3,DDOS,ack_flag_number,0.009092458710074424
4,3,DDOS,ece_flag_number,0.0
4,3,DDOS,cwr_flag_number,0.0
4,3,DDOS,ack_count,0.011695219257671852
4,3,DDOS,syn_count,0.036639542810735296
4,3,DDOS,fin_count,0.05352144483476877
4,3,DDOS,rst_count,0.03646014500409365
4,3,DDOS,HTTP,0.00011293856659904123
4,3,DDOS,HTTPS,1.0290486834207968e-06
4,3,DDOS,DNS,5.774629237009776e-07
4,3,DDOS,Telnet,0.0
4,3,DDOS,SMTP,0.0
4,3,DDOS,SSH,0.0
4,3,DDOS,IRC,0.0
4,3,DDOS,TCP,0.0012134925200371072
4,3,DDOS,UDP,0.025799086783081293
4,3,DDOS,DHCP,0.0
4,3,DDOS,ARP,4.5564054516944456e-06
4,3,DDOS,ICMP,0.00045987601261003873
4,3,DDOS,IGMP,0.0
4,3,DDOS,IPv,1.5220451530240098e-06
4,3,DDOS,LLC,4.156681529821071e-06
4,3,DDOS,Tot sum,0.03401067042723298
4,3,DDOS,Min,0.001924267312278971
4,3,DDOS,Max,0.001941985420853598
4,3,DDOS,AVG,0.02080725193955004
4,3,DDOS,Std,0.0036555703072735923
4,3,DDOS,Tot size,0.015993331838399173
4,3,DDOS,IAT,0.00043069102030131036
4,3,DDOS,Number,0.0
4,3,DDOS,Variance,0.021992869768291713
4,4,DDOS,Header_Length,0.017453477066010237
4,4,DDOS,Protocol Type,0.002221135363652138
4,4,DDOS,Time_To_Live,0.000810465133326943
4,4,DDOS,Rate,0.0018730023643001915
4,4,DDOS,fin_flag_number,0.0001788978554031928
4,4,DDOS,syn_flag_number,0.01605383842252195
4,4,DDOS,rst_flag_number,3.2819453417687326e-05
4,4,DDOS,psh_flag_number,0.0005860764831595588
4,4,DDOS,ack_flag_number,0.027094341139309107
4,4,DDOS,ece_flag_number,0.0
4,4,DDOS,cwr_flag_number,0.0
4,4,DDOS,ack_count,0.046018011309206484
4,4,DDOS,syn_count,0.027194999111816286
4,4,DDOS,fin_count,0.03489625551737845
4,4,DDOS,rst_count,0.017373705480713396
4,4,DDOS,HTTP,0.0004254715329807368
4,4,DDOS,HTTPS,0.001955551367427688
4,4,DDOS,DNS,1.5291802640149399e-06
4,4,DDOS,Telnet,0.0
4,4,DDOS,SMTP,0.0
4,4,DDOS,SSH,0.0
4,4,DDOS,IRC,0.0
4,4,DDOS,TCP,0.009992709523066879
4,4,DDOS,UDP,0.03539765775203705
4,4,DDOS,DHCP,0.0
4,4,DDOS,ARP,6.462296715881166e-06
4,4,DDOS,ICMP,0.003607564653486861
4,4,DDOS,IGMP,0.0
4,4,DDOS,IPv,1.6392038581614088e-06
4,4,DDOS,LLC,5.178361018920441e-06
4,4,DDOS,Tot sum,0.06297266464680433
4,4,DDOS,Min,0.0021439260337501763
4,4,DDOS,Max,0.001040741233737208
4,4,DDOS,AVG,0.025038564950227736
4,4,DDOS,Std,0.0034704070989391767
4,4,DDOS,Tot size,0.026161858439445497
4,4,DDOS,IAT,0.0046235425223130735
4,4,DDOS,Number,0.0
4,4,DDOS,Variance,0.0072799050361936676
4,5,DDOS,Header_Length,0.013486334041590452
4,5,DDOS,Protocol Type,0.0020983769329177447
4,5,DDOS,Time_To_Live,0.0010456681979121641
4,5,DDOS,Rate,0.0010901227991780616
4,5,DDOS,fin_flag_number,9.230268834699018e-05
4,5,DDOS,syn_flag_number,0.028342829470057042
4,5,DDOS,rst_flag_number,3.343185614994582e-05
4,5,DDOS,psh_flag_number,0.00021850078088618828
4,5,DDOS,ack_flag_number,0.013154213577581685
4,5,DDOS,ece_flag_number,0.0
4,5,DDOS,cwr_flag_number,0.0
4,5,DDOS,ack_count,0.016196689572029754
4,5,DDOS,syn_count,0.030926875746808948
4,5,DDOS,fin_count,0.017170150548918173
4,5,DDOS,rst_count,0.017952834529569372
4,5,DDOS,HTTP,2.252922422485426e-06
4,5,DDOS,HTTPS,0.0025250571071495642
4,5,DDOS,DNS,2.7102864462058564e-06
4,5,DDOS,Telnet,0.0
4,5,DDOS,SMTP,0.0
4,5,DDOS,SSH,0.0
4,5,DDOS,IRC,0.0
4,5,DDOS,TCP,0.006936380271872622
4,5,DDOS,UDP,0.035380093730054796
4,5,DDOS,DHCP,0.0
4,5,DDOS,ARP,1.6503788505595195e-06
4,5,DDOS,ICMP,0.0016361247990744233
4,5,DDOS,IGMP,0.0
4,5,DDOS,IPv,2.4097833291492067e-06
4,5,DDOS,LLC,3.11974875764065e-06
4,5,DDOS,Tot sum,0.3657336536096409
4,5,DDOS,Min,0.0
4,5,DDOS,Max,0.012313551065744832
4,5,DDOS,AVG,0.029251880181254818
4,5,DDOS,Std,0.05435242425446631
4,5,DDOS,Tot size,0.028343650136957877
4,5,DDOS,IAT,0.0025042814526841537
4,5,DDOS,Number,0.0
4,5,DDOS,Variance,0.4725370194995776
4,1,DOS,Header_Length,0.003081814524921356
4,1,DOS,Protocol Type,0.0009234299305717286
4,1,DOS,Time_To_Live,0.0019492067594143237
4,1,DOS,Rate,0.0015568116359190754
4,1,DOS,fin_flag_number,0.00016669201691001944
4,1,DOS,syn_flag_number,0.005016221960249823
4,1,DOS,rst_flag_number,1.836730250488472e-05
4,1,DOS,psh_flag_number,0.0001970458612049697
4,1,DOS,ack_flag_number,0.01558961640112102
4,1,DOS,ece_flag_number,0.0
4,1,DOS,cwr_flag_number,0.0
4,1,DOS,ack_count,0.026978038996458054
4,1,DOS,syn_count,0.009505993197672069
4,1,DOS,fin_count,0.034700479000457564
4,1,DOS,rst_count,0.013256208499660716
4,1,DOS,HTTP,0.0001378753155904633
4,1,DOS,HTTPS,1.4627961790658616e-05
4,1,DOS,DNS,0.0
4,1,DOS,Telnet,0.0
4,1,DOS,SMTP,0.0
4,1,DOS,SSH,0.0
4,1,DOS,IRC,0.0
4,1,DOS,TCP,0.0019095740098237003
4,1,DOS,UDP,0.025924660987220703
4,1,DOS,DHCP,0.0
4,1,DOS,ARP,8.4741071010086e-06
4,1,DOS,ICMP,0.0005405706262536115
4,1,DOS,IGMP,0.0
4,1,DOS,IPv,1.518638229924818e-06
4,1,DOS,LLC,1.1136429220570676e-05
4,1,DOS,Tot sum,0.1367102826712653
4,1,DOS,Min,0.021691655390895903
4,1,DOS,Max,0.006782505172304809
4,1,DOS,AVG,0.1460847606882453
4,1,DOS,Std,0.010663389042019845
4,1,DOS,Tot size,0.04263979885727167
4,1,DOS,IAT,0.0010588178593025077
4,1,DOS,Number,3.925821974348764e-06
4,1,DOS,Variance,0.0953274330124259
4,2,DOS,Header_Length,0.007015828855401196
4,2,DOS,Protocol Type,0.0011610631205257959
4,2,DOS,Time_To_Live,0.001878195473955202
4,2,DOS,Rate,0.0018705175880313618
4,2,DOS,fin_flag_number,0.000210875018092338
4,2,DOS,syn_flag_number,0.020868494035676123
4,2,DOS,rst_flag_number,7.674363787373295e-05
4,2,DOS,psh_flag_number,8.284750701932353e-05
4,2,DOS,ack_flag_number,0.003269561956403777
4,2,DOS,ece_flag_number,0.0
4,2,DOS,cwr_flag_number,0.0
4,2,DOS,ack_count,0.004902407576446421
4,2,DOS,syn_count,0.026757596991956234
4,2,DOS,fin_count,0.05848571250389796
4,2,DOS,rst_count,0.033627434214577076
4,2,DOS,HTTP,2.9701170251428267e-05
4,2,DOS,HTTPS,0.00030722715447950577
4,2,DOS,DNS,0.0
4,2,DOS,Telnet,0.0
4,2,DOS,SMTP,0.0
4,2,DOS,SSH,0.0
4,2,DOS,IRC,0.0
4,2,DOS,TCP,0.0052396124418010006
4,2,DOS,UDP,0.03215090185403824
4,2,DOS,DHCP,0.0
4,2,DOS,ARP,1.1407243924566047e-06
4,2,DOS,ICMP,0.0010722319486376364
4,2,DOS,IGMP,0.0
4,2,DOS,IPv,3.7802225456573523e-07
4,2,DOS,LLC,9.629975778580047e-07
4,2,DOS,Tot sum,0.1446184135042131
4,2,DOS,Min,0.024024489643417725
4,2,DOS,Max,0.004569011164130643
4,2,DOS,AVG,0.09587486125528813
4,2,DOS,Std,0.01236252967210021
4,2,DOS,Tot size,0.022241037647472695
4,2,DOS,IAT,0.0035186750799766743
4,2,DOS,Number,2.542745914979605e-05
4,2,DOS,Variance,0.047413938120007514
4,3,DOS,Header_Length,0.015696450356335843
4,3,DOS,Protocol Type,0.0027547774619506526
4,3,DOS,Time_To_Live,0.01482807675783988
4,3,DOS,Rate,0.0034182105753643556
4,3,DOS,fin_flag_number,0.0003710913777467795
4,3,DOS,syn_flag_number,0.015187102369964123
4,3,DOS,rst_flag_number,0.00012051926951244241
4,3,DOS,psh_flag_number,0.0002894325869419845
4,3,DOS,ack_flag_number,0.017951837193686516
4,3,DOS,ece_flag_number,0.0
4,3,DOS,cwr_flag_number,0.0
4,3,DOS,ack_count,0.013421279529575258
4,3,DOS,syn_count,0.022048325358264266
4,3,DOS,fin_count,0.07960885821375996
4,3,DOS,rst_count,0.03253206755034625
4,3,DOS,HTTP,0.002587880551072885
4,3,DOS,HTTPS,9.334241921621356e-07
4,3,DOS,DNS,2.0039598421561776e-06
4,3,DOS,Telnet,0.0
4,3,DOS,SMTP,0.0
4,3,DOS,SSH,0.0
4,3,DOS,IRC,0.0
4,3,DOS,TCP,0.006926421171010588
4,3,DOS,UDP,0.07135278934147209
4,3,DOS,DHCP,0.0
4,3,DOS,ARP,1.0729806382414608e-05
4,3,DOS,ICMP,0.004341884559835307
4,3,DOS,IGMP,0.0
4,3,DOS,IPv,6.664759380115015e-06
4,3,DOS,LLC,1.2967253951501334e-05
4,3,DOS,Tot sum,0.33040801240131257
4,3,DOS,Min,0.017348083690740167
4,3,DOS,Max,0.007250786613440141
4,3,DOS,AVG,0.21311020478606224
4,3,DOS,Std,0.018600551958661525
4,3,DOS,Tot size,0.05110304262489081
4,3,DOS,IAT,0.0015827530174647108
4,3,DOS,Number,0.0
4,3,DOS,Variance,0.1845316058024764
4,4,DOS,Header_Length,0.015916719804226886
4,4,DOS,Protocol Type,0.0027851936858496627
4,4,DOS,Time_To_Live,0.017407237399220322
4,4,DOS,Rate,0.0019522705845929523
4,4,DOS,fin_flag_number,4.1027691986528224e-05
4,4,DOS,syn_flag_number,0.012764402595348657
4,4,DOS,rst_flag_number,1.6909440819290467e-05
4,4,DOS,psh_flag_number,0.0002814370262058219
4,4,DOS,ack_flag_number,0.02588980623986572
4,4,DOS,ece_flag_number,0.0
4,4,DOS,cwr_flag_number,0.0
4,4,DOS,ack_count,0.019155971058353316
4,4,DOS,syn_count,0.01410577226197347
4,4,DOS,fin_count,0.007321492696064524
4,4,DOS,rst_count,0.006989741188590415
4,4,DOS,HTTP,0.00027062059971285637
4,4,DOS,HTTPS,0.0013222723147237048
4,4,DOS,DNS,2.200124212237142e-06
4,4,DOS,Telnet,0.0
4,4,DOS,SMTP,0.0
4,4,DOS,SSH,0.0
4,4,DOS,IRC,0.0
4,4,DOS,TCP,0.009126707616087516
4,4,DOS,UDP,0.05390350596862845
4,4,DOS,DHCP,0.0
4,4,DOS,ARP,3.932175562653129e-05
4,4,DOS,ICMP,0.002085107484890614
4,4,DOS,IGMP,0.0
4,4,DOS,IPv,9.591648018414389e-06
4,4,DOS,LLC,1.2494920288830259e-05
4,4,DOS,Tot sum,0.09870497211813926
4,4,DOS,Min,0.024062395514920353
4,4,DOS,Max,0.011361965292599053
4,4,DOS,AVG,0.12453362084925175
4,4,DOS,Std,0.027530086238402873
4,4,DOS,Tot size,0.03161215796135366
4,4,DOS,IAT,0.004117149402009091
4,4,DOS,Number,0.0
4,4,DOS,Variance,0.03495430890470743
4,5,DOS,Header_Length,0.02440879125824722
4,5,DOS,Protocol Type,0.0019098904147540452
4,5,DOS,Time_To_Live,0.0014129900255284156
4,5,DOS,Rate,0.002480562422533694
4,5,DOS,fin_flag_number,0.00019288939729449338
4,5,DOS,syn_flag_number,0.012852139421738684
4,5,DOS,rst_flag_number,8.445898306490563e-05
4,5,DOS,psh_flag_number,0.00012894274206587397
4,5,DOS,ack_flag_number,0.005058324872152298
4,5,DOS,ece_flag_number,0.0
4,5,DOS,cwr_flag_number,0.0
4,5,DOS,ack_count,0.006862995095434599
4,5,DOS,syn_count,0.013647911406587809
4,5,DOS,fin_count,0.036513332300819455
4,5,DOS,rst_count,0.023658745043212547
4,5,DOS,HTTP,0.0008252455852925777
4,5,DOS,HTTPS,0.0028136164072748216
4,5,DOS,DNS,8.955055667669854e-07
4,5,DOS,Telnet,0.0
4,5,DOS,SMTP,0.0
4,5,DOS,SSH,0.0
4,5,DOS,IRC,0.0
4,5,DOS,TCP,0.0129936584970892
4,5,DOS,UDP,0.030718585645081474
4,5,DOS,DHCP,0.0
4,5,DOS,ARP,1.594900430461621e-05
4,5,DOS,ICMP,0.005421006612232304
4,5,DOS,IGMP,0.0
4,5,DOS,IPv,2.7768744114808895e-06
4,5,DOS,LLC,1.5052458053332884e-05
4,5,DOS,Tot sum,0.4324157984461635
4,5,DOS,Min,0.0
4,5,DOS,Max,0.017650216577749234
4,5,DOS,AVG,0.06162774049444124
4,5,DOS,Std,0.05646340131934267
4,5,DOS,Tot size,0.026499992224853487
4,5,DOS,IAT,0.00501636309636524
4,5,DOS,Number,0.0
4,5,DOS,Variance,0.4581398666079622
4,1,MIRAI,Header_Length,5.1696809805434896e-05
4,1,MIRAI,Protocol Type,7.474644735339098e-05
4,1,MIRAI,Time_To_Live,6.335181328722683e-05
4,1,MIRAI,Rate,3.6856332110346556e-05
4,1,MIRAI,fin_flag_number,1.0899503615746653e-05
4,1,MIRAI,syn_flag_number,0.0010234412129648263
4,1,MIRAI,rst_flag_number,8.148599090418428e-06
4,1,MIRAI,psh_flag_number,6.702059914687198e-06
4,1,MIRAI,ack_flag_number,0.0014998250946518965
4,1,MIRAI,ece_flag_number,0.0
4,1,MIRAI,cwr_flag_number,0.0
4,1,MIRAI,ack_count,0.0015437859183293767
4,1,MIRAI,syn_count,0.0007600336881296244
4,1,MIRAI,fin_count,0.001630210247822106
4,1,MIRAI,rst_count,0.0008737917305552401
4,1,MIRAI,HTTP,2.962711285192654e-06
4,1,MIRAI,HTTPS,2.0784651280081335e-07
4,1,MIRAI,DNS,1.1449647079331271e-07
4,1,MIRAI,Telnet,0.0
4,1,MIRAI,SMTP,0.0
4,1,MIRAI,SSH,0.0
4,1,MIRAI,IRC,0.0
4,1,MIRAI,TCP,2.3417581689955114e-05
4,1,MIRAI,UDP,0.003957112621719716
4,1,MIRAI,DHCP,0.0
4,1,MIRAI,ARP,8.037584926512409e-08
4,1,MIRAI,ICMP,1.786291913106197e-05
4,1,MIRAI,IGMP,0.0
4,1,MIRAI,IPv,1.8654525533179366e-07
4,1,MIRAI,LLC,1.5261506556285553e-07
4,1,MIRAI,Tot sum,0.35649512968957425
4,1,MIRAI,Min,0.04942297893576324
4,1,MIRAI,Max,0.010156506499333773
4,1,MIRAI,AVG,0.33020633868873117
4,1,MIRAI,Std,0.01704854213166982
4,1,MIRAI,Tot size,0.1182424083352089
4,1,MIRAI,IAT,0.0002728542840486625
4,1,MIRAI,Number,0.00014402867043088462
4,1,MIRAI,Variance,0.16611609226092697
4,2,MIRAI,Header_Length,0.00010262126525049098
4,2,MIRAI,Protocol Type,0.00011851420094899368
4,2,MIRAI,Time_To_Live,6.66716387058841e-05
4,2,MIRAI,Rate,2.8454688617784996e-05
4,2,MIRAI,fin_flag_number,2.6825130771612748e-05
4,2,MIRAI,syn_flag_number,0.011326337698847055
4,2,MIRAI,rst_flag_number,2.4566181673435493e-05
4,2,MIRAI,psh_flag_number,3.2284032499774185e-06
4,2,MIRAI,ack_flag_number,0.0003933936357498169
4,2,MIRAI,ece_flag_number,0.0
4,2,MIRAI,cwr_flag_number,0.0
4,2,MIRAI,ack_count,0.0004639797865820583
4,2,MIRAI,syn_count,0.009363516280427576
4,2,MIRAI,fin_count,0.004540560324676335
4,2,MIRAI,rst_count,0.0030698413960635663
4,2,MIRAI,HTTP,8.436419693680364e-06
4,2,MIRAI,HTTPS,7.836327398536013e-07
4,2,MIRAI,DNS,1.8967040205097874e-08
4,2,MIRAI,Telnet,0.0
4,2,MIRAI,SMTP,0.0
4,2,MIRAI,SSH,0.0
4,2,MIRAI,IRC,0.0
4,2,MIRAI,TCP,5.901640433876309e-05
4,2,MIRAI,UDP,0.00623734793625772
4,2,MIRAI,DHCP,0.0
4,2,MIRAI,ARP,1.2679288274863865e-08
4,2,MIRAI,ICMP,1.0327157610845461e-05
4,2,MIRAI,IGMP,0.0
4,2,MIRAI,IPv,1.269349015231569e-07
4,2,MIRAI,LLC,2.0174071480028033e-07
4,2,MIRAI,Tot sum,0.5715348973870278
4,2,MIRAI,Min,0.11596614369613008
4,2,MIRAI,Max,0.016180108580738307
4,2,MIRAI,AVG,0.6797640204429627
4,2,MIRAI,Std,0.022290930221788584
4,2,MIRAI,Tot size,0.172949855029583
4,2,MIRAI,IAT,0.001074135040107649
4,2,MIRAI,Number,1.4701074496770161e-05
4,2,MIRAI,Variance,0.21359489022288472
4,3,MIRAI,Header_Length,4.9294755370965504e-05
4,3,MIRAI,Protocol Type,4.8262243944918735e-05
4,3,MIRAI,Time_To_Live,0.00013176870746178793
4,3,MIRAI,Rate,5.3817668413103095e-05
4,3,MIRAI,fin_flag_number,3.295587175671244e-05
4,3,MIRAI,syn_flag_number,0.005177507642656565
4,3,MIRAI,rst_flag_number,2.709053078433499e-05
4,3,MIRAI,psh_flag_number,7.3839464221237e-06
4,3,MIRAI,ack_flag_number,0.00128248808614444
4,3,MIRAI,ece_flag_number,0.0
4,3,MIRAI,cwr_flag_number,0.0
4,3,MIRAI,ack_count,0.0013463222829159349
4,3,MIRAI,syn_count,0.004538720939308405
4,3,MIRAI,fin_count,0.004975220188498497
4,3,MIRAI,rst_count,0.002715781092410907
4,3,MIRAI,HTTP,1.547786050650757e-05
4,3,MIRAI,HTTPS,1.6700790315127278e-07
4,3,MIRAI,DNS,1.2479033628665093e-08
4,3,MIRAI,Telnet,0.0
4,3,MIRAI,SMTP,0.0
4,3,MIRAI,SSH,0.0
4,3,MIRAI,IRC,0.0
4,3,MIRAI,TCP,6.412152361008338e-05
4,3,MIRAI,UDP,0.01642955846618861
4,3,MIRAI,DHCP,0.0
4,3,MIRAI,ARP,9.674257892555715e-08
4,3,MIRAI,ICMP,5.458463365357602e-05
4,3,MIRAI,IGMP,0.0
4,3,MIRAI,IPv,1.3994314116416717e-07
4,3,MIRAI,LLC,3.3684004563383496e-07
4,3,MIRAI,Tot sum,0.8041231572628021
4,3,MIRAI,Min,0.10713354398612865
4,3,MIRAI,Max,0.020716152526438235
4,3,MIRAI,AVG,0.8029371112585068
4,3,MIRAI,Std,0.0352966608479619
4,3,MIRAI,Tot size,0.21242906749248505
4,3,MIRAI,IAT,0.0008875185805663933
4,3,MIRAI,Number,0.0
4,3,MIRAI,Variance,0.2780747157521546
4,4,MIRAI,Header_Length,7.913239678600804e-05
4,4,MIRAI,Protocol Type,0.0001263444572032313
4,4,MIRAI,Time_To_Live,0.00021084932684516388
4,4,MIRAI,Rate,4.6282496805361005e-05
4,4,MIRAI,fin_flag_number,3.647507969617436e-06
4,4,MIRAI,syn_flag_number,0.005683651170693338
4,4,MIRAI,rst_flag_number,3.3934105829303006e-06
4,4,MIRAI,psh_flag_number,6.58408392837373e-06
4,4,MIRAI,ack_flag_number,0.0013935826340457425
4,4,MIRAI,ece_flag_number,0.0
4,4,MIRAI,cwr_flag_number,0.0
4,4,MIRAI,ack_count,0.001650606187104131
4,4,MIRAI,syn_count,0.004830781300552189
4,4,MIRAI,fin_count,0.0005336784655810334
4,4,MIRAI,rst_count,0.0002621544681460364
4,4,MIRAI,HTTP,8.331608580647298e-06
4,4,MIRAI,HTTPS,1.4591263994390147e-06
4,4,MIRAI,DNS,7.81085930601222e-08
4,4,MIRAI,Telnet,0.0
4,4,MIRAI,SMTP,0.0
4,4,MIRAI,SSH,0.0
4,4,MIRAI,IRC,0.0
4,4,MIRAI,TCP,4.707822336058598e-05
4,4,MIRAI,UDP,0.012501495983451604
4,4,MIRAI,DHCP,0.0
4,4,MIRAI,ARP,1.1567295139514045e-07
4,4,MIRAI,ICMP,2.3729925396764882e-05
4,4,MIRAI,IGMP,0.0
4,4,MIRAI,IPv,1.7310956017535518e-07
4,4,MIRAI,LLC,2.246223784529988e-07
4,4,MIRAI,Tot sum,0.8131886139512062
4,4,MIRAI,Min,0.0683092734660022
4,4,MIRAI,Max,0.022239906154572962
4,4,MIRAI,AVG,0.7797130882740021
4,4,MIRAI,Std,0.060904443921754134
4,4,MIRAI,Tot size,0.25337182730436325
4,4,MIRAI,IAT,0.0007791608324623667
4,4,MIRAI,Number,0.0
4,4,MIRAI,Variance,0.47060320384334775
4,5,MIRAI,Header_Length,5.257083039396093e-05
4,5,MIRAI,Protocol Type,0.0001368551020277664
4,5,MIRAI,Time_To_Live,0.00012678287603193895
4,5,MIRAI,Rate,6.875012950331438e-05
4,5,MIRAI,fin_flag_number,1.0498958590687835e-05
4,5,MIRAI,syn_flag_number,0.01043723402544856
4,5,MIRAI,rst_flag_number,1.122054554798524e-05
4,5,MIRAI,psh_flag_number,6.047320925972599e-06
4,5,MIRAI,ack_flag_number,0.0010822343290783464
4,5,MIRAI,ece_flag_number,0.0
4,5,MIRAI,cwr_flag_number,0.0
4,5,MIRAI,ack_count,0.0013262802589451895
4,5,MIRAI,syn_count,0.008477763924747705
4,5,MIRAI,fin_count,0.0013807248091325165
4,5,MIRAI,rst_count,0.0007003819526289589
4,5,MIRAI,HTTP,0.0
4,5,MIRAI,HTTPS,5.640440645038325e-06
4,5,MIRAI,DNS,5.4770293245187673e-08
4,5,MIRAI,Telnet,0.0
4,5,MIRAI,SMTP,0.0
4,5,MIRAI,SSH,0.0
4,5,MIRAI,IRC,0.0
4,5,MIRAI,TCP,4.269052569725318e-05
4,5,MIRAI,UDP,0.014673533919267356
4,5,MIRAI,DHCP,0.0
4,5,MIRAI,ARP,2.7078244446698817e-08
4,5,MIRAI,ICMP,5.343340308172628e-05
4,5,MIRAI,IGMP,0.0
4,5,MIRAI,IPv,1.554321848118434e-07
4,5,MIRAI,LLC,9.363088580016665e-08
4,5,MIRAI,Tot sum,0.7790202289819718
4,5,MIRAI,Min,0.13348585956264286
4,5,MIRAI,Max,0.020746924541890623
4,5,MIRAI,AVG,0.8263621389865875
4,5,MIRAI,Std,0.02234846886713058
4,5,MIRAI,Tot size,0.22611940652132034
4,5,MIRAI,IAT,0.0009916082548443229
4,5,MIRAI,Number,0.0
4,5,MIRAI,Variance,0.15282334764488043
4,1,RECON,Header_Length,0.00010006027146118868
4,1,RECON,Protocol Type,2.542900913340418e-05
4,1,RECON,Time_To_Live,0.007082076754159061
4,1,RECON,Rate,0.00046983615288809233
4,1,RECON,fin_flag_number,1.4578516724128577e-05
4,1,RECON,syn_flag_number,0.021361271199566545
4,1,RECON,rst_flag_number,2.0166158685697154e-05
4,1,RECON,psh_flag_number,2.7743733130591864e-05
4,1,RECON,ack_flag_number,0.0167430669956957
4,1,RECON,ece_flag_number,0.0
4,1,RECON,cwr_flag_number,0.0
4,1,RECON,ack_count,0.001912699150852859
4,1,RECON,syn_count,0.0011936522052565124
4,1,RECON,fin_count,0.0030036437150556595
4,1,RECON,rst_count,0.001263396670401562
4,1,RECON,HTTP,7.33974699160811e-06
4,1,RECON,HTTPS,3.881655000625983e-05
4,1,RECON,DNS,5.353098583782412e-06
4,1,RECON,Telnet,0.0
4,1,RECON,SMTP,0.0
4,1,RECON,SSH,0.0
4,1,RECON,IRC,0.0
4,1,RECON,TCP,9.990219496103236e-06
4,1,RECON,UDP,0.003214698580268305
4,1,RECON,DHCP,0.0
4,1,RECON,ARP,2.549716948241354e-07
4,1,RECON,ICMP,5.85038547228578e-05
4,1,RECON,IGMP,0.0
4,1,RECON,IPv,1.0351474994507726e-06
4,1,RECON,LLC,3.5873372270067703e-06
4,1,RECON,Tot sum,0.3651064433157444
4,1,RECON,Min,0.0011908137690625153
4,1,RECON,Max,0.0018483581598957243
4,1,RECON,AVG,0.029532930444838713
4,1,RECON,Std,0.012611991964513436
4,1,RECON,Tot size,0.025298326660413296
4,1,RECON,IAT,0.04768136637867428
4,1,RECON,Number,0.012940161128062755
4,1,RECON,Variance,0.19180193764623255
4,2,RECON,Header_Length,4.59751322438251e-05
4,2,RECON,Protocol Type,5.977633507541214e-05
4,2,RECON,Time_To_Live,0.00420113446404855
4,2,RECON,Rate,8.79994186583133e-05
4,2,RECON,fin_flag_number,1.1926783304616606e-05
4,2,RECON,syn_flag_number,0.019265420070223627
4,2,RECON,rst_flag_number,2.6724655277554633e-05
4,2,RECON,psh_flag_number,1.2460100866240608e-05
4,2,RECON,ack_flag_number,0.016132749067219267
4,2,RECON,ece_flag_number,0.0
4,2,RECON,cwr_flag_number,0.0
4,2,RECON,ack_count,0.001032320860508662
4,2,RECON,syn_count,0.011342812234033772
4,2,RECON,fin_count,0.004884821037376241
4,2,RECON,rst_count,0.00248847461848527
4,2,RECON,HTTP,1.0731438285294104e-05
4,2,RECON,HTTPS,5.4143294980235625e-05
4,2,RECON,DNS,3.910088150860247e-06
4,2,RECON,Telnet,0.0
4,2,RECON,SMTP,0.0
4,2,RECON,SSH,0.0
4,2,RECON,IRC,0.0
4,2,RECON,TCP,7.774761045808987e-06
4,2,RECON,UDP,0.0031963827755134844
4,2,RECON,DHCP,0.0
4,2,RECON,ARP,8.889285456170626e-06
4,2,RECON,ICMP,8.388588384455887e-06
4,2,RECON,IGMP,0.0
4,2,RECON,IPv,2.6510823625258695e-06
4,2,RECON,LLC,1.9487089486958098e-05
4,2,RECON,Tot sum,0.2870782414218411
4,2,RECON,Min,3.962834017414707e-05
4,2,RECON,Max,0.0013737310146098025
4,2,RECON,AVG,0.03420474209706299
4,2,RECON,Std,0.008364109497051686
4,2,RECON,Tot size,0.057472036918625236
4,2,RECON,IAT,0.049027173684589795
4,2,RECON,Number,0.020158364451344824
4,2,RECON,Variance,0.1784167431294918
4,3,RECON,Header_Length,0.0005019844147227559
4,3,RECON,Protocol Type,1.2793315568160324e-05
4,3,RECON,Time_To_Live,0.042353990548872386
4,3,RECON,Rate,0.0005109183892727742
4,3,RECON,fin_flag_number,5.910562120163832e-05
4,3,RECON,syn_flag_number,0.031564841196995985
4,3,RECON,rst_flag_number,6.991252106445245e-05
4,3,RECON,psh_flag_number,5.767665192237814e-05
4,3,RECON,ack_flag_number,0.05036399941891432
4,3,RECON,ece_flag_number,0.0
4,3,RECON,cwr_flag_number,0.0
4,3,RECON,ack_count,0.001879904891757178
4,3,RECON,syn_count,0.007442058290325804
4,3,RECON,fin_count,0.0051431329018669205
4,3,RECON,rst_count,0.0026339942203776447
4,3,RECON,HTTP,3.550667708225319e-05
4,3,RECON,HTTPS,4.913221032758486e-05
4,3,RECON,DNS,1.920357117927707e-05
4,3,RECON,Telnet,0.0
4,3,RECON,SMTP,0.0
4,3,RECON,SSH,0.0
4,3,RECON,IRC,0.0
4,3,RECON,TCP,3.10356712439841e-05
4,3,RECON,UDP,0.0038861614566485514
4,3,RECON,DHCP,0.0
4,3,RECON,ARP,9.144292556717559e-07
4,3,RECON,ICMP,3.7724381479620205e-05
4,3,RECON,IGMP,0.0
4,3,RECON,IPv,1.267556096173905e-06
4,3,RECON,LLC,6.078841522594303e-06
4,3,RECON,Tot sum,0.31183787749614567
4,3,RECON,Min,0.0029217294207228408
4,3,RECON,Max,0.0016294690540235024
4,3,RECON,AVG,0.05097510376945138
4,3,RECON,Std,0.0091304528148612
4,3,RECON,Tot size,0.05866117817349732
4,3,RECON,IAT,0.08857980147004127
4,3,RECON,Number,0.03978765765205026
4,3,RECON,Variance,0.2979523385874927
4,4,RECON,Header_Length,0.0001581109826474858
4,4,RECON,Protocol Type,2.9451158621895956e-05
4,4,RECON,Time_To_Live,0.012126502887531388
4,4,RECON,Rate,9.140033051266983e-05
4,4,RECON,fin_flag_number,3.5510826577933584e-06
4,4,RECON,syn_flag_number,0.0073797235207166524
4,4,RECON,rst_flag_number,7.454690194208524e-06
4,4,RECON,psh_flag_number,6.1897312323822e-05
4,4,RECON,ack_flag_number,0.021098380698822437
4,4,RECON,ece_flag_number,0.0
4,4,RECON,cwr_flag_number,0.0
4,4,RECON,ack_count,0.0015381696008262224
4,4,RECON,syn_count,0.003569702088134363
4,4,RECON,fin_count,0.0008783150340605061
4,4,RECON,rst_count,0.0006756565700925421
4,4,RECON,HTTP,1.1178246342069543e-05
4,4,RECON,HTTPS,3.711530196142121e-05
4,4,RECON,DNS,2.693048355872918e-06
4,4,RECON,Telnet,0.0
4,4,RECON,SMTP,0.0
4,4,RECON,SSH,0.0
4,4,RECON,IRC,0.0
4,4,RECON,TCP,2.0524168729707525e-05
4,4,RECON,UDP,0.003725195785955293
4,4,RECON,DHCP,0.0
4,4,RECON,ARP,2.0175511602049666e-06
4,4,RECON,ICMP,2.620622317408561e-05
4,4,RECON,IGMP,0.0
4,4,RECON,IPv,3.3932395278490903e-06
4,4,RECON,LLC,7.734166806017128e-06
4,4,RECON,Tot sum,0.30805973913520573
4,4,RECON,Min,0.0004715996868050798
4,4,RECON,Max,0.0020559453765599755
4,4,RECON,AVG,0.05705926464870572
4,4,RECON,Std,0.015223471399076515
4,4,RECON,Tot size,0.05999850896769203
4,4,RECON,IAT,0.04602062851190567
4,4,RECON,Number,0.019164184248074888
4,4,RECON,Variance,0.1831537759047933
4,5,RECON,Header_Length,0.00015855288432931047
4,5,RECON,Protocol Type,3.575982392476362e-05
4,5,RECON,Time_To_Live,0.04075371736262241
4,5,RECON,Rate,0.00019779416541041429
4,5,RECON,fin_flag_number,3.126594784390591e-05
4,5,RECON,syn_flag_number,0.04967199472303037
4,5,RECON,rst_flag_number,3.90701881784139e-05
4,5,RECON,psh_flag_number,4.791061437074973e-05
4,5,RECON,ack_flag_number,0.07099547957623145
4,5,RECON,ece_flag_number,0.0
4,5,RECON,cwr_flag_number,0.0
4,5,RECON,ack_count,0.002506008041461882
4,5,RECON,syn_count,0.015527224718971411
4,5,RECON,fin_count,0.0021762975562978682
4,5,RECON,rst_count,0.002965283772755356
4,5,RECON,HTTP,1.090830205612292e-05
4,5,RECON,HTTPS,8.170222589001241e-05
4,5,RECON,DNS,3.1640600159990595e-06
4,5,RECON,Telnet,0.0
4,5,RECON,SMTP,0.0
4,5,RECON,SSH,0.0
4,5,RECON,IRC,0.0
4,5,RECON,TCP,3.689866474019254e-05
4,5,RECON,UDP,0.005346479937543336
4,5,RECON,DHCP,0.0
4,5,RECON,ARP,1.7666347564643249e-06
4,5,RECON,ICMP,4.4174499366533836e-05
4,5,RECON,IGMP,0.0
4,5,RECON,IPv,2.0401424339455685e-06
4,5,RECON,LLC,1.2181080560058621e-05
4,5,RECON,Tot sum,0.34195956801995636
4,5,RECON,Min,0.0013764104261099418
4,5,RECON,Max,0.0010267902362102177
4,5,RECON,AVG,0.09147930999170058
4,5,RECON,Std,0.008927297304035164
4,5,RECON,Tot size,0.1021201158524491
4,5,RECON,IAT,0.1165796585210046
4,5,RECON,Number,0.021833473851438613
4,5,RECON,Variance,0.21292507870239205
4,1,SPOOFING,Header_Length,8.656661634631746e-06
4,1,SPOOFING,Protocol Type,0.00012174232046504584
4,1,SPOOFING,Time_To_Live,0.005315806478756712
4,1,SPOOFING,Rate,4.0891189291869524e-05
4,1,SPOOFING,fin_flag_number,1.1778642448234678e-05
4,1,SPOOFING,syn_flag_number,0.000954238731355872
4,1,SPOOFING,rst_flag_number,6.6289963100985005e-06
4,1,SPOOFING,psh_flag_number,8.887928630940678e-06
4,1,SPOOFING,ack_flag_number,0.0025906882612616753
4,1,SPOOFING,ece_flag_number,0.0
4,1,SPOOFING,cwr_flag_number,0.0
4,1,SPOOFING,ack_count,0.0018164111294026951
4,1,SPOOFING,syn_count,0.00010820424767530313
4,1,SPOOFING,fin_count,0.001346758360887179
4,1,SPOOFING,rst_count,0.0008055999174757744
4,1,SPOOFING,HTTP,1.8781594042227567e-06
4,1,SPOOFING,HTTPS,2.0306687930471413e-05
4,1,SPOOFING,DNS,0.0
4,1,SPOOFING,Telnet,0.0
4,1,SPOOFING,SMTP,0.0
4,1,SPOOFING,SSH,0.0
4,1,SPOOFING,IRC,0.0
4,1,SPOOFING,TCP,1.0085511868851427e-05
4,1,SPOOFING,UDP,0.0030907464019037435
4,1,SPOOFING,DHCP,0.0
4,1,SPOOFING,ARP,1.1138843702962475e-06
4,1,SPOOFING,ICMP,2.0950622711879417e-05
4,1,SPOOFING,IGMP,0.0
4,1,SPOOFING,IPv,2.4708762055292153e-07
4,1,SPOOFING,LLC,2.00871313733586e-06
4,1,SPOOFING,Tot sum,0.06997209219262004
4,1,SPOOFING,Min,0.0009301001351559535
4,1,SPOOFING,Max,0.001072236335312482
4,1,SPOOFING,AVG,0.07426699101924897
4,1,SPOOFING,Std,0.014747140044346452
4,1,SPOOFING,Tot size,0.10658426452428102
4,1,SPOOFING,IAT,0.03932393416184823
4,1,SPOOFING,Number,0.0063461892847954
4,1,SPOOFING,Variance,0.14730272442102432
4,2,SPOOFING,Header_Length,0.0004076330329553457
4,2,SPOOFING,Protocol Type,5.65090003107116e-05
4,2,SPOOFING,Time_To_Live,0.010843474350753368
4,2,SPOOFING,Rate,0.0025992050441573157
4,2,SPOOFING,fin_flag_number,2.4824829847602813e-05
4,2,SPOOFING,syn_flag_number,0.03477394205983728
4,2,SPOOFING,rst_flag_number,9.348452686452901e-06
4,2,SPOOFING,psh_flag_number,5.7565757069255595e-05
4,2,SPOOFING,ack_flag_number,0.07613332670189266
4,2,SPOOFING,ece_flag_number,0.0
4,2,SPOOFING,cwr_flag_number,0.0
4,2,SPOOFING,ack_count,0.009049775436869823
4,2,SPOOFING,syn_count,0.003659951049485244
4,2,SPOOFING,fin_count,0.003110342643799413
4,2,SPOOFING,rst_count,0.00338934487735969
4,2,SPOOFING,HTTP,4.001292028021908e-06
4,2,SPOOFING,HTTPS,0.0001570166287777397
4,2,SPOOFING,DNS,0.00019855699501931668
4,2,SPOOFING,Telnet,0.0
4,2,SPOOFING,SMTP,0.0
4,2,SPOOFING,SSH,0.0
4,2,SPOOFING,IRC,0.0
4,2,SPOOFING,TCP,7.686371749313637e-05
4,2,SPOOFING,UDP,0.02517016998217514
4,2,SPOOFING,DHCP,0.0
4,2,SPOOFING,ARP,2.19936374090679e-06
4,2,SPOOFING,ICMP,4.929162661255759e-05
4,2,SPOOFING,IGMP,0.0
4,2,SPOOFING,IPv,1.4024935598530574e-06
4,2,SPOOFING,LLC,7.240772802319384e-06
4,2,SPOOFING,Tot sum,2.6817869042046367
4,2,SPOOFING,Min,0.02048243312019622
4,2,SPOOFING,Max,0.01301711355044972
4,2,SPOOFING,AVG,0.33794401697814463
4,2,SPOOFING,Std,0.10146812505554408
4,2,SPOOFING,Tot size,0.3032099395990372
4,2,SPOOFING,IAT,0.031311646410142654
4,2,SPOOFING,Number,0.12508738600299693
4,2,SPOOFING,Variance,0.672394911851734
4,3,SPOOFING,Header_Length,5.3903009228761786e-05
4,3,SPOOFING,Protocol Type,2.124932424081294e-05
4,3,SPOOFING,Time_To_Live,0.0027119646798212218
4,3,SPOOFING,Rate,0.0004665783167141946
4,3,SPOOFING,fin_flag_number,1.0450766931224819e-05
4,3,SPOOFING,syn_flag_number,0.0012213326864639385
4,3,SPOOFING,rst_flag_number,4.973599512819726e-06
4,3,SPOOFING,psh_flag_number,4.1027889940981055e-06
4,3,SPOOFING,ack_flag_number,0.008683633806958824
4,3,SPOOFING,ece_flag_number,0.0
4,3,SPOOFING,cwr_flag_number,0.0
4,3,SPOOFING,ack_count,0.0005855254242078445
4,3,SPOOFING,syn_count,6.612269546621974e-05
4,3,SPOOFING,fin_count,0.0005492338461749568
4,3,SPOOFING,rst_count,0.00042506775074571126
4,3,SPOOFING,HTTP,3.600423710370393e-06
4,3,SPOOFING,HTTPS,1.8623330320965968e-05
4,3,SPOOFING,DNS,3.354313520033403e-08
4,3,SPOOFING,Telnet,0.0
4,3,SPOOFING,SMTP,0.0
4,3,SPOOFING,SSH,0.0
4,3,SPOOFING,IRC,0.0
4,3,SPOOFING,TCP,2.1381036280909704e-06
4,3,SPOOFING,UDP,0.0015980069107101257
4,3,SPOOFING,DHCP,0.0
4,3,SPOOFING,ARP,2.382626087746309e-06
4,3,SPOOFING,ICMP,2.4292750924614913e-05
4,3,SPOOFING,IGMP,0.0
4,3,SPOOFING,IPv,2.7935365197948037e-06
4,3,SPOOFING,LLC,9.545923448361914e-06
4,3,SPOOFING,Tot sum,0.023163284359543467
4,3,SPOOFING,Min,0.0008324037523607331
4,3,SPOOFING,Max,0.0001260737303255155
4,3,SPOOFING,AVG,0.012943600738071836
4,3,SPOOFING,Std,0.0011651089154838701
4,3,SPOOFING,Tot size,0.015194891358260066
4,3,SPOOFING,IAT,0.003947234019279833
4,3,SPOOFING,Number,0.008961965340222377
4,3,SPOOFING,Variance,0.013627154770074413
4,4,SPOOFING,Header_Length,9.119073729380034e-05
4,4,SPOOFING,Protocol Type,3.172468124716943e-05
4,4,SPOOFING,Time_To_Live,0.010016809571698104
4,4,SPOOFING,Rate,0.0035827718150500234
4,4,SPOOFING,fin_flag_number,1.3097300609388184e-06
4,4,SPOOFING,syn_flag_number,0.010348304898980133
4,4,SPOOFING,rst_flag_number,2.4127619813185675e-06
4,4,SPOOFING,psh_flag_number,1.584917543020481e-05
4,4,SPOOFING,ack_flag_number,0.05837694624133292
4,4,SPOOFING,ece_flag_number,0.0
4,4,SPOOFING,cwr_flag_number,0.0
4,4,SPOOFING,ack_count,0.004573963854136309
4,4,SPOOFING,syn_count,0.0011542267501226887
4,4,SPOOFING,fin_count,0.0004984920540664461
4,4,SPOOFING,rst_count,0.00046139408764247494
4,4,SPOOFING,HTTP,1.129788034508472e-05
4,4,SPOOFING,HTTPS,0.00015152069829582615
4,4,SPOOFING,DNS,1.0491290353686899e-07
4,4,SPOOFING,Telnet,0.0
4,4,SPOOFING,SMTP,0.0
4,4,SPOOFING,SSH,0.0
4,4,SPOOFING,IRC,0.0
4,4,SPOOFING,TCP,2.1877564786620952e-05
4,4,SPOOFING,UDP,0.0028354465848678956
4,4,SPOOFING,DHCP,0.0
4,4,SPOOFING,ARP,4.1461135605880275e-07
4,4,SPOOFING,ICMP,0.00011271032665076675
4,4,SPOOFING,IGMP,0.0
4,4,SPOOFING,IPv,5.202340755463934e-07
4,4,SPOOFING,LLC,5.390305614783042e-06
4,4,SPOOFING,Tot sum,0.2671604699455202
4,4,SPOOFING,Min,0.017026185437862294
4,4,SPOOFING,Max,0.004999520674755331
4,4,SPOOFING,AVG,0.2278937560506165
4,4,SPOOFING,Std,0.024363156759500272
4,4,SPOOFING,Tot size,0.1862570434808731
4,4,SPOOFING,IAT,0.005940828102757223
4,4,SPOOFING,Number,0.02707512701890664
4,4,SPOOFING,Variance,0.25737044326233444
4,5,SPOOFING,Header_Length,5.663751790798699e-05
4,5,SPOOFING,Protocol Type,7.245275891136771e-05
4,5,SPOOFING,Time_To_Live,0.015997364297800232
4,5,SPOOFING,Rate,0.0005852780607710883
4,5,SPOOFING,fin_flag_number,7.167981857492123e-06
4,5,SPOOFING,syn_flag_number,0.009025881029083393
4,5,SPOOFING,rst_flag_number,3.2581656299157656e-06
4,5,SPOOFING,psh_flag_number,4.666795712182648e-06
4,5,SPOOFING,ack_flag_number,0.01754993063168513
4,5,SPOOFING,ece_flag_number,0.0
4,5,SPOOFING,cwr_flag_number,0.0
4,5,SPOOFING,ack_count,0.0014500758399663028
4,5,SPOOFING,syn_count,0.0012130360582887079
4,5,SPOOFING,fin_count,0.0010079054773086682
4,5,SPOOFING,rst_count,0.0006658210364548722
4,5,SPOOFING,HTTP,0.0
4,5,SPOOFING,HTTPS,6.289028115133988e-05
4,5,SPOOFING,DNS,1.4992815428716e-06
4,5,SPOOFING,Telnet,0.0
4,5,SPOOFING,SMTP,0.0
4,5,SPOOFING,SSH,0.0
4,5,SPOOFING,IRC,0.0
4,5,SPOOFING,TCP,1.7828955623144794e-05
4,5,SPOOFING,UDP,0.002053331578645157
4,5,SPOOFING,DHCP,1.3411594181889087e-07
4,5,SPOOFING,ARP,9.432890524463389e-07
4,5,SPOOFING,ICMP,3.370703955170029e-05
4,5,SPOOFING,IGMP,0.0
4,5,SPOOFING,IPv,2.879108245062989e-07
4,5,SPOOFING,LLC,2.3155907469707417e-06
4,5,SPOOFING,Tot sum,0.20745810577645898
4,5,SPOOFING,Min,0.012977197206339497
4,5,SPOOFING,Max,0.002980619334266521
4,5,SPOOFING,AVG,0.1425082664936781
4,5,SPOOFING,Std,0.014522538695018739
4,5,SPOOFING,Tot size,0.19872764348983765
4,5,SPOOFING,IAT,0.011079109817001154
4,5,SPOOFING,Number,0.014403150710859337
4,5,SPOOFING,Variance,0.22324520871043205
4,1,WEB,Header_Length,2.287163359895317e-05
4,1,WEB,Protocol Type,1.0913335108853061e-05
4,1,WEB,Time_To_Live,0.0014457551536224856
4,1,WEB,Rate,8.127334214691474e-06
4,1,WEB,fin_flag_number,3.846655810946231e-06
4,1,WEB,syn_flag_number,0.00011701009988698274
4,1,WEB,rst_flag_number,5.02904374712898e-06
4,1,WEB,psh_flag_number,1.0508948692589116e-06
4,1,WEB,ack_flag_number,0.0005612615328118408
4,1,WEB,ece_flag_number,0.0
4,1,WEB,cwr_flag_number,0.0
4,1,WEB,ack_count,4.277917806234654e-05
4,1,WEB,syn_count,4.681820521454938e-05
4,1,WEB,fin_count,0.00013962814828119007
4,1,WEB,rst_count,0.0001966066659747412
4,1,WEB,HTTP,1.7110486947302661e-06
4,1,WEB,HTTPS,6.594179141228284e-07
4,1,WEB,DNS,8.009275781262204e-07
4,1,WEB,Telnet,0.0
4,1,WEB,SMTP,0.0
4,1,WEB,SSH,1.035005882954465e-06
4,1,WEB,IRC,0.0
4,1,WEB,TCP,4.111010960228256e-06
4,1,WEB,UDP,0.0003329987436927695
4,1,WEB,DHCP,0.0
4,1,WEB,ARP,4.0436295509538315e-06
4,1,WEB,ICMP,3.124869668624797e-06
4,1,WEB,IGMP,0.0
4,1,WEB,IPv,3.0028137077531268e-06
4,1,WEB,LLC,6.573401961418313e-07
4,1,WEB,Tot sum,0.057519526465330276
4,1,WEB,Min,0.0014755424791019322
4,1,WEB,Max,0.00033669399919062927
4,1,WEB,AVG,0.004052683917689137
4,1,WEB,Std,0.002606743131764233
4,1,WEB,Tot size,0.008989143831422552
4,1,WEB,IAT,0.036692643765127285
4,1,WEB,Number,0.0010660087533324258
4,1,WEB,Variance,0.022999181394698098
4,2,WEB,Header_Length,7.986342873778085e-06
4,2,WEB,Protocol Type,5.632766377350329e-06
4,2,WEB,Time_To_Live,0.002363137966165141
4,2,WEB,Rate,9.05546243998856e-06
4,2,WEB,fin_flag_number,5.759353819767554e-06
4,2,WEB,syn_flag_number,0.0004921334975961144
4,2,WEB,rst_flag_number,6.631450728811217e-06
4,2,WEB,psh_flag_number,9.562691101194787e-07
4,2,WEB,ack_flag_number,0.0006288381168928936
4,2,WEB,ece_flag_number,0.0
4,2,WEB,cwr_flag_number,0.0
4,2,WEB,ack_count,5.844389292386509e-05
4,2,WEB,syn_count,0.0006335290055858422
4,2,WEB,fin_count,0.00011131787289926365
4,2,WEB,rst_count,0.00017532331170357906
4,2,WEB,HTTP,3.811081637505875e-06
4,2,WEB,HTTPS,2.0979846709678895e-06
4,2,WEB,DNS,7.434936435402051e-08
4,2,WEB,Telnet,0.0
4,2,WEB,SMTP,0.0
4,2,WEB,SSH,1.4345043308772176e-07
4,2,WEB,IRC,0.0
4,2,WEB,TCP,5.842722656623778e-06
4,2,WEB,UDP,0.00031733288921316217
4,2,WEB,DHCP,0.0
4,2,WEB,ARP,2.3106994527019933e-06
4,2,WEB,ICMP,6.741119979114529e-07
4,2,WEB,IGMP,0.0
4,2,WEB,IPv,1.9100093629747378e-06
4,2,WEB,LLC,1.7346692322726606e-06
4,2,WEB,Tot sum,0.02591513131337706
4,2,WEB,Min,0.005914181303970989
4,2,WEB,Max,0.000720470056535305
4,2,WEB,AVG,0.01145020301337354
4,2,WEB,Std,0.002361580786964623
4,2,WEB,Tot size,0.009696666229865513
4,2,WEB,IAT,0.03879382138168239
4,2,WEB,Number,0.0006997104883566862
4,2,WEB,Variance,0.04923385413130745
4,3,WEB,Header_Length,0.00011692516507082474
4,3,WEB,Protocol Type,1.3280394578707444e-05
4,3,WEB,Time_To_Live,0.005513749107922195
4,3,WEB,Rate,6.970178401388694e-05
4,3,WEB,fin_flag_number,2.1010003766264163e-05
4,3,WEB,syn_flag_number,0.0011683420441102044
4,3,WEB,rst_flag_number,2.7614854629121056e-05
4,3,WEB,psh_flag_number,6.21716778375081e-06
4,3,WEB,ack_flag_number,0.0025569711659045426
4,3,WEB,ece_flag_number,0.0
4,3,WEB,cwr_flag_number,0.0
4,3,WEB,ack_count,0.00018049136109681284
4,3,WEB,syn_count,0.0005312466031682561
4,3,WEB,fin_count,0.0007064733546371827
4,3,WEB,rst_count,0.001066090403810449
4,3,WEB,HTTP,1.5560296246519557e-05
4,3,WEB,HTTPS,1.602968413309692e-05
4,3,WEB,DNS,1.0635286098222008e-05
4,3,WEB,Telnet,0.0
4,3,WEB,SMTP,0.0
4,3,WEB,SSH,0.0
4,3,WEB,IRC,0.0
4,3,WEB,TCP,2.322911060446131e-05
4,3,WEB,UDP,0.0018144036272815355
4,3,WEB,DHCP,0.0
4,3,WEB,ARP,6.622532571887163e-06
4,3,WEB,ICMP,6.734900003380062e-06
4,3,WEB,IGMP,0.0
4,3,WEB,IPv,5.871306558746792e-06
4,3,WEB,LLC,2.1815071907488324e-06
4,3,WEB,Tot sum,0.08520060248993104
4,3,WEB,Min,0.00027266037706681346
4,3,WEB,Max,0.0004967707418018108
4,3,WEB,AVG,0.01609176807105541
4,3,WEB,Std,0.005138966953381896
4,3,WEB,Tot size,0.02223550770431757
4,3,WEB,IAT,0.05584779642522335
4,3,WEB,Number,0.008428990296670236
4,3,WEB,Variance,0.03942962638102472
4,4,WEB,Header_Length,0.0001240762946963514
4,4,WEB,Protocol Type,5.89835831704022e-05
4,4,WEB,Time_To_Live,0.01339555414510869
4,4,WEB,Rate,2.01795135581051e-05
4,4,WEB,fin_flag_number,6.273802748069102e-06
4,4,WEB,syn_flag_number,0.0019802452152362093
4,4,WEB,rst_flag_number,4.918479658044817e-06
4,4,WEB,psh_flag_number,1.4312320459453076e-05
4,4,WEB,ack_flag_number,0.00393089196877554
4,4,WEB,ece_flag_number,0.0
4,4,WEB,cwr_flag_number,0.0
4,4,WEB,ack_count,0.0004037369246361777
4,4,WEB,syn_count,0.0011774667800636962
4,4,WEB,fin_count,0.00037814284951309673
4,4,WEB,rst_count,0.00010193674506808748
4,4,WEB,HTTP,9.024494804066308e-06
4,4,WEB,HTTPS,3.622512213041773e-06
4,4,WEB,DNS,4.902647489823941e-06
4,4,WEB,Telnet,0.0
4,4,WEB,SMTP,0.0
4,4,WEB,SSH,0.0
4,4,WEB,IRC,0.0
4,4,WEB,TCP,2.7852255050220266e-05
4,4,WEB,UDP,0.00373801358127821
4,4,WEB,DHCP,0.0
4,4,WEB,ARP,8.748270290759308e-06
4,4,WEB,ICMP,1.9041347349002537e-05
4,4,WEB,IGMP,0.0
4,4,WEB,IPv,6.281503139282663e-06
4,4,WEB,LLC,1.860390529806466e-06
4,4,WEB,Tot sum,0.14685323969461023
4,4,WEB,Min,0.017899994357139803
4,4,WEB,Max,0.004942503391066566
4,4,WEB,AVG,0.13226514384150506
4,4,WEB,Std,0.018947915442549857
4,4,WEB,Tot size,0.1150813465937972
4,4,WEB,IAT,0.14569968912401238
4,4,WEB,Number,0.008085447433404624
4,4,WEB,Variance,0.1627299576925907
4,5,WEB,Header_Length,3.971630614270083e-05
4,5,WEB,Protocol Type,1.1014941417894496e-05
4,5,WEB,Time_To_Live,0.005160007531685551
4,5,WEB,Rate,1.8894688287218743e-05
4,5,WEB,fin_flag_number,7.196485294613808e-06
4,5,WEB,syn_flag_number,0.0010149960209943742
4,5,WEB,rst_flag_number,4.057737704177278e-06
4,5,WEB,psh_flag_number,3.1950503800129428e-06
4,5,WEB,ack_flag_number,0.0015961360243665012
4,5,WEB,ece_flag_number,0.0
4,5,WEB,cwr_flag_number,0.0
4,5,WEB,ack_count,0.0001204890409860937
4,5,WEB,syn_count,0.0003363912880189446
4,5,WEB,fin_count,0.00017825480322315458
4,5,WEB,rst_count,0.00010168227481983649
4,5,WEB,HTTP,1.325831726717297e-06
4,5,WEB,HTTPS,4.286314601320562e-06
4,5,WEB,DNS,2.857596547336692e-07
4,5,WEB,Telnet,0.0
4,5,WEB,SMTP,0.0
4,5,WEB,SSH,2.4199293648052845e-06
4,5,WEB,IRC,0.0
4,5,WEB,TCP,4.468178015382129e-06
4,5,WEB,UDP,0.0014705945440624645
4,5,WEB,DHCP,0.0
4,5,WEB,ARP,3.7925588435697154e-06
4,5,WEB,ICMP,4.2639105025887855e-06
4,5,WEB,IGMP,0.0
4,5,WEB,IPv,8.545549219335369e-07
4,5,WEB,LLC,1.0074837588414098e-06
4,5,WEB,Tot sum,0.04200076286506373
4,5,WEB,Min,0.0018034978745390617
4,5,WEB,Max,0.0008509996370776208
4,5,WEB,AVG,0.009248855194891803
4,5,WEB,Std,0.0065434378630016
4,5,WEB,Tot size,0.017825927436933852
4,5,WEB,IAT,0.048101857508117976
4,5,WEB,Number,0.002271390052771949
4,5,WEB,Variance,0.041917961643775925
5,1,BENIGN,Header_Length,0.00011550009776328807
5,1,BENIGN,Protocol Type,1.6296793580750092e-05
5,1,BENIGN,Time_To_Live,0.045254703433874964
5,1,BENIGN,Rate,0.00016864119548927193
5,1,BENIGN,fin_flag_number,3.2205367540427686e-05
5,1,BENIGN,syn_flag_number,0.0009073426523173112
5,1,BENIGN,rst_flag_number,2.1239159408992236e-06
5,1,BENIGN,psh_flag_number,1.241553236894788e-05
5,1,BENIGN,ack_flag_number,0.006548117293277755
5,1,BENIGN,ece_flag_number,0.0
5,1,BENIGN,cwr_flag_number,0.0
5,1,BENIGN,ack_count,0.001558242929786502
5,1,BENIGN,syn_count,8.306017286940914e-05
5,1,BENIGN,fin_count,0.0012471885617742374
5,1,BENIGN,rst_count,0.0012414439571330148
5,1,BENIGN,HTTP,5.226564833371583e-06
5,1,BENIGN,HTTPS,1.8130019927342643e-06
5,1,BENIGN,DNS,7.301835466932971e-07
5,1,BENIGN,Telnet,0.0
5,1,BENIGN,SMTP,0.0
5,1,BENIGN,SSH,0.0
5,1,BENIGN,IRC,0.0
5,1,BENIGN,TCP,2.7916112422587957e-06
5,1,BENIGN,UDP,0.0009510017747743404
5,1,BENIGN,DHCP,0.0
5,1,BENIGN,ARP,3.5219964709121145e-07
5,1,BENIGN,ICMP,1.7577853856209914e-05
5,1,BENIGN,IGMP,0.0
5,1,BENIGN,IPv,7.813906237608137e-08
5,1,BENIGN,LLC,1.183789624059628e-06
5,1,BENIGN,Tot sum,0.12937138751149177
5,1,BENIGN,Min,0.0038063055544625968
5,1,BENIGN,Max,0.0024693451705388725
5,1,BENIGN,AVG,0.012336391536518932
5,1,BENIGN,Std,0.02940855352208018
5,1,BENIGN,Tot size,0.03710886312182993
5,1,BENIGN,IAT,0.02355426704934871
5,1,BENIGN,Number,0.011881798424292355
5,1,BENIGN,Variance,0.12923057042062283
5,2,BENIGN,Header_Length,1.1943586352458624e-05
5,2,BENIGN,Protocol Type,3.2954499523896175e-06
5,2,BENIGN,Time_To_Live,0.003124464965526386
5,2,BENIGN,Rate,2.966528922172529e-05
5,2,BENIGN,fin_flag_number,4.465373821460617e-06
5,2,BENIGN,syn_flag_number,0.0006269177193644282
5,2,BENIGN,rst_flag_number,4.374907102366876e-07
5,2,BENIGN,psh_flag_number,4.024834270843769e-06
5,2,BENIGN,ack_flag_number,0.00044286150122161414
5,2,BENIGN,ece_flag_number,0.0
5,2,BENIGN,cwr_flag_number,0.0
5,2,BENIGN,ack_count,7.830413928786584e-05
5,2,BENIGN,syn_count,0.00018086279733324772
5,2,BENIGN,fin_count,0.00013849220777046868
5,2,BENIGN,rst_count,0.0001636825659261376
5,2,BENIGN,HTTP,4.984708880995115e-07
5,2,BENIGN,HTTPS,3.7219470470972737e-06
5,2,BENIGN,DNS,6.639884645665006e-07
5,2,BENIGN,Telnet,0.0
5,2,BENIGN,SMTP,0.0
5,2,BENIGN,SSH,1.9312784260705486e-09
5,2,BENIGN,IRC,0.0
5,2,BENIGN,TCP,9.778400892557216e-07
5,2,BENIGN,UDP,0.0003490399635211361
5,2,BENIGN,DHCP,0.0
5,2,BENIGN,ARP,4.231771813523188e-09
5,2,BENIGN,ICMP,9.364119964438977e-07
5,2,BENIGN,IGMP,0.0
5,2,BENIGN,IPv,7.572331772037755e-10
5,2,BENIGN,LLC,5.263811174091582e-09
5,2,BENIGN,Tot sum,0.04299621505779214
5,2,BENIGN,Min,0.00017147449252394865
5,2,BENIGN,Max,0.0007898020077846013
5,2,BENIGN,AVG,0.001296702993568033
5,2,BENIGN,Std,0.006007706699892879
5,2,BENIGN,Tot size,0.010360051039606332
5,2,BENIGN,IAT,0.00477981470994564
5,2,BENIGN,Number,0.0007903186182716126
5,2,BENIGN,Variance,0.023900147620588542
5,3,BENIGN,Header_Length,0.00017488118044184375
5,3,BENIGN,Protocol Type,4.74222977953076e-06
5,3,BENIGN,Time_To_Live,0.020699062778476218
5,3,BENIGN,Rate,0.0002641473833818964
5,3,BENIGN,fin_flag_number,5.367651925780592e-05
5,3,BENIGN,syn_flag_number,0.004178587187925587
5,3,BENIGN,rst_flag_number,3.631964957406808e-06
5,3,BENIGN,psh_flag_number,3.18061100060163e-05
5,3,BENIGN,ack_flag_number,0.010520504361193162
5,3,BENIGN,ece_flag_number,0.0
5,3,BENIGN,cwr_flag_number,0.0
5,3,BENIGN,ack_count,0.0005393203556423032
5,3,BENIGN,syn_count,0.0004032643537129843
5,3,BENIGN,fin_count,0.001805849942320492
5,3,BENIGN,rst_count,0.0012669437831846152
5,3,BENIGN,HTTP,3.424283759301261e-06
5,3,BENIGN,HTTPS,4.43187891079333e-06
5,3,BENIGN,DNS,2.889533631045271e-06
5,3,BENIGN,Telnet,0.0
5,3,BENIGN,SMTP,0.0
5,3,BENIGN,SSH,0.0
5,3,BENIGN,IRC,0.0
5,3,BENIGN,TCP,9.373918703659002e-06
5,3,BENIGN,UDP,0.001933658046709752
5,3,BENIGN,DHCP,0.0
5,3,BENIGN,ARP,7.504716051023874e-06
5,3,BENIGN,ICMP,2.9749190628081123e-05
5,3,BENIGN,IGMP,0.0
5,3,BENIGN,IPv,1.5821354760525707e-06
5,3,BENIGN,LLC,1.332746620512637e-05
5,3,BENIGN,Tot sum,0.1860863618319854
5,3,BENIGN,Min,0.001715853467976558
5,3,BENIGN,Max,0.005151166906580329
5,3,BENIGN,AVG,0.057181031163781884
5,3,BENIGN,Std,0.05329122878611088
5,3,BENIGN,Tot size,0.02706324914470315
5,3,BENIGN,IAT,0.11076150927838171
5,3,BENIGN,Number,0.010769620217615739
5,3,BENIGN,Variance,0.13817834872752427
5,4,BENIGN,Header_Length,0.00023033095687878812
5,4,BENIGN,Protocol Type,2.19225273099255e-05
5,4,BENIGN,Time_To_Live,0.10294175254630318
5,4,BENIGN,Rate,0.00013615660172945355
5,4,BENIGN,fin_flag_number,7.1995130454638455e-06
5,4,BENIGN,syn_flag_number,0.0033492591039248508
5,4,BENIGN,rst_flag_number,8.371696758047165e-07
5,4,BENIGN,psh_flag_number,1.0844599819392897e-05
5,4,BENIGN,ack_flag_number,0.005158882116666064
5,4,BENIGN,ece_flag_number,0.0
5,4,BENIGN,cwr_flag_number,0.0
5,4,BENIGN,ack_count,0.0008762469169596443
5,4,BENIGN,syn_count,0.0005990734985971358
5,4,BENIGN,fin_count,0.00013812568749926868
5,4,BENIGN,rst_count,0.00032858941563063127
5,4,BENIGN,HTTP,1.2355724794588242e-05
5,4,BENIGN,HTTPS,1.6033277114502197e-05
5,4,BENIGN,DNS,9.546232033752489e-08
5,4,BENIGN,Telnet,0.0
5,4,BENIGN,SMTP,0.0
5,4,BENIGN,SSH,0.0
5,4,BENIGN,IRC,0.0
5,4,BENIGN,TCP,7.07854361612359e-06
5,4,BENIGN,UDP,0.0010641570464940743
5,4,BENIGN,DHCP,0.0
5,4,BENIGN,ARP,7.768945651881465e-07
5,4,BENIGN,ICMP,2.6688827620091616e-05
5,4,BENIGN,IGMP,0.0
5,4,BENIGN,IPv,2.60319393429187e-06
5,4,BENIGN,LLC,1.0027729238047678e-06
5,4,BENIGN,Tot sum,0.10643721213564276
5,4,BENIGN,Min,0.010581977928632113
5,4,BENIGN,Max,0.0072603652995894665
5,4,BENIGN,AVG,0.03675373368896544
5,4,BENIGN,Std,0.06970292461919599
5,4,BENIGN,Tot size,0.08976410236209631
5,4,BENIGN,IAT,0.04161252565754694
5,4,BENIGN,Number,0.02155298923171358
5,4,BENIGN,Variance,1.6337709302089933
5,5,BENIGN,Header_Length,9.274794456359814e-05
5,5,BENIGN,Protocol Type,4.332994285505265e-06
5,5,BENIGN,Time_To_Live,0.01737693412869703
5,5,BENIGN,Rate,0.00014244865960790775
5,5,BENIGN,fin_flag_number,1.5866498746675006e-05
5,5,BENIGN,syn_flag_number,0.0020396745392645245
5,5,BENIGN,rst_flag_number,1.2848166893952851e-06
5,5,BENIGN,psh_flag_number,1.6831420006724328e-05
5,5,BENIGN,ack_flag_number,0.00530758434033487
5,5,BENIGN,ece_flag_number,0.0
5,5,BENIGN,cwr_flag_number,0.0
5,5,BENIGN,ack_count,0.0011757509481867602
5,5,BENIGN,syn_count,0.0014578047976101516
5,5,BENIGN,fin_count,0.0006256468995843534
5,5,BENIGN,rst_count,0.0005267108138241383
5,5,BENIGN,HTTP,4.985292036963074e-07
5,5,BENIGN,HTTPS,1.1244698885093386e-05
5,5,BENIGN,DNS,1.7086731638360497e-06
5,5,BENIGN,Telnet,0.0
5,5,BENIGN,SMTP,0.0
5,5,BENIGN,SSH,0.0
5,5,BENIGN,IRC,0.0
5,5,BENIGN,TCP,7.120960105311269e-06
5,5,BENIGN,UDP,0.0015594450542266713
5,5,BENIGN,DHCP,0.0
5,5,BENIGN,ARP,3.232507998968126e-07
5,5,BENIGN,ICMP,1.3339566231707068e-05
5,5,BENIGN,IGMP,0.0
5,5,BENIGN,IPv,5.304387438065383e-07
5,5,BENIGN,LLC,3.1264773758116204e-07
5,5,BENIGN,Tot sum,0.1270642982708523
5,5,BENIGN,Min,0.0051766091673925985
5,5,BENIGN,Max,0.006470752449240535
5,5,BENIGN,AVG,0.024147634231485426
5,5,BENIGN,Std,0.060018882155418396
5,5,BENIGN,Tot size,0.15638521388173104
5,5,BENIGN,IAT,0.04317641526577063
5,5,BENIGN,Number,0.005702578798809555
5,5,BENIGN,Variance,0.7055186979472637
5,1,DDOS,Header_Length,0.006610469793668017
5,1,DDOS,Protocol Type,0.0004915368995170866
5,1,DDOS,Time_To_Live,0.00046306308734074265
5,1,DDOS,Rate,0.0019310681644128635
5,1,DDOS,fin_flag_number,0.00010298272900399752
5,1,DDOS,syn_flag_number,0.009494886582251639
5,1,DDOS,rst_flag_number,5.15502614689467e-05
5,1,DDOS,psh_flag_number,0.0003302731733128894
5,1,DDOS,ack_flag_number,0.009551193728111685
5,1,DDOS,ece_flag_number,0.0
5,1,DDOS,cwr_flag_number,0.0
5,1,DDOS,ack_count,0.01266030636325013
5,1,DDOS,syn_count,0.012598998325529465
5,1,DDOS,fin_count,0.024077314231544734
5,1,DDOS,rst_count,0.017658088263124226
5,1,DDOS,HTTP,0.0004934451575536513
5,1,DDOS,HTTPS,1.2091763619537232e-05
5,1,DDOS,DNS,0.0
5,1,DDOS,Telnet,0.0
5,1,DDOS,SMTP,0.0
5,1,DDOS,SSH,0.0
5,1,DDOS,IRC,0.0
5,1,DDOS,TCP,0.002629097434692085
5,1,DDOS,UDP,0.013413312775082887
5,1,DDOS,DHCP,0.0
5,1,DDOS,ARP,8.476806959833993e-06
5,1,DDOS,ICMP,0.0018118771033186932
5,1,DDOS,IGMP,0.0
5,1,DDOS,IPv,3.441391221770118e-06
5,1,DDOS,LLC,8.938293581195466e-06
5,1,DDOS,Tot sum,0.08454428538680077
5,1,DDOS,Min,0.005402403767220676
5,1,DDOS,Max,0.002964394720038399
5,1,DDOS,AVG,0.06697117425501346
5,1,DDOS,Std,0.005258077662438155
5,1,DDOS,Tot size,0.058564731292426585
5,1,DDOS,IAT,0.0020454618977964857
5,1,DDOS,Number,2.627659569043317e-06
5,1,DDOS,Variance,0.018195790430763737
5,2,DDOS,Header_Length,0.01655626361971372
5,2,DDOS,Protocol Type,0.0013876535572649117
5,2,DDOS,Time_To_Live,0.001537885985817411
5,2,DDOS,Rate,0.0023628487999758363
5,2,DDOS,fin_flag_number,0.0003176843987716893
5,2,DDOS,syn_flag_number,0.019477898665354588
5,2,DDOS,rst_flag_number,6.722900423028477e-05
5,2,DDOS,psh_flag_number,8.167133055252407e-05
5,2,DDOS,ack_flag_number,0.004806659987661987
5,2,DDOS,ece_flag_number,0.0
5,2,DDOS,cwr_flag_number,0.0
5,2,DDOS,ack_count,0.008852379518793895
5,2,DDOS,syn_count,0.02119733373983763
5,2,DDOS,fin_count,0.05403202638262883
5,2,DDOS,rst_count,0.028248837815772275
5,2,DDOS,HTTP,3.996211161165775e-05
5,2,DDOS,HTTPS,5.446635251971088e-05
5,2,DDOS,DNS,3.883780300384387e-06
5,2,DDOS,Telnet,0.0
5,2,DDOS,SMTP,0.0
5,2,DDOS,SSH,0.0
5,2,DDOS,IRC,0.0
5,2,DDOS,TCP,0.009694665085953602
5,2,DDOS,UDP,0.03004596623213729
5,2,DDOS,DHCP,0.0
5,2,DDOS,ARP,1.5216936660067403e-06
5,2,DDOS,ICMP,0.00434040090021881
5,2,DDOS,IGMP,0.0
5,2,DDOS,IPv,3.847556127922758e-07
5,2,DDOS,LLC,4.087139097208592e-06
5,2,DDOS,Tot sum,0.145453423820436
5,2,DDOS,Min,5.5335282695523345e-06
5,2,DDOS,Max,0.001970826298929751
5,2,DDOS,AVG,0.019453048473224044
5,2,DDOS,Std,0.01302158939652145
5,2,DDOS,Tot size,0.02613035251852125
5,2,DDOS,IAT,0.0015803343448169472
5,2,DDOS,Number,7.800706225680187e-05
5,2,DDOS,Variance,0.12196781113743782
5,3,DDOS,Header_Length,0.0032422465563286098
5,3,DDOS,Protocol Type,0.0005947494031715905
5,3,DDOS,Time_To_Live,0.0007512643642257899
5,3,DDOS,Rate,0.0007341108736000024
5,3,DDOS,fin_flag_number,0.00034430257219355556
5,3,DDOS,syn_flag_number,0.02167347272625193
5,3,DDOS,rst_flag_number,7.387048890450387e-05
5,3,DDOS,psh_flag_number,0.0006074021825043019
5,3,DDOS,ack_flag_number,0.012799388554412872
5,3,DDOS,ece_flag_number,0.0
5,3,DDOS,cwr_flag_number,0.0
5,3,DDOS,ack_count,0.010718053334858268
5,3,DDOS,syn_count,0.027500286474332825
5,3,DDOS,fin_count,0.06514112874865532
5,3,DDOS,rst_count,0.0423959918320179
5,3,DDOS,HTTP,8.63542049046373e-05
5,3,DDOS,HTTPS,1.5251975355567993e-06
5,3,DDOS,DNS,4.81431293053447e-07
5,3,DDOS,Telnet,0.0
5,3,DDOS,SMTP,0.0
5,3,DDOS,SSH,0.0
5,3,DDOS,IRC,0.0
5,3,DDOS,TCP,0.0015685829246649518
5,3,DDOS,UDP,0.019184285728260874
5,3,DDOS,DHCP,0.0
5,3,DDOS,ARP,3.9373388858621185e-06
5,3,DDOS,ICMP,0.00034286562331544703
5,3,DDOS,IGMP,0.0
5,3,DDOS,IPv,1.7894660288675368e-06
5,3,DDOS,LLC,2.4978467081382405e-06
5,3,DDOS,Tot sum,0.10030917339609005
5,3,DDOS,Min,0.0016725869820220396
5,3,DDOS,Max,0.004989829049736727
5,3,DDOS,AVG,0.02680343659594655
5,3,DDOS,Std,0.009423011008766479
5,3,DDOS,Tot size,0.020330957137048244
5,3,DDOS,IAT,0.0005247615736152511
5,3,DDOS,Number,0.0
5,3,DDOS,Variance,0.2767713270150125
5,4,DDOS,Header_Length,0.017377879377454518
5,4,DDOS,Protocol Type,0.0033888520643813535
5,4,DDOS,Time_To_Live,0.0007104343945904645
5,4,DDOS,Rate,0.0027358902341802606
5,4,DDOS,fin_flag_number,0.0003042588148673531
5,4,DDOS,syn_flag_number,0.01095154220238328
5,4,DDOS,rst_flag_number,7.004973590483133e-05
5,4,DDOS,psh_flag_number,0.0006207972517586313
5,4,DDOS,ack_flag_number,0.02306706170365942
5,4,DDOS,ece_flag_number,0.0
5,4,DDOS,cwr_flag_number,0.0
5,4,DDOS,ack_count,0.03648145643528551
5,4,DDOS,syn_count,0.01309981228550896
5,4,DDOS,fin_count,0.056811130000278355
5,4,DDOS,rst_count,0.0262741417507641
5,4,DDOS,HTTP,0.00031882948737802506
5,4,DDOS,HTTPS,0.0011209492084162775
5,4,DDOS,DNS,5.880440365313433e-07
5,4,DDOS,Telnet,0.0
5,4,DDOS,SMTP,0.0
5,4,DDOS,SSH,0.0
5,4,DDOS,IRC,0.0
5,4,DDOS,TCP,0.00907948355888948
5,4,DDOS,UDP,0.06286494117230176
5,4,DDOS,DHCP,0.0
5,4,DDOS,ARP,5.249551705333033e-06
5,4,DDOS,ICMP,0.0027457609162411245
5,4,DDOS,IGMP,0.0
5,4,DDOS,IPv,1.6730245775420372e-06
5,4,DDOS,LLC,3.980859654006963e-06
5,4,DDOS,Tot sum,0.05337798581458628
5,4,DDOS,Min,0.0015259324165526778
5,4,DDOS,Max,0.0008755388147619669
5,4,DDOS,AVG,0.018099285289645196
5,4,DDOS,Std,0.002273476478876546
5,4,DDOS,Tot size,0.010904036508873106
5,4,DDOS,IAT,0.0037635679327649996
5,4,DDOS,Number,0.0
5,4,DDOS,Variance,0.0063230068713892255
5,5,DDOS,Header_Length,0.012014014988699273
5,5,DDOS,Protocol Type,0.0014511124492855743
5,5,DDOS,Time_To_Live,0.001086123552522622
5,5,DDOS,Rate,0.0008656308217723563
5,5,DDOS,fin_flag_number,5.5654451443842845e-05
5,5,DDOS,syn_flag_number,0.019709227011117037
5,5,DDOS,rst_flag_number,2.2325166855807766e-05
5,5,DDOS,psh_flag_number,0.00018535479587740157
5,5,DDOS,ack_flag_number,0.010526185768185314
5,5,DDOS,ece_flag_number,0.0
5,5,DDOS,cwr_flag_number,0.0
5,5,DDOS,ack_count,0.010301894506119425
5,5,DDOS,syn_count,0.032817837526090445
5,5,DDOS,fin_count,0.011900967708788813
5,5,DDOS,rst_count,0.0143259938529809
5,5,DDOS,HTTP,1.5947862266330048e-06
5,5,DDOS,HTTPS,0.0021762835092403064
5,5,DDOS,DNS,2.5364815599671074e-06
5,5,DDOS,Telnet,0.0
5,5,DDOS,SMTP,0.0
5,5,DDOS,SSH,0.0
5,5,DDOS,IRC,0.0
5,5,DDOS,TCP,0.0058647863914302436
5,5,DDOS,UDP,0.02821689718402922
5,5,DDOS,DHCP,0.0
5,5,DDOS,ARP,4.531157057130475e-06
5,5,DDOS,ICMP,0.0014899671694820426
5,5,DDOS,IGMP,0.0
5,5,DDOS,IPv,3.957816743005438e-06
5,5,DDOS,LLC,4.0416710925139656e-06
5,5,DDOS,Tot sum,0.27112173691857605
5,5,DDOS,Min,0.0
5,5,DDOS,Max,0.011435764672933146
5,5,DDOS,AVG,0.02424903158680536
5,5,DDOS,Std,0.04581268767942674
5,5,DDOS,Tot size,0.02109920952934772
5,5,DDOS,IAT,0.003113592895306283
5,5,DDOS,Number,0.0
5,5,DDOS,Variance,0.3616457351949066
5,1,DOS,Header_Length,0.005579775228761718
5,1,DOS,Protocol Type,0.0008254288194507354
5,1,DOS,Time_To_Live,0.002149783216736978
5,1,DOS,Rate,0.0028425895598047646
5,1,DOS,fin_flag_number,0.00012947127347615606
5,1,DOS,syn_flag_number,0.00640624827137799
5,1,DOS,rst_flag_number,3.9409583587257656e-05
5,1,DOS,psh_flag_number,0.000148754733709211
5,1,DOS,ack_flag_number,0.00640476627741009
5,1,DOS,ece_flag_number,0.0
5,1,DOS,cwr_flag_number,0.0
5,1,DOS,ack_count,0.012382703379262238
5,1,DOS,syn_count,0.009764343689312227
5,1,DOS,fin_count,0.02449895536119584
5,1,DOS,rst_count,0.006732947682030499
5,1,DOS,HTTP,0.00014834990142844617
5,1,DOS,HTTPS,1.010182129448367e-05
5,1,DOS,DNS,0.0
5,1,DOS,Telnet,0.0
5,1,DOS,SMTP,0.0
5,1,DOS,SSH,0.0
5,1,DOS,IRC,0.0
5,1,DOS,TCP,0.0029661022687378137
5,1,DOS,UDP,0.020636726962402464
5,1,DOS,DHCP,0.0
5,1,DOS,ARP,9.428685876855525e-06
5,1,DOS,ICMP,0.0019475366421374928
5,1,DOS,IGMP,0.0
5,1,DOS,IPv,3.5804046550680368e-06
5,1,DOS,LLC,1.11036684671717e-05
5,1,DOS,Tot sum,0.1583208133932203
5,1,DOS,Min,0.018599240155890585
5,1,DOS,Max,0.006593684852123261
5,1,DOS,AVG,0.11866070553660393
5,1,DOS,Std,0.01100368530023843
5,1,DOS,Tot size,0.03555320501327515
5,1,DOS,IAT,0.0014196491865732241
5,1,DOS,Number,6.44230105706356e-07
5,1,DOS,Variance,0.09409225545823574
5,2,DOS,Header_Length,0.006329884853812473
5,2,DOS,Protocol Type,0.0009358679491924704
5,2,DOS,Time_To_Live,0.0035644044638502236
5,2,DOS,Rate,0.0013116082867782098
5,2,DOS,fin_flag_number,0.0005066254394478165
5,2,DOS,syn_flag_number,0.011289214121643455
5,2,DOS,rst_flag_number,0.0001830942516789946
5,2,DOS,psh_flag_number,7.49828252082807e-05
5,2,DOS,ack_flag_number,0.0021417142430436797
5,2,DOS,ece_flag_number,0.0
5,2,DOS,cwr_flag_number,0.0
5,2,DOS,ack_count,0.003937763080466538
5,2,DOS,syn_count,0.024117952305823566
5,2,DOS,fin_count,0.1712867447291501
5,2,DOS,rst_count,0.030000632954761387
5,2,DOS,HTTP,2.4811225512166856e-05
5,2,DOS,HTTPS,0.0002644317814429087
5,2,DOS,DNS,0.0
5,2,DOS,Telnet,0.0
5,2,DOS,SMTP,0.0
5,2,DOS,SSH,0.0
5,2,DOS,IRC,0.0
5,2,DOS,TCP,0.003646263265909511
5,2,DOS,UDP,0.02975008098583203
5,2,DOS,DHCP,0.0
5,2,DOS,ARP,1.1887406955679581e-06
5,2,DOS,ICMP,0.0008781235290371114
5,2,DOS,IGMP,0.0
5,2,DOS,IPv,1.851871992641918e-07
5,2,DOS,LLC,6.609452071870692e-07
5,2,DOS,Tot sum,0.13934293354395777
5,2,DOS,Min,0.018506450129495988
5,2,DOS,Max,0.006387463398277759
5,2,DOS,AVG,0.1011854212731123
5,2,DOS,Std,0.01668588393367827
5,2,DOS,Tot size,0.026047788839787245
5,2,DOS,IAT,0.0020631721969266437
5,2,DOS,Number,0.00021854323576917523
5,2,DOS,Variance,0.105522564612329
5,3,DOS,Header_Length,0.01198816741052724
5,3,DOS,Protocol Type,0.0020146379345533207
5,3,DOS,Time_To_Live,0.006679005373848667
5,3,DOS,Rate,0.003491165739251301
5,3,DOS,fin_flag_number,0.00041032161316252315
5,3,DOS,syn_flag_number,0.013591287322924472
5,3,DOS,rst_flag_number,5.4796131644252454e-05
5,3,DOS,psh_flag_number,0.00013686645288544242
5,3,DOS,ack_flag_number,0.00684623317210935
5,3,DOS,ece_flag_number,0.0
5,3,DOS,cwr_flag_number,0.0
5,3,DOS,ack_count,0.008977033942937852
5,3,DOS,syn_count,0.017891242064069956
5,3,DOS,fin_count,0.06856961401645094
5,3,DOS,rst_count,0.03517390307970345
5,3,DOS,HTTP,0.00126323746790149
5,3,DOS,HTTPS,6.709179295683043e-07
5,3,DOS,DNS,1.7739417419448955e-06
5,3,DOS,Telnet,0.0
5,3,DOS,SMTP,0.0
5,3,DOS,SSH,0.0
5,3,DOS,IRC,0.0
5,3,DOS,TCP,0.006832742191545549
5,3,DOS,UDP,0.050403434317559004
5,3,DOS,DHCP,0.0
5,3,DOS,ARP,8.343176750003068e-06
5,3,DOS,ICMP,0.002999205477681244
5,3,DOS,IGMP,0.0
5,3,DOS,IPv,7.1200492243406185e-06
5,3,DOS,LLC,6.089901658867802e-06
5,3,DOS,Tot sum,0.1903943135170266
5,3,DOS,Min,0.01243132968666032
5,3,DOS,Max,0.00442449091351591
5,3,DOS,AVG,0.14241078067570925
5,3,DOS,Std,0.013872963120229542
5,3,DOS,Tot size,0.03283027522265911
5,3,DOS,IAT,0.0016083371607237495
5,3,DOS,Number,0.0
5,3,DOS,Variance,0.1045415869448334
5,4,DOS,Header_Length,0.013635110956965946
5,4,DOS,Protocol Type,0.0023666078806854783
5,4,DOS,Time_To_Live,0.015884689002996312
5,4,DOS,Rate,0.0017076993786758975
5,4,DOS,fin_flag_number,4.8368428406320166e-05
5,4,DOS,syn_flag_number,0.017739701271057128
5,4,DOS,rst_flag_number,1.898176406029961e-05
5,4,DOS,psh_flag_number,0.0002578572111815447
5,4,DOS,ack_flag_number,0.028690552967600525
5,4,DOS,ece_flag_number,0.0
5,4,DOS,cwr_flag_number,0.0
5,4,DOS,ack_count,0.04038241555681452
5,4,DOS,syn_count,0.009833510633325205
5,4,DOS,fin_count,0.008417114781332202
5,4,DOS,rst_count,0.008296373774646782
5,4,DOS,HTTP,0.00010512068465686752
5,4,DOS,HTTPS,0.0015351667285131044
5,4,DOS,DNS,1.5502479967510752e-06
5,4,DOS,Telnet,0.0
5,4,DOS,SMTP,0.0
5,4,DOS,SSH,0.0
5,4,DOS,IRC,0.0
5,4,DOS,TCP,0.007013802888832288
5,4,DOS,UDP,0.04425230439373991
5,4,DOS,DHCP,0.0
5,4,DOS,ARP,4.2318881440550625e-05
5,4,DOS,ICMP,0.0018411626122542657
5,4,DOS,IGMP,0.0
5,4,DOS,IPv,3.803265397550604e-06
5,4,DOS,LLC,1.76795656201989e-05
5,4,DOS,Tot sum,0.08648219215683639
5,4,DOS,Min,0.022075451258569957
5,4,DOS,Max,0.011798305122647434
5,4,DOS,AVG,0.1234938969835639
5,4,DOS,Std,0.03122406400507316
5,4,DOS,Tot size,0.027725043660029768
5,4,DOS,IAT,0.0034058613615343346
5,4,DOS,Number,0.0
5,4,DOS,Variance,0.040291733376216145
5,5,DOS,Header_Length,0.02465422972163651
5,5,DOS,Protocol Type,0.0020929084113618045
5,5,DOS,Time_To_Live,0.0028032667873048923
5,5,DOS,Rate,0.00331857125274837
5,5,DOS,fin_flag_number,0.0002741157739365008
5,5,DOS,syn_flag_number,0.021159082720987498
5,5,DOS,rst_flag_number,0.00014452180093940114
5,5,DOS,psh_flag_number,0.0002099180661502942
5,5,DOS,ack_flag_number,0.010710833771008765
5,5,DOS,ece_flag_number,0.0
5,5,DOS,cwr_flag_number,0.0
5,5,DOS,ack_count,0.014062062511220575
5,5,DOS,syn_count,0.02050016971770674
5,5,DOS,fin_count,0.0790071391100355
5,5,DOS,rst_count,0.030565805407240985
5,5,DOS,HTTP,0.0009357365779578686
5,5,DOS,HTTPS,0.0026260183929480265
5,5,DOS,DNS,1.2625104388597208e-06
5,5,DOS,Telnet,0.0
5,5,DOS,SMTP,0.0
5,5,DOS,SSH,0.0
5,5,DOS,IRC,0.0
5,5,DOS,TCP,0.01167354279200481
5,5,DOS,UDP,0.019913261756300926
5,5,DOS,DHCP,0.0
5,5,DOS,ARP,1.4447872302980613e-05
5,5,DOS,ICMP,0.004659740629176667
5,5,DOS,IGMP,0.0
5,5,DOS,IPv,3.602144492020898e-06
5,5,DOS,LLC,1.09423244282425e-05
5,5,DOS,Tot sum,0.5550062060821801
5,5,DOS,Min,0.0
5,5,DOS,Max,0.024191729482845405
5,5,DOS,AVG,0.09327568877488375
5,5,DOS,Std,0.0777544733369723
5,5,DOS,Tot size,0.040272672043647616
5,5,DOS,IAT,0.004460406969337782
5,5,DOS,Number,0.0
5,5,DOS,Variance,0.5699803645955399
5,1,MIRAI,Header_Length,7.595514243803336e-05
5,1,MIRAI,Protocol Type,4.1991265379692774e-05
5,1,MIRAI,Time_To_Live,7.518767642977764e-05
5,1,MIRAI,Rate,0.00010089664118027031
5,1,MIRAI,fin_flag_number,9.43455010968819e-06
5,1,MIRAI,syn_flag_number,0.0014857815196592128
5,1,MIRAI,rst_flag_number,1.2140453769404758e-05
5,1,MIRAI,psh_flag_number,5.465067266641199e-06
5,1,MIRAI,ack_flag_number,0.0015839467567275278
5,1,MIRAI,ece_flag_number,0.0
5,1,MIRAI,cwr_flag_number,0.0
5,1,MIRAI,ack_count,0.0016723993569030427
5,1,MIRAI,syn_count,0.0012252796881512041
5,1,MIRAI,fin_count,0.0020354697862785542
5,1,MIRAI,rst_count,0.001244557490281295
5,1,MIRAI,HTTP,5.9349844462985855e-06
5,1,MIRAI,HTTPS,2.0523221060386733e-07
5,1,MIRAI,DNS,6.876730775928764e-08
5,1,MIRAI,Telnet,0.0
5,1,MIRAI,SMTP,0.0
5,1,MIRAI,SSH,0.0
5,1,MIRAI,IRC,0.0
5,1,MIRAI,TCP,3.0003029655745196e-05
5,1,MIRAI,UDP,0.00586563502001809
5,1,MIRAI,DHCP,0.0
5,1,MIRAI,ARP,9.160141591912919e-08
5,1,MIRAI,ICMP,2.5853661207975164e-05
5,1,MIRAI,IGMP,0.0
5,1,MIRAI,IPv,5.175423613223984e-07
5,1,MIRAI,LLC,3.4702158266952667e-07
5,1,MIRAI,Tot sum,0.4492822483647615
5,1,MIRAI,Min,0.05902967350557446
5,1,MIRAI,Max,0.015874688548501582
5,1,MIRAI,AVG,0.49788225181400775
5,1,MIRAI,Std,0.028375822654925286
5,1,MIRAI,Tot size,0.1820760227739811
5,1,MIRAI,IAT,0.00037422962313939936
5,1,MIRAI,Number,0.0002354078647726965
5,1,MIRAI,Variance,0.14447693210095167
5,2,MIRAI,Header_Length,0.0003051961786695756
5,2,MIRAI,Protocol Type,0.0007305209823243785
5,2,MIRAI,Time_To_Live,5.9540345773712033e-05
5,2,MIRAI,Rate,0.00022272108999459305
5,2,MIRAI,fin_flag_number,2.5030837605299894e-05
5,2,MIRAI,syn_flag_number,0.00986574525013566
5,2,MIRAI,rst_flag_number,2.290664669999387e-05
5,2,MIRAI,psh_flag_number,3.998528927695588e-06
5,2,MIRAI,ack_flag_number,0.00095138674514601
5,2,MIRAI,ece_flag_number,0.0
5,2,MIRAI,cwr_flag_number,0.0
5,2,MIRAI,ack_count,0.0009558295598253608
5,2,MIRAI,syn_count,0.00826800661161542
5,2,MIRAI,fin_count,0.003557079401798546
5,2,MIRAI,rst_count,0.0017269664444029332
5,2,MIRAI,HTTP,5.241355358975852e-06
5,2,MIRAI,HTTPS,1.5392371494726831e-06
5,2,MIRAI,DNS,2.5757071853149683e-08
5,2,MIRAI,Telnet,0.0
5,2,MIRAI,SMTP,0.0
5,2,MIRAI,SSH,0.0
5,2,MIRAI,IRC,0.0
5,2,MIRAI,TCP,0.00010309274912287947
5,2,MIRAI,UDP,0.0064795480691827835
5,2,MIRAI,DHCP,0.0
5,2,MIRAI,ARP,2.9538951906715737e-08
5,2,MIRAI,ICMP,1.1547876329132124e-05
5,2,MIRAI,IGMP,0.0
5,2,MIRAI,IPv,1.9041890553239682e-07
5,2,MIRAI,LLC,1.8986330694303887e-07
5,2,MIRAI,Tot sum,1.4341371834278107
5,2,MIRAI,Min,0.27847885334776945
5,2,MIRAI,Max,0.03776336126029491
5,2,MIRAI,AVG,1.5222850352525712
5,2,MIRAI,Std,0.025589340832084417
5,2,MIRAI,Tot size,0.41042981669306755
5,2,MIRAI,IAT,0.0010326177049137185
5,2,MIRAI,Number,3.377045532033662e-05
5,2,MIRAI,Variance,0.18607232943177224
5,3,MIRAI,Header_Length,7.813716292730533e-05
5,3,MIRAI,Protocol Type,0.00013998969916428905
5,3,MIRAI,Time_To_Live,0.0002683735131995491
5,3,MIRAI,Rate,8.395149234274868e-05
5,3,MIRAI,fin_flag_number,3.010567124874797e-05
5,3,MIRAI,syn_flag_number,0.006002602819353342
5,3,MIRAI,rst_flag_number,3.0288339803519194e-05
5,3,MIRAI,psh_flag_number,6.50054435027414e-06
5,3,MIRAI,ack_flag_number,0.0009871182905044408
5,3,MIRAI,ece_flag_number,0.0
5,3,MIRAI,cwr_flag_number,0.0
5,3,MIRAI,ack_count,0.00124208886991255
5,3,MIRAI,syn_count,0.0051606971537694335
5,3,MIRAI,fin_count,0.005302631459198892
5,3,MIRAI,rst_count,0.0026703494833782314
5,3,MIRAI,HTTP,1.3964663276055944e-05
5,3,MIRAI,HTTPS,3.379506017253675e-07
5,3,MIRAI,DNS,2.8799556706093908e-08
5,3,MIRAI,Telnet,0.0
5,3,MIRAI,SMTP,0.0
5,3,MIRAI,SSH,0.0
5,3,MIRAI,IRC,0.0
5,3,MIRAI,TCP,7.364452249021269e-05
5,3,MIRAI,UDP,0.020296120340935885
5,3,MIRAI,DHCP,0.0
5,3,MIRAI,ARP,6.881127969649015e-08
5,3,MIRAI,ICMP,8.948200884333346e-05
5,3,MIRAI,IGMP,0.0
5,3,MIRAI,IPv,2.8171012900202186e-07
5,3,MIRAI,LLC,2.1730854697921133e-07
5,3,MIRAI,Tot sum,0.7331283509731292
5,3,MIRAI,Min,0.0947539514163509
5,3,MIRAI,Max,0.025136700086295604
5,3,MIRAI,AVG,0.9713659226894379
5,3,MIRAI,Std,0.057273971469840035
5,3,MIRAI,Tot size,0.26473889499902725
5,3,MIRAI,IAT,0.0011750902733183466
5,3,MIRAI,Number,0.0
5,3,MIRAI,Variance,0.3082256991881877
5,4,MIRAI,Header_Length,8.785048976278631e-05
5,4,MIRAI,Protocol Type,0.00019997923445771448
5,4,MIRAI,Time_To_Live,0.00024328916027798185
5,4,MIRAI,Rate,7.202448414318496e-05
5,4,MIRAI,fin_flag_number,4.70298642767375e-06
5,4,MIRAI,syn_flag_number,0.005342924688011408
5,4,MIRAI,rst_flag_number,4.9096121642833165e-06
5,4,MIRAI,psh_flag_number,6.508873048005625e-06
5,4,MIRAI,ack_flag_number,0.0013839552382705733
5,4,MIRAI,ece_flag_number,0.0
5,4,MIRAI,cwr_flag_number,0.0
5,4,MIRAI,ack_count,0.0016091435187263413
5,4,MIRAI,syn_count,0.004577687801793217
5,4,MIRAI,fin_count,0.0007595216447953135
5,4,MIRAI,rst_count,0.0004517214430961758
5,4,MIRAI,HTTP,5.952115850504924e-05
5,4,MIRAI,HTTPS,1.6457957741522477e-06
5,4,MIRAI,DNS,6.461701254900642e-08
5,4,MIRAI,Telnet,0.0
5,4,MIRAI,SMTP,0.0
5,4,MIRAI,SSH,0.0
5,4,MIRAI,IRC,0.0
5,4,MIRAI,TCP,6.317519710137276e-05
5,4,MIRAI,UDP,0.010326236113905906
5,4,MIRAI,DHCP,0.0
5,4,MIRAI,ARP,8.847445733817239e-08
5,4,MIRAI,ICMP,3.989855040344992e-05
5,4,MIRAI,IGMP,0.0
5,4,MIRAI,IPv,4.122460628863678e-07
5,4,MIRAI,LLC,3.3781339596750116e-07
5,4,MIRAI,Tot sum,0.8736670687794685
5,4,MIRAI,Min,0.056060051242820916
5,4,MIRAI,Max,0.025624533742666246
5,4,MIRAI,AVG,0.919442942738533
5,4,MIRAI,Std,0.07800402088614647
5,4,MIRAI,Tot size,0.33959034383296965
5,4,MIRAI,IAT,0.0007502746491809375
5,4,MIRAI,Number,0.0
5,4,MIRAI,Variance,0.39963996164733545
5,5,MIRAI,Header_Length,3.576921499188756e-05
5,5,MIRAI,Protocol Type,0.0002350721180846449
5,5,MIRAI,Time_To_Live,0.00018490053007553798
5,5,MIRAI,Rate,6.28984096692875e-05
5,5,MIRAI,fin_flag_number,1.0716195356508252e-05
5,5,MIRAI,syn_flag_number,0.010026838025078177
5,5,MIRAI,rst_flag_number,1.197209758174722e-05
5,5,MIRAI,psh_flag_number,7.660758183192228e-06
5,5,MIRAI,ack_flag_number,0.0014564069017069415
5,5,MIRAI,ece_flag_number,0.0
5,5,MIRAI,cwr_flag_number,0.0
5,5,MIRAI,ack_count,0.0018357938679400831
5,5,MIRAI,syn_count,0.009417642233893275
5,5,MIRAI,fin_count,0.0013332175120012834
5,5,MIRAI,rst_count,0.0008259463385911659
5,5,MIRAI,HTTP,0.0
5,5,MIRAI,HTTPS,3.5364224117984122e-06
5,5,MIRAI,DNS,1.3714770282224898e-07
5,5,MIRAI,Telnet,0.0
5,5,MIRAI,SMTP,0.0
5,5,MIRAI,SSH,0.0
5,5,MIRAI,IRC,0.0
5,5,MIRAI,TCP,5.314361260388978e-05
5,5,MIRAI,UDP,0.01321473871357739
5,5,MIRAI,DHCP,0.0
5,5,MIRAI,ARP,4.210539392701662e-08
5,5,MIRAI,ICMP,7.746981300442713e-05
5,5,MIRAI,IGMP,0.0
5,5,MIRAI,IPv,1.6948474943490054e-07
5,5,MIRAI,LLC,7.052190138523429e-08
5,5,MIRAI,Tot sum,0.8542277187108993
5,5,MIRAI,Min,0.11688437444390729
5,5,MIRAI,Max,0.023717999272048474
5,5,MIRAI,AVG,0.9829551637172699
5,5,MIRAI,Std,0.038056237250566484
5,5,MIRAI,Tot size,0.3575420007109642
5,5,MIRAI,IAT,0.0010178562879445963
5,5,MIRAI,Number,0.0
5,5,MIRAI,Variance,0.20245459030847995
5,1,RECON,Header_Length,6.620514186579385e-05
5,1,RECON,Protocol Type,3.815998120444419e-05
5,1,RECON,Time_To_Live,0.008201092111994513
5,1,RECON,Rate,0.00018001449782332202
5,1,RECON,fin_flag_number,1.8179150515607034e-05
5,1,RECON,syn_flag_number,0.02967378525354434
5,1,RECON,rst_flag_number,1.1323686658215593e-05
5,1,RECON,psh_flag_number,2.7219126729960406e-05
5,1,RECON,ack_flag_number,0.01584878674475476
5,1,RECON,ece_flag_number,0.0
5,1,RECON,cwr_flag_number,0.0
5,1,RECON,ack_count,0.00210062789847143
5,1,RECON,syn_count,0.0013638843399348844
5,1,RECON,fin_count,0.0027522155025508253
5,1,RECON,rst_count,0.0021526115539018064
5,1,RECON,HTTP,3.986597417338089e-05
5,1,RECON,HTTPS,4.064928530453926e-05
5,1,RECON,DNS,4.0957781948236516e-06
5,1,RECON,Telnet,0.0
5,1,RECON,SMTP,0.0
5,1,RECON,SSH,0.0
5,1,RECON,IRC,0.0
5,1,RECON,TCP,1.524679965143605e-05
5,1,RECON,UDP,0.0032462611845403442
5,1,RECON,DHCP,0.0
5,1,RECON,ARP,1.2901898593042916e-06
5,1,RECON,ICMP,3.4538334125500116e-05
5,1,RECON,IGMP,0.0
5,1,RECON,IPv,2.795721384618588e-06
5,1,RECON,LLC,6.266723472947433e-06
5,1,RECON,Tot sum,0.3607218235731125
5,1,RECON,Min,0.0016052930932346499
5,1,RECON,Max,0.003719686990370974
5,1,RECON,AVG,0.04314875840209424
5,1,RECON,Std,0.020640587410889567
5,1,RECON,Tot size,0.03806355935521424
5,1,RECON,IAT,0.03900362972053699
5,1,RECON,Number,0.014085941843222826
5,1,RECON,Variance,0.3502742766868323
5,2,RECON,Header_Length,3.16463013206203e-05
5,2,RECON,Protocol Type,7.144718490224023e-05
5,2,RECON,Time_To_Live,0.007831015656893214
5,2,RECON,Rate,0.0001939525974922418
5,2,RECON,fin_flag_number,1.2645313820947024e-05
5,2,RECON,syn_flag_number,0.029490740887558785
5,2,RECON,rst_flag_number,3.493240137899534e-05
5,2,RECON,psh_flag_number,2.2742490097815704e-05
5,2,RECON,ack_flag_number,0.027487759856376213
5,2,RECON,ece_flag_number,0.0
5,2,RECON,cwr_flag_number,0.0
5,2,RECON,ack_count,0.0017536138681407466
5,2,RECON,syn_count,0.007951757600312703
5,2,RECON,fin_count,0.0061029667439470355
5,2,RECON,rst_count,0.003371546897551525
5,2,RECON,HTTP,6.548936505113012e-06
5,2,RECON,HTTPS,9.273680270212026e-05
5,2,RECON,DNS,6.581497308388861e-06
5,2,RECON,Telnet,0.0
5,2,RECON,SMTP,0.0
5,2,RECON,SSH,0.0
5,2,RECON,IRC,0.0
5,2,RECON,TCP,1.5496409806914357e-05
5,2,RECON,UDP,0.0035813783873436477
5,2,RECON,DHCP,0.0
5,2,RECON,ARP,7.910216112150259e-06
5,2,RECON,ICMP,9.622073667125975e-06
5,2,RECON,IGMP,0.0
5,2,RECON,IPv,9.735477949923688e-06
5,2,RECON,LLC,2.4713645538909645e-05
5,2,RECON,Tot sum,0.48150989385321735
5,2,RECON,Min,7.087397907845627e-05
5,2,RECON,Max,0.008908642405185675
5,2,RECON,AVG,0.06659381237695924
5,2,RECON,Std,0.03889564293203875
5,2,RECON,Tot size,0.08537497208453715
5,2,RECON,IAT,0.09474367461079965
5,2,RECON,Number,0.03104174733598484
5,2,RECON,Variance,0.1960542004555464
5,3,RECON,Header_Length,0.00025049782539099397
5,3,RECON,Protocol Type,3.062332858689842e-05
5,3,RECON,Time_To_Live,0.05213668631622568
5,3,RECON,Rate,0.00034248036336066435
5,3,RECON,fin_flag_number,5.507533728064118e-05
5,3,RECON,syn_flag_number,0.03531455503689358
5,3,RECON,rst_flag_number,9.437218115522228e-05
5,3,RECON,psh_flag_number,5.1254404189648996e-05
5,3,RECON,ack_flag_number,0.059725935495225715
5,3,RECON,ece_flag_number,0.0
5,3,RECON,cwr_flag_number,0.0
5,3,RECON,ack_count,0.0024638923760903707
5,3,RECON,syn_count,0.007243410208320711
5,3,RECON,fin_count,0.006365045119309798
5,3,RECON,rst_count,0.0037715530561399646
5,3,RECON,HTTP,4.04313068216311e-05
5,3,RECON,HTTPS,6.897756002786082e-05
5,3,RECON,DNS,2.3394706224638685e-05
5,3,RECON,Telnet,0.0
5,3,RECON,SMTP,0.0
5,3,RECON,SSH,0.0
5,3,RECON,IRC,0.0
5,3,RECON,TCP,4.453524251175622e-05
5,3,RECON,UDP,0.006434319709569536
5,3,RECON,DHCP,0.0
5,3,RECON,ARP,2.7327990065328933e-06
5,3,RECON,ICMP,8.762671000113187e-05
5,3,RECON,IGMP,0.0
5,3,RECON,IPv,1.5530299476651522e-06
5,3,RECON,LLC,7.3143831120781044e-06
5,3,RECON,Tot sum,0.39504354938399044
5,3,RECON,Min,0.0017618542869968223
5,3,RECON,Max,0.0012467945209550634
5,3,RECON,AVG,0.07546968748793006
5,3,RECON,Std,0.0077238752041012045
5,3,RECON,Tot size,0.0902131627779454
5,3,RECON,IAT,0.056250572044518776
5,3,RECON,Number,0.039415349578484894
5,3,RECON,Variance,0.2113233990923618
5,4,RECON,Header_Length,0.0001337505229457747
5,4,RECON,Protocol Type,4.8031220535449394e-05
5,4,RECON,Time_To_Live,0.01935991139835096
5,4,RECON,Rate,7.97237893948477e-05
5,4,RECON,fin_flag_number,5.673658739979715e-06
5,4,RECON,syn_flag_number,0.007718588464194908
5,4,RECON,rst_flag_number,3.875084257742856e-06
5,4,RECON,psh_flag_number,7.278594553099538e-05
5,4,RECON,ack_flag_number,0.020930432295426727
5,4,RECON,ece_flag_number,0.0
5,4,RECON,cwr_flag_number,0.0
5,4,RECON,ack_count,0.0017580066160007846
5,4,RECON,syn_count,0.006702261371538043
5,4,RECON,fin_count,0.0003432947254623286
5,4,RECON,rst_count,0.0004031012082123198
5,4,RECON,HTTP,1.1536759390651242e-05
5,4,RECON,HTTPS,6.637047526965034e-05
5,4,RECON,DNS,4.248252323435508e-06
5,4,RECON,Telnet,0.0
5,4,RECON,SMTP,0.0
5,4,RECON,SSH,0.0
5,4,RECON,IRC,0.0
5,4,RECON,TCP,2.016623052440991e-05
5,4,RECON,UDP,0.006342876052076463
5,4,RECON,DHCP,0.0
5,4,RECON,ARP,4.467063513857728e-06
5,4,RECON,ICMP,6.793886250306968e-05
5,4,RECON,IGMP,0.0
5,4,RECON,IPv,4.176483495732519e-06
5,4,RECON,LLC,7.0788169754809616e-06
5,4,RECON,Tot sum,0.389626556634903
5,4,RECON,Min,0.0006915164991369238
5,4,RECON,Max,0.0020660460382600832
5,4,RECON,AVG,0.09008814762346447
5,4,RECON,Std,0.020706537330988796
5,4,RECON,Tot size,0.08410524064674973
5,4,RECON,IAT,0.06318612871691584
5,4,RECON,Number,0.02771854754537344
5,4,RECON,Variance,0.25552976336330174
5,5,RECON,Header_Length,0.00010554635805419821
5,5,RECON,Protocol Type,1.9220111127538075e-05
5,5,RECON,Time_To_Live,0.05624175282523538
5,5,RECON,Rate,0.00018624533771571805
5,5,RECON,fin_flag_number,3.1314490535550024e-05
5,5,RECON,syn_flag_number,0.05178538992186077
5,5,RECON,rst_flag_number,3.281992973498404e-05
5,5,RECON,psh_flag_number,8.678991429178495e-05
5,5,RECON,ack_flag_number,0.07444775454641786
5,5,RECON,ece_flag_number,0.0
5,5,RECON,cwr_flag_number,0.0
5,5,RECON,ack_count,0.0020869791704171805
5,5,RECON,syn_count,0.012859235869836994
5,5,RECON,fin_count,0.001987963882902477
5,5,RECON,rst_count,0.0008360883656678197
5,5,RECON,HTTP,1.7112984096456785e-05
5,5,RECON,HTTPS,0.00010711232827702588
5,5,RECON,DNS,7.685595966452907e-06
5,5,RECON,Telnet,0.0
5,5,RECON,SMTP,0.0
5,5,RECON,SSH,0.0
5,5,RECON,IRC,0.0
5,5,RECON,TCP,6.788174788994184e-05
5,5,RECON,UDP,0.006348734863604477
5,5,RECON,DHCP,0.0
5,5,RECON,ARP,2.539870928219834e-06
5,5,RECON,ICMP,5.896931573587949e-05
5,5,RECON,IGMP,0.0
5,5,RECON,IPv,2.431597890151238e-06
5,5,RECON,LLC,5.621454891580058e-06
5,5,RECON,Tot sum,0.2379190292209387
5,5,RECON,Min,0.0013895389299250383
5,5,RECON,Max,0.003246668248903006
5,5,RECON,AVG,0.13788250423967838
5,5,RECON,Std,0.0330505438556429
5,5,RECON,Tot size,0.16256832344806754
5,5,RECON,IAT,0.11938270981772803
5,5,RECON,Number,0.014305156783666461
5,5,RECON,Variance,0.2775647420203313
5,1,SPOOFING,Header_Length,2.342312250220857e-05
5,1,SPOOFING,Protocol Type,6.382341183552853e-05
5,1,SPOOFING,Time_To_Live,0.004595907631301088
5,1,SPOOFING,Rate,0.0003386360256172338
5,1,SPOOFING,fin_flag_number,4.565680404766681e-06
5,1,SPOOFING,syn_flag_number,0.0011371196929758297
5,1,SPOOFING,rst_flag_number,6.604436285329029e-06
5,1,SPOOFING,psh_flag_number,1.2339361015989425e-05
5,1,SPOOFING,ack_flag_number,0.001836857944726944
5,1,SPOOFING,ece_flag_number,0.0
5,1,SPOOFING,cwr_flag_number,0.0
5,1,SPOOFING,ack_count,0.0012376081103866454
5,1,SPOOFING,syn_count,9.872680948319612e-05
5,1,SPOOFING,fin_count,0.001260519753122935
5,1,SPOOFING,rst_count,0.0013743074425292435
5,1,SPOOFING,HTTP,4.502542310547142e-06
5,1,SPOOFING,HTTPS,1.74096092447229e-05
5,1,SPOOFING,DNS,0.0
5,1,SPOOFING,Telnet,0.0
5,1,SPOOFING,SMTP,0.0
5,1,SPOOFING,SSH,0.0
5,1,SPOOFING,IRC,0.0
5,1,SPOOFING,TCP,4.5566025988819096e-06
5,1,SPOOFING,UDP,0.003920254340346219
5,1,SPOOFING,DHCP,0.0
5,1,SPOOFING,ARP,3.5709962955543515e-07
5,1,SPOOFING,ICMP,4.883806180657757e-05
5,1,SPOOFING,IGMP,0.0
5,1,SPOOFING,IPv,4.372967510768433e-07
5,1,SPOOFING,LLC,1.7621453259231145e-06
5,1,SPOOFING,Tot sum,0.11822009617462755
5,1,SPOOFING,Min,0.0011482412592158653
5,1,SPOOFING,Max,0.008225042260892223
5,1,SPOOFING,AVG,0.2283869305625558
5,1,SPOOFING,Std,0.06529476616997272
5,1,SPOOFING,Tot size,0.24409554302692413
5,1,SPOOFING,IAT,0.021996802719831975
5,1,SPOOFING,Number,0.011413813716353615
5,1,SPOOFING,Variance,0.8559300996363163
5,2,SPOOFING,Header_Length,8.971502756764949e-05
5,2,SPOOFING,Protocol Type,0.00019654076987194458
5,2,SPOOFING,Time_To_Live,0.007237416903444682
5,2,SPOOFING,Rate,0.000935677294000925
5,2,SPOOFING,fin_flag_number,2.0231752866095577e-05
5,2,SPOOFING,syn_flag_number,0.024536938586970793
5,2,SPOOFING,rst_flag_number,1.1969535864864157e-05
5,2,SPOOFING,psh_flag_number,2.5837053237864892e-05
5,2,SPOOFING,ack_flag_number,0.0641022428602355
5,2,SPOOFING,ece_flag_number,0.0
5,2,SPOOFING,cwr_flag_number,0.0
5,2,SPOOFING,ack_count,0.003962246209266595
5,2,SPOOFING,syn_count,0.002635146214743145
5,2,SPOOFING,fin_count,0.0021059210092062132
5,2,SPOOFING,rst_count,0.0015464416655959212
5,2,SPOOFING,HTTP,5.051511778475515e-06
5,2,SPOOFING,HTTPS,0.00017849309510893364
5,2,SPOOFING,DNS,1.0256702080368995e-05
5,2,SPOOFING,Telnet,0.0
5,2,SPOOFING,SMTP,0.0
5,2,SPOOFING,SSH,0.0
5,2,SPOOFING,IRC,0.0
5,2,SPOOFING,TCP,2.9940196992583878e-05
5,2,SPOOFING,UDP,0.01442940884080599
5,2,SPOOFING,DHCP,0.0
5,2,SPOOFING,ARP,1.438867871872418e-06
5,2,SPOOFING,ICMP,0.0001091335610169608
5,2,SPOOFING,IGMP,0.0
5,2,SPOOFING,IPv,5.077137675435495e-06
5,2,SPOOFING,LLC,8.770823698256435e-06
5,2,SPOOFING,Tot sum,0.34289863631129264
5,2,SPOOFING,Min,0.026982489592046476
5,2,SPOOFING,Max,0.016981246881186962
5,2,SPOOFING,AVG,0.4964056570082903
5,2,SPOOFING,Std,0.1288284182199277
5,2,SPOOFING,Tot size,0.4478349670767784
5,2,SPOOFING,IAT,0.030834823896429952
5,2,SPOOFING,Number,0.04271486420184374
5,2,SPOOFING,Variance,0.7624490779824555
5,3,SPOOFING,Header_Length,3.280715047528915e-05
5,3,SPOOFING,Protocol Type,2.1859905885246443e-05
5,3,SPOOFING,Time_To_Live,0.0020205733789424585
5,3,SPOOFING,Rate,0.00044451264049882866
5,3,SPOOFING,fin_flag_number,4.0071491451243444e-06
5,3,SPOOFING,syn_flag_number,0.001511126967807286
5,3,SPOOFING,rst_flag_number,4.732703241971947e-06
5,3,SPOOFING,psh_flag_number,5.979861113281082e-06
5,3,SPOOFING,ack_flag_number,0.007039271946007375
5,3,SPOOFING,ece_flag_number,0.0
5,3,SPOOFING,cwr_flag_number,0.0
5,3,SPOOFING,ack_count,0.00048398572168650844
5,3,SPOOFING,syn_count,6.248147006999716e-05
5,3,SPOOFING,fin_count,0.0004985447540775568
5,3,SPOOFING,rst_count,0.0004427763563398912
5,3,SPOOFING,HTTP,2.2126449567005935e-06
5,3,SPOOFING,HTTPS,1.4938374775086416e-05
5,3,SPOOFING,DNS,1.550855842705201e-08
5,3,SPOOFING,Telnet,0.0
5,3,SPOOFING,SMTP,0.0
5,3,SPOOFING,SSH,0.0
5,3,SPOOFING,IRC,0.0
5,3,SPOOFING,TCP,7.100824903982783e-06
5,3,SPOOFING,UDP,0.0022063237997997477
5,3,SPOOFING,DHCP,0.0
5,3,SPOOFING,ARP,2.084806292537711e-06
5,3,SPOOFING,ICMP,3.3323332681423065e-05
5,3,SPOOFING,IGMP,0.0
5,3,SPOOFING,IPv,2.984594111447164e-06
5,3,SPOOFING,LLC,1.2830331977210784e-05
5,3,SPOOFING,Tot sum,0.041148101697763194
5,3,SPOOFING,Min,0.0010317285142491528
5,3,SPOOFING,Max,0.00013337306769045654
5,3,SPOOFING,AVG,0.013648878499225248
5,3,SPOOFING,Std,0.0008844087950819812
5,3,SPOOFING,Tot size,0.017618624720489605
5,3,SPOOFING,IAT,0.005554420994425868
5,3,SPOOFING,Number,0.006856643748778879
5,3,SPOOFING,Variance,0.014666154963197186
5,4,SPOOFING,Header_Length,0.0003114557222261283
5,4,SPOOFING,Protocol Type,5.4854014206284776e-05
5,4,SPOOFING,Time_To_Live,0.020945729361483246
5,4,SPOOFING,Rate,0.0023806488444051864
5,4,SPOOFING,fin_flag_number,3.5594077360201482e-06
5,4,SPOOFING,syn_flag_number,0.010581554257078097
5,4,SPOOFING,rst_flag_number,3.0009088715310384e-06
5,4,SPOOFING,psh_flag_number,7.51198399484565e-06
5,4,SPOOFING,ack_flag_number,0.029407615528907628
5,4,SPOOFING,ece_flag_number,0.0
5,4,SPOOFING,cwr_flag_number,0.0
5,4,SPOOFING,ack_count,0.0024756965691381085
5,4,SPOOFING,syn_count,0.0016874587978236376
5,4,SPOOFING,fin_count,0.00045602771770063554
5,4,SPOOFING,rst_count,0.0004231190556311049
5,4,SPOOFING,HTTP,1.8353949315041974e-06
5,4,SPOOFING,HTTPS,0.00010445002808410209
5,4,SPOOFING,DNS,9.213682319320072e-08
5,4,SPOOFING,Telnet,0.0
5,4,SPOOFING,SMTP,0.0
5,4,SPOOFING,SSH,0.0
5,4,SPOOFING,IRC,0.0
5,4,SPOOFING,TCP,9.56329225793695e-05
5,4,SPOOFING,UDP,0.002300883394855191
5,4,SPOOFING,DHCP,0.0
5,4,SPOOFING,ARP,1.9892068992416467e-06
5,4,SPOOFING,ICMP,0.00011367282810397228
5,4,SPOOFING,IGMP,0.0
5,4,SPOOFING,IPv,7.642521998696417e-07
5,4,SPOOFING,LLC,5.405720406481684e-06
5,4,SPOOFING,Tot sum,0.39561276622116565
5,4,SPOOFING,Min,0.012586442803876708
5,4,SPOOFING,Max,0.0037556870811386034
5,4,SPOOFING,AVG,0.1483168199658394
5,4,SPOOFING,Std,0.019802988509400165
5,4,SPOOFING,Tot size,0.15044562071561812
5,4,SPOOFING,IAT,0.009837907332985197
5,4,SPOOFING,Number,0.03253981061789091
5,4,SPOOFING,Variance,0.2573739118641242
5,5,SPOOFING,Header_Length,6.302545407379511e-05
5,5,SPOOFING,Protocol Type,6.554195663852625e-05
5,5,SPOOFING,Time_To_Live,0.009060169915028383
5,5,SPOOFING,Rate,0.0005772379077825463
5,5,SPOOFING,fin_flag_number,5.460393549583387e-06
5,5,SPOOFING,syn_flag_number,0.009062868414912374
5,5,SPOOFING,rst_flag_number,2.5176178764851897e-06
5,5,SPOOFING,psh_flag_number,8.183034827879964e-06
5,5,SPOOFING,ack_flag_number,0.01297759673470864
5,5,SPOOFING,ece_flag_number,0.0
5,5,SPOOFING,cwr_flag_number,0.0
5,5,SPOOFING,ack_count,0.0010714837378372976
5,5,SPOOFING,syn_count,0.0017452068299462554
5,5,SPOOFING,fin_count,0.0005216837998887058
5,5,SPOOFING,rst_count,0.0005074207605503034
5,5,SPOOFING,HTTP,0.0
5,5,SPOOFING,HTTPS,5.654991764458828e-05
5,5,SPOOFING,DNS,1.9194421840840192e-07
5,5,SPOOFING,Telnet,0.0
5,5,SPOOFING,SMTP,0.0
5,5,SPOOFING,SSH,0.0
5,5,SPOOFING,IRC,0.0
5,5,SPOOFING,TCP,1.3381831979586423e-05
5,5,SPOOFING,UDP,0.0016088681310066021
5,5,SPOOFING,DHCP,3.612689738474728e-08
5,5,SPOOFING,ARP,4.923293264763595e-07
5,5,SPOOFING,ICMP,3.3566859997335996e-05
5,5,SPOOFING,IGMP,0.0
5,5,SPOOFING,IPv,1.7048741150493817e-07
5,5,SPOOFING,LLC,8.782497332937566e-07
5,5,SPOOFING,Tot sum,0.16526231346651912
5,5,SPOOFING,Min,0.0066783666055926
5,5,SPOOFING,Max,0.0038455030546174383
5,5,SPOOFING,AVG,0.16891599409282207
5,5,SPOOFING,Std,0.009160634732688777
5,5,SPOOFING,Tot size,0.22096320614218712
5,5,SPOOFING,IAT,0.009223714666586603
5,5,SPOOFING,Number,0.013685950615763432
5,5,SPOOFING,Variance,0.23752063354477287
5,1,WEB,Header_Length,2.8861805119362317e-05
5,1,WEB,Protocol Type,1.7020749234575304e-05
5,1,WEB,Time_To_Live,0.002141948578400843
5,1,WEB,Rate,1.5659238772514073e-05
5,1,WEB,fin_flag_number,7.554229651418609e-06
5,1,WEB,syn_flag_number,0.0003194743714402648
5,1,WEB,rst_flag_number,6.14179156315231e-06
5,1,WEB,psh_flag_number,1.5387830394786306e-06
5,1,WEB,ack_flag_number,0.0004453476925846189
5,1,WEB,ece_flag_number,0.0
5,1,WEB,cwr_flag_number,0.0
5,1,WEB,ack_count,0.00018324757427308215
5,1,WEB,syn_count,9.009471527861024e-05
5,1,WEB,fin_count,0.000408195254203747
5,1,WEB,rst_count,0.00020251177325008028
5,1,WEB,HTTP,1.7219921199185252e-06
5,1,WEB,HTTPS,1.1154638860588762e-06
5,1,WEB,DNS,1.048285039928487e-06
5,1,WEB,Telnet,0.0
5,1,WEB,SMTP,0.0
5,1,WEB,SSH,3.1896080390225734e-06
5,1,WEB,IRC,0.0
5,1,WEB,TCP,7.571649263127256e-06
5,1,WEB,UDP,0.00046479865527544463
5,1,WEB,DHCP,0.0
5,1,WEB,ARP,5.5562170017342535e-06
5,1,WEB,ICMP,3.220962383920778e-06
5,1,WEB,IGMP,0.0
5,1,WEB,IPv,3.1243691640980844e-06
5,1,WEB,LLC,7.179071652041457e-07
5,1,WEB,Tot sum,0.13905649478547275
5,1,WEB,Min,0.002230898457310104
5,1,WEB,Max,0.0005619548486720305
5,1,WEB,AVG,0.012694578745868056
5,1,WEB,Std,0.004621020605554804
5,1,WEB,Tot size,0.010152039653621613
5,1,WEB,IAT,0.04463430724135833
5,1,WEB,Number,0.001788549901539227
5,1,WEB,Variance,0.021571682400190185
5,2,WEB,Header_Length,6.8831918088374525e-06
5,2,WEB,Protocol Type,4.226384020855623e-06
5,2,WEB,Time_To_Live,0.0028016119716582468
5,2,WEB,Rate,6.683007596297586e-06
5,2,WEB,fin_flag_number,5.925632631376132e-06
5,2,WEB,syn_flag_number,0.000543257828939403
5,2,WEB,rst_flag_number,4.846394351953886e-06
5,2,WEB,psh_flag_number,7.499847612502109e-07
5,2,WEB,ack_flag_number,0.0004658888949649054
5,2,WEB,ece_flag_number,0.0
5,2,WEB,cwr_flag_number,0.0
5,2,WEB,ack_count,3.607580831470614e-05
5,2,WEB,syn_count,0.0006972333631637184
5,2,WEB,fin_count,0.00028513682733546377
5,2,WEB,rst_count,0.00014811463760295852
5,2,WEB,HTTP,6.022832672086808e-06
5,2,WEB,HTTPS,1.500002410148582e-06
5,2,WEB,DNS,5.776066167584304e-08
5,2,WEB,Telnet,0.0
5,2,WEB,SMTP,0.0
5,2,WEB,SSH,1.1801513579712264e-07
5,2,WEB,IRC,0.0
5,2,WEB,TCP,3.5849777089147494e-06
5,2,WEB,UDP,0.0002879386353907165
5,2,WEB,DHCP,0.0
5,2,WEB,ARP,1.4354293562463676e-06
5,2,WEB,ICMP,7.479518428443743e-07
5,2,WEB,IGMP,0.0
5,2,WEB,IPv,1.2707682099336037e-06
5,2,WEB,LLC,3.231784474099636e-07
5,2,WEB,Tot sum,0.02510666602975107
5,2,WEB,Min,0.0050822130557523215
5,2,WEB,Max,0.0008790641459199833
5,2,WEB,AVG,0.015667451745684957
5,2,WEB,Std,0.0020079189095213224
5,2,WEB,Tot size,0.018958020773425233
5,2,WEB,IAT,0.02761074398102039
5,2,WEB,Number,0.0010873243303649361
5,2,WEB,Variance,0.04214184041193221
5,3,WEB,Header_Length,0.00015642685941656963
5,3,WEB,Protocol Type,1.2883735733737467e-05
5,3,WEB,Time_To_Live,0.007143033496686257
5,3,WEB,Rate,0.00012287155745980272
5,3,WEB,fin_flag_number,3.069264163286789e-05
5,3,WEB,syn_flag_number,0.001904774342347082
5,3,WEB,rst_flag_number,3.385418458492495e-05
5,3,WEB,psh_flag_number,7.4582012478785485e-06
5,3,WEB,ack_flag_number,0.004044086761496146
5,3,WEB,ece_flag_number,0.0
5,3,WEB,cwr_flag_number,0.0
5,3,WEB,ack_count,0.0005389248819483328
5,3,WEB,syn_count,0.0005256679691228783
5,3,WEB,fin_count,0.0006632677675952436
5,3,WEB,rst_count,0.0011151257374876877
5,3,WEB,HTTP,1.96689701883912e-05
5,3,WEB,HTTPS,1.488853119770983e-05
5,3,WEB,DNS,2.733429420039013e-05
5,3,WEB,Telnet,0.0
5,3,WEB,SMTP,0.0
5,3,WEB,SSH,0.0
5,3,WEB,IRC,0.0
5,3,WEB,TCP,4.266178367515749e-05
5,3,WEB,UDP,0.004177033860105439
5,3,WEB,DHCP,0.0
5,3,WEB,ARP,7.917415590164012e-06
5,3,WEB,ICMP,8.825235214970916e-06
5,3,WEB,IGMP,0.0
5,3,WEB,IPv,8.079108702263582e-06
5,3,WEB,LLC,1.0807475251284337e-06
5,3,WEB,Tot sum,0.09023292670026421
5,3,WEB,Min,8.316802759509301e-05
5,3,WEB,Max,0.0014155631259200163
5,3,WEB,AVG,0.027372754644602537
5,3,WEB,Std,0.014662281610071659
5,3,WEB,Tot size,0.056988760456442834
5,3,WEB,IAT,0.07034890267823357
5,3,WEB,Number,0.012829917340422981
5,3,WEB,Variance,0.06787804923951626
5,4,WEB,Header_Length,9.581703661751818e-05
5,4,WEB,Protocol Type,2.6977852803611314e-05
5,4,WEB,Time_To_Live,0.013164082111734388
5,4,WEB,Rate,3.815127229245263e-05
5,4,WEB,fin_flag_number,7.080083440769158e-06
5,4,WEB,syn_flag_number,0.0013709610182559117
5,4,WEB,rst_flag_number,2.421683802822372e-06
5,4,WEB,psh_flag_number,1.3570958402908673e-05
5,4,WEB,ack_flag_number,0.0029301815520739183
5,4,WEB,ece_flag_number,0.0
5,4,WEB,cwr_flag_number,0.0
5,4,WEB,ack_count,0.0006761113225365988
5,4,WEB,syn_count,0.0017335575015749783
5,4,WEB,fin_count,0.0005451794778309704
5,4,WEB,rst_count,0.0005162931239965473
5,4,WEB,HTTP,5.347701387847792e-06
5,4,WEB,HTTPS,3.771334552737926e-06
5,4,WEB,DNS,1.3289390354648268e-05
5,4,WEB,Telnet,0.0
5,4,WEB,SMTP,0.0
5,4,WEB,SSH,0.0
5,4,WEB,IRC,0.0
5,4,WEB,TCP,2.144066602696171e-05
5,4,WEB,UDP,0.0020647770077630414
5,4,WEB,DHCP,0.0
5,4,WEB,ARP,9.638430100550322e-06
5,4,WEB,ICMP,1.7539436112201656e-05
5,4,WEB,IGMP,0.0
5,4,WEB,IPv,6.475889425672232e-06
5,4,WEB,LLC,1.8519620159196393e-06
5,4,WEB,Tot sum,0.13067258084192873
5,4,WEB,Min,0.042493655060388845
5,4,WEB,Max,0.0058093410887522625
5,4,WEB,AVG,0.08383086360991002
5,4,WEB,Std,0.017852582790146697
5,4,WEB,Tot size,0.11824477016925812
5,4,WEB,IAT,0.1461543569312198
5,4,WEB,Number,0.006827912642620504
5,4,WEB,Variance,0.09323901209572796
5,5,WEB,Header_Length,7.046800738752523e-05
5,5,WEB,Protocol Type,5.2379291844706355e-06
5,5,WEB,Time_To_Live,0.007322445804686595
5,5,WEB,Rate,3.638889859125527e-05
5,5,WEB,fin_flag_number,1.2446000123933488e-05
5,5,WEB,syn_flag_number,0.0014561691732893679
5,5,WEB,rst_flag_number,7.544755817079363e-06
5,5,WEB,psh_flag_number,3.1789220507505435e-06
5,5,WEB,ack_flag_number,0.0009680928940724697
5,5,WEB,ece_flag_number,0.0
5,5,WEB,cwr_flag_number,0.0
5,5,WEB,ack_count,0.0001310689821350408
5,5,WEB,syn_count,0.0005073900409712451
5,5,WEB,fin_count,0.00042524296697763473
5,5,WEB,rst_count,0.00013636550719979822
5,5,WEB,HTTP,1.5527588402619585e-06
5,5,WEB,HTTPS,5.281547093627381e-06
5,5,WEB,DNS,2.5001077185015515e-07
5,5,WEB,Telnet,0.0
5,5,WEB,SMTP,0.0
5,5,WEB,SSH,1.2673096534854266e-06
5,5,WEB,IRC,0.0
5,5,WEB,TCP,7.024019107904067e-06
5,5,WEB,UDP,0.0022143192179598257
5,5,WEB,DHCP,0.0
5,5,WEB,ARP,5.302907740123431e-06
5,5,WEB,ICMP,1.5193616347541904e-05
5,5,WEB,IGMP,0.0
5,5,WEB,IPv,1.3561607763445949e-06
5,5,WEB,LLC,2.3981895643010453e-06
5,5,WEB,Tot sum,0.07120214269089047
5,5,WEB,Min,0.006360444606525561
5,5,WEB,Max,0.0014275477163778305
5,5,WEB,AVG,0.027056331107451113
5,5,WEB,Std,0.00672762023168616
5,5,WEB,Tot size,0.02812359571980778
5,5,WEB,IAT,0.07010727314395808
5,5,WEB,Number,0.005788269101344667
5,5,WEB,Variance,0.034667390974937005
6,1,BENIGN,Header_Length,8.401366549151134e-05
6,1,BENIGN,Protocol Type,2.6557158184914444e-05
6,1,BENIGN,Time_To_Live,0.04241133152190742
6,1,BENIGN,Rate,0.0002085312379676907
6,1,BENIGN,fin_flag_number,3.327702141859845e-05
6,1,BENIGN,syn_flag_number,0.0019051258063427668
6,1,BENIGN,rst_flag_number,3.5807371583373993e-06
6,1,BENIGN,psh_flag_number,1.2041660448858238e-05
6,1,BENIGN,ack_flag_number,0.006493873089493718
6,1,BENIGN,ece_flag_number,0.0
6,1,BENIGN,cwr_flag_number,0.0
6,1,BENIGN,ack_count,0.0008955129091646086
6,1,BENIGN,syn_count,0.0005140028529694973
6,1,BENIGN,fin_count,0.0018549842631728098
6,1,BENIGN,rst_count,0.0015079515033448842
6,1,BENIGN,HTTP,5.40209056758556e-06
6,1,BENIGN,HTTPS,1.4353226111740725e-05
6,1,BENIGN,DNS,1.7123639963756432e-07
6,1,BENIGN,Telnet,0.0
6,1,BENIGN,SMTP,0.0
6,1,BENIGN,SSH,0.0
6,1,BENIGN,IRC,0.0
6,1,BENIGN,TCP,2.1954815918157065e-06
6,1,BENIGN,UDP,0.001183745960224769
6,1,BENIGN,DHCP,0.0
6,1,BENIGN,ARP,3.4651292108167643e-07
6,1,BENIGN,ICMP,1.8785293988798912e-05
6,1,BENIGN,IGMP,0.0
6,1,BENIGN,IPv,2.500068270183675e-07
6,1,BENIGN,LLC,1.6182472424408623e-06
6,1,BENIGN,Tot sum,0.16671960297971963
6,1,BENIGN,Min,0.015896465579862705
6,1,BENIGN,Max,0.005696982506196946
6,1,BENIGN,AVG,0.030175939027685672
6,1,BENIGN,Std,0.051865432783961295
6,1,BENIGN,Tot size,0.09289990253309952
6,1,BENIGN,IAT,0.02586579719168185
6,1,BENIGN,Number,0.012477408863196615
6,1,BENIGN,Variance,0.38376843004953115
6,2,BENIGN,Header_Length,7.472627402194121e-06
6,2,BENIGN,Protocol Type,1.984119056785971e-06
6,2,BENIGN,Time_To_Live,0.00233376298008352
6,2,BENIGN,Rate,1.976529595424381e-05
6,2,BENIGN,fin_flag_number,5.972515734953277e-06
6,2,BENIGN,syn_flag_number,0.000611836882217176
6,2,BENIGN,rst_flag_number,7.369366328835447e-07
6,2,BENIGN,psh_flag_number,3.1439448751058308e-06
6,2,BENIGN,ack_flag_number,0.0006432890302676241
6,2,BENIGN,ece_flag_number,0.0
6,2,BENIGN,cwr_flag_number,0.0
6,2,BENIGN,ack_count,6.358595874758066e-05
6,2,BENIGN,syn_count,0.00014067072645502777
6,2,BENIGN,fin_count,0.0001143411184557408
6,2,BENIGN,rst_count,0.0002242741901397949
6,2,BENIGN,HTTP,4.007229246982824e-07
6,2,BENIGN,HTTPS,1.0925710213882667e-06
6,2,BENIGN,DNS,7.896281918107207e-07
6,2,BENIGN,Telnet,0.0
6,2,BENIGN,SMTP,0.0
6,2,BENIGN,SSH,9.945049228576863e-10
6,2,BENIGN,IRC,0.0
6,2,BENIGN,TCP,4.100679915186589e-07
6,2,BENIGN,UDP,0.0003512109160737964
6,2,BENIGN,DHCP,0.0
6,2,BENIGN,ARP,1.738509574147895e-09
6,2,BENIGN,ICMP,3.437654651827771e-07
6,2,BENIGN,IGMP,0.0
6,2,BENIGN,IPv,1.1339443477947907e-09
6,2,BENIGN,LLC,6.471122981216437e-09
6,2,BENIGN,Tot sum,0.02976746060885489
6,2,BENIGN,Min,0.0001482331151377636
6,2,BENIGN,Max,0.0006010356104525272
6,2,BENIGN,AVG,0.001967106259689899
6,2,BENIGN,Std,0.004915224626893177
6,2,BENIGN,Tot size,0.005649796046782285
6,2,BENIGN,IAT,0.0040113573812050165
6,2,BENIGN,Number,0.0006836212403868557
6,2,BENIGN,Variance,0.014178923005238176
6,3,BENIGN,Header_Length,0.00017403565498170793
6,3,BENIGN,Protocol Type,2.6777066473471224e-06
6,3,BENIGN,Time_To_Live,0.02260367118760769
6,3,BENIGN,Rate,0.00023292261535061697
6,3,BENIGN,fin_flag_number,5.584369121152122e-05
6,3,BENIGN,syn_flag_number,0.004631743080972228
6,3,BENIGN,rst_flag_number,1.0525426348584333e-05
6,3,BENIGN,psh_flag_number,4.568855048603382e-05
6,3,BENIGN,ack_flag_number,0.013935999487875961
6,3,BENIGN,ece_flag_number,0.0
6,3,BENIGN,cwr_flag_number,0.0
6,3,BENIGN,ack_count,0.0004359056537850847
6,3,BENIGN,syn_count,0.000491497947859898
6,3,BENIGN,fin_count,0.0024696542395759025
6,3,BENIGN,rst_count,0.002215019217248937
6,3,BENIGN,HTTP,6.2445210474493255e-06
6,3,BENIGN,HTTPS,1.0625391075791412e-05
6,3,BENIGN,DNS,2.8194821591914778e-06
6,3,BENIGN,Telnet,0.0
6,3,BENIGN,SMTP,0.0
6,3,BENIGN,SSH,0.0
6,3,BENIGN,IRC,0.0
6,3,BENIGN,TCP,4.992125911940093e-06
6,3,BENIGN,UDP,0.0021535984666115836
6,3,BENIGN,DHCP,0.0
6,3,BENIGN,ARP,8.349394123820935e-06
6,3,BENIGN,ICMP,3.554546695454519e-05
6,3,BENIGN,IGMP,0.0
6,3,BENIGN,IPv,1.947575459904094e-06
6,3,BENIGN,LLC,1.1222797462062672e-05
6,3,BENIGN,Tot sum,0.22852098201401533
6,3,BENIGN,Min,0.0013726419580734727
6,3,BENIGN,Max,0.006455498340073973
6,3,BENIGN,AVG,0.06484019011259079
6,3,BENIGN,Std,0.0699462652206421
6,3,BENIGN,Tot size,0.04313047349569388
6,3,BENIGN,IAT,0.12210253517841921
6,3,BENIGN,Number,0.01042604549729731
6,3,BENIGN,Variance,0.23692069202661514
6,4,BENIGN,Header_Length,0.00015451365777607862
6,4,BENIGN,Protocol Type,1.556858845788156e-05
6,4,BENIGN,Time_To_Live,0.11371284024112356
6,4,BENIGN,Rate,0.00018081427815559438
6,4,BENIGN,fin_flag_number,4.711244469390863e-06
6,4,BENIGN,syn_flag_number,0.0029147140936402137
6,4,BENIGN,rst_flag_number,9.068688038738059e-07
6,4,BENIGN,psh_flag_number,8.958331386565988e-06
6,4,BENIGN,ack_flag_number,0.008351980740917498
6,4,BENIGN,ece_flag_number,0.0
6,4,BENIGN,cwr_flag_number,0.0
6,4,BENIGN,ack_count,0.0007446029379934771
6,4,BENIGN,syn_count,0.0005045215684731374
6,4,BENIGN,fin_count,0.00017814386546888272
6,4,BENIGN,rst_count,0.00015696697050486818
6,4,BENIGN,HTTP,3.469466319572234e-05
6,4,BENIGN,HTTPS,1.1339276341004734e-05
6,4,BENIGN,DNS,8.155533870457532e-08
6,4,BENIGN,Telnet,0.0
6,4,BENIGN,SMTP,0.0
6,4,BENIGN,SSH,0.0
6,4,BENIGN,IRC,0.0
6,4,BENIGN,TCP,1.8782481731705048e-06
6,4,BENIGN,UDP,0.0005293616795825073
6,4,BENIGN,DHCP,0.0
6,4,BENIGN,ARP,2.6455051893636838e-06
6,4,BENIGN,ICMP,1.1279411998543764e-05
6,4,BENIGN,IGMP,0.0
6,4,BENIGN,IPv,5.632863846721792e-07
6,4,BENIGN,LLC,6.859928247526792e-06
6,4,BENIGN,Tot sum,0.12913774019107221
6,4,BENIGN,Min,0.00552956866358727
6,4,BENIGN,Max,0.0028817613230785353
6,4,BENIGN,AVG,0.023146335943602027
6,4,BENIGN,Std,0.030442852939631847
6,4,BENIGN,Tot size,0.0913425488397479
6,4,BENIGN,IAT,0.02736957215529401
6,4,BENIGN,Number,0.02162475192453712
6,4,BENIGN,Variance,0.1680049667833373
6,5,BENIGN,Header_Length,0.0001074732548886459
6,5,BENIGN,Protocol Type,5.234788800123624e-06
6,5,BENIGN,Time_To_Live,0.02359624630844337
6,5,BENIGN,Rate,0.00018843646528239334
6,5,BENIGN,fin_flag_number,1.6961586820229967e-05
6,5,BENIGN,syn_flag_number,0.004037020773102995
6,5,BENIGN,rst_flag_number,2.2083575130338316e-06
6,5,BENIGN,psh_flag_number,2.7650308176419003e-05
6,5,BENIGN,ack_flag_number,0.010079046167084016
6,5,BENIGN,ece_flag_number,0.0
6,5,BENIGN,cwr_flag_number,0.0
6,5,BENIGN,ack_count,0.0009988200144789515
6,5,BENIGN,syn_count,0.0015640678002455388
6,5,BENIGN,fin_count,0.000776868719549384
6,5,BENIGN,rst_count,0.0006400416861652048
6,5,BENIGN,HTTP,8.557108685636195e-07
6,5,BENIGN,HTTPS,6.055667626014838e-06
6,5,BENIGN,DNS,3.3995391436780766e-06
6,5,BENIGN,Telnet,0.0
6,5,BENIGN,SMTP,0.0
6,5,BENIGN,SSH,0.0
6,5,BENIGN,IRC,0.0
6,5,BENIGN,TCP,5.2753267674177096e-06
6,5,BENIGN,UDP,0.0011558088438505365
6,5,BENIGN,DHCP,0.0
6,5,BENIGN,ARP,1.044179031892134e-07
6,5,BENIGN,ICMP,2.280897714541652e-05
6,5,BENIGN,IGMP,0.0
6,5,BENIGN,IPv,1.6892199161067102e-06
6,5,BENIGN,LLC,1.2538305697862295e-06
6,5,BENIGN,Tot sum,0.10345966796157882
6,5,BENIGN,Min,0.010681745767942629
6,5,BENIGN,Max,0.00903829331509769
6,5,BENIGN,AVG,0.06825418607331812
6,5,BENIGN,Std,0.1037727271206677
6,5,BENIGN,Tot size,0.15171606140211225
6,5,BENIGN,IAT,0.04769664641935378
6,5,BENIGN,Number,0.012239788134502305
6,5,BENIGN,Variance,0.4766408771276474
6,1,DDOS,Header_Length,0.007758783455938101
6,1,DDOS,Protocol Type,0.0007256164026330225
6,1,DDOS,Time_To_Live,0.0005380053580665844
6,1,DDOS,Rate,0.003157172363717109
6,1,DDOS,fin_flag_number,0.00017699930249364114
6,1,DDOS,syn_flag_number,0.012195317237637938
6,1,DDOS,rst_flag_number,4.8990005052473864e-05
6,1,DDOS,psh_flag_number,0.000410571043175878
6,1,DDOS,ack_flag_number,0.0089522113034036
6,1,DDOS,ece_flag_number,0.0
6,1,DDOS,cwr_flag_number,0.0
6,1,DDOS,ack_count,0.015697592846117915
6,1,DDOS,syn_count,0.012244207698677201
6,1,DDOS,fin_count,0.02988944752141833
6,1,DDOS,rst_count,0.02268265066668391
6,1,DDOS,HTTP,0.00036473753716563805
6,1,DDOS,HTTPS,1.4631734347858583e-05
6,1,DDOS,DNS,0.0
6,1,DDOS,Telnet,0.0
6,1,DDOS,SMTP,0.0
6,1,DDOS,SSH,0.0
6,1,DDOS,IRC,0.0
6,1,DDOS,TCP,0.004239094551303424
6,1,DDOS,UDP,0.014337884867563844
6,1,DDOS,DHCP,0.0
6,1,DDOS,ARP,1.1093176789245263e-05
6,1,DDOS,ICMP,0.0020794772189219658
6,1,DDOS,IGMP,0.0
6,1,DDOS,IPv,3.950782087258631e-06
6,1,DDOS,LLC,4.950400737868677e-06
6,1,DDOS,Tot sum,0.0888355776667595
6,1,DDOS,Min,0.007922443607822061
6,1,DDOS,Max,0.0022715249797329307
6,1,DDOS,AVG,0.10545742027461529
6,1,DDOS,Std,0.006292117247357965
6,1,DDOS,Tot size,0.10393709614872933
6,1,DDOS,IAT,0.0036275184701480613
6,1,DDOS,Number,9.196889573104272e-06
6,1,DDOS,Variance,0.011952353303786366
6,2,DDOS,Header_Length,0.015899776144942736
6,2,DDOS,Protocol Type,0.0018410590300845797
6,2,DDOS,Time_To_Live,0.0013655393788212678
6,2,DDOS,Rate,0.0019447701790340944
6,2,DDOS,fin_flag_number,0.00021719506274848755
6,2,DDOS,syn_flag_number,0.02031138192396611
6,2,DDOS,rst_flag_number,4.3046797259194136e-05
6,2,DDOS,psh_flag_number,0.00016144359100849214
6,2,DDOS,ack_flag_number,0.005966672656359151
6,2,DDOS,ece_flag_number,0.0
6,2,DDOS,cwr_flag_number,0.0
6,2,DDOS,ack_count,0.01134858035366051
6,2,DDOS,syn_count,0.025972726246754972
6,2,DDOS,fin_count,0.052229611750226466
6,2,DDOS,rst_count,0.02995424968394218
6,2,DDOS,HTTP,2.8928377191306253e-05
6,2,DDOS,HTTPS,0.00010587643318160644
6,2,DDOS,DNS,4.732307570520789e-06
6,2,DDOS,Telnet,0.0
6,2,DDOS,SMTP,0.0
6,2,DDOS,SSH,0.0
6,2,DDOS,IRC,0.0
6,2,DDOS,TCP,0.008555064035863324
6,2,DDOS,UDP,0.023290097475910442
6,2,DDOS,DHCP,0.0
6,2,DDOS,ARP,2.3285812197570977e-06
6,2,DDOS,ICMP,0.004103228524269298
6,2,DDOS,IGMP,0.0
6,2,DDOS,IPv,9.686226112748386e-07
6,2,DDOS,LLC,4.349884397925052e-06
6,2,DDOS,Tot sum,0.1583857516758144
6,2,DDOS,Min,3.912091148094987e-06
6,2,DDOS,Max,0.004527250370301772
6,2,DDOS,AVG,0.02285071828518994
6,2,DDOS,Std,0.01953146075247787
6,2,DDOS,Tot size,0.028303850814700125
6,2,DDOS,IAT,0.002318993773587863
6,2,DDOS,Number,6.632611512031872e-05
6,2,DDOS,Variance,0.27839762456715106
6,3,DDOS,Header_Length,0.0038439739495515824
6,3,DDOS,Protocol Type,0.0007139538131923473
6,3,DDOS,Time_To_Live,0.000678628808236681
6,3,DDOS,Rate,0.0006554741112722695
6,3,DDOS,fin_flag_number,0.00021518216453841887
6,3,DDOS,syn_flag_number,0.028545844205655157
6,3,DDOS,rst_flag_number,7.880418397689936e-05
6,3,DDOS,psh_flag_number,0.00046451574944512687
6,3,DDOS,ack_flag_number,0.011766868222912308
6,3,DDOS,ece_flag_number,0.0
6,3,DDOS,cwr_flag_number,0.0
6,3,DDOS,ack_count,0.01322123381542042
6,3,DDOS,syn_count,0.02042298386513721
6,3,DDOS,fin_count,0.048253783583641054
6,3,DDOS,rst_count,0.030417602881789206
6,3,DDOS,HTTP,7.855396870581899e-05
6,3,DDOS,HTTPS,1.5763314806349627e-06
6,3,DDOS,DNS,8.850925098613516e-07
6,3,DDOS,Telnet,0.0
6,3,DDOS,SMTP,0.0
6,3,DDOS,SSH,0.0
6,3,DDOS,IRC,0.0
6,3,DDOS,TCP,0.0016663104441249743
6,3,DDOS,UDP,0.019008555565960705
6,3,DDOS,DHCP,0.0
6,3,DDOS,ARP,4.87819080206009e-06
6,3,DDOS,ICMP,0.0004948904206685256
6,3,DDOS,IGMP,0.0
6,3,DDOS,IPv,2.6860402755346513e-06
6,3,DDOS,LLC,5.414227462097187e-06
6,3,DDOS,Tot sum,0.15207793461158872
6,3,DDOS,Min,0.0021532502782065422
6,3,DDOS,Max,0.008046053996076807
6,3,DDOS,AVG,0.03754315227270126
6,3,DDOS,Std,0.01896228254190646
6,3,DDOS,Tot size,0.029186030942946674
6,3,DDOS,IAT,0.0005883924954105168
6,3,DDOS,Number,0.0
6,3,DDOS,Variance,0.3467830821406096
6,4,DDOS,Header_Length,0.01369392239721492
6,4,DDOS,Protocol Type,0.0027392600211896935
6,4,DDOS,Time_To_Live,0.0008947656225927858
6,4,DDOS,Rate,0.0020859945492702537
6,4,DDOS,fin_flag_number,0.00023074367145454745
6,4,DDOS,syn_flag_number,0.012425149761838838
6,4,DDOS,rst_flag_number,3.3517633437440966e-05
6,4,DDOS,psh_flag_number,0.0006576444109668955
6,4,DDOS,ack_flag_number,0.01380362284835428
6,4,DDOS,ece_flag_number,0.0
6,4,DDOS,cwr_flag_number,0.0
6,4,DDOS,ack_count,0.035977404192090036
6,4,DDOS,syn_count,0.016629073210060595
6,4,DDOS,fin_count,0.04431082881055772
6,4,DDOS,rst_count,0.027210907693370246
6,4,DDOS,HTTP,0.00047170857587843786
6,4,DDOS,HTTPS,0.001500084684084868
6,4,DDOS,DNS,1.177552684339389e-06
6,4,DDOS,Telnet,0.0
6,4,DDOS,SMTP,0.0
6,4,DDOS,SSH,0.0
6,4,DDOS,IRC,0.0
6,4,DDOS,TCP,0.007506256806664169
6,4,DDOS,UDP,0.05268324157223105
6,4,DDOS,DHCP,0.0
6,4,DDOS,ARP,5.03355529417604e-06
6,4,DDOS,ICMP,0.002600527875620173
6,4,DDOS,IGMP,0.0
6,4,DDOS,IPv,1.2263487972175025e-06
6,4,DDOS,LLC,4.288776642624725e-06
6,4,DDOS,Tot sum,0.05880802338942885
6,4,DDOS,Min,0.0017648280132561921
6,4,DDOS,Max,0.0014169213029163075
6,4,DDOS,AVG,0.020968707324936987
6,4,DDOS,Std,0.005972442231723107
6,4,DDOS,Tot size,0.021114464709535243
6,4,DDOS,IAT,0.0069873328582616525
6,4,DDOS,Number,0.0
6,4,DDOS,Variance,0.012751947750803082
6,5,DDOS,Header_Length,0.014584150319842592
6,5,DDOS,Protocol Type,0.001545414430256642
6,5,DDOS,Time_To_Live,0.0011051892332034185
6,5,DDOS,Rate,0.0006976716773237967
6,5,DDOS,fin_flag_number,6.484811578957305e-05
6,5,DDOS,syn_flag_number,0.02293855278476258
6,5,DDOS,rst_flag_number,2.2008613814250567e-05
6,5,DDOS,psh_flag_number,0.00017710108355117882
6,5,DDOS,ack_flag_number,0.010865117725916206
6,5,DDOS,ece_flag_number,0.0
6,5,DDOS,cwr_flag_number,0.0
6,5,DDOS,ack_count,0.010038472559244838
6,5,DDOS,syn_count,0.016442803363315762
6,5,DDOS,fin_count,0.015192069788463413
6,5,DDOS,rst_count,0.013533300565904937
6,5,DDOS,HTTP,1.1928599633392877e-06
6,5,DDOS,HTTPS,0.00259783222143426
6,5,DDOS,DNS,2.3909936135213527e-06
6,5,DDOS,Telnet,0.0
6,5,DDOS,SMTP,0.0
6,5,DDOS,SSH,0.0
6,5,DDOS,IRC,0.0
6,5,DDOS,TCP,0.006804562048637308
6,5,DDOS,UDP,0.029417134425602853
6,5,DDOS,DHCP,0.0
6,5,DDOS,ARP,3.1994627812670373e-06
6,5,DDOS,ICMP,0.002005561648365983
6,5,DDOS,IGMP,0.0
6,5,DDOS,IPv,1.2272033137250559e-06
6,5,DDOS,LLC,2.490135403121485e-06
6,5,DDOS,Tot sum,0.3059368605099735
6,5,DDOS,Min,0.0
6,5,DDOS,Max,0.01617988748475909
6,5,DDOS,AVG,0.027994779957225546
6,5,DDOS,Std,0.05735471800435334
6,5,DDOS,Tot size,0.025459377118386327
6,5,DDOS,IAT,0.003605411614080367
6,5,DDOS,Number,0.0
6,5,DDOS,Variance,0.37032162490068005
6,1,DOS,Header_Length,0.005029047419520793
6,1,DOS,Protocol Type,0.0011076749666244722
6,1,DOS,Time_To_Live,0.002127325559035853
6,1,DOS,Rate,0.003535788366025372
6,1,DOS,fin_flag_number,0.00021460601947183023
6,1,DOS,syn_flag_number,0.011623716756002978
6,1,DOS,rst_flag_number,3.787388463933894e-05
6,1,DOS,psh_flag_number,0.00034675782299018463
6,1,DOS,ack_flag_number,0.013640372169902548
6,1,DOS,ece_flag_number,0.0
6,1,DOS,cwr_flag_number,0.0
6,1,DOS,ack_count,0.021057815430685876
6,1,DOS,syn_count,0.012159577431157231
6,1,DOS,fin_count,0.033959683393186425
6,1,DOS,rst_count,0.012087790586519986
6,1,DOS,HTTP,7.03027903000475e-05
6,1,DOS,HTTPS,1.629265862774787e-05
6,1,DOS,DNS,0.0
6,1,DOS,Telnet,0.0
6,1,DOS,SMTP,0.0
6,1,DOS,SSH,0.0
6,1,DOS,IRC,0.0
6,1,DOS,TCP,0.003687430997615593
6,1,DOS,UDP,0.02747026984579861
6,1,DOS,DHCP,0.0
6,1,DOS,ARP,6.864979316389963e-06
6,1,DOS,ICMP,0.0018854080837627408
6,1,DOS,IGMP,0.0
6,1,DOS,IPv,4.0556088656273914e-06
6,1,DOS,LLC,5.142461610141425e-06
6,1,DOS,Tot sum,0.18330690823495388
6,1,DOS,Min,0.01568385511636734
6,1,DOS,Max,0.012454263377003371
6,1,DOS,AVG,0.1733113493770361
6,1,DOS,Std,0.02536138319410384
6,1,DOS,Tot size,0.03233215603977442
6,1,DOS,IAT,0.0017385525366989895
6,1,DOS,Number,3.941809694651965e-06
6,1,DOS,Variance,0.08808073233813048
6,2,DOS,Header_Length,0.0072121562207030365
6,2,DOS,Protocol Type,0.0010109715396538377
6,2,DOS,Time_To_Live,0.003123493009388767
6,2,DOS,Rate,0.0012318055832110987
6,2,DOS,fin_flag_number,0.00023248853758559563
6,2,DOS,syn_flag_number,0.017249274361529388
6,2,DOS,rst_flag_number,6.914370060258079e-05
6,2,DOS,psh_flag_number,0.00010694701429656562
6,2,DOS,ack_flag_number,0.003083435940789059
6,2,DOS,ece_flag_number,0.0
6,2,DOS,cwr_flag_number,0.0
6,2,DOS,ack_count,0.007952796764584491
6,2,DOS,syn_count,0.01968603702262044
6,2,DOS,fin_count,0.05829690978862345
6,2,DOS,rst_count,0.031418702797964215
6,2,DOS,HTTP,1.6912708088057115e-05
6,2,DOS,HTTPS,0.0003028587220427426
6,2,DOS,DNS,0.0
6,2,DOS,Telnet,0.0
6,2,DOS,SMTP,0.0
6,2,DOS,SSH,0.0
6,2,DOS,IRC,0.0
6,2,DOS,TCP,0.0040342702058296705
6,2,DOS,UDP,0.026579056889750062
6,2,DOS,DHCP,0.0
6,2,DOS,ARP,1.5409377077446606e-06
6,2,DOS,ICMP,0.0013407785506387882
6,2,DOS,IGMP,0.0
6,2,DOS,IPv,4.207010341872319e-07
6,2,DOS,LLC,1.0141366082905278e-06
6,2,DOS,Tot sum,0.13933296613395213
6,2,DOS,Min,0.014219390574635327
6,2,DOS,Max,0.005987568374257535
6,2,DOS,AVG,0.0816411379724741
6,2,DOS,Std,0.01807730384171009
6,2,DOS,Tot size,0.030516456719487904
6,2,DOS,IAT,0.004157146352372365
6,2,DOS,Number,0.0001667425961841218
6,2,DOS,Variance,0.07518343962728977
6,3,DOS,Header_Length,0.014097742315061623
6,3,DOS,Protocol Type,0.0022788359281548766
6,3,DOS,Time_To_Live,0.007552264520563767
6,3,DOS,Rate,0.003684370328483055
6,3,DOS,fin_flag_number,0.0003205092878488358
6,3,DOS,syn_flag_number,0.015003442682791501
6,3,DOS,rst_flag_number,9.50079549511429e-05
6,3,DOS,psh_flag_number,0.00019341369425092126
6,3,DOS,ack_flag_number,0.02348617195384577
6,3,DOS,ece_flag_number,0.0
6,3,DOS,cwr_flag_number,0.0
6,3,DOS,ack_count,0.016274368140147998
6,3,DOS,syn_count,0.022552912193350493
6,3,DOS,fin_count,0.05544334896840155
6,3,DOS,rst_count,0.022379382327198983
6,3,DOS,HTTP,0.0008446837338851765
6,3,DOS,HTTPS,3.2814282775461833e-07
6,3,DOS,DNS,2.7634915305441156e-06
6,3,DOS,Telnet,0.0
6,3,DOS,SMTP,0.0
6,3,DOS,SSH,0.0
6,3,DOS,IRC,0.0
6,3,DOS,TCP,0.007549615899552009
6,3,DOS,UDP,0.057072838908061384
6,3,DOS,DHCP,0.0
6,3,DOS,ARP,1.0419938145389552e-05
6,3,DOS,ICMP,0.0037220106009044685
6,3,DOS,IGMP,0.0
6,3,DOS,IPv,4.981521811364687e-06
6,3,DOS,LLC,1.9158716173706126e-05
6,3,DOS,Tot sum,0.10710488446056843
6,3,DOS,Min,0.013853507349267602
6,3,DOS,Max,0.002448543079663068
6,3,DOS,AVG,0.07303752079606056
6,3,DOS,Std,0.004510722677514423
6,3,DOS,Tot size,0.0149684430914931
6,3,DOS,IAT,0.0013141358640496037
6,3,DOS,Number,0.0
6,3,DOS,Variance,0.0236511898227036
6,4,DOS,Header_Length,0.011793781867163488
6,4,DOS,Protocol Type,0.002747170755174011
6,4,DOS,Time_To_Live,0.02127106988405103
6,4,DOS,Rate,0.0021046827475402095
6,4,DOS,fin_flag_number,5.826472679473227e-05
6,4,DOS,syn_flag_number,0.01697160043986514
6,4,DOS,rst_flag_number,1.4128959332992962e-05
6,4,DOS,psh_flag_number,0.00017783600815164392
6,4,DOS,ack_flag_number,0.011275881191249938
6,4,DOS,ece_flag_number,0.0
6,4,DOS,cwr_flag_number,0.0
6,4,DOS,ack_count,0.018029678479069843
6,4,DOS,syn_count,0.019342736783437432
6,4,DOS,fin_count,0.011377845075912774
6,4,DOS,rst_count,0.00869026056752773
6,4,DOS,HTTP,0.00036107708492636446
6,4,DOS,HTTPS,0.0015010275890290359
6,4,DOS,DNS,1.1071096194914532e-06
6,4,DOS,Telnet,0.0
6,4,DOS,SMTP,0.0
6,4,DOS,SSH,0.0
6,4,DOS,IRC,0.0
6,4,DOS,TCP,0.006398960791193531
6,4,DOS,UDP,0.03288761666044593
6,4,DOS,DHCP,0.0
6,4,DOS,ARP,3.5414431601665794e-05
6,4,DOS,ICMP,0.001965936649503419
6,4,DOS,IGMP,0.0
6,4,DOS,IPv,4.27587466376167e-06
6,4,DOS,LLC,2.0465121576762612e-05
6,4,DOS,Tot sum,0.11620774851180612
6,4,DOS,Min,0.01683496218174696
6,4,DOS,Max,0.012299218028783799
6,4,DOS,AVG,0.12827598825097083
6,4,DOS,Std,0.03596409864258021
6,4,DOS,Tot size,0.03139576519606635
6,4,DOS,IAT,0.0038274134807579686
6,4,DOS,Number,0.0
6,4,DOS,Variance,0.0335781404748559
6,5,DOS,Header_Length,0.03058027261031384
6,5,DOS,Protocol Type,0.0018525879524077028
6,5,DOS,Time_To_Live,0.0021255493884382304
6,5,DOS,Rate,0.0025300819075710023
6,5,DOS,fin_flag_number,0.00011419398670113879
6,5,DOS,syn_flag_number,0.017721082153730094
6,5,DOS,rst_flag_number,5.432047632893955e-05
6,5,DOS,psh_flag_number,0.00012667299970416934
6,5,DOS,ack_flag_number,0.0051801262750814205
6,5,DOS,ece_flag_number,0.0
6,5,DOS,cwr_flag_number,0.0
6,5,DOS,ack_count,0.00780657454397442
6,5,DOS,syn_count,0.017391236685216426
6,5,DOS,fin_count,0.025503843312617392
6,5,DOS,rst_count,0.030027978544603685
6,5,DOS,HTTP,0.000432359054684639
6,5,DOS,HTTPS,0.0021584041623327723
6,5,DOS,DNS,1.0905875200251103e-06
6,5,DOS,Telnet,0.0
6,5,DOS,SMTP,0.0
6,5,DOS,SSH,0.0
6,5,DOS,IRC,0.0
6,5,DOS,TCP,0.013792509499762674
6,5,DOS,UDP,0.02824490002822131
6,5,DOS,DHCP,0.0
6,5,DOS,ARP,1.455934252589941e-05
6,5,DOS,ICMP,0.006769752793843509
6,5,DOS,IGMP,0.0
6,5,DOS,IPv,4.754937403106396e-06
6,5,DOS,LLC,8.839016660999733e-06
6,5,DOS,Tot sum,0.05939540533581748
6,5,DOS,Min,0.0
6,5,DOS,Max,0.007843289931770414
6,5,DOS,AVG,0.04714192585088313
6,5,DOS,Std,0.03340778853744268
6,5,DOS,Tot size,0.009204085683450103
6,5,DOS,IAT,0.007766638774774038
6,5,DOS,Number,0.0
6,5,DOS,Variance,0.08420396884903311
6,1,MIRAI,Header_Length,5.155113030923531e-05
6,1,MIRAI,Protocol Type,4.043929047838901e-05
6,1,MIRAI,Time_To_Live,6.870419522613247e-05
6,1,MIRAI,Rate,0.00014694813301474596
6,1,MIRAI,fin_flag_number,9.781317981083504e-06
6,1,MIRAI,syn_flag_number,0.0009521328160190023
6,1,MIRAI,rst_flag_number,9.502884634571273e-06
6,1,MIRAI,psh_flag_number,4.719560169519354e-06
6,1,MIRAI,ack_flag_number,0.0021046922833193094
6,1,MIRAI,ece_flag_number,0.0
6,1,MIRAI,cwr_flag_number,0.0
6,1,MIRAI,ack_count,0.002135854870721232
6,1,MIRAI,syn_count,0.0008029510052438126
6,1,MIRAI,fin_count,0.0017071963030502956
6,1,MIRAI,rst_count,0.0008894680222510942
6,1,MIRAI,HTTP,2.6986646844306962e-06
6,1,MIRAI,HTTPS,3.8860256417194706e-07
6,1,MIRAI,DNS,1.1834825368595147e-07
6,1,MIRAI,Telnet,0.0
6,1,MIRAI,SMTP,0.0
6,1,MIRAI,SSH,0.0
6,1,MIRAI,IRC,0.0
6,1,MIRAI,TCP,1.9652353716992366e-05
6,1,MIRAI,UDP,0.006940961441432592
6,1,MIRAI,DHCP,0.0
6,1,MIRAI,ARP,1.3119826682839176e-07
6,1,MIRAI,ICMP,3.141570674074501e-05
6,1,MIRAI,IGMP,0.0
6,1,MIRAI,IPv,4.17836984212272e-07
6,1,MIRAI,LLC,2.081392343811217e-07
6,1,MIRAI,Tot sum,0.36296039875596764
6,1,MIRAI,Min,0.028770918631926178
6,1,MIRAI,Max,0.012719971407204867
6,1,MIRAI,AVG,0.4196557689458132
6,1,MIRAI,Std,0.032420746283605695
6,1,MIRAI,Tot size,0.1889909900724888
6,1,MIRAI,IAT,0.00023699633600813286
6,1,MIRAI,Number,5.607573322663484e-05
6,1,MIRAI,Variance,0.13259746991097926
6,2,MIRAI,Header_Length,0.00015914299656287766
6,2,MIRAI,Protocol Type,0.00027974202421319203
6,2,MIRAI,Time_To_Live,7.70711343648145e-05
6,2,MIRAI,Rate,0.00015061231551953823
6,2,MIRAI,fin_flag_number,3.117646465398138e-05
6,2,MIRAI,syn_flag_number,0.010169888800010084
6,2,MIRAI,rst_flag_number,3.313852685096208e-05
6,2,MIRAI,psh_flag_number,3.769696286326507e-06
6,2,MIRAI,ack_flag_number,0.00046271739702206103
6,2,MIRAI,ece_flag_number,0.0
6,2,MIRAI,cwr_flag_number,0.0
6,2,MIRAI,ack_count,0.000563362008688273
6,2,MIRAI,syn_count,0.008624510187655688
6,2,MIRAI,fin_count,0.0044551962986588475
6,2,MIRAI,rst_count,0.0023819731490220875
6,2,MIRAI,HTTP,6.83324146848463e-06
6,2,MIRAI,HTTPS,1.1443444805081526e-06
6,2,MIRAI,DNS,4.456126703189511e-08
6,2,MIRAI,Telnet,0.0
6,2,MIRAI,SMTP,0.0
6,2,MIRAI,SSH,0.0
6,2,MIRAI,IRC,0.0
6,2,MIRAI,TCP,0.00012207716608827467
6,2,MIRAI,UDP,0.031239361641928552
6,2,MIRAI,DHCP,0.0
6,2,MIRAI,ARP,3.872752625255771e-08
6,2,MIRAI,ICMP,1.1703349514391448e-05
6,2,MIRAI,IGMP,0.0
6,2,MIRAI,IPv,2.7975831109472436e-07
6,2,MIRAI,LLC,1.5232635810491502e-07
6,2,MIRAI,Tot sum,0.858248382806778
6,2,MIRAI,Min,0.22369700323715733
6,2,MIRAI,Max,0.034486746229231355
6,2,MIRAI,AVG,1.3819143652915955
6,2,MIRAI,Std,0.02674092664383352
6,2,MIRAI,Tot size,0.4195083498954773
6,2,MIRAI,IAT,0.001141953879414359
6,2,MIRAI,Number,5.791780840809224e-05
6,2,MIRAI,Variance,0.16024591443128883
6,3,MIRAI,Header_Length,5.508582908078097e-05
6,3,MIRAI,Protocol Type,9.070350406545913e-05
6,3,MIRAI,Time_To_Live,0.00013986874741931388
6,3,MIRAI,Rate,5.701533809769899e-05
6,3,MIRAI,fin_flag_number,2.8271767405385617e-05
6,3,MIRAI,syn_flag_number,0.006285546533763409
6,3,MIRAI,rst_flag_number,3.407046060601715e-05
6,3,MIRAI,psh_flag_number,5.747495538344083e-06
6,3,MIRAI,ack_flag_number,0.0018995066784555092
6,3,MIRAI,ece_flag_number,0.0
6,3,MIRAI,cwr_flag_number,0.0
6,3,MIRAI,ack_count,0.002011054978356697
6,3,MIRAI,syn_count,0.00557672712020576
6,3,MIRAI,fin_count,0.00489613173995167
6,3,MIRAI,rst_count,0.0026677932008169593
6,3,MIRAI,HTTP,1.4952211495256052e-05
6,3,MIRAI,HTTPS,1.926980514710408e-07
6,3,MIRAI,DNS,1.3093969397637296e-08
6,3,MIRAI,Telnet,0.0
6,3,MIRAI,SMTP,0.0
6,3,MIRAI,SSH,0.0
6,3,MIRAI,IRC,0.0
6,3,MIRAI,TCP,5.762791261076927e-05
6,3,MIRAI,UDP,0.0152144716354087
6,3,MIRAI,DHCP,0.0
6,3,MIRAI,ARP,9.676122960655676e-08
6,3,MIRAI,ICMP,2.990717184729874e-05
6,3,MIRAI,IGMP,0.0
6,3,MIRAI,IPv,3.43433018201722e-07
6,3,MIRAI,LLC,2.5682633761903164e-07
6,3,MIRAI,Tot sum,0.5910668969154358
6,3,MIRAI,Min,0.07944955566345016
6,3,MIRAI,Max,0.018480062764137984
6,3,MIRAI,AVG,0.6888868093490601
6,3,MIRAI,Std,0.03356076501659118
6,3,MIRAI,Tot size,0.24391114860773086
6,3,MIRAI,IAT,0.0005936219325860748
6,3,MIRAI,Number,0.0
6,3,MIRAI,Variance,0.18878914290107787
6,4,MIRAI,Header_Length,9.203368763337494e-05
6,4,MIRAI,Protocol Type,0.00021775174955109832
6,4,MIRAI,Time_To_Live,0.00026046449227408176
6,4,MIRAI,Rate,3.7085872327224935e-05
6,4,MIRAI,fin_flag_number,5.24595775459602e-06
6,4,MIRAI,syn_flag_number,0.005925333732739091
6,4,MIRAI,rst_flag_number,6.43263682604811e-06
6,4,MIRAI,psh_flag_number,1.0837326817636494e-05
6,4,MIRAI,ack_flag_number,0.0018449874769430608
6,4,MIRAI,ece_flag_number,0.0
6,4,MIRAI,cwr_flag_number,0.0
6,4,MIRAI,ack_count,0.0022002328711096196
6,4,MIRAI,syn_count,0.005377635732293129
6,4,MIRAI,fin_count,0.0007932727188745048
6,4,MIRAI,rst_count,0.0004174626970780082
6,4,MIRAI,HTTP,5.807269758406619e-06
6,4,MIRAI,HTTPS,3.07188244335066e-05
6,4,MIRAI,DNS,8.53445095927441e-08
6,4,MIRAI,Telnet,0.0
6,4,MIRAI,SMTP,0.0
6,4,MIRAI,SSH,0.0
6,4,MIRAI,IRC,0.0
6,4,MIRAI,TCP,6.493912915175314e-05
6,4,MIRAI,UDP,0.00873647816479206
6,4,MIRAI,DHCP,0.0
6,4,MIRAI,ARP,8.668146671553245e-08
6,4,MIRAI,ICMP,3.3176407760038275e-05
6,4,MIRAI,IGMP,0.0
6,4,MIRAI,IPv,2.474111605810236e-07
6,4,MIRAI,LLC,1.206699590916571e-07
6,4,MIRAI,Tot sum,0.6300326257944107
6,4,MIRAI,Min,0.10235350480070338
6,4,MIRAI,Max,0.027986724767833947
6,4,MIRAI,AVG,1.0147771179676055
6,4,MIRAI,Std,0.06821549213782419
6,4,MIRAI,Tot size,0.35280718505382536
6,4,MIRAI,IAT,0.001081849736874574
6,4,MIRAI,Number,0.0
6,4,MIRAI,Variance,0.24424184947274624
6,5,MIRAI,Header_Length,8.991760947765214e-05
6,5,MIRAI,Protocol Type,0.0002564063874160638
6,5,MIRAI,Time_To_Live,0.00011908112610399257
6,5,MIRAI,Rate,7.713130544289016e-05
6,5,MIRAI,fin_flag_number,9.922754725266713e-06
6,5,MIRAI,syn_flag_number,0.008714637346565723
6,5,MIRAI,rst_flag_number,1.313552211286151e-05
6,5,MIRAI,psh_flag_number,6.937414559615717e-06
6,5,MIRAI,ack_flag_number,0.0009945341138518416
6,5,MIRAI,ece_flag_number,0.0
6,5,MIRAI,cwr_flag_number,0.0
6,5,MIRAI,ack_count,0.0014282822143286467
6,5,MIRAI,syn_count,0.00810169572941959
6,5,MIRAI,fin_count,0.0015838411229196936
6,5,MIRAI,rst_count,0.0008260754111688584
6,5,MIRAI,HTTP,0.0
6,5,MIRAI,HTTPS,8.817098942017764e-05
6,5,MIRAI,DNS,4.779078986438812e-08
6,5,MIRAI,Telnet,0.0
6,5,MIRAI,SMTP,0.0
6,5,MIRAI,SSH,0.0
6,5,MIRAI,IRC,0.0
6,5,MIRAI,TCP,0.00011697495538101065
6,5,MIRAI,UDP,0.02832623696886003
6,5,MIRAI,DHCP,0.0
6,5,MIRAI,ARP,4.5203990151065907e-08
6,5,MIRAI,ICMP,5.4898063353903126e-05
6,5,MIRAI,IGMP,0.0
6,5,MIRAI,IPv,2.5739753297671084e-07
6,5,MIRAI,LLC,7.259637389012141e-08
6,5,MIRAI,Tot sum,0.9427412997931242
6,5,MIRAI,Min,0.21008860595757142
6,5,MIRAI,Max,0.03191176131367683
6,5,MIRAI,AVG,1.3756753563880921
6,5,MIRAI,Std,0.026149918721057475
6,5,MIRAI,Tot size,0.4791766941547394
6,5,MIRAI,IAT,0.0008606421368313022
6,5,MIRAI,Number,0.0
6,5,MIRAI,Variance,0.14496903270483016
6,1,RECON,Header_Length,5.5164304285426624e-05
6,1,RECON,Protocol Type,3.938203240068105e-05
6,1,RECON,Time_To_Live,0.010963428487593773
6,1,RECON,Rate,9.995909904318978e-05
6,1,RECON,fin_flag_number,1.4527058044677688e-05
6,1,RECON,syn_flag_number,0.02638878320576623
6,1,RECON,rst_flag_number,7.481194228375898e-06
6,1,RECON,psh_flag_number,3.953783484575979e-05
6,1,RECON,ack_flag_number,0.018409507771139033
6,1,RECON,ece_flag_number,0.0
6,1,RECON,cwr_flag_number,0.0
6,1,RECON,ack_count,0.0022216632225990907
6,1,RECON,syn_count,0.0016025844262003374
6,1,RECON,fin_count,0.0015297126890800427
6,1,RECON,rst_count,0.000871972939785337
6,1,RECON,HTTP,1.2982883613721351e-05
6,1,RECON,HTTPS,4.4030942171957575e-05
6,1,RECON,DNS,6.254749575873575e-06
6,1,RECON,Telnet,0.0
6,1,RECON,SMTP,0.0
6,1,RECON,SSH,0.0
6,1,RECON,IRC,0.0
6,1,RECON,TCP,1.0718911224216753e-05
6,1,RECON,UDP,0.0033181176273501477
6,1,RECON,DHCP,0.0
6,1,RECON,ARP,3.950414313891315e-07
6,1,RECON,ICMP,2.2280508335370542e-05
6,1,RECON,IGMP,0.0
6,1,RECON,IPv,1.2747742544449992e-06
6,1,RECON,LLC,6.874608137152904e-06
6,1,RECON,Tot sum,0.2387734677642584
6,1,RECON,Min,0.0010056040446215775
6,1,RECON,Max,0.0013297605415573343
6,1,RECON,AVG,0.04464985392987728
6,1,RECON,Std,0.02004218869333272
6,1,RECON,Tot size,0.0323416234808974
6,1,RECON,IAT,0.04307088543719147
6,1,RECON,Number,0.012818350899033248
6,1,RECON,Variance,0.08433770965784788
6,2,RECON,Header_Length,3.29114749973769e-05
6,2,RECON,Protocol Type,7.505633141420276e-05
6,2,RECON,Time_To_Live,0.0060245119846058515
6,2,RECON,Rate,9.570541364851692e-05
6,2,RECON,fin_flag_number,1.3307250467420318e-05
6,2,RECON,syn_flag_number,0.02732526522304397
6,2,RECON,rst_flag_number,2.7019939356165423e-05
6,2,RECON,psh_flag_number,1.6032099732687934e-05
6,2,RECON,ack_flag_number,0.019638775126077236
6,2,RECON,ece_flag_number,0.0
6,2,RECON,cwr_flag_number,0.0
6,2,RECON,ack_count,0.0010016380991146434
6,2,RECON,syn_count,0.010400726777879754
6,2,RECON,fin_count,0.006491791186272166
6,2,RECON,rst_count,0.003606294241217256
6,2,RECON,HTTP,6.633059308036593e-06
6,2,RECON,HTTPS,6.758969294651251e-05
6,2,RECON,DNS,1.5558934506998412e-06
6,2,RECON,Telnet,0.0
6,2,RECON,SMTP,0.0
6,2,RECON,SSH,0.0
6,2,RECON,IRC,0.0
6,2,RECON,TCP,5.887050625696944e-06
6,2,RECON,UDP,0.002871539991338068
6,2,RECON,DHCP,0.0
6,2,RECON,ARP,5.313887581692711e-06
6,2,RECON,ICMP,7.399180641343151e-06
6,2,RECON,IGMP,0.0
6,2,RECON,IPv,4.639159247643576e-06
6,2,RECON,LLC,1.9431065143038496e-05
6,2,RECON,Tot sum,0.27620388828217984
6,2,RECON,Min,9.21967211155561e-05
6,2,RECON,Max,0.00285462107276544
6,2,RECON,AVG,0.05534291498770472
6,2,RECON,Std,0.016581062553450467
6,2,RECON,Tot size,0.0882245150860399
6,2,RECON,IAT,0.04162945927964756
6,2,RECON,Number,0.015121629224449862
6,2,RECON,Variance,0.19476861786097288
6,3,RECON,Header_Length,0.000336988130266036
6,3,RECON,Protocol Type,0.0001156311082496586
6,3,RECON,Time_To_Live,0.039320823654998095
6,3,RECON,Rate,0.0005614998528471915
6,3,RECON,fin_flag_number,5.7860318679558984e-05
6,3,RECON,syn_flag_number,0.02385535570747379
6,3,RECON,rst_flag_number,7.99769659863614e-05
6,3,RECON,psh_flag_number,5.015591364099237e-05
6,3,RECON,ack_flag_number,0.04134319875156507
6,3,RECON,ece_flag_number,0.0
6,3,RECON,cwr_flag_number,0.0
6,3,RECON,ack_count,0.001950047268474009
6,3,RECON,syn_count,0.009831759318331024
6,3,RECON,fin_count,0.007801111439766828
6,3,RECON,rst_count,0.0030050323730392847
6,3,RECON,HTTP,2.4392198999123593e-05
6,3,RECON,HTTPS,6.469175788623716e-05
6,3,RECON,DNS,1.3280931468639957e-05
6,3,RECON,Telnet,0.0
6,3,RECON,SMTP,0.0
6,3,RECON,SSH,0.0
6,3,RECON,IRC,0.0
6,3,RECON,TCP,1.7575558894122877e-05
6,3,RECON,UDP,0.018005782410921257
6,3,RECON,DHCP,0.0
6,3,RECON,ARP,3.90786107100638e-06
6,3,RECON,ICMP,0.00017917457349767574
6,3,RECON,IGMP,0.0
6,3,RECON,IPv,1.1386285837744482e-06
6,3,RECON,LLC,5.0187281821933995e-06
6,3,RECON,Tot sum,0.8131242846604436
6,3,RECON,Min,0.001386349757128355
6,3,RECON,Max,0.005527599487686529
6,3,RECON,AVG,0.0723258445970714
6,3,RECON,Std,0.04809625981142744
6,3,RECON,Tot size,0.06104274252429605
6,3,RECON,IAT,0.08660028607118875
6,3,RECON,Number,0.046900702035054566
6,3,RECON,Variance,0.4279782081022859
6,4,RECON,Header_Length,0.00012861988761869725
6,4,RECON,Protocol Type,5.663830861522001e-05
6,4,RECON,Time_To_Live,0.027593749174275217
6,4,RECON,Rate,0.00012619483532034793
6,4,RECON,fin_flag_number,4.075279014159605e-06
6,4,RECON,syn_flag_number,0.009996510110795498
6,4,RECON,rst_flag_number,4.2295084654142555e-06
6,4,RECON,psh_flag_number,9.866258551483043e-05
6,4,RECON,ack_flag_number,0.026980491215363146
6,4,RECON,ece_flag_number,0.0
6,4,RECON,cwr_flag_number,0.0
6,4,RECON,ack_count,0.0022644234006293116
6,4,RECON,syn_count,0.010477517996332609
6,4,RECON,fin_count,0.0006281584850512445
6,4,RECON,rst_count,0.0004959440542734228
6,4,RECON,HTTP,7.528753504004726e-06
6,4,RECON,HTTPS,9.386792617078754e-05
6,4,RECON,DNS,1.2155152623538613e-06
6,4,RECON,Telnet,0.0
6,4,RECON,SMTP,0.0
6,4,RECON,SSH,0.0
6,4,RECON,IRC,0.0
6,4,RECON,TCP,3.7874438476137584e-05
6,4,RECON,UDP,0.006419225296122022
6,4,RECON,DHCP,0.0
6,4,RECON,ARP,6.462926562655902e-06
6,4,RECON,ICMP,3.626377319960738e-05
6,4,RECON,IGMP,0.0
6,4,RECON,IPv,4.6672719115792296e-06
6,4,RECON,LLC,1.497262716805281e-05
6,4,RECON,Tot sum,0.4592456974089146
6,4,RECON,Min,0.0004360277757086806
6,4,RECON,Max,0.0027871542610228063
6,4,RECON,AVG,0.1456540035549551
6,4,RECON,Std,0.04463060846319422
6,4,RECON,Tot size,0.1408317252062261
6,4,RECON,IAT,0.08527999874204398
6,4,RECON,Number,0.024513671547174452
6,4,RECON,Variance,0.32463170819683
6,5,RECON,Header_Length,0.00015864410688664065
6,5,RECON,Protocol Type,4.039284468717597e-05
6,5,RECON,Time_To_Live,0.06644726158247068
6,5,RECON,Rate,0.00032203824580392395
6,5,RECON,fin_flag_number,3.158833661132121e-05
6,5,RECON,syn_flag_number,0.03774680493224878
6,5,RECON,rst_flag_number,3.2551794570423455e-05
6,5,RECON,psh_flag_number,8.531242778531123e-05
6,5,RECON,ack_flag_number,0.08604906148393639
6,5,RECON,ece_flag_number,0.0
6,5,RECON,cwr_flag_number,0.0
6,5,RECON,ack_count,0.0036092512390951013
6,5,RECON,syn_count,0.020319027696677948
6,5,RECON,fin_count,0.003440404218235926
6,5,RECON,rst_count,0.0011964344101215829
6,5,RECON,HTTP,2.720152489246175e-05
6,5,RECON,HTTPS,4.8645949686942916e-05
6,5,RECON,DNS,9.823727384550284e-06
6,5,RECON,Telnet,0.0
6,5,RECON,SMTP,0.0
6,5,RECON,SSH,0.0
6,5,RECON,IRC,0.0
6,5,RECON,TCP,6.92872999024985e-05
6,5,RECON,UDP,0.007085850365183432
6,5,RECON,DHCP,0.0
6,5,RECON,ARP,4.5835424884344e-06
6,5,RECON,ICMP,0.0001958250767984282
6,5,RECON,IGMP,0.0
6,5,RECON,IPv,7.081337156267242e-06
6,5,RECON,LLC,7.1110585033951065e-06
6,5,RECON,Tot sum,0.5092428168281913
6,5,RECON,Min,0.0012328426229942125
6,5,RECON,Max,0.0024848812994605397
6,5,RECON,AVG,0.11124366119329351
6,5,RECON,Std,0.020998990995576606
6,5,RECON,Tot size,0.12077168407849967
6,5,RECON,IAT,0.08971879268501652
6,5,RECON,Number,0.02779397535487078
6,5,RECON,Variance,0.4362638186663389
6,1,SPOOFING,Header_Length,7.742594300452766e-06
6,1,SPOOFING,Protocol Type,6.797587267328708e-05
6,1,SPOOFING,Time_To_Live,0.007693264262343291
6,1,SPOOFING,Rate,8.653464165035985e-05
6,1,SPOOFING,fin_flag_number,1.1597380375860666e-05
6,1,SPOOFING,syn_flag_number,0.0007802664273185656
6,1,SPOOFING,rst_flag_number,7.287913697950899e-06
6,1,SPOOFING,psh_flag_number,7.4124707097666945e-06
6,1,SPOOFING,ack_flag_number,0.001004915265366435
6,1,SPOOFING,ece_flag_number,0.0
6,1,SPOOFING,cwr_flag_number,0.0
6,1,SPOOFING,ack_count,0.0010317301646864507
6,1,SPOOFING,syn_count,7.076559195411392e-05
6,1,SPOOFING,fin_count,0.001541492338583339
6,1,SPOOFING,rst_count,0.0013411417312454432
6,1,SPOOFING,HTTP,6.761084948436747e-06
6,1,SPOOFING,HTTPS,1.7079117328222537e-05
6,1,SPOOFING,DNS,0.0
6,1,SPOOFING,Telnet,0.0
6,1,SPOOFING,SMTP,0.0
6,1,SPOOFING,SSH,0.0
6,1,SPOOFING,IRC,0.0
6,1,SPOOFING,TCP,5.8443974836563935e-06
6,1,SPOOFING,UDP,0.001551696894603083
6,1,SPOOFING,DHCP,0.0
6,1,SPOOFING,ARP,1.5019163353002795e-07
6,1,SPOOFING,ICMP,5.910700429012649e-06
6,1,SPOOFING,IGMP,0.0
6,1,SPOOFING,IPv,6.113599012813608e-07
6,1,SPOOFING,LLC,1.6853768658009472e-06
6,1,SPOOFING,Tot sum,0.13527795681729912
6,1,SPOOFING,Min,0.00040162177210731895
6,1,SPOOFING,Max,0.001452753451485478
6,1,SPOOFING,AVG,0.06492007169872523
6,1,SPOOFING,Std,0.014942890859674662
6,1,SPOOFING,Tot size,0.12283425647765397
6,1,SPOOFING,IAT,0.033518956307591455
6,1,SPOOFING,Number,0.005345467747247312
6,1,SPOOFING,Variance,0.09179810844361783
6,2,SPOOFING,Header_Length,5.49173788385815e-05
6,2,SPOOFING,Protocol Type,5.5531500879624216e-05
6,2,SPOOFING,Time_To_Live,0.008359484828542919
6,2,SPOOFING,Rate,0.0005272355783063176
6,2,SPOOFING,fin_flag_number,2.2484900296149134e-05
6,2,SPOOFING,syn_flag_number,0.029416198865510522
6,2,SPOOFING,rst_flag_number,1.3191727435080125e-05
6,2,SPOOFING,psh_flag_number,3.229576454941707e-05
6,2,SPOOFING,ack_flag_number,0.0570714600449719
6,2,SPOOFING,ece_flag_number,0.0
6,2,SPOOFING,cwr_flag_number,0.0
6,2,SPOOFING,ack_count,0.0038747881635117663
6,2,SPOOFING,syn_count,0.0037578370713163166
6,2,SPOOFING,fin_count,0.0015701797587098555
6,2,SPOOFING,rst_count,0.002138390096661169
6,2,SPOOFING,HTTP,3.5565614140864456e-06
6,2,SPOOFING,HTTPS,0.00014940585200520217
6,2,SPOOFING,DNS,4.9093785492004825e-06
6,2,SPOOFING,Telnet,0.0
6,2,SPOOFING,SMTP,0.0
6,2,SPOOFING,SSH,0.0
6,2,SPOOFING,IRC,0.0
6,2,SPOOFING,TCP,2.2210968185731873e-05
6,2,SPOOFING,UDP,0.005982324905198766
6,2,SPOOFING,DHCP,0.0
6,2,SPOOFING,ARP,1.2404680306277172e-06
6,2,SPOOFING,ICMP,5.013795733077586e-05
6,2,SPOOFING,IGMP,0.0
6,2,SPOOFING,IPv,1.29758062313301e-06
6,2,SPOOFING,LLC,6.146106149174102e-06
6,2,SPOOFING,Tot sum,0.25804063882678746
6,2,SPOOFING,Min,0.02389946778130252
6,2,SPOOFING,Max,0.007475424115909846
6,2,SPOOFING,AVG,0.3186342403292656
6,2,SPOOFING,Std,0.04164430571254343
6,2,SPOOFING,Tot size,0.28864583037793634
6,2,SPOOFING,IAT,0.023941565122368048
6,2,SPOOFING,Number,0.021799307921901344
6,2,SPOOFING,Variance,0.23169528453145177
6,3,SPOOFING,Header_Length,2.8517954526741107e-05
6,3,SPOOFING,Protocol Type,2.339613911459537e-05
6,3,SPOOFING,Time_To_Live,0.002691673480444479
6,3,SPOOFING,Rate,0.00031882611023945626
6,3,SPOOFING,fin_flag_number,3.959674842590743e-06
6,3,SPOOFING,syn_flag_number,0.0015402739249566367
6,3,SPOOFING,rst_flag_number,6.8640355477711525e-06
6,3,SPOOFING,psh_flag_number,3.7218690783991094e-06
6,3,SPOOFING,ack_flag_number,0.004800759487250161
6,3,SPOOFING,ece_flag_number,0.0
6,3,SPOOFING,cwr_flag_number,0.0
6,3,SPOOFING,ack_count,0.0004904807530408562
6,3,SPOOFING,syn_count,6.533478772325907e-05
6,3,SPOOFING,fin_count,0.0010709250818990768
6,3,SPOOFING,rst_count,0.0006252560594020906
6,3,SPOOFING,HTTP,6.5480567561948534e-06
6,3,SPOOFING,HTTPS,8.308662201184091e-06
6,3,SPOOFING,DNS,5.985859090271161e-08
6,3,SPOOFING,Telnet,0.0
6,3,SPOOFING,SMTP,0.0
6,3,SPOOFING,SSH,0.0
6,3,SPOOFING,IRC,0.0
6,3,SPOOFING,TCP,1.5961771510131228e-05
6,3,SPOOFING,UDP,0.0016420203048767234
6,3,SPOOFING,DHCP,0.0
6,3,SPOOFING,ARP,4.401687941098242e-06
6,3,SPOOFING,ICMP,2.7321317234529906e-05
6,3,SPOOFING,IGMP,0.0
6,3,SPOOFING,IPv,9.280983404906517e-07
6,3,SPOOFING,LLC,1.883361797733185e-05
6,3,SPOOFING,Tot sum,0.03545864845509641
6,3,SPOOFING,Min,0.0013939024629763708
6,3,SPOOFING,Max,0.000161404362279427
6,3,SPOOFING,AVG,0.014749591183499434
6,3,SPOOFING,Std,0.0012662307148275432
6,3,SPOOFING,Tot size,0.021509982785210012
6,3,SPOOFING,IAT,0.008025733627991371
6,3,SPOOFING,Number,0.005902400116974604
6,3,SPOOFING,Variance,0.017575382543145678
6,4,SPOOFING,Header_Length,6.467772371365754e-05
6,4,SPOOFING,Protocol Type,4.631536737633724e-05
6,4,SPOOFING,Time_To_Live,0.013275739824530319
6,4,SPOOFING,Rate,0.002021735971675298
6,4,SPOOFING,fin_flag_number,2.2185518417927597e-06
6,4,SPOOFING,syn_flag_number,0.011264211594243534
6,4,SPOOFING,rst_flag_number,4.3893478641976454e-06
6,4,SPOOFING,psh_flag_number,3.065474320650408e-05
6,4,SPOOFING,ack_flag_number,0.03822892858261184
6,4,SPOOFING,ece_flag_number,0.0
6,4,SPOOFING,cwr_flag_number,0.0
6,4,SPOOFING,ack_count,0.0026818244252353905
6,4,SPOOFING,syn_count,0.0013809939235216006
6,4,SPOOFING,fin_count,0.0006057258433429524
6,4,SPOOFING,rst_count,0.00045639813088200755
6,4,SPOOFING,HTTP,5.743294580184966e-06
6,4,SPOOFING,HTTPS,0.00010756752072893505
6,4,SPOOFING,DNS,6.330019460543123e-08
6,4,SPOOFING,Telnet,0.0
6,4,SPOOFING,SMTP,0.0
6,4,SPOOFING,SSH,0.0
6,4,SPOOFING,IRC,0.0
6,4,SPOOFING,TCP,3.575466294289953e-05
6,4,SPOOFING,UDP,0.002908732640935341
6,4,SPOOFING,DHCP,0.0
6,4,SPOOFING,ARP,2.7977382052180033e-06
6,4,SPOOFING,ICMP,0.00010039510236765636
6,4,SPOOFING,IGMP,0.0
6,4,SPOOFING,IPv,1.4038726000649426e-06
6,4,SPOOFING,LLC,6.012344512296153e-06
6,4,SPOOFING,Tot sum,0.21702242586761714
6,4,SPOOFING,Min,0.008001891389722005
6,4,SPOOFING,Max,0.0020829964145377745
6,4,SPOOFING,AVG,0.1679200019687414
6,4,SPOOFING,Std,0.013150729544577189
6,4,SPOOFING,Tot size,0.19671828523278237
6,4,SPOOFING,IAT,0.011534102252335287
6,4,SPOOFING,Number,0.01659553703502752
6,4,SPOOFING,Variance,0.10047771948593436
6,5,SPOOFING,Header_Length,0.0001503726860732968
6,5,SPOOFING,Protocol Type,5.3704101674156846e-05
6,5,SPOOFING,Time_To_Live,0.01638593263196526
6,5,SPOOFING,Rate,0.00022941922416066518
6,5,SPOOFING,fin_flag_number,9.666103090921752e-06
6,5,SPOOFING,syn_flag_number,0.008236578298965468
6,5,SPOOFING,rst_flag_number,2.973117012317061e-06
6,5,SPOOFING,psh_flag_number,8.569526323753962e-06
6,5,SPOOFING,ack_flag_number,0.005315135249111336
6,5,SPOOFING,ece_flag_number,0.0
6,5,SPOOFING,cwr_flag_number,0.0
6,5,SPOOFING,ack_count,0.0012864259253547062
6,5,SPOOFING,syn_count,0.0010106197674758731
6,5,SPOOFING,fin_count,0.0011038321274099872
6,5,SPOOFING,rst_count,0.00038245398172875866
6,5,SPOOFING,HTTP,0.0
6,5,SPOOFING,HTTPS,5.1088972668367205e-05
6,5,SPOOFING,DNS,1.5005388422473232e-06
6,5,SPOOFING,Telnet,0.0
6,5,SPOOFING,SMTP,0.0
6,5,SPOOFING,SSH,0.0
6,5,SPOOFING,IRC,0.0
6,5,SPOOFING,TCP,8.67081014263249e-05
6,5,SPOOFING,UDP,0.00371688304876443
6,5,SPOOFING,DHCP,4.902364025838324e-08
6,5,SPOOFING,ARP,5.069170930127597e-07
6,5,SPOOFING,ICMP,9.906357296927127e-05
6,5,SPOOFING,IGMP,0.0
6,5,SPOOFING,IPv,6.57315466323638e-07
6,5,SPOOFING,LLC,1.6482437230624924e-06
6,5,SPOOFING,Tot sum,0.2555875051766634
6,5,SPOOFING,Min,0.03866709769499721
6,5,SPOOFING,Max,0.001632832950417651
6,5,SPOOFING,AVG,0.13377649784088136
6,5,SPOOFING,Std,0.008817642193753273
6,5,SPOOFING,Tot size,0.22902522683143617
6,5,SPOOFING,IAT,0.003870607493445277
6,5,SPOOFING,Number,0.01750558437925065
6,5,SPOOFING,Variance,0.23740201350301504
6,1,WEB,Header_Length,8.195547945888393e-05
6,1,WEB,Protocol Type,2.5436192453298644e-05
6,1,WEB,Time_To_Live,0.005406918910694003
6,1,WEB,Rate,2.9523843892320656e-05
6,1,WEB,fin_flag_number,1.6060026155173546e-05
6,1,WEB,syn_flag_number,0.0005419049191914382
6,1,WEB,rst_flag_number,8.893790632669151e-06
6,1,WEB,psh_flag_number,7.503380705742302e-06
6,1,WEB,ack_flag_number,0.0012648016842206288
6,1,WEB,ece_flag_number,0.0
6,1,WEB,cwr_flag_number,0.0
6,1,WEB,ack_count,0.00020827583175559995
6,1,WEB,syn_count,0.00013125510499776283
6,1,WEB,fin_count,0.00019317106959988451
6,1,WEB,rst_count,0.00032213571246302307
6,1,WEB,HTTP,2.3116844881876376e-06
6,1,WEB,HTTPS,1.5855293189703802e-06
6,1,WEB,DNS,2.6775727875710807e-06
6,1,WEB,Telnet,0.0
6,1,WEB,SMTP,0.0
6,1,WEB,SSH,6.255949915612291e-06
6,1,WEB,IRC,0.0
6,1,WEB,TCP,9.200789847341184e-06
6,1,WEB,UDP,0.0012045192373989267
6,1,WEB,DHCP,0.0
6,1,WEB,ARP,7.686995930722417e-06
6,1,WEB,ICMP,8.45229278638726e-06
6,1,WEB,IGMP,0.0
6,1,WEB,IPv,6.1728336766764255e-06
6,1,WEB,LLC,2.634705067983134e-06
6,1,WEB,Tot sum,0.1268589953891933
6,1,WEB,Min,0.0015222462036945216
6,1,WEB,Max,0.0013803875772282481
6,1,WEB,AVG,0.0158182569546625
6,1,WEB,Std,0.012177212006645278
6,1,WEB,Tot size,0.024501176143530756
6,1,WEB,IAT,0.10049475389823784
6,1,WEB,Number,0.0032370472501497714
6,1,WEB,Variance,0.04746894154959591
6,2,WEB,Header_Length,1.2591275974482841e-05
6,2,WEB,Protocol Type,7.1057531229712366e-06
6,2,WEB,Time_To_Live,0.004462507240899072
6,2,WEB,Rate,2.9566206717301925e-05
6,2,WEB,fin_flag_number,1.1854350489903798e-05
6,2,WEB,syn_flag_number,0.0013114030995872382
6,2,WEB,rst_flag_number,6.0836210139914025e-06
6,2,WEB,psh_flag_number,1.4451516954006038e-06
6,2,WEB,ack_flag_number,0.0007252635197971813
6,2,WEB,ece_flag_number,0.0
6,2,WEB,cwr_flag_number,0.0
6,2,WEB,ack_count,0.00019771219788458083
6,2,WEB,syn_count,0.0006264836512968941
6,2,WEB,fin_count,0.00039822250957399774
6,2,WEB,rst_count,0.00021531039121072126
6,2,WEB,HTTP,5.526279943821738e-06
6,2,WEB,HTTPS,2.4658674644184585e-06
6,2,WEB,DNS,3.1528303168215643e-07
6,2,WEB,Telnet,0.0
6,2,WEB,SMTP,0.0
6,2,WEB,SSH,7.137094399922717e-07
6,2,WEB,IRC,0.0
6,2,WEB,TCP,9.23055291244257e-06
6,2,WEB,UDP,0.0003943429134693588
6,2,WEB,DHCP,0.0
6,2,WEB,ARP,2.1720069442596667e-06
6,2,WEB,ICMP,2.41901290623181e-05
6,2,WEB,IGMP,0.0
6,2,WEB,IPv,1.499425514824189e-06
6,2,WEB,LLC,2.710020638991553e-07
6,2,WEB,Tot sum,0.11671758270385908
6,2,WEB,Min,0.03220037889500904
6,2,WEB,Max,0.0041221098303253715
6,2,WEB,AVG,0.07854829452408012
6,2,WEB,Std,0.0022341938768022374
6,2,WEB,Tot size,0.036515298605081625
6,2,WEB,IAT,0.03744924092416966
6,2,WEB,Number,0.0015789215005725054
6,2,WEB,Variance,0.043148085051507225
6,3,WEB,Header_Length,0.000161244551100026
6,3,WEB,Protocol Type,1.4624649522687606e-05
6,3,WEB,Time_To_Live,0.008904457537573763
6,3,WEB,Rate,0.00011668514430311916
6,3,WEB,fin_flag_number,2.8854450556536902e-05
6,3,WEB,syn_flag_number,0.002106029896481232
6,3,WEB,rst_flag_number,2.9344695005306675e-05
6,3,WEB,psh_flag_number,1.0376118844745985e-05
6,3,WEB,ack_flag_number,0.00343374271965331
6,3,WEB,ece_flag_number,0.0
6,3,WEB,cwr_flag_number,0.0
6,3,WEB,ack_count,0.0005652089859268017
6,3,WEB,syn_count,0.000794552570732776
6,3,WEB,fin_count,0.0012642400251934305
6,3,WEB,rst_count,0.001604576082627318
6,3,WEB,HTTP,1.237402623743833e-05
6,3,WEB,HTTPS,2.471864271376134e-05
6,3,WEB,DNS,1.766114063217472e-05
6,3,WEB,Telnet,0.0
6,3,WEB,SMTP,0.0
6,3,WEB,SSH,0.0
6,3,WEB,IRC,0.0
6,3,WEB,TCP,2.493807799623937e-05
6,3,WEB,UDP,0.003605561362564913
6,3,WEB,DHCP,0.0
6,3,WEB,ARP,7.209243415928767e-06
6,3,WEB,ICMP,1.156890368747554e-05
6,3,WEB,IGMP,0.0
6,3,WEB,IPv,7.1826182495016155e-06
6,3,WEB,LLC,1.1682010018720935e-06
6,3,WEB,Tot sum,0.14093997641466557
6,3,WEB,Min,0.0006406998233160266
6,3,WEB,Max,0.0015805149276275187
6,3,WEB,AVG,0.03742178976535797
6,3,WEB,Std,0.016758366581052543
6,3,WEB,Tot size,0.06963585559278726
6,3,WEB,IAT,0.09866148291621357
6,3,WEB,Number,0.01111276250157971
6,3,WEB,Variance,0.09019838888198137
6,4,WEB,Header_Length,8.551159626222216e-05
6,4,WEB,Protocol Type,6.723915803377167e-05
6,4,WEB,Time_To_Live,0.011227284748974853
6,4,WEB,Rate,4.0172328044718594e-05
6,4,WEB,fin_flag_number,6.040672059270946e-06
6,4,WEB,syn_flag_number,0.0017724634155456443
6,4,WEB,rst_flag_number,3.7211297780004316e-06
6,4,WEB,psh_flag_number,1.1292052556655108e-05
6,4,WEB,ack_flag_number,0.0014123222583521055
6,4,WEB,ece_flag_number,0.0
6,4,WEB,cwr_flag_number,0.0
6,4,WEB,ack_count,0.00033780299781938083
6,4,WEB,syn_count,0.0007835917989723384
6,4,WEB,fin_count,0.0001541360456030816
6,4,WEB,rst_count,0.00012756798601003537
6,4,WEB,HTTP,2.1796702860399364e-06
6,4,WEB,HTTPS,4.839580151383416e-06
6,4,WEB,DNS,8.230296791905679e-06
6,4,WEB,Telnet,0.0
6,4,WEB,SMTP,0.0
6,4,WEB,SSH,0.0
6,4,WEB,IRC,0.0
6,4,WEB,TCP,2.2836097559775226e-05
6,4,WEB,UDP,0.0039432855148334054
6,4,WEB,DHCP,0.0
6,4,WEB,ARP,8.22638831270428e-06
6,4,WEB,ICMP,1.963131334719037e-05
6,4,WEB,IGMP,0.0
6,4,WEB,IPv,1.5644395100045117e-06
6,4,WEB,LLC,1.7507936797445111e-06
6,4,WEB,Tot sum,0.2108037531375885
6,4,WEB,Min,0.02174866732530063
6,4,WEB,Max,0.005556578915275168
6,4,WEB,AVG,0.11737677683122456
6,4,WEB,Std,0.01884883488091873
6,4,WEB,Tot size,0.09109546160325407
6,4,WEB,IAT,0.14440201157995033
6,4,WEB,Number,0.009035513718845322
6,4,WEB,Variance,0.08578439136281305
6,5,WEB,Header_Length,3.992003081245699e-05
6,5,WEB,Protocol Type,4.917514976388038e-06
6,5,WEB,Time_To_Live,0.004814198406950254
6,5,WEB,Rate,3.111249833018803e-05
6,5,WEB,fin_flag_number,6.2060952636222575e-06
6,5,WEB,syn_flag_number,0.0006999219425409819
6,5,WEB,rst_flag_number,2.312365715909093e-06
6,5,WEB,psh_flag_number,2.3357502388687833e-06
6,5,WEB,ack_flag_number,0.0004423302154506814
6,5,WEB,ece_flag_number,0.0
6,5,WEB,cwr_flag_number,0.0
6,5,WEB,ack_count,6.579591510913474e-05
6,5,WEB,syn_count,0.00029518999187985175
6,5,WEB,fin_count,0.00017913048495810102
6,5,WEB,rst_count,0.00016168494521604516
6,5,WEB,HTTP,5.802832674817182e-07
6,5,WEB,HTTPS,2.581583508010077e-06
6,5,WEB,DNS,4.0594363009089175e-07
6,5,WEB,Telnet,0.0
6,5,WEB,SMTP,0.0
6,5,WEB,SSH,7.614695576307895e-08
6,5,WEB,IRC,0.0
6,5,WEB,TCP,2.2912920620621335e-06
6,5,WEB,UDP,0.0010292950098886422
6,5,WEB,DHCP,0.0
6,5,WEB,ARP,4.067145422417817e-06
6,5,WEB,ICMP,3.1974588934113867e-06
6,5,WEB,IGMP,0.0
6,5,WEB,IPv,2.7614633302974758e-06
6,5,WEB,LLC,8.803766706783067e-07
6,5,WEB,Tot sum,0.05540038359176833
6,5,WEB,Min,0.003979399346120261
6,5,WEB,Max,0.0010636441844326327
6,5,WEB,AVG,0.011707334210223052
6,5,WEB,Std,0.006395512147537375
6,5,WEB,Tot size,0.012815354982740246
6,5,WEB,IAT,0.04660899559835343
6,5,WEB,Number,0.001716244705767167
6,5,WEB,Variance,0.023874471661110876
7,1,BENIGN,Header_Length,0.00012166917704234948
7,1,BENIGN,Protocol Type,2.1253236980101065e-05
7,1,BENIGN,Time_To_Live,0.06721639310999308
7,1,BENIGN,Rate,0.00019849257366786333
7,1,BENIGN,fin_flag_number,2.967601327554803e-05
7,1,BENIGN,syn_flag_number,0.002059729145548772
7,1,BENIGN,rst_flag_number,3.9235844506713136e-06
7,1,BENIGN,psh_flag_number,1.1916384428189986e-05
7,1,BENIGN,ack_flag_number,0.009909606714791153
7,1,BENIGN,ece_flag_number,0.0
7,1,BENIGN,cwr_flag_number,0.0
7,1,BENIGN,ack_count,0.0024491649314768438
7,1,BENIGN,syn_count,0.00037464990705302623
7,1,BENIGN,fin_count,0.0016281679760140832
7,1,BENIGN,rst_count,0.0013308174724443234
7,1,BENIGN,HTTP,1.4416436883379902e-05
7,1,BENIGN,HTTPS,1.3138070079143916e-05
7,1,BENIGN,DNS,1.6880467228475028e-07
7,1,BENIGN,Telnet,0.0
7,1,BENIGN,SMTP,0.0
7,1,BENIGN,SSH,0.0
7,1,BENIGN,IRC,0.0
7,1,BENIGN,TCP,2.95962858807286e-06
7,1,BENIGN,UDP,0.001642830222044722
7,1,BENIGN,DHCP,0.0
7,1,BENIGN,ARP,1.1490597210395137e-07
7,1,BENIGN,ICMP,2.992406969184458e-05
7,1,BENIGN,IGMP,0.0
7,1,BENIGN,IPv,2.2954287164367316e-07
7,1,BENIGN,LLC,1.9470701585699857e-06
7,1,BENIGN,Tot sum,0.16589752864092588
7,1,BENIGN,Min,0.00477464435971342
7,1,BENIGN,Max,0.004978910309728235
7,1,BENIGN,AVG,0.016132915852358563
7,1,BENIGN,Std,0.05316975712776184
7,1,BENIGN,Tot size,0.057696449058130386
7,1,BENIGN,IAT,0.026278806282789446
7,1,BENIGN,Number,0.0166304441561806
7,1,BENIGN,Variance,0.22803421099670232
7,2,BENIGN,Header_Length,7.733033103818344e-06
7,2,BENIGN,Protocol Type,1.8629977647677265e-06
7,2,BENIGN,Time_To_Live,0.0017849741013321817
7,2,BENIGN,Rate,2.305395560568968e-05
7,2,BENIGN,fin_flag_number,5.118220205702073e-06
7,2,BENIGN,syn_flag_number,0.0005852268346643541
7,2,BENIGN,rst_flag_number,5.771611043758895e-07
7,2,BENIGN,psh_flag_number,2.6233688842580706e-06
7,2,BENIGN,ack_flag_number,0.0005480692203946091
7,2,BENIGN,ece_flag_number,0.0
7,2,BENIGN,cwr_flag_number,0.0
7,2,BENIGN,ack_count,2.4864021293069526e-05
7,2,BENIGN,syn_count,0.00016663206752127736
7,2,BENIGN,fin_count,0.00016961858500508242
7,2,BENIGN,rst_count,0.00017192264905929733
7,2,BENIGN,HTTP,2.488136198408597e-07
7,2,BENIGN,HTTPS,5.758347599638114e-07
7,2,BENIGN,DNS,5.72594009184968e-07
7,2,BENIGN,Telnet,0.0
7,2,BENIGN,SMTP,0.0
7,2,BENIGN,SSH,8.899847081522693e-10
7,2,BENIGN,IRC,0.0
7,2,BENIGN,TCP,6.489803501597003e-07
7,2,BENIGN,UDP,0.0003033670570857794
7,2,BENIGN,DHCP,0.0
7,2,BENIGN,ARP,7.339082958544852e-10
7,2,BENIGN,ICMP,6.220393432121441e-07
7,2,BENIGN,IGMP,0.0
7,2,BENIGN,IPv,3.00068674964106e-10
7,2,BENIGN,LLC,2.9779638648259886e-09
7,2,BENIGN,Tot sum,0.0245975392695982
7,2,BENIGN,Min,0.00011210742307037336
7,2,BENIGN,Max,0.0005149711229023524
7,2,BENIGN,AVG,0.0020942311022736247
7,2,BENIGN,Std,0.0042828404228203
7,2,BENIGN,Tot size,0.0033032029401510953
7,2,BENIGN,IAT,0.0031591591400228934
7,2,BENIGN,Number,0.0010147659762878903
7,2,BENIGN,Variance,0.011799310293281452
7,3,BENIGN,Header_Length,0.00014665353667169255
7,3,BENIGN,Protocol Type,2.9451703845495557e-06
7,3,BENIGN,Time_To_Live,0.018432186228710633
7,3,BENIGN,Rate,0.00029426934286220786
7,3,BENIGN,fin_flag_number,6.665889532371238e-05
7,3,BENIGN,syn_flag_number,0.007352877935045399
7,3,BENIGN,rst_flag_number,1.0508328285041558e-05
7,3,BENIGN,psh_flag_number,4.2066359015535684e-05
7,3,BENIGN,ack_flag_number,0.014167123146762606
7,3,BENIGN,ece_flag_number,0.0
7,3,BENIGN,cwr_flag_number,0.0
7,3,BENIGN,ack_count,0.0006024447720847093
7,3,BENIGN,syn_count,0.0014924008664934263
7,3,BENIGN,fin_count,0.002873779028095669
7,3,BENIGN,rst_count,0.0026835198393200697
7,3,BENIGN,HTTP,5.7802178091037605e-06
7,3,BENIGN,HTTPS,2.0665167755851144e-05
7,3,BENIGN,DNS,2.2902298973670465e-06
7,3,BENIGN,Telnet,0.0
7,3,BENIGN,SMTP,0.0
7,3,BENIGN,SSH,0.0
7,3,BENIGN,IRC,0.0
7,3,BENIGN,TCP,6.772901265605924e-06
7,3,BENIGN,UDP,0.002229116949092713
7,3,BENIGN,DHCP,0.0
7,3,BENIGN,ARP,1.040679132533473e-05
7,3,BENIGN,ICMP,4.378313007293855e-05
7,3,BENIGN,IGMP,0.0
7,3,BENIGN,IPv,2.7300784695816203e-06
7,3,BENIGN,LLC,1.8972006816575516e-05
7,3,BENIGN,Tot sum,0.25169284041039647
7,3,BENIGN,Min,0.0014786038983566035
7,3,BENIGN,Max,0.011219004972372205
7,3,BENIGN,AVG,0.09376503061503172
7,3,BENIGN,Std,0.12620296105742454
7,3,BENIGN,Tot size,0.02826641658321023
7,3,BENIGN,IAT,0.13146507694982573
7,3,BENIGN,Number,0.014661014394368977
7,3,BENIGN,Variance,0.3168379029259086
7,4,BENIGN,Header_Length,0.00022228428174457803
7,4,BENIGN,Protocol Type,1.7823235907599155e-05
7,4,BENIGN,Time_To_Live,0.12167573159208586
7,4,BENIGN,Rate,0.0001870555375717231
7,4,BENIGN,fin_flag_number,7.620816917608409e-06
7,4,BENIGN,syn_flag_number,0.003919783707306124
7,4,BENIGN,rst_flag_number,1.9464799926316445e-06
7,4,BENIGN,psh_flag_number,1.482936709180649e-05
7,4,BENIGN,ack_flag_number,0.013339404750149697
7,4,BENIGN,ece_flag_number,0.0
7,4,BENIGN,cwr_flag_number,0.0
7,4,BENIGN,ack_count,0.001427161823357892
7,4,BENIGN,syn_count,0.00105718194754445
7,4,BENIGN,fin_count,0.0003279486640167306
7,4,BENIGN,rst_count,0.0004259204735717503
7,4,BENIGN,HTTP,2.769207341923874e-05
7,4,BENIGN,HTTPS,2.418282787104431e-05
7,4,BENIGN,DNS,1.3744719753461255e-07
7,4,BENIGN,Telnet,0.0
7,4,BENIGN,SMTP,0.0
7,4,BENIGN,SSH,0.0
7,4,BENIGN,IRC,0.0
7,4,BENIGN,TCP,1.2529009822515036e-05
7,4,BENIGN,UDP,0.0013575513927207793
7,4,BENIGN,DHCP,0.0
7,4,BENIGN,ARP,2.249222024474501e-06
7,4,BENIGN,ICMP,3.9222576299380306e-05
7,4,BENIGN,IGMP,0.0
7,4,BENIGN,IPv,1.260809669234586e-06
7,4,BENIGN,LLC,5.312478277241794e-06
7,4,BENIGN,Tot sum,0.16798906872281805
7,4,BENIGN,Min,0.018060388504818548
7,4,BENIGN,Max,0.00872718375758268
7,4,BENIGN,AVG,0.04436565157957375
7,4,BENIGN,Std,0.08276634462745278
7,4,BENIGN,Tot size,0.13517577853053808
7,4,BENIGN,IAT,0.08076782254211139
7,4,BENIGN,Number,0.023863923634053208
7,4,BENIGN,Variance,0.4513546831694839
7,5,BENIGN,Header_Length,0.00011852733559862827
7,5,BENIGN,Protocol Type,2.754775608337923e-06
7,5,BENIGN,Time_To_Live,0.020756264487863517
7,5,BENIGN,Rate,0.00014529572674746306
7,5,BENIGN,fin_flag_number,9.86786282766161e-06
7,5,BENIGN,syn_flag_number,0.0045660607778700065
7,5,BENIGN,rst_flag_number,1.4362696866498937e-06
7,5,BENIGN,psh_flag_number,2.3647772317758607e-05
7,5,BENIGN,ack_flag_number,0.009877875624806621
7,5,BENIGN,ece_flag_number,0.0
7,5,BENIGN,cwr_flag_number,0.0
7,5,BENIGN,ack_count,0.00032223051093751567
7,5,BENIGN,syn_count,0.001922436731911148
7,5,BENIGN,fin_count,0.0006113742981142423
7,5,BENIGN,rst_count,0.0004992162326061589
7,5,BENIGN,HTTP,5.322161428011896e-07
7,5,BENIGN,HTTPS,6.824252307069401e-06
7,5,BENIGN,DNS,2.139931091060809e-06
7,5,BENIGN,Telnet,0.0
7,5,BENIGN,SMTP,0.0
7,5,BENIGN,SSH,0.0
7,5,BENIGN,IRC,0.0
7,5,BENIGN,TCP,4.423823513377556e-06
7,5,BENIGN,UDP,0.0011162710357893956
7,5,BENIGN,DHCP,0.0
7,5,BENIGN,ARP,4.3346739521110677e-07
7,5,BENIGN,ICMP,1.910775481803739e-05
7,5,BENIGN,IGMP,0.0
7,5,BENIGN,IPv,1.3412276911761722e-06
7,5,BENIGN,LLC,1.5576805898753766e-07
7,5,BENIGN,Tot sum,0.09063850350212306
7,5,BENIGN,Min,0.013371100170479622
7,5,BENIGN,Max,0.006516502785962075
7,5,BENIGN,AVG,0.037808257981578205
7,5,BENIGN,Std,0.08344304878264666
7,5,BENIGN,Tot size,0.14216995323076845
7,5,BENIGN,IAT,0.040498929668683556
7,5,BENIGN,Number,0.00889975209138356
7,5,BENIGN,Variance,0.42315296828746796
7,1,DDOS,Header_Length,0.007740053907036781
7,1,DDOS,Protocol Type,0.0005989412617054768
7,1,DDOS,Time_To_Live,0.000691067800107703
7,1,DDOS,Rate,0.0025305529197794385
7,1,DDOS,fin_flag_number,0.0001926723707583733
7,1,DDOS,syn_flag_number,0.006871097932889825
7,1,DDOS,rst_flag_number,4.359045467481337e-05
7,1,DDOS,psh_flag_number,0.0003375161253643455
7,1,DDOS,ack_flag_number,0.010875872302131028
7,1,DDOS,ece_flag_number,0.0
7,1,DDOS,cwr_flag_number,0.0
7,1,DDOS,ack_count,0.019260175223462284
7,1,DDOS,syn_count,0.02179778279387392
7,1,DDOS,fin_count,0.03447845261543989
7,1,DDOS,rst_count,0.02451327946037054
7,1,DDOS,HTTP,0.00022167358547449113
7,1,DDOS,HTTPS,1.7410211626156524e-05
7,1,DDOS,DNS,0.0
7,1,DDOS,Telnet,0.0
7,1,DDOS,SMTP,0.0
7,1,DDOS,SSH,0.0
7,1,DDOS,IRC,0.0
7,1,DDOS,TCP,0.003767249727388844
7,1,DDOS,UDP,0.018578155152499675
7,1,DDOS,DHCP,0.0
7,1,DDOS,ARP,9.583894541265182e-06
7,1,DDOS,ICMP,0.0013095825470372802
7,1,DDOS,IGMP,0.0
7,1,DDOS,IPv,2.300313197167725e-06
7,1,DDOS,LLC,8.04092128987577e-06
7,1,DDOS,Tot sum,0.11997153023257852
7,1,DDOS,Min,0.006827450590208173
7,1,DDOS,Max,0.00263047338812612
7,1,DDOS,AVG,0.09829539060592651
7,1,DDOS,Std,0.006480889493832365
7,1,DDOS,Tot size,0.09343778565526009
7,1,DDOS,IAT,0.0029487704690836837
7,1,DDOS,Number,1.0710938295233063e-05
7,1,DDOS,Variance,0.017567821405828
7,2,DDOS,Header_Length,0.015611622662254377
7,2,DDOS,Protocol Type,0.0020954739076842087
7,2,DDOS,Time_To_Live,0.0014544011321049766
7,2,DDOS,Rate,0.00198242369115178
7,2,DDOS,fin_flag_number,0.00037902231401858443
7,2,DDOS,syn_flag_number,0.031803464979748244
7,2,DDOS,rst_flag_number,0.00011652273455595719
7,2,DDOS,psh_flag_number,7.33078695475342e-05
7,2,DDOS,ack_flag_number,0.0037557025272690224
7,2,DDOS,ece_flag_number,0.0
7,2,DDOS,cwr_flag_number,0.0
7,2,DDOS,ack_count,0.006311377161182463
7,2,DDOS,syn_count,0.03533097801264375
7,2,DDOS,fin_count,0.09654048039810732
7,2,DDOS,rst_count,0.030250146308753757
7,2,DDOS,HTTP,4.321054888407616e-05
7,2,DDOS,HTTPS,5.218617599780373e-05
7,2,DDOS,DNS,6.245113036129624e-06
7,2,DDOS,Telnet,0.0
7,2,DDOS,SMTP,0.0
7,2,DDOS,SSH,0.0
7,2,DDOS,IRC,0.0
7,2,DDOS,TCP,0.007832823570788605
7,2,DDOS,UDP,0.03016046116608777
7,2,DDOS,DHCP,0.0
7,2,DDOS,ARP,2.27784315285362e-06
7,2,DDOS,ICMP,0.003879044735788284
7,2,DDOS,IGMP,0.0
7,2,DDOS,IPv,1.1053613458322786e-06
7,2,DDOS,LLC,4.333593875571751e-06
7,2,DDOS,Tot sum,0.04785154245328158
7,2,DDOS,Min,2.3628601525160774e-06
7,2,DDOS,Max,0.0028447826829506085
7,2,DDOS,AVG,0.02408623876981437
7,2,DDOS,Std,0.007384697088855319
7,2,DDOS,Tot size,0.021060194214805962
7,2,DDOS,IAT,0.0020511760332738048
7,2,DDOS,Number,3.698384975905356e-05
7,2,DDOS,Variance,0.025840591615997256
7,3,DDOS,Header_Length,0.007072418881580234
7,3,DDOS,Protocol Type,0.0006917206269690723
7,3,DDOS,Time_To_Live,0.0011790904693043558
7,3,DDOS,Rate,0.0010081187574542128
7,3,DDOS,fin_flag_number,0.00023012227102299222
7,3,DDOS,syn_flag_number,0.030337404832243918
7,3,DDOS,rst_flag_number,7.828364568922553e-05
7,3,DDOS,psh_flag_number,0.00034934551531478063
7,3,DDOS,ack_flag_number,0.007252865436021239
7,3,DDOS,ece_flag_number,0.0
7,3,DDOS,cwr_flag_number,0.0
7,3,DDOS,ack_count,0.009394266724120826
7,3,DDOS,syn_count,0.03026463558198884
7,3,DDOS,fin_count,0.05442187674343586
7,3,DDOS,rst_count,0.029449083865620194
7,3,DDOS,HTTP,8.565819880459457e-05
7,3,DDOS,HTTPS,7.379464259216207e-07
7,3,DDOS,DNS,9.630350120914955e-07
7,3,DDOS,Telnet,0.0
7,3,DDOS,SMTP,0.0
7,3,DDOS,SSH,0.0
7,3,DDOS,IRC,0.0
7,3,DDOS,TCP,0.003197163628647104
7,3,DDOS,UDP,0.02200347655452788
7,3,DDOS,DHCP,0.0
7,3,DDOS,ARP,5.231527819660187e-06
7,3,DDOS,ICMP,0.0016161286139322328
7,3,DDOS,IGMP,0.0
7,3,DDOS,IPv,3.1927575339096848e-06
7,3,DDOS,LLC,3.609843361118692e-06
7,3,DDOS,Tot sum,0.08043467812240124
7,3,DDOS,Min,0.0007333122048294172
7,3,DDOS,Max,0.006115625042002648
7,3,DDOS,AVG,0.02745898738503456
7,3,DDOS,Std,0.012592374801170082
7,3,DDOS,Tot size,0.020722445799037814
7,3,DDOS,IAT,0.00043338500618119726
7,3,DDOS,Number,0.0
7,3,DDOS,Variance,0.040634070115629584
7,4,DDOS,Header_Length,0.017570470715872942
7,4,DDOS,Protocol Type,0.0030033375005587004
7,4,DDOS,Time_To_Live,0.000787188741742284
7,4,DDOS,Rate,0.002493775867151271
7,4,DDOS,fin_flag_number,0.00019947556602346596
7,4,DDOS,syn_flag_number,0.011806043202523143
7,4,DDOS,rst_flag_number,2.5757379265201053e-05
7,4,DDOS,psh_flag_number,0.0006744558246282395
7,4,DDOS,ack_flag_number,0.02628328506834805
7,4,DDOS,ece_flag_number,0.0
7,4,DDOS,cwr_flag_number,0.0
7,4,DDOS,ack_count,0.059122432464209854
7,4,DDOS,syn_count,0.01167576547159115
7,4,DDOS,fin_count,0.03588853045366704
7,4,DDOS,rst_count,0.021258767231483944
7,4,DDOS,HTTP,0.0007472878573935304
7,4,DDOS,HTTPS,0.0005823942727147368
7,4,DDOS,DNS,1.9012324969480688e-06
7,4,DDOS,Telnet,0.0
7,4,DDOS,SMTP,0.0
7,4,DDOS,SSH,0.0
7,4,DDOS,IRC,0.0
7,4,DDOS,TCP,0.008436980727128684
7,4,DDOS,UDP,0.047132040373981
7,4,DDOS,DHCP,0.0
7,4,DDOS,ARP,4.950467734943232e-06
7,4,DDOS,ICMP,0.003966322893393226
7,4,DDOS,IGMP,0.0
7,4,DDOS,IPv,1.1914768798249042e-06
7,4,DDOS,LLC,3.761342816233082e-06
7,4,DDOS,Tot sum,0.07378698401153087
7,4,DDOS,Min,0.0016613660147413612
7,4,DDOS,Max,0.002338601949486474
7,4,DDOS,AVG,0.020993334450758995
7,4,DDOS,Std,0.0033299068169071687
7,4,DDOS,Tot size,0.01821702871529851
7,4,DDOS,IAT,0.005602289456874132
7,4,DDOS,Number,0.0
7,4,DDOS,Variance,0.0066561622021254156
7,5,DDOS,Header_Length,0.014275561322574504
7,5,DDOS,Protocol Type,0.0018578680126665858
7,5,DDOS,Time_To_Live,0.0012782504345523193
7,5,DDOS,Rate,0.0012568577662023018
7,5,DDOS,fin_flag_number,0.00014038072163202742
7,5,DDOS,syn_flag_number,0.022344653331674635
7,5,DDOS,rst_flag_number,4.035153642689693e-05
7,5,DDOS,psh_flag_number,0.00019732714332292288
7,5,DDOS,ack_flag_number,0.008628423161280808
7,5,DDOS,ece_flag_number,0.0
7,5,DDOS,cwr_flag_number,0.0
7,5,DDOS,ack_count,0.012505903540295548
7,5,DDOS,syn_count,0.02056676606880501
7,5,DDOS,fin_count,0.03280230851378292
7,5,DDOS,rst_count,0.018683165963739156
7,5,DDOS,HTTP,2.964699888252653e-06
7,5,DDOS,HTTPS,0.0025714753685178947
7,5,DDOS,DNS,3.3901047920892323e-06
7,5,DDOS,Telnet,0.0
7,5,DDOS,SMTP,0.0
7,5,DDOS,SSH,0.0
7,5,DDOS,IRC,0.0
7,5,DDOS,TCP,0.007271848076197784
7,5,DDOS,UDP,0.03853897051885724
7,5,DDOS,DHCP,0.0
7,5,DDOS,ARP,2.6568156617834403e-06
7,5,DDOS,ICMP,0.002279711860455791
7,5,DDOS,IGMP,0.0
7,5,DDOS,IPv,1.007025245858273e-06
7,5,DDOS,LLC,2.685854155082268e-06
7,5,DDOS,Tot sum,0.4806362919160165
7,5,DDOS,Min,0.0
7,5,DDOS,Max,0.020351056172512472
7,5,DDOS,AVG,0.0536599463201128
7,5,DDOS,Std,0.08525134133233223
7,5,DDOS,Tot size,0.04084964917274192
7,5,DDOS,IAT,0.003132052368073346
7,5,DDOS,Number,0.0
7,5,DDOS,Variance,0.6514919220819138
7,1,DOS,Header_Length,0.004613835172949621
7,1,DOS,Protocol Type,0.0009031436140503502
7,1,DOS,Time_To_Live,0.0027922503415766186
7,1,DOS,Rate,0.0033585993995075116
7,1,DOS,fin_flag_number,0.00022365257318597288
7,1,DOS,syn_flag_number,0.0028386347519699486
7,1,DOS,rst_flag_number,2.8879184833385806e-05
7,1,DOS,psh_flag_number,0.0001654679124840186
7,1,DOS,ack_flag_number,0.012708493383979658
7,1,DOS,ece_flag_number,0.0
7,1,DOS,cwr_flag_number,0.0
7,1,DOS,ack_count,0.03066814868943766
7,1,DOS,syn_count,0.011020786126209714
7,1,DOS,fin_count,0.03442021894989011
7,1,DOS,rst_count,0.011459298117551952
7,1,DOS,HTTP,8.771448250399771e-05
7,1,DOS,HTTPS,1.5087830583482286e-05
7,1,DOS,DNS,0.0
7,1,DOS,Telnet,0.0
7,1,DOS,SMTP,0.0
7,1,DOS,SSH,0.0
7,1,DOS,IRC,0.0
7,1,DOS,TCP,0.0034554029334685765
7,1,DOS,UDP,0.04583753007464111
7,1,DOS,DHCP,0.0
7,1,DOS,ARP,6.6788785780147466e-06
7,1,DOS,ICMP,0.0013842268159351078
7,1,DOS,IGMP,0.0
7,1,DOS,IPv,4.4767584537197536e-06
7,1,DOS,LLC,9.858800229523013e-06
7,1,DOS,Tot sum,0.17705576661974193
7,1,DOS,Min,0.02895016213878989
7,1,DOS,Max,0.012828734784852714
7,1,DOS,AVG,0.21097281966358422
7,1,DOS,Std,0.02338674996572081
7,1,DOS,Tot size,0.026095429644919933
7,1,DOS,IAT,0.0014829525527602528
7,1,DOS,Number,1.3093069227920751e-06
7,1,DOS,Variance,0.09558991882950067
7,2,DOS,Header_Length,0.005258080337080173
7,2,DOS,Protocol Type,0.001041511059156619
7,2,DOS,Time_To_Live,0.004187421617098152
7,2,DOS,Rate,0.000553332011531893
7,2,DOS,fin_flag_number,0.0003215430275304243
7,2,DOS,syn_flag_number,0.021235313033685088
7,2,DOS,rst_flag_number,9.76377939878148e-05
7,2,DOS,psh_flag_number,0.0001125075812524301
7,2,DOS,ack_flag_number,0.0036782176641281692
7,2,DOS,ece_flag_number,0.0
7,2,DOS,cwr_flag_number,0.0
7,2,DOS,ack_count,0.007003513863310218
7,2,DOS,syn_count,0.024264876591041686
7,2,DOS,fin_count,0.06189881102181971
7,2,DOS,rst_count,0.030724194087088107
7,2,DOS,HTTP,1.8715249672141e-05
7,2,DOS,HTTPS,0.00028774426309610137
7,2,DOS,DNS,0.0
7,2,DOS,Telnet,0.0
7,2,DOS,SMTP,0.0
7,2,DOS,SSH,0.0
7,2,DOS,IRC,0.0
7,2,DOS,TCP,0.0028658749185979104
7,2,DOS,UDP,0.02822909503011033
7,2,DOS,DHCP,0.0
7,2,DOS,ARP,1.7205464985181607e-06
7,2,DOS,ICMP,0.0006546472653099044
7,2,DOS,IGMP,0.0
7,2,DOS,IPv,3.4969554469910235e-07
7,2,DOS,LLC,1.2187410689534772e-06
7,2,DOS,Tot sum,0.13220062525942922
7,2,DOS,Min,0.015283294263031166
7,2,DOS,Max,0.006277158344164491
7,2,DOS,AVG,0.09555713422596454
7,2,DOS,Std,0.014684348460286855
7,2,DOS,Tot size,0.014894540415843949
7,2,DOS,IAT,0.003489196698501473
7,2,DOS,Number,2.6250242672176683e-05
7,2,DOS,Variance,0.029187524481676518
7,3,DOS,Header_Length,0.01230797155876644
7,3,DOS,Protocol Type,0.0015652157433351022
7,3,DOS,Time_To_Live,0.009627901055500843
7,3,DOS,Rate,0.0031833124863624106
7,3,DOS,fin_flag_number,0.0004166638049355242
7,3,DOS,syn_flag_number,0.012656917294953019
7,3,DOS,rst_flag_number,0.00030343281014211243
7,3,DOS,psh_flag_number,9.026472089317395e-05
7,3,DOS,ack_flag_number,0.005947871907847002
7,3,DOS,ece_flag_number,0.0
7,3,DOS,cwr_flag_number,0.0
7,3,DOS,ack_count,0.008285422390326858
7,3,DOS,syn_count,0.014442761632381007
7,3,DOS,fin_count,0.14959554329980165
7,3,DOS,rst_count,0.029980621114373208
7,3,DOS,HTTP,0.0006040376782038947
7,3,DOS,HTTPS,3.7018189864568284e-07
7,3,DOS,DNS,2.895697832094868e-06
7,3,DOS,Telnet,0.0
7,3,DOS,SMTP,0.0
7,3,DOS,SSH,0.0
7,3,DOS,IRC,0.0
7,3,DOS,TCP,0.006755336030255421
7,3,DOS,UDP,0.059089261514600366
7,3,DOS,DHCP,0.0
7,3,DOS,ARP,1.3673820438953043e-05
7,3,DOS,ICMP,0.0037606602694722825
7,3,DOS,IGMP,0.0
7,3,DOS,IPv,9.400425958006053e-06
7,3,DOS,LLC,1.952639100579745e-05
7,3,DOS,Tot sum,0.2605108084477251
7,3,DOS,Min,0.013190244080033154
7,3,DOS,Max,0.0024351914995349943
7,3,DOS,AVG,0.06959077632054686
7,3,DOS,Std,0.0065137264784425495
7,3,DOS,Tot size,0.028630547947250305
7,3,DOS,IAT,0.0007984280669916189
7,3,DOS,Number,0.0
7,3,DOS,Variance,0.03434368092566729
7,4,DOS,Header_Length,0.016051010045786997
7,4,DOS,Protocol Type,0.0026324934820877387
7,4,DOS,Time_To_Live,0.024365969757718632
7,4,DOS,Rate,0.0022823062443421806
7,4,DOS,fin_flag_number,7.569330014121079e-05
7,4,DOS,syn_flag_number,0.013506924654939212
7,4,DOS,rst_flag_number,1.4971531831520224e-05
7,4,DOS,psh_flag_number,0.0002183276399591705
7,4,DOS,ack_flag_number,0.012240721337730066
7,4,DOS,ece_flag_number,0.0
7,4,DOS,cwr_flag_number,0.0
7,4,DOS,ack_count,0.02255383973242715
7,4,DOS,syn_count,0.010917085519758984
7,4,DOS,fin_count,0.013441992842126637
7,4,DOS,rst_count,0.008909193399449577
7,4,DOS,HTTP,0.00019431968730714287
7,4,DOS,HTTPS,0.001742097191981884
7,4,DOS,DNS,3.5225961056539743e-06
7,4,DOS,Telnet,0.0
7,4,DOS,SMTP,0.0
7,4,DOS,SSH,0.0
7,4,DOS,IRC,0.0
7,4,DOS,TCP,0.007701556497227102
7,4,DOS,UDP,0.04004617752507329
7,4,DOS,DHCP,0.0
7,4,DOS,ARP,3.593373628802965e-05
7,4,DOS,ICMP,0.003057512425039022
7,4,DOS,IGMP,0.0
7,4,DOS,IPv,3.783467125373363e-06
7,4,DOS,LLC,2.0770021828298012e-05
7,4,DOS,Tot sum,0.11292967330664397
7,4,DOS,Min,0.015070837899111211
7,4,DOS,Max,0.01593799692345783
7,4,DOS,AVG,0.11445243172347545
7,4,DOS,Std,0.044774128077551725
7,4,DOS,Tot size,0.03199897546437569
7,4,DOS,IAT,0.0042940638784784825
7,4,DOS,Number,0.0
7,4,DOS,Variance,0.0455043142195791
7,5,DOS,Header_Length,0.027300522873701993
7,5,DOS,Protocol Type,0.0017645914129047924
7,5,DOS,Time_To_Live,0.0024070298342849126
7,5,DOS,Rate,0.0021712337960707374
7,5,DOS,fin_flag_number,0.00018799757141323424
7,5,DOS,syn_flag_number,0.024632844468578698
7,5,DOS,rst_flag_number,6.0755850068972e-05
7,5,DOS,psh_flag_number,0.00018973950286635955
7,5,DOS,ack_flag_number,0.0068440250550338535
7,5,DOS,ece_flag_number,0.0
7,5,DOS,cwr_flag_number,0.0
7,5,DOS,ack_count,0.019353111070086016
7,5,DOS,syn_count,0.022338481398764997
7,5,DOS,fin_count,0.04096641586511396
7,5,DOS,rst_count,0.026412160164909437
7,5,DOS,HTTP,0.0006045827642083168
7,5,DOS,HTTPS,0.002589102965566781
7,5,DOS,DNS,1.103584450845574e-06
7,5,DOS,Telnet,0.0
7,5,DOS,SMTP,0.0
7,5,DOS,SSH,0.0
7,5,DOS,IRC,0.0
7,5,DOS,TCP,0.0139238258721889
7,5,DOS,UDP,0.028301538771484048
7,5,DOS,DHCP,0.0
7,5,DOS,ARP,7.6032971151107635e-06
7,5,DOS,ICMP,0.006250979196374828
7,5,DOS,IGMP,0.0
7,5,DOS,IPv,3.2048174283261233e-06
7,5,DOS,LLC,8.250975935197857e-06
7,5,DOS,Tot sum,0.10339050930924713
7,5,DOS,Min,0.0
7,5,DOS,Max,0.009729979728581384
7,5,DOS,AVG,0.06932900971733033
7,5,DOS,Std,0.043687514908378945
7,5,DOS,Tot size,0.009067952248733491
7,5,DOS,IAT,0.0059204776429396585
7,5,DOS,Number,0.0
7,5,DOS,Variance,0.1634518957347609
7,1,MIRAI,Header_Length,3.166330088788527e-05
7,1,MIRAI,Protocol Type,0.00011224570243939525
7,1,MIRAI,Time_To_Live,5.978662985626215e-05
7,1,MIRAI,Rate,0.00013405816819158644
7,1,MIRAI,fin_flag_number,1.1947354144581368e-05
7,1,MIRAI,syn_flag_number,0.0009886647239909507
7,1,MIRAI,rst_flag_number,1.426735204574925e-05
7,1,MIRAI,psh_flag_number,8.512121888770708e-06
7,1,MIRAI,ack_flag_number,0.0015854220022447408
7,1,MIRAI,ece_flag_number,0.0
7,1,MIRAI,cwr_flag_number,0.0
7,1,MIRAI,ack_count,0.002021967404289171
7,1,MIRAI,syn_count,0.0008676267447299324
7,1,MIRAI,fin_count,0.0022417842253162233
7,1,MIRAI,rst_count,0.001387723693915177
7,1,MIRAI,HTTP,3.5756121327779054e-06
7,1,MIRAI,HTTPS,4.347128328419103e-07
7,1,MIRAI,DNS,7.213486838963945e-08
7,1,MIRAI,Telnet,0.0
7,1,MIRAI,SMTP,0.0
7,1,MIRAI,SSH,0.0
7,1,MIRAI,IRC,0.0
7,1,MIRAI,TCP,2.3867486606832245e-05
7,1,MIRAI,UDP,0.007085983798606321
7,1,MIRAI,DHCP,0.0
7,1,MIRAI,ARP,1.0847590026230591e-07
7,1,MIRAI,ICMP,3.0852721219076785e-05
7,1,MIRAI,IGMP,0.0
7,1,MIRAI,IPv,3.2318474563197697e-07
7,1,MIRAI,LLC,1.4055984740579674e-07
7,1,MIRAI,Tot sum,0.45223902352154255
7,1,MIRAI,Min,0.03747540796175599
7,1,MIRAI,Max,0.014300400018692016
7,1,MIRAI,AVG,0.4587512373924255
7,1,MIRAI,Std,0.032303928630426526
7,1,MIRAI,Tot size,0.20934590883553028
7,1,MIRAI,IAT,0.00023023280376719413
7,1,MIRAI,Number,5.913348904442728e-05
7,1,MIRAI,Variance,0.1568746231496334
7,2,MIRAI,Header_Length,7.364901175606064e-05
7,2,MIRAI,Protocol Type,0.00018410576303722336
7,2,MIRAI,Time_To_Live,9.187991217913804e-05
7,2,MIRAI,Rate,5.829895508213667e-05
7,2,MIRAI,fin_flag_number,3.0066924955463038e-05
7,2,MIRAI,syn_flag_number,0.011152846971526742
7,2,MIRAI,rst_flag_number,3.569461659935769e-05
7,2,MIRAI,psh_flag_number,3.841760650402648e-06
7,2,MIRAI,ack_flag_number,0.0005062033560534474
7,2,MIRAI,ece_flag_number,0.0
7,2,MIRAI,cwr_flag_number,0.0
7,2,MIRAI,ack_count,0.000644877556260326
7,2,MIRAI,syn_count,0.009935767157003284
7,2,MIRAI,fin_count,0.004784994549117983
7,2,MIRAI,rst_count,0.002580968209076673
7,2,MIRAI,HTTP,5.473941973832552e-06
7,2,MIRAI,HTTPS,1.7760221709295365e-06
7,2,MIRAI,DNS,2.7130249691253995e-08
7,2,MIRAI,Telnet,0.0
7,2,MIRAI,SMTP,0.0
7,2,MIRAI,SSH,0.0
7,2,MIRAI,IRC,0.0
7,2,MIRAI,TCP,6.399828635039739e-05
7,2,MIRAI,UDP,0.007330114603973925
7,2,MIRAI,DHCP,0.0
7,2,MIRAI,ARP,8.79787899421558e-08
7,2,MIRAI,ICMP,1.4706045521961642e-05
7,2,MIRAI,IGMP,0.0
7,2,MIRAI,IPv,3.3894665705247464e-07
7,2,MIRAI,LLC,1.6436013243747994e-07
7,2,MIRAI,Tot sum,0.7054811179637909
7,2,MIRAI,Min,0.08255710751718652
7,2,MIRAI,Max,0.019458677805960178
7,2,MIRAI,AVG,0.765006285905838
7,2,MIRAI,Std,0.033364224387332796
7,2,MIRAI,Tot size,0.2718821331858635
7,2,MIRAI,IAT,0.0009434999134100508
7,2,MIRAI,Number,4.7503925449632335e-05
7,2,MIRAI,Variance,0.16608946421183646
7,3,MIRAI,Header_Length,4.017379606011673e-05
7,3,MIRAI,Protocol Type,7.797020807629452e-05
7,3,MIRAI,Time_To_Live,0.00012931887067679781
7,3,MIRAI,Rate,6.916303100297227e-05
7,3,MIRAI,fin_flag_number,2.7650581250782126e-05
7,3,MIRAI,syn_flag_number,0.007069342117756605
7,3,MIRAI,rst_flag_number,2.9258790164021775e-05
7,3,MIRAI,psh_flag_number,5.796955656478531e-06
7,3,MIRAI,ack_flag_number,0.000904492469271645
7,3,MIRAI,ece_flag_number,0.0
7,3,MIRAI,cwr_flag_number,0.0
7,3,MIRAI,ack_count,0.001295965234749019
7,3,MIRAI,syn_count,0.006024583545513451
7,3,MIRAI,fin_count,0.004064090293832123
7,3,MIRAI,rst_count,0.0017502681526821106
7,3,MIRAI,HTTP,9.311910139331303e-06
7,3,MIRAI,HTTPS,3.1504917004099297e-07
7,3,MIRAI,DNS,1.5294386368491786e-08
7,3,MIRAI,Telnet,0.0
7,3,MIRAI,SMTP,0.0
7,3,MIRAI,SSH,0.0
7,3,MIRAI,IRC,0.0
7,3,MIRAI,TCP,4.110192203370389e-05
7,3,MIRAI,UDP,0.013304526242427528
7,3,MIRAI,DHCP,0.0
7,3,MIRAI,ARP,8.926219408067482e-08
7,3,MIRAI,ICMP,3.912429583579069e-05
7,3,MIRAI,IGMP,0.0
7,3,MIRAI,IPv,4.193399547602894e-07
7,3,MIRAI,LLC,1.4157735712672092e-07
7,3,MIRAI,Tot sum,0.738976114988327
7,3,MIRAI,Min,0.07037564452039077
7,3,MIRAI,Max,0.01702623665332794
7,3,MIRAI,AVG,0.6867507457733154
7,3,MIRAI,Std,0.03128728842129931
7,3,MIRAI,Tot size,0.26703301519155503
7,3,MIRAI,IAT,0.0005050198577009723
7,3,MIRAI,Number,0.0
7,3,MIRAI,Variance,0.14405850348994137
7,4,MIRAI,Header_Length,6.384444768627872e-05
7,4,MIRAI,Protocol Type,0.00018905041997641092
7,4,MIRAI,Time_To_Live,0.00019631860614026663
7,4,MIRAI,Rate,5.767719412688166e-05
7,4,MIRAI,fin_flag_number,4.866074186793412e-06
7,4,MIRAI,syn_flag_number,0.005994109925813973
7,4,MIRAI,rst_flag_number,6.816657537456194e-06
7,4,MIRAI,psh_flag_number,1.0510917809369857e-05
7,4,MIRAI,ack_flag_number,0.001808343274751678
7,4,MIRAI,ece_flag_number,0.0
7,4,MIRAI,cwr_flag_number,0.0
7,4,MIRAI,ack_count,0.0023611001437529922
7,4,MIRAI,syn_count,0.005540731945075095
7,4,MIRAI,fin_count,0.0009793770470423624
7,4,MIRAI,rst_count,0.000616801947762724
7,4,MIRAI,HTTP,2.8496473032646463e-05
7,4,MIRAI,HTTPS,1.6091432513576364e-06
7,4,MIRAI,DNS,9.432653094165744e-08
7,4,MIRAI,Telnet,0.0
7,4,MIRAI,SMTP,0.0
7,4,MIRAI,SSH,0.0
7,4,MIRAI,IRC,0.0
7,4,MIRAI,TCP,4.817029512196314e-05
7,4,MIRAI,UDP,0.01302085118368268
7,4,MIRAI,DHCP,0.0
7,4,MIRAI,ARP,9.781928191898715e-08
7,4,MIRAI,ICMP,5.4507836830453015e-05
7,4,MIRAI,IGMP,0.0
7,4,MIRAI,IPv,3.2743225037989986e-07
7,4,MIRAI,LLC,8.300301166386248e-08
7,4,MIRAI,Tot sum,0.8661703482270241
7,4,MIRAI,Min,0.0795810024254024
7,4,MIRAI,Max,0.02925791498273611
7,4,MIRAI,AVG,0.9809605956077576
7,4,MIRAI,Std,0.07078209304891062
7,4,MIRAI,Tot size,0.43512371778488157
7,4,MIRAI,IAT,0.0005940740513324272
7,4,MIRAI,Number,0.0
7,4,MIRAI,Variance,0.20611096129287035
7,5,MIRAI,Header_Length,7.116662127373274e-05
7,5,MIRAI,Protocol Type,0.000332125740533229
7,5,MIRAI,Time_To_Live,0.00014480981626547874
7,5,MIRAI,Rate,7.897770519775804e-05
7,5,MIRAI,fin_flag_number,1.1145647386001656e-05
7,5,MIRAI,syn_flag_number,0.01122428234666586
7,5,MIRAI,rst_flag_number,1.4450769140239571e-05
7,5,MIRAI,psh_flag_number,6.525560183945345e-06
7,5,MIRAI,ack_flag_number,0.001166268096130807
7,5,MIRAI,ece_flag_number,0.0
7,5,MIRAI,cwr_flag_number,0.0
7,5,MIRAI,ack_count,0.0017140841751825064
7,5,MIRAI,syn_count,0.01065499074757099
7,5,MIRAI,fin_count,0.001681545446626842
7,5,MIRAI,rst_count,0.0010135786957107483
7,5,MIRAI,HTTP,0.0
7,5,MIRAI,HTTPS,2.4776942609605612e-05
7,5,MIRAI,DNS,2.2620589174016102e-08
7,5,MIRAI,Telnet,0.0
7,5,MIRAI,SMTP,0.0
7,5,MIRAI,SSH,0.0
7,5,MIRAI,IRC,0.0
7,5,MIRAI,TCP,7.830922841094435e-05
7,5,MIRAI,UDP,0.015689243283122777
7,5,MIRAI,DHCP,0.0
7,5,MIRAI,ARP,5.461931635863948e-08
7,5,MIRAI,ICMP,3.7758863345516144e-05
7,5,MIRAI,IGMP,0.0
7,5,MIRAI,IPv,2.1580928262210363e-07
7,5,MIRAI,LLC,5.4990633602258754e-08
7,5,MIRAI,Tot sum,1.1099959433078765
7,5,MIRAI,Min,0.13870478399912828
7,5,MIRAI,Max,0.026971285976469517
7,5,MIRAI,AVG,1.1131879150867463
7,5,MIRAI,Std,0.025783890928141772
7,5,MIRAI,Tot size,0.4247920736670494
7,5,MIRAI,IAT,0.000646149275416974
7,5,MIRAI,Number,0.0
7,5,MIRAI,Variance,0.1394807151518762
7,1,RECON,Header_Length,4.162654652191122e-05
7,1,RECON,Protocol Type,5.530970909148891e-05
7,1,RECON,Time_To_Live,0.011297501681474387
7,1,RECON,Rate,0.00013243116645753617
7,1,RECON,fin_flag_number,2.138482484497217e-05
7,1,RECON,syn_flag_number,0.020993918932799716
7,1,RECON,rst_flag_number,1.7375335738734064e-05
7,1,RECON,psh_flag_number,4.416394040163141e-05
7,1,RECON,ack_flag_number,0.017619352214387617
7,1,RECON,ece_flag_number,0.0
7,1,RECON,cwr_flag_number,0.0
7,1,RECON,ack_count,0.003117322426987812
7,1,RECON,syn_count,0.0018349418305660947
7,1,RECON,fin_count,0.0037616194822476245
7,1,RECON,rst_count,0.0016049326601205393
7,1,RECON,HTTP,7.879993207737802e-06
7,1,RECON,HTTPS,4.2444120137474786e-05
7,1,RECON,DNS,1.3300401013793816e-05
7,1,RECON,Telnet,0.0
7,1,RECON,SMTP,0.0
7,1,RECON,SSH,0.0
7,1,RECON,IRC,0.0
7,1,RECON,TCP,2.7709440109902063e-05
7,1,RECON,UDP,0.003443293268355774
7,1,RECON,DHCP,0.0
7,1,RECON,ARP,1.3807994754699848e-06
7,1,RECON,ICMP,2.3239940992425546e-05
7,1,RECON,IGMP,0.0
7,1,RECON,IPv,3.503659748371746e-06
7,1,RECON,LLC,1.0049472622242207e-05
7,1,RECON,Tot sum,0.28389817401766776
7,1,RECON,Min,0.0005690109908755403
7,1,RECON,Max,0.0020079533307580276
7,1,RECON,AVG,0.07044660784304142
7,1,RECON,Std,0.021600602683611213
7,1,RECON,Tot size,0.06274598306044936
7,1,RECON,IAT,0.05149991769430926
7,1,RECON,Number,0.012256715912371874
7,1,RECON,Variance,0.09832327734911814
7,2,RECON,Header_Length,6.8848143229161e-05
7,2,RECON,Protocol Type,6.388340000285098e-05
7,2,RECON,Time_To_Live,0.005240476380936343
7,2,RECON,Rate,0.00010907201717813564
7,2,RECON,fin_flag_number,1.362216342499778e-05
7,2,RECON,syn_flag_number,0.0302244129445171
7,2,RECON,rst_flag_number,2.131045369964113e-05
7,2,RECON,psh_flag_number,2.8497802824922757e-05
7,2,RECON,ack_flag_number,0.02121572621872474
7,2,RECON,ece_flag_number,0.0
7,2,RECON,cwr_flag_number,0.0
7,2,RECON,ack_count,0.0017107124695030507
7,2,RECON,syn_count,0.017582597380533117
7,2,RECON,fin_count,0.006707342780282488
7,2,RECON,rst_count,0.00348914427922864
7,2,RECON,HTTP,1.3409881678150271e-05
7,2,RECON,HTTPS,9.46732075874479e-05
7,2,RECON,DNS,2.8709794833048365e-06
7,2,RECON,Telnet,0.0
7,2,RECON,SMTP,0.0
7,2,RECON,SSH,0.0
7,2,RECON,IRC,0.0
7,2,RECON,TCP,2.0456127983115024e-05
7,2,RECON,UDP,0.005415226510740468
7,2,RECON,DHCP,0.0
7,2,RECON,ARP,9.217599217992145e-06
7,2,RECON,ICMP,1.2140905166901916e-05
7,2,RECON,IGMP,0.0
7,2,RECON,IPv,1.132792083455847e-05
7,2,RECON,LLC,2.6953069723134605e-05
7,2,RECON,Tot sum,0.3358610041439533
7,2,RECON,Min,7.753597216915153e-05
7,2,RECON,Max,0.002115311421221122
7,2,RECON,AVG,0.07097597372485324
7,2,RECON,Std,0.013508060947060585
7,2,RECON,Tot size,0.12056990945711732
7,2,RECON,IAT,0.045981772751838436
7,2,RECON,Number,0.01634568506269716
7,2,RECON,Variance,0.25089342454448343
7,3,RECON,Header_Length,9.065626242659164e-05
7,3,RECON,Protocol Type,2.3083285079561478e-05
7,3,RECON,Time_To_Live,0.04001632754225284
7,3,RECON,Rate,0.00025069431117117345
7,3,RECON,fin_flag_number,4.376955611178346e-05
7,3,RECON,syn_flag_number,0.01952485312940553
7,3,RECON,rst_flag_number,7.657762677126811e-05
7,3,RECON,psh_flag_number,4.859345983732055e-05
7,3,RECON,ack_flag_number,0.045104730571620164
7,3,RECON,ece_flag_number,0.0
7,3,RECON,cwr_flag_number,0.0
7,3,RECON,ack_count,0.002310623017456237
7,3,RECON,syn_count,0.010365492722485214
7,3,RECON,fin_count,0.006931188085218309
7,3,RECON,rst_count,0.004152248377431533
7,3,RECON,HTTP,2.228021409393932e-05
7,3,RECON,HTTPS,9.519902421288862e-05
7,3,RECON,DNS,1.2427807882287033e-05
7,3,RECON,Telnet,0.0
7,3,RECON,SMTP,0.0
7,3,RECON,SSH,0.0
7,3,RECON,IRC,0.0
7,3,RECON,TCP,2.245912252476501e-05
7,3,RECON,UDP,0.0055430435570940515
7,3,RECON,DHCP,0.0
7,3,RECON,ARP,2.1078492458137532e-06
7,3,RECON,ICMP,4.145516169273833e-05
7,3,RECON,IGMP,0.0
7,3,RECON,IPv,3.1174304064407464e-06
7,3,RECON,LLC,6.404994125830399e-06
7,3,RECON,Tot sum,0.33479940914548934
7,3,RECON,Min,0.001941742801500368
7,3,RECON,Max,0.0015199081601167564
7,3,RECON,AVG,0.08102312558330596
7,3,RECON,Std,0.014783405610069167
7,3,RECON,Tot size,0.10445709158666432
7,3,RECON,IAT,0.040764517325442284
7,3,RECON,Number,0.018049986963160337
7,3,RECON,Variance,0.20292986787389963
7,4,RECON,Header_Length,8.370189038942044e-05
7,4,RECON,Protocol Type,3.8884173591213766e-05
7,4,RECON,Time_To_Live,0.02756803502375078
7,4,RECON,Rate,0.00012130732538935262
7,4,RECON,fin_flag_number,2.84699463435345e-06
7,4,RECON,syn_flag_number,0.008887891919584945
7,4,RECON,rst_flag_number,5.645268251441848e-06
7,4,RECON,psh_flag_number,7.470284099326818e-05
7,4,RECON,ack_flag_number,0.02381282832939178
7,4,RECON,ece_flag_number,0.0
7,4,RECON,cwr_flag_number,0.0
7,4,RECON,ack_count,0.0019321579195093364
7,4,RECON,syn_count,0.008485608699265868
7,4,RECON,fin_count,0.0007235644530737773
7,4,RECON,rst_count,0.00048741233767941595
7,4,RECON,HTTP,9.23711809781569e-06
7,4,RECON,HTTPS,7.588409521304129e-05
7,4,RECON,DNS,1.5869521446720824e-06
7,4,RECON,Telnet,0.0
7,4,RECON,SMTP,0.0
7,4,RECON,SSH,0.0
7,4,RECON,IRC,0.0
7,4,RECON,TCP,4.00703370814881e-05
7,4,RECON,UDP,0.004454539340804331
7,4,RECON,DHCP,0.0
7,4,RECON,ARP,3.7273660055348047e-06
7,4,RECON,ICMP,2.541304975238745e-05
7,4,RECON,IGMP,0.0
7,4,RECON,IPv,3.6149423390474667e-06
7,4,RECON,LLC,1.0083203281396891e-05
7,4,RECON,Tot sum,0.3079283364117146
7,4,RECON,Min,0.0005337197933840798
7,4,RECON,Max,0.0020130101751419716
7,4,RECON,AVG,0.09820887539535761
7,4,RECON,Std,0.02954306799219921
7,4,RECON,Tot size,0.09212267810944468
7,4,RECON,IAT,0.07213908480480313
7,4,RECON,Number,0.020296954456716775
7,4,RECON,Variance,0.21705243479227648
7,5,RECON,Header_Length,0.00023878054073520616
7,5,RECON,Protocol Type,6.981808712680504e-05
7,5,RECON,Time_To_Live,0.06852617455331256
7,5,RECON,Rate,0.00023175458441073715
7,5,RECON,fin_flag_number,2.849687408712498e-05
7,5,RECON,syn_flag_number,0.04600407972466201
7,5,RECON,rst_flag_number,3.560047593964555e-05
7,5,RECON,psh_flag_number,9.486808551741887e-05
7,5,RECON,ack_flag_number,0.09762065750546753
7,5,RECON,ece_flag_number,0.0
7,5,RECON,cwr_flag_number,0.0
7,5,RECON,ack_count,0.004649716475250898
7,5,RECON,syn_count,0.019656618463341147
7,5,RECON,fin_count,0.002961331218466512
7,5,RECON,rst_count,0.0016652833561238366
7,5,RECON,HTTP,2.5434229340248748e-05
7,5,RECON,HTTPS,7.242711982087257e-05
7,5,RECON,DNS,1.50930113231227e-05
7,5,RECON,Telnet,0.0
7,5,RECON,SMTP,0.0
7,5,RECON,SSH,0.0
7,5,RECON,IRC,0.0
7,5,RECON,TCP,3.584204473057184e-05
7,5,RECON,UDP,0.010498120843067227
7,5,RECON,DHCP,0.0
7,5,RECON,ARP,2.0862490706874405e-06
7,5,RECON,ICMP,0.00019175299725588958
7,5,RECON,IGMP,0.0
7,5,RECON,IPv,4.865103899126532e-06
7,5,RECON,LLC,7.5625823049207955e-06
7,5,RECON,Tot sum,0.5216306328773499
7,5,RECON,Min,0.0014453363361099036
7,5,RECON,Max,0.0039136038802098485
7,5,RECON,AVG,0.15994564318098128
7,5,RECON,Std,0.035754777486727105
7,5,RECON,Tot size,0.15309949768707157
7,5,RECON,IAT,0.16297567437868565
7,5,RECON,Number,0.033185842982493344
7,5,RECON,Variance,0.4020772843621671
7,1,SPOOFING,Header_Length,0.0001032061840305687
7,1,SPOOFING,Protocol Type,8.785418650631982e-05
7,1,SPOOFING,Time_To_Live,0.01232156449696049
7,1,SPOOFING,Rate,0.0009889807813124208
7,1,SPOOFING,fin_flag_number,1.2387234505695233e-05
7,1,SPOOFING,syn_flag_number,0.0014078268766752444
7,1,SPOOFING,rst_flag_number,8.471332360215911e-06
7,1,SPOOFING,psh_flag_number,2.1873203510835993e-05
7,1,SPOOFING,ack_flag_number,0.007655186075135134
7,1,SPOOFING,ece_flag_number,0.0
7,1,SPOOFING,cwr_flag_number,0.0
7,1,SPOOFING,ack_count,0.0018150309409975308
7,1,SPOOFING,syn_count,0.00014169329369906336
7,1,SPOOFING,fin_count,0.0016991140219033696
7,1,SPOOFING,rst_count,0.0016280373813060578
7,1,SPOOFING,HTTP,1.4234221229258992e-05
7,1,SPOOFING,HTTPS,1.9339716869382072e-05
7,1,SPOOFING,DNS,0.0
7,1,SPOOFING,Telnet,0.0
7,1,SPOOFING,SMTP,0.0
7,1,SPOOFING,SSH,0.0
7,1,SPOOFING,IRC,0.0
7,1,SPOOFING,TCP,8.882497339612883e-06
7,1,SPOOFING,UDP,0.004253665580290544
7,1,SPOOFING,DHCP,0.0
7,1,SPOOFING,ARP,1.011392186711646e-06
7,1,SPOOFING,ICMP,8.520066754442723e-05
7,1,SPOOFING,IGMP,0.0
7,1,SPOOFING,IPv,1.787314246470828e-06
7,1,SPOOFING,LLC,3.2239538321654495e-06
7,1,SPOOFING,Tot sum,0.3322283964604139
7,1,SPOOFING,Min,0.0008438164644758217
7,1,SPOOFING,Max,0.006760072271663376
7,1,SPOOFING,AVG,0.24334534741938113
7,1,SPOOFING,Std,0.05479833320714533
7,1,SPOOFING,Tot size,0.3368269719183445
7,1,SPOOFING,IAT,0.024495210250665877
7,1,SPOOFING,Number,0.01714593093493022
7,1,SPOOFING,Variance,0.2873151056468487
7,2,SPOOFING,Header_Length,6.311190727501526e-05
7,2,SPOOFING,Protocol Type,4.1279621115108966e-05
7,2,SPOOFING,Time_To_Live,0.005489463038520626
7,2,SPOOFING,Rate,0.00018605237373776619
7,2,SPOOFING,fin_flag_number,2.3580344532092568e-05
7,2,SPOOFING,syn_flag_number,0.029476993822027
7,2,SPOOFING,rst_flag_number,2.556169120566665e-05
7,2,SPOOFING,psh_flag_number,3.09247987757999e-05
7,2,SPOOFING,ack_flag_number,0.037908453235286285
7,2,SPOOFING,ece_flag_number,0.0
7,2,SPOOFING,cwr_flag_number,0.0
7,2,SPOOFING,ack_count,0.002891612098665064
7,2,SPOOFING,syn_count,0.005319278831302654
7,2,SPOOFING,fin_count,0.002493085227615666
7,2,SPOOFING,rst_count,0.002927843137877062
7,2,SPOOFING,HTTP,4.9298824180254995e-06
7,2,SPOOFING,HTTPS,0.0001317851937528758
7,2,SPOOFING,DNS,4.926796464133076e-06
7,2,SPOOFING,Telnet,0.0
7,2,SPOOFING,SMTP,0.0
7,2,SPOOFING,SSH,0.0
7,2,SPOOFING,IRC,0.0
7,2,SPOOFING,TCP,1.5583582148792628e-05
7,2,SPOOFING,UDP,0.004421431995524472
7,2,SPOOFING,DHCP,0.0
7,2,SPOOFING,ARP,1.8565017360305803e-06
7,2,SPOOFING,ICMP,2.2544002540314523e-05
7,2,SPOOFING,IGMP,0.0
7,2,SPOOFING,IPv,2.104943038860885e-06
7,2,SPOOFING,LLC,8.406608546707162e-06
7,2,SPOOFING,Tot sum,0.18314814567565918
7,2,SPOOFING,Min,0.008254536627646303
7,2,SPOOFING,Max,0.0034675625036470594
7,2,SPOOFING,AVG,0.1714804120361805
7,2,SPOOFING,Std,0.023395255987998097
7,2,SPOOFING,Tot size,0.1652886826545
7,2,SPOOFING,IAT,0.030503426147151912
7,2,SPOOFING,Number,0.013422042364254594
7,2,SPOOFING,Variance,0.09164431246463209
7,3,SPOOFING,Header_Length,3.17289737147064e-05
7,3,SPOOFING,Protocol Type,2.288313429517075e-05
7,3,SPOOFING,Time_To_Live,0.0024724718693505563
7,3,SPOOFING,Rate,0.0003555896686492588
7,3,SPOOFING,fin_flag_number,3.0563677817951886e-06
7,3,SPOOFING,syn_flag_number,0.002198771493067397
7,3,SPOOFING,rst_flag_number,7.6026093349668145e-06
7,3,SPOOFING,psh_flag_number,4.911479736424695e-06
7,3,SPOOFING,ack_flag_number,0.006113844109631827
7,3,SPOOFING,ece_flag_number,0.0
7,3,SPOOFING,cwr_flag_number,0.0
7,3,SPOOFING,ack_count,0.0006940027296479911
7,3,SPOOFING,syn_count,8.86403006575165e-05
7,3,SPOOFING,fin_count,0.0009332105848443462
7,3,SPOOFING,rst_count,0.0003220427175619989
7,3,SPOOFING,HTTP,4.885017263767111e-06
7,3,SPOOFING,HTTPS,1.4584749952373244e-05
7,3,SPOOFING,DNS,1.862232640939543e-08
7,3,SPOOFING,Telnet,0.0
7,3,SPOOFING,SMTP,0.0
7,3,SPOOFING,SSH,0.0
7,3,SPOOFING,IRC,0.0
7,3,SPOOFING,TCP,9.625781666144918e-06
7,3,SPOOFING,UDP,0.001321479848479612
7,3,SPOOFING,DHCP,0.0
7,3,SPOOFING,ARP,2.443187147292691e-06
7,3,SPOOFING,ICMP,2.8121705543160402e-05
7,3,SPOOFING,IGMP,0.0
7,3,SPOOFING,IPv,4.276016910212399e-06
7,3,SPOOFING,LLC,1.386768051006848e-05
7,3,SPOOFING,Tot sum,0.03983549168915488
7,3,SPOOFING,Min,0.001628539584930877
7,3,SPOOFING,Max,0.00019131614062644075
7,3,SPOOFING,AVG,0.016931691009085627
7,3,SPOOFING,Std,0.0013130745748640039
7,3,SPOOFING,Tot size,0.02182549125282094
7,3,SPOOFING,IAT,0.006264858277870644
7,3,SPOOFING,Number,0.005763427663987386
7,3,SPOOFING,Variance,0.015678845810180066
7,4,SPOOFING,Header_Length,0.00017532277129248542
7,4,SPOOFING,Protocol Type,7.061029143642372e-05
7,4,SPOOFING,Time_To_Live,0.02207702268715366
7,4,SPOOFING,Rate,0.0014550141851032094
7,4,SPOOFING,fin_flag_number,5.8490204651207025e-06
7,4,SPOOFING,syn_flag_number,0.009690550953382625
7,4,SPOOFING,rst_flag_number,6.990476816781666e-06
7,4,SPOOFING,psh_flag_number,1.7258449590684678e-05
7,4,SPOOFING,ack_flag_number,0.030193793366197496
7,4,SPOOFING,ece_flag_number,0.0
7,4,SPOOFING,cwr_flag_number,0.0
7,4,SPOOFING,ack_count,0.00273271115092939
7,4,SPOOFING,syn_count,0.0019351519320480292
7,4,SPOOFING,fin_count,0.0012838863596698503
7,4,SPOOFING,rst_count,0.0011767219712055521
7,4,SPOOFING,HTTP,5.017641036886289e-06
7,4,SPOOFING,HTTPS,0.00013486977720731375
7,4,SPOOFING,DNS,2.6038900036162715e-08
7,4,SPOOFING,Telnet,0.0
7,4,SPOOFING,SMTP,0.0
7,4,SPOOFING,SSH,0.0
7,4,SPOOFING,IRC,0.0
7,4,SPOOFING,TCP,1.7049720241857358e-05
7,4,SPOOFING,UDP,0.0021181701667956077
7,4,SPOOFING,DHCP,0.0
7,4,SPOOFING,ARP,3.378835356260268e-06
7,4,SPOOFING,ICMP,5.957182109170844e-05
7,4,SPOOFING,IGMP,0.0
7,4,SPOOFING,IPv,3.44249869904667e-06
7,4,SPOOFING,LLC,7.643415427338596e-06
7,4,SPOOFING,Tot sum,0.24613714832812547
7,4,SPOOFING,Min,0.012970899835636374
7,4,SPOOFING,Max,0.004218224930809811
7,4,SPOOFING,AVG,0.21898836381733416
7,4,SPOOFING,Std,0.01828596780032967
7,4,SPOOFING,Tot size,0.2484338276553899
7,4,SPOOFING,IAT,0.006554725195746869
7,4,SPOOFING,Number,0.019259957059693987
7,4,SPOOFING,Variance,0.1659897357400041
7,5,SPOOFING,Header_Length,8.253064816017286e-05
7,5,SPOOFING,Protocol Type,5.802859118375636e-05
7,5,SPOOFING,Time_To_Live,0.019661604572320357
7,5,SPOOFING,Rate,0.0006536661448990344
7,5,SPOOFING,fin_flag_number,6.168924858229729e-06
7,5,SPOOFING,syn_flag_number,0.011185385764110833
7,5,SPOOFING,rst_flag_number,4.0938221942177225e-06
7,5,SPOOFING,psh_flag_number,7.425031799357384e-06
7,5,SPOOFING,ack_flag_number,0.014436179269978311
7,5,SPOOFING,ece_flag_number,0.0
7,5,SPOOFING,cwr_flag_number,0.0
7,5,SPOOFING,ack_count,0.002029131535709894
7,5,SPOOFING,syn_count,0.002176063970546238
7,5,SPOOFING,fin_count,0.000923579913796857
7,5,SPOOFING,rst_count,0.0004730186439701356
7,5,SPOOFING,HTTP,0.0
7,5,SPOOFING,HTTPS,7.217407014650234e-05
7,5,SPOOFING,DNS,1.816712983981894e-06
7,5,SPOOFING,Telnet,0.0
7,5,SPOOFING,SMTP,0.0
7,5,SPOOFING,SSH,0.0
7,5,SPOOFING,IRC,0.0
7,5,SPOOFING,TCP,7.432167774368281e-06
7,5,SPOOFING,UDP,0.0019973995687905697
7,5,SPOOFING,DHCP,7.945989636937157e-07
7,5,SPOOFING,ARP,1.376358385568599e-07
7,5,SPOOFING,ICMP,3.9788173228316734e-05
7,5,SPOOFING,IGMP,0.0
7,5,SPOOFING,IPv,1.2070850759382523e-06
7,5,SPOOFING,LLC,1.3306307744764823e-06
7,5,SPOOFING,Tot sum,0.09913685042411088
7,5,SPOOFING,Min,0.03417216386587825
7,5,SPOOFING,Max,0.002399693634652067
7,5,SPOOFING,AVG,0.163930556923151
7,5,SPOOFING,Std,0.025748820275475738
7,5,SPOOFING,Tot size,0.2932577818632126
7,5,SPOOFING,IAT,0.005908894202013926
7,5,SPOOFING,Number,0.009913041425534175
7,5,SPOOFING,Variance,0.23670821555424482
7,1,WEB,Header_Length,3.3219236263448694e-05
7,1,WEB,Protocol Type,1.5292035868696985e-05
7,1,WEB,Time_To_Live,0.003587296342084301
7,1,WEB,Rate,2.4149372984538785e-05
7,1,WEB,fin_flag_number,1.3653760305487594e-05
7,1,WEB,syn_flag_number,0.00029538375117681425
7,1,WEB,rst_flag_number,1.057502122350229e-05
7,1,WEB,psh_flag_number,3.6527135684139012e-06
7,1,WEB,ack_flag_number,0.000241891158452745
7,1,WEB,ece_flag_number,0.0
7,1,WEB,cwr_flag_number,0.0
7,1,WEB,ack_count,0.0003109323635271721
7,1,WEB,syn_count,3.662055623863125e-05
7,1,WEB,fin_count,0.0006633609331402113
7,1,WEB,rst_count,0.00010524171593715437
7,1,WEB,HTTP,2.622120098294545e-06
7,1,WEB,HTTPS,6.688894088613395e-07
7,1,WEB,DNS,1.818152787258498e-06
7,1,WEB,Telnet,0.0
7,1,WEB,SMTP,0.0
7,1,WEB,SSH,4.17501316576363e-06
7,1,WEB,IRC,0.0
7,1,WEB,TCP,4.865839983381193e-06
7,1,WEB,UDP,0.0011657856048259418
7,1,WEB,DHCP,0.0
7,1,WEB,ARP,6.1608891851250295e-06
7,1,WEB,ICMP,4.224041941824908e-06
7,1,WEB,IGMP,0.0
7,1,WEB,IPv,4.532155338310417e-06
7,1,WEB,LLC,2.0267298907583607e-06
7,1,WEB,Tot sum,0.08603502120822668
7,1,WEB,Min,0.003549493534865178
7,1,WEB,Max,0.0009563912972225808
7,1,WEB,AVG,0.01620758669450879
7,1,WEB,Std,0.006716364616295323
7,1,WEB,Tot size,0.014147281902842224
7,1,WEB,IAT,0.052873539160646035
7,1,WEB,Number,0.002829883567756042
7,1,WEB,Variance,0.029144685437859152
7,2,WEB,Header_Length,1.7334573274041533e-05
7,2,WEB,Protocol Type,1.1849838445776584e-05
7,2,WEB,Time_To_Live,0.004763758782866034
7,2,WEB,Rate,9.422417100424241e-06
7,2,WEB,fin_flag_number,1.0122276452784185e-05
7,2,WEB,syn_flag_number,0.0013915468671015674
7,2,WEB,rst_flag_number,8.34421548479014e-06
7,2,WEB,psh_flag_number,1.0774182810813215e-06
7,2,WEB,ack_flag_number,0.0007834687968397702
7,2,WEB,ece_flag_number,0.0
7,2,WEB,cwr_flag_number,0.0
7,2,WEB,ack_count,0.00011818159247170001
7,2,WEB,syn_count,0.0005152160486659341
7,2,WEB,fin_count,0.0004494470398526573
7,2,WEB,rst_count,0.00021883726487743617
7,2,WEB,HTTP,2.974800430894514e-06
7,2,WEB,HTTPS,9.969044000968097e-07
7,2,WEB,DNS,3.6353043810777306e-07
7,2,WEB,Telnet,0.0
7,2,WEB,SMTP,0.0
7,2,WEB,SSH,6.597876563319005e-07
7,2,WEB,IRC,0.0
7,2,WEB,TCP,5.6651684616326746e-06
7,2,WEB,UDP,0.000852420940315568
7,2,WEB,DHCP,0.0
7,2,WEB,ARP,3.819563486812008e-06
7,2,WEB,ICMP,5.782586049107863e-06
7,2,WEB,IGMP,0.0
7,2,WEB,IPv,2.0123237091734627e-06
7,2,WEB,LLC,9.476285535635516e-07
7,2,WEB,Tot sum,0.08475890591507777
7,2,WEB,Min,0.010806236342012077
7,2,WEB,Max,0.0022152896494844754
7,2,WEB,AVG,0.03730057661887258
7,2,WEB,Std,0.0049914190334675364
7,2,WEB,Tot size,0.014612802217015997
7,2,WEB,IAT,0.06325240995686272
7,2,WEB,Number,0.0011321232825594052
7,2,WEB,Variance,0.043735507631208745
7,3,WEB,Header_Length,0.00015168780244039225
7,3,WEB,Protocol Type,4.971877130479641e-05
7,3,WEB,Time_To_Live,0.0076547566775843736
7,3,WEB,Rate,0.00015003906212314179
7,3,WEB,fin_flag_number,3.712876822419276e-05
7,3,WEB,syn_flag_number,0.0028724151298774813
7,3,WEB,rst_flag_number,3.0014064313377277e-05
7,3,WEB,psh_flag_number,3.524212871752752e-06
7,3,WEB,ack_flag_number,0.003107179846483632
7,3,WEB,ece_flag_number,0.0
7,3,WEB,cwr_flag_number,0.0
7,3,WEB,ack_count,0.00022865879417963698
7,3,WEB,syn_count,0.000344603149460454
7,3,WEB,fin_count,0.0018642570903466549
7,3,WEB,rst_count,0.0007138723852676776
7,3,WEB,HTTP,1.706217415105016e-05
7,3,WEB,HTTPS,1.0035678253816905e-05
7,3,WEB,DNS,2.711841475572653e-05
7,3,WEB,Telnet,0.0
7,3,WEB,SMTP,0.0
7,3,WEB,SSH,0.0
7,3,WEB,IRC,0.0
7,3,WEB,TCP,5.721272551966195e-05
7,3,WEB,UDP,0.004636343507627316
7,3,WEB,DHCP,0.0
7,3,WEB,ARP,6.239253616868723e-06
7,3,WEB,ICMP,1.3384670739924332e-05
7,3,WEB,IGMP,0.0
7,3,WEB,IPv,1.02033243229549e-05
7,3,WEB,LLC,2.3243200405004273e-06
7,3,WEB,Tot sum,0.10641878214444205
7,3,WEB,Min,0.00013719932584663753
7,3,WEB,Max,0.0016291378171445104
7,3,WEB,AVG,0.030833580996841192
7,3,WEB,Std,0.017452348745428024
7,3,WEB,Tot size,0.05707440674304962
7,3,WEB,IAT,0.06151288308028598
7,3,WEB,Number,0.01629344339016825
7,3,WEB,Variance,0.0893032968044281
7,4,WEB,Header_Length,0.0001144222312632337
7,4,WEB,Protocol Type,2.5949044993467395e-05
7,4,WEB,Time_To_Live,0.013601490301516606
7,4,WEB,Rate,5.478314048446009e-05
7,4,WEB,fin_flag_number,7.861895612393255e-06
7,4,WEB,syn_flag_number,0.0012403698266098217
7,4,WEB,rst_flag_number,3.5948261233542667e-06
7,4,WEB,psh_flag_number,1.272598587434004e-05
7,4,WEB,ack_flag_number,0.0044172376845381224
7,4,WEB,ece_flag_number,0.0
7,4,WEB,cwr_flag_number,0.0
7,4,WEB,ack_count,0.0005577070980507415
7,4,WEB,syn_count,0.0006520389826619067
7,4,WEB,fin_count,0.0003367735774645553
7,4,WEB,rst_count,0.00020830499570365646
7,4,WEB,HTTP,7.537001810575816e-06
7,4,WEB,HTTPS,5.4395839107712615e-06
7,4,WEB,DNS,1.4216556420093563e-05
7,4,WEB,Telnet,0.0
7,4,WEB,SMTP,0.0
7,4,WEB,SSH,0.0
7,4,WEB,IRC,0.0
7,4,WEB,TCP,1.6386154584324686e-05
7,4,WEB,UDP,0.003915219796544989
7,4,WEB,DHCP,0.0
7,4,WEB,ARP,5.7746898745492105e-06
7,4,WEB,ICMP,2.29029185447871e-05
7,4,WEB,IGMP,0.0
7,4,WEB,IPv,3.449940838073928e-06
7,4,WEB,LLC,1.6321654067397163e-06
7,4,WEB,Tot sum,0.21465734438970685
7,4,WEB,Min,0.042622286764364505
7,4,WEB,Max,0.00793329474181519
7,4,WEB,AVG,0.1372464642394334
7,4,WEB,Std,0.022600995422362758
7,4,WEB,Tot size,0.18876451896503568
7,4,WEB,IAT,0.16410261229757453
7,4,WEB,Number,0.01180901051266119
7,4,WEB,Variance,0.14511195168215635
7,5,WEB,Header_Length,8.495703365909434e-05
7,5,WEB,Protocol Type,1.4014077276047754e-05
7,5,WEB,Time_To_Live,0.004778455457005748
7,5,WEB,Rate,4.489474195459309e-05
7,5,WEB,fin_flag_number,6.979332486517498e-06
7,5,WEB,syn_flag_number,0.0011320568056149226
7,5,WEB,rst_flag_number,2.646221791790821e-06
7,5,WEB,psh_flag_number,2.9782546647781626e-06
7,5,WEB,ack_flag_number,0.0009999451926212544
7,5,WEB,ece_flag_number,0.0
7,5,WEB,cwr_flag_number,0.0
7,5,WEB,ack_count,0.00011855863971792502
7,5,WEB,syn_count,0.00028034623652786197
7,5,WEB,fin_count,0.00024606173104047
7,5,WEB,rst_count,0.00014360416064000957
7,5,WEB,HTTP,7.545556400145869e-07
7,5,WEB,HTTPS,9.593936779883628e-06
7,5,WEB,DNS,6.730898867314712e-07
7,5,WEB,Telnet,0.0
7,5,WEB,SMTP,0.0
7,5,WEB,SSH,5.432686862150149e-07
7,5,WEB,IRC,0.0
7,5,WEB,TCP,5.9308432191207405e-06
7,5,WEB,UDP,0.0013042944636708852
7,5,WEB,DHCP,0.0
7,5,WEB,ARP,3.182995021520918e-06
7,5,WEB,ICMP,8.982855236672193e-06
7,5,WEB,IGMP,0.0
7,5,WEB,IPv,1.612702410325184e-06
7,5,WEB,LLC,5.026142260951272e-07
7,5,WEB,Tot sum,0.0910324756107002
7,5,WEB,Min,0.017194655446685657
7,5,WEB,Max,0.004267374927530909
7,5,WEB,AVG,0.1652437505630587
7,5,WEB,Std,0.008526818262180314
7,5,WEB,Tot size,0.15569535656031802
7,5,WEB,IAT,0.03752946956906271
7,5,WEB,Number,0.004054627232403618
7,5,WEB,Variance,0.026373882038751618
8,1,BENIGN,Header_Length,0.00010628216236909793
8,1,BENIGN,Protocol Type,1.5410014611916267e-05
8,1,BENIGN,Time_To_Live,0.06390491695401579
8,1,BENIGN,Rate,0.00026267041112078006
8,1,BENIGN,fin_flag_number,3.9473419712976464e-05
8,1,BENIGN,syn_flag_number,0.0020356061178972594
8,1,BENIGN,rst_flag_number,4.260642187148278e-06
8,1,BENIGN,psh_flag_number,1.6438743966773472e-05
8,1,BENIGN,ack_flag_number,0.011407287264592014
8,1,BENIGN,ece_flag_number,0.0
8,1,BENIGN,cwr_flag_number,0.0
8,1,BENIGN,ack_count,0.0030308320379390354
8,1,BENIGN,syn_count,0.00036884149753859676
8,1,BENIGN,fin_count,0.0018029904100330895
8,1,BENIGN,rst_count,0.0021845935864348576
8,1,BENIGN,HTTP,1.9758560310734197e-05
8,1,BENIGN,HTTPS,1.398206958675985e-05
8,1,BENIGN,DNS,1.0061230426572365e-08
8,1,BENIGN,Telnet,0.0
8,1,BENIGN,SMTP,0.0
8,1,BENIGN,SSH,0.0
8,1,BENIGN,IRC,0.0
8,1,BENIGN,TCP,3.04758379741088e-06
8,1,BENIGN,UDP,0.002076997461699648
8,1,BENIGN,DHCP,0.0
8,1,BENIGN,ARP,2.9354101114265065e-07
8,1,BENIGN,ICMP,2.38444826891282e-05
8,1,BENIGN,IGMP,0.0
8,1,BENIGN,IPv,1.390580476545722e-07
8,1,BENIGN,LLC,1.5459796627315114e-06
8,1,BENIGN,Tot sum,0.2079282861202955
8,1,BENIGN,Min,0.0063960410916479304
8,1,BENIGN,Max,0.006442577566485852
8,1,BENIGN,AVG,0.0338287114398554
8,1,BENIGN,Std,0.0689308825880289
8,1,BENIGN,Tot size,0.062259087106212974
8,1,BENIGN,IAT,0.022263730373742872
8,1,BENIGN,Number,0.015200288203777746
8,1,BENIGN,Variance,0.5018053624546155
8,2,BENIGN,Header_Length,9.63020765851752e-06
8,2,BENIGN,Protocol Type,1.5729922600016266e-06
8,2,BENIGN,Time_To_Live,0.00290530767817927
8,2,BENIGN,Rate,3.697071288684128e-05
8,2,BENIGN,fin_flag_number,6.032219584994891e-06
8,2,BENIGN,syn_flag_number,0.000802284227211203
8,2,BENIGN,rst_flag_number,1.2535719958739477e-06
8,2,BENIGN,psh_flag_number,3.278090427372149e-06
8,2,BENIGN,ack_flag_number,0.000944984923262382
8,2,BENIGN,ece_flag_number,0.0
8,2,BENIGN,cwr_flag_number,0.0
8,2,BENIGN,ack_count,3.193982213360869e-05
8,2,BENIGN,syn_count,0.0002258874216749973
8,2,BENIGN,fin_count,0.00023880397488937888
8,2,BENIGN,rst_count,0.00024107720181021364
8,2,BENIGN,HTTP,5.100079221387332e-07
8,2,BENIGN,HTTPS,2.56277156118756e-07
8,2,BENIGN,DNS,6.864368991443825e-07
8,2,BENIGN,Telnet,0.0
8,2,BENIGN,SMTP,0.0
8,2,BENIGN,SSH,1.3267444032294406e-09
8,2,BENIGN,IRC,0.0
8,2,BENIGN,TCP,9.875332147135652e-07
8,2,BENIGN,UDP,0.0004964283585820794
8,2,BENIGN,DHCP,0.0
8,2,BENIGN,ARP,6.972744997710278e-10
8,2,BENIGN,ICMP,1.2562463186371886e-06
8,2,BENIGN,IGMP,0.0
8,2,BENIGN,IPv,9.810781881336439e-10
8,2,BENIGN,LLC,5.694249828602782e-09
8,2,BENIGN,Tot sum,0.029703313965001144
8,2,BENIGN,Min,0.00020733893035220773
8,2,BENIGN,Max,0.0008020135835977271
8,2,BENIGN,AVG,0.0033121057047537763
8,2,BENIGN,Std,0.006832733878400177
8,2,BENIGN,Tot size,0.004037376737687737
8,2,BENIGN,IAT,0.004161302945431089
8,2,BENIGN,Number,0.0014929801593098091
8,2,BENIGN,Variance,0.014277818473055958
8,3,BENIGN,Header_Length,0.00013581006573986086
8,3,BENIGN,Protocol Type,5.66603804514898e-06
8,3,BENIGN,Time_To_Live,0.023594108387987943
8,3,BENIGN,Rate,0.00041420256807214175
8,3,BENIGN,fin_flag_number,4.918896159438191e-05
8,3,BENIGN,syn_flag_number,0.0062984389172925145
8,3,BENIGN,rst_flag_number,1.1289900223232508e-05
8,3,BENIGN,psh_flag_number,5.26225851331219e-05
8,3,BENIGN,ack_flag_number,0.02137917025538627
8,3,BENIGN,ece_flag_number,0.0
8,3,BENIGN,cwr_flag_number,0.0
8,3,BENIGN,ack_count,0.0005729549014176882
8,3,BENIGN,syn_count,0.0008794756111001334
8,3,BENIGN,fin_count,0.001703502214695618
8,3,BENIGN,rst_count,0.0026089648449669767
8,3,BENIGN,HTTP,9.843514202145798e-06
8,3,BENIGN,HTTPS,8.688337186413263e-06
8,3,BENIGN,DNS,1.2835115605736025e-06
8,3,BENIGN,Telnet,0.0
8,3,BENIGN,SMTP,0.0
8,3,BENIGN,SSH,0.0
8,3,BENIGN,IRC,0.0
8,3,BENIGN,TCP,1.3946954720722714e-05
8,3,BENIGN,UDP,0.0023483643361942087
8,3,BENIGN,DHCP,0.0
8,3,BENIGN,ARP,4.467586493417386e-06
8,3,BENIGN,ICMP,6.880972119915896e-05
8,3,BENIGN,IGMP,0.0
8,3,BENIGN,IPv,4.662521977127909e-06
8,3,BENIGN,LLC,2.5039698310713733e-05
8,3,BENIGN,Tot sum,0.24907244928181171
8,3,BENIGN,Min,0.00267574397403223
8,3,BENIGN,Max,0.007794709177687764
8,3,BENIGN,AVG,0.09545453796163202
8,3,BENIGN,Std,0.08583641871809959
8,3,BENIGN,Tot size,0.036914243921637536
8,3,BENIGN,IAT,0.13013528851734008
8,3,BENIGN,Number,0.016965807229280472
8,3,BENIGN,Variance,0.1646484162658453
8,4,BENIGN,Header_Length,0.00024310148142490107
8,4,BENIGN,Protocol Type,9.792497195348915e-06
8,4,BENIGN,Time_To_Live,0.20804600388360087
8,4,BENIGN,Rate,0.0003266191490638448
8,4,BENIGN,fin_flag_number,7.27223255410081e-06
8,4,BENIGN,syn_flag_number,0.0031128065318625888
8,4,BENIGN,rst_flag_number,1.023380713705002e-06
8,4,BENIGN,psh_flag_number,7.235342496869634e-06
8,4,BENIGN,ack_flag_number,0.019640101396362297
8,4,BENIGN,ece_flag_number,0.0
8,4,BENIGN,cwr_flag_number,0.0
8,4,BENIGN,ack_count,0.0014872793344693491
8,4,BENIGN,syn_count,0.001022271515466855
8,4,BENIGN,fin_count,0.00021467467513502925
8,4,BENIGN,rst_count,0.0002548669145085114
8,4,BENIGN,HTTP,5.326896993267383e-05
8,4,BENIGN,HTTPS,4.214923174217233e-05
8,4,BENIGN,DNS,1.4423910200123124e-07
8,4,BENIGN,Telnet,0.0
8,4,BENIGN,SMTP,0.0
8,4,BENIGN,SSH,0.0
8,4,BENIGN,IRC,0.0
8,4,BENIGN,TCP,8.613860904915782e-06
8,4,BENIGN,UDP,0.0011898231830855365
8,4,BENIGN,DHCP,0.0
8,4,BENIGN,ARP,6.543284304184394e-06
8,4,BENIGN,ICMP,1.7779474745793777e-05
8,4,BENIGN,IGMP,0.0
8,4,BENIGN,IPv,4.819012106803411e-06
8,4,BENIGN,LLC,1.065661003501958e-05
8,4,BENIGN,Tot sum,0.19168700869195163
8,4,BENIGN,Min,0.007533630981561146
8,4,BENIGN,Max,0.00505178400198929
8,4,BENIGN,AVG,0.025609858267125675
8,4,BENIGN,Std,0.045675285896868444
8,4,BENIGN,Tot size,0.06771163558587431
8,4,BENIGN,IAT,0.026764488082699246
8,4,BENIGN,Number,0.03539587211998878
8,4,BENIGN,Variance,0.13206261471423203
8,5,BENIGN,Header_Length,8.4220101871324e-05
8,5,BENIGN,Protocol Type,2.8606743509129727e-06
8,5,BENIGN,Time_To_Live,0.015831470728153364
8,5,BENIGN,Rate,0.00016434094100077347
8,5,BENIGN,fin_flag_number,1.2608390231605427e-05
8,5,BENIGN,syn_flag_number,0.004124911666440312
8,5,BENIGN,rst_flag_number,2.0913859195670346e-06
8,5,BENIGN,psh_flag_number,1.96466781673621e-05
8,5,BENIGN,ack_flag_number,0.009794321599474642
8,5,BENIGN,ece_flag_number,0.0
8,5,BENIGN,cwr_flag_number,0.0
8,5,BENIGN,ack_count,0.0002990478646211159
8,5,BENIGN,syn_count,0.002071224895917112
8,5,BENIGN,fin_count,0.0005937312484093127
8,5,BENIGN,rst_count,0.0005782687730743419
8,5,BENIGN,HTTP,3.32921550239007e-07
8,5,BENIGN,HTTPS,8.890660927296512e-06
8,5,BENIGN,DNS,1.039937226630927e-06
8,5,BENIGN,Telnet,0.0
8,5,BENIGN,SMTP,0.0
8,5,BENIGN,SSH,0.0
8,5,BENIGN,IRC,0.0
8,5,BENIGN,TCP,1.307319603327528e-06
8,5,BENIGN,UDP,0.0013935791663243434
8,5,BENIGN,DHCP,0.0
8,5,BENIGN,ARP,1.3515821186416143e-07
8,5,BENIGN,ICMP,2.0629956225093338e-05
8,5,BENIGN,IGMP,0.0
8,5,BENIGN,IPv,8.308409533475114e-07
8,5,BENIGN,LLC,1.02229735552406e-06
8,5,BENIGN,Tot sum,0.07792406493099406
8,5,BENIGN,Min,0.01860355952740065
8,5,BENIGN,Max,0.010990049154497684
8,5,BENIGN,AVG,0.11447958517819642
8,5,BENIGN,Std,0.10643322113901377
8,5,BENIGN,Tot size,0.09832581328228115
8,5,BENIGN,IAT,0.03626880762167275
8,5,BENIGN,Number,0.008841351310820755
8,5,BENIGN,Variance,0.2909896702505648
8,1,DDOS,Header_Length,0.00897106186603196
8,1,DDOS,Protocol Type,0.0008106147085982229
8,1,DDOS,Time_To_Live,0.0005714797399491544
8,1,DDOS,Rate,0.002682348903545062
8,1,DDOS,fin_flag_number,0.0002530053552618483
8,1,DDOS,syn_flag_number,0.010194358030275907
8,1,DDOS,rst_flag_number,3.2348319564334815e-05
8,1,DDOS,psh_flag_number,0.0003899136143445503
8,1,DDOS,ack_flag_number,0.010298971645534038
8,1,DDOS,ece_flag_number,0.0
8,1,DDOS,cwr_flag_number,0.0
8,1,DDOS,ack_count,0.01669715214520693
8,1,DDOS,syn_count,0.01883574662497267
8,1,DDOS,fin_count,0.0427203506231308
8,1,DDOS,rst_count,0.022585502453148366
8,1,DDOS,HTTP,0.00015062791026139167
8,1,DDOS,HTTPS,1.1431759884317216e-05
8,1,DDOS,DNS,0.0
8,1,DDOS,Telnet,0.0
8,1,DDOS,SMTP,0.0
8,1,DDOS,SSH,0.0
8,1,DDOS,IRC,0.0
8,1,DDOS,TCP,0.003525293752318248
8,1,DDOS,UDP,0.02339039903599769
8,1,DDOS,DHCP,0.0
8,1,DDOS,ARP,1.4523174274927442e-05
8,1,DDOS,ICMP,0.002317374937047134
8,1,DDOS,IGMP,0.0
8,1,DDOS,IPv,3.3379641347863754e-06
8,1,DDOS,LLC,8.14608953021434e-06
8,1,DDOS,Tot sum,0.7046800564043224
8,1,DDOS,Min,0.006857767095789313
8,1,DDOS,Max,0.0045233295830257704
8,1,DDOS,AVG,0.1263197187334299
8,1,DDOS,Std,0.011176123679615558
8,1,DDOS,Tot size,0.14077472016215326
8,1,DDOS,IAT,0.002211109979543835
8,1,DDOS,Number,1.1605887749510656e-06
8,1,DDOS,Variance,0.03853304097428918
8,2,DDOS,Header_Length,0.019534458759517294
8,2,DDOS,Protocol Type,0.00200497979536749
8,2,DDOS,Time_To_Live,0.0015067352116602706
8,2,DDOS,Rate,0.002571418642128265
8,2,DDOS,fin_flag_number,0.0002642807933511904
8,2,DDOS,syn_flag_number,0.02650916695129126
8,2,DDOS,rst_flag_number,6.88919920492026e-05
8,2,DDOS,psh_flag_number,0.00010082368526056484
8,2,DDOS,ack_flag_number,0.005066690683088381
8,2,DDOS,ece_flag_number,0.0
8,2,DDOS,cwr_flag_number,0.0
8,2,DDOS,ack_count,0.008342508328678378
8,2,DDOS,syn_count,0.03532222876128799
8,2,DDOS,fin_count,0.05040732963825576
8,2,DDOS,rst_count,0.033117868523731886
8,2,DDOS,HTTP,2.4496358292935838e-05
8,2,DDOS,HTTPS,9.120100639847806e-05
8,2,DDOS,DNS,6.905409099999815e-06
8,2,DDOS,Telnet,0.0
8,2,DDOS,SMTP,0.0
8,2,DDOS,SSH,0.0
8,2,DDOS,IRC,0.0
8,2,DDOS,TCP,0.010147281557374299
8,2,DDOS,UDP,0.022826607046226854
8,2,DDOS,DHCP,0.0
8,2,DDOS,ARP,2.2188879704287954e-06
8,2,DDOS,ICMP,0.004809568833320554
8,2,DDOS,IGMP,0.0
8,2,DDOS,IPv,5.808678629648511e-07
8,2,DDOS,LLC,3.507872961705516e-06
8,2,DDOS,Tot sum,0.048081325832754374
8,2,DDOS,Min,1.4999556150030458e-06
8,2,DDOS,Max,0.0038806367010693066
8,2,DDOS,AVG,0.017851778649492188
8,2,DDOS,Std,0.012050695475772954
8,2,DDOS,Tot size,0.02189465342089534
8,2,DDOS,IAT,0.0032422064992715604
8,2,DDOS,Number,2.4341068842659298e-05
8,2,DDOS,Variance,0.03551360247656703
8,3,DDOS,Header_Length,0.005063211399829015
8,3,DDOS,Protocol Type,0.000757527887822107
8,3,DDOS,Time_To_Live,0.0014359521461301482
8,3,DDOS,Rate,0.0008328949472343084
8,3,DDOS,fin_flag_number,0.00022330684150801973
8,3,DDOS,syn_flag_number,0.03183241244405508
8,3,DDOS,rst_flag_number,8.37438194139395e-05
8,3,DDOS,psh_flag_number,0.00037719459141953847
8,3,DDOS,ack_flag_number,0.00995613300765399
8,3,DDOS,ece_flag_number,0.0
8,3,DDOS,cwr_flag_number,0.0
8,3,DDOS,ack_count,0.011693244919297286
8,3,DDOS,syn_count,0.03276581699756207
8,3,DDOS,fin_count,0.04136019553989172
8,3,DDOS,rst_count,0.024305472848936915
8,3,DDOS,HTTP,0.0001094397361157462
8,3,DDOS,HTTPS,3.2232383091468363e-07
8,3,DDOS,DNS,6.799201941021238e-07
8,3,DDOS,Telnet,0.0
8,3,DDOS,SMTP,0.0
8,3,DDOS,SSH,0.0
8,3,DDOS,IRC,0.0
8,3,DDOS,TCP,0.0024458635423798116
8,3,DDOS,UDP,0.020712846098467706
8,3,DDOS,DHCP,0.0
8,3,DDOS,ARP,3.396952615730697e-06
8,3,DDOS,ICMP,0.001429848963744007
8,3,DDOS,IGMP,0.0
8,3,DDOS,IPv,1.5917102103912838e-06
8,3,DDOS,LLC,2.8082049254862795e-06
8,3,DDOS,Tot sum,0.031615825137123466
8,3,DDOS,Min,0.0013577580160927028
8,3,DDOS,Max,0.004622312524952576
8,3,DDOS,AVG,0.025701258890330793
8,3,DDOS,Std,0.010919883393216877
8,3,DDOS,Tot size,0.018133842013776304
8,3,DDOS,IAT,0.0004042608938561898
8,3,DDOS,Number,0.0
8,3,DDOS,Variance,0.015016526100225747
8,4,DDOS,Header_Length,0.013746395939961076
8,4,DDOS,Protocol Type,0.00275413075578399
8,4,DDOS,Time_To_Live,0.0010400122509963694
8,4,DDOS,Rate,0.0022976714154083313
8,4,DDOS,fin_flag_number,0.00019147772018186516
8,4,DDOS,syn_flag_number,0.011365917391958646
8,4,DDOS,rst_flag_number,2.6884964751161532e-05
8,4,DDOS,psh_flag_number,0.0006146526575321332
8,4,DDOS,ack_flag_number,0.021232348759076557
8,4,DDOS,ece_flag_number,0.0
8,4,DDOS,cwr_flag_number,0.0
8,4,DDOS,ack_count,0.05224284185096621
8,4,DDOS,syn_count,0.013974177930504084
8,4,DDOS,fin_count,0.032309290382545444
8,4,DDOS,rst_count,0.016654526843922213
8,4,DDOS,HTTP,0.0005933940135946613
8,4,DDOS,HTTPS,0.001370544962628628
8,4,DDOS,DNS,1.829633126249064e-06
8,4,DDOS,Telnet,0.0
8,4,DDOS,SMTP,0.0
8,4,DDOS,SSH,0.0
8,4,DDOS,IRC,0.0
8,4,DDOS,TCP,0.0073056456283666195
8,4,DDOS,UDP,0.046495077665895224
8,4,DDOS,DHCP,0.0
8,4,DDOS,ARP,4.991328779624382e-06
8,4,DDOS,ICMP,0.002849432521543349
8,4,DDOS,IGMP,0.0
8,4,DDOS,IPv,8.570735413826469e-07
8,4,DDOS,LLC,4.727042618313249e-06
8,4,DDOS,Tot sum,0.08656302033923566
8,4,DDOS,Min,0.0019203957861464005
8,4,DDOS,Max,0.003525803786760662
8,4,DDOS,AVG,0.03208993780426681
8,4,DDOS,Std,0.004505245434120298
8,4,DDOS,Tot size,0.02870573606342077
8,4,DDOS,IAT,0.006461816077353433
8,4,DDOS,Number,0.0
8,4,DDOS,Variance,0.00632290787762031
8,5,DDOS,Header_Length,0.011585475454194239
8,5,DDOS,Protocol Type,0.0020500870688920257
8,5,DDOS,Time_To_Live,0.0016944592076470143
8,5,DDOS,Rate,0.0012041042617966014
8,5,DDOS,fin_flag_number,6.320076419683574e-05
8,5,DDOS,syn_flag_number,0.026072751018364215
8,5,DDOS,rst_flag_number,3.288518651061168e-05
8,5,DDOS,psh_flag_number,0.00019686698266241365
8,5,DDOS,ack_flag_number,0.014928580913692712
8,5,DDOS,ece_flag_number,0.0
8,5,DDOS,cwr_flag_number,0.0
8,5,DDOS,ack_count,0.02091681903693825
8,5,DDOS,syn_count,0.014730869690538384
8,5,DDOS,fin_count,0.013251342736475635
8,5,DDOS,rst_count,0.01340959868975915
8,5,DDOS,HTTP,2.78261222774745e-07
8,5,DDOS,HTTPS,0.001959841532362816
8,5,DDOS,DNS,2.932448270875909e-06
8,5,DDOS,Telnet,0.0
8,5,DDOS,SMTP,0.0
8,5,DDOS,SSH,0.0
8,5,DDOS,IRC,0.0
8,5,DDOS,TCP,0.0056751569671178006
8,5,DDOS,UDP,0.03462090730899945
8,5,DDOS,DHCP,0.0
8,5,DDOS,ARP,4.494172513691552e-06
8,5,DDOS,ICMP,0.0014322118917334593
8,5,DDOS,IGMP,0.0
8,5,DDOS,IPv,1.3221783587979985e-06
8,5,DDOS,LLC,4.0990648303207425e-06
8,5,DDOS,Tot sum,0.3801477044820786
8,5,DDOS,Min,0.0
8,5,DDOS,Max,0.01704391876992304
8,5,DDOS,AVG,0.06344911600463092
8,5,DDOS,Std,0.06013300905469805
8,5,DDOS,Tot size,0.031424722948577254
8,5,DDOS,IAT,0.00487718234762724
8,5,DDOS,Number,0.0
8,5,DDOS,Variance,0.44879772649146615
8,1,DOS,Header_Length,0.005451310307034873
8,1,DOS,Protocol Type,0.001055366398577462
8,1,DOS,Time_To_Live,0.0019630213653385907
8,1,DOS,Rate,0.003752706760133151
8,1,DOS,fin_flag_number,0.0002722179112424783
8,1,DOS,syn_flag_number,0.00248918641009368
8,1,DOS,rst_flag_number,6.607294340028602e-05
8,1,DOS,psh_flag_number,0.00027318986831232906
8,1,DOS,ack_flag_number,0.011941932412446477
8,1,DOS,ece_flag_number,0.0
8,1,DOS,cwr_flag_number,0.0
8,1,DOS,ack_count,0.022303587233182043
8,1,DOS,syn_count,0.009779741102829576
8,1,DOS,fin_count,0.05041794957360253
8,1,DOS,rst_count,0.011746540246531368
8,1,DOS,HTTP,6.95467473633471e-05
8,1,DOS,HTTPS,7.8515185077066e-06
8,1,DOS,DNS,0.0
8,1,DOS,Telnet,0.0
8,1,DOS,SMTP,0.0
8,1,DOS,SSH,0.0
8,1,DOS,IRC,0.0
8,1,DOS,TCP,0.003095992445923912
8,1,DOS,UDP,0.03476355108432472
8,1,DOS,DHCP,0.0
8,1,DOS,ARP,1.9192740434448297e-05
8,1,DOS,ICMP,0.0015945191337777942
8,1,DOS,IGMP,0.0
8,1,DOS,IPv,4.763989298339766e-06
8,1,DOS,LLC,8.820004879339649e-06
8,1,DOS,Tot sum,0.18432046100497246
8,1,DOS,Min,0.022329671867191793
8,1,DOS,Max,0.027076621258675004
8,1,DOS,AVG,0.1926180511713028
8,1,DOS,Std,0.0873971241991967
8,1,DOS,Tot size,0.03893169357324951
8,1,DOS,IAT,0.0011786673727328888
8,1,DOS,Number,3.058425743773796e-06
8,1,DOS,Variance,0.29077387005090716
8,2,DOS,Header_Length,0.008480716559279244
8,2,DOS,Protocol Type,0.0008025843006180366
8,2,DOS,Time_To_Live,0.006781598004454281
8,2,DOS,Rate,0.0016691144825017545
8,2,DOS,fin_flag_number,0.00026935941496049055
8,2,DOS,syn_flag_number,0.02445701395627111
8,2,DOS,rst_flag_number,6.84935987010249e-05
8,2,DOS,psh_flag_number,6.541220045619411e-05
8,2,DOS,ack_flag_number,0.0033270682346483228
8,2,DOS,ece_flag_number,0.0
8,2,DOS,cwr_flag_number,0.0
8,2,DOS,ack_count,0.008182182697055396
8,2,DOS,syn_count,0.028758137323893606
8,2,DOS,fin_count,0.052872384618967774
8,2,DOS,rst_count,0.024862560722976924
8,2,DOS,HTTP,3.721857883647317e-05
8,2,DOS,HTTPS,0.0002794513348248984
8,2,DOS,DNS,0.0
8,2,DOS,Telnet,0.0
8,2,DOS,SMTP,0.0
8,2,DOS,SSH,0.0
8,2,DOS,IRC,0.0
8,2,DOS,TCP,0.004421449722394754
8,2,DOS,UDP,0.035455285559874025
8,2,DOS,DHCP,0.0
8,2,DOS,ARP,1.4175399954297063e-06
8,2,DOS,ICMP,0.00165811231090629
8,2,DOS,IGMP,0.0
8,2,DOS,IPv,3.411857926849393e-07
8,2,DOS,LLC,5.770201262578212e-07
8,2,DOS,Tot sum,0.12221735125640407
8,2,DOS,Min,0.01718123370611835
8,2,DOS,Max,0.008435905841179193
8,2,DOS,AVG,0.13459142465144397
8,2,DOS,Std,0.023616520687937737
8,2,DOS,Tot size,0.03799036666750908
8,2,DOS,IAT,0.006252600140578579
8,2,DOS,Number,0.0002353122885551784
8,2,DOS,Variance,0.07830059910193085
8,3,DOS,Header_Length,0.01251757672871463
8,3,DOS,Protocol Type,0.002070236192594166
8,3,DOS,Time_To_Live,0.015161066211294382
8,3,DOS,Rate,0.0035125483820593216
8,3,DOS,fin_flag_number,0.00035818715477944354
8,3,DOS,syn_flag_number,0.02081910320666793
8,3,DOS,rst_flag_number,0.00011497176928969566
8,3,DOS,psh_flag_number,0.00013809468036924956
8,3,DOS,ack_flag_number,0.00585032015806064
8,3,DOS,ece_flag_number,0.0
8,3,DOS,cwr_flag_number,0.0
8,3,DOS,ack_count,0.01123233896214515
8,3,DOS,syn_count,0.02214699643664062
8,3,DOS,fin_count,0.05892490353435278
8,3,DOS,rst_count,0.018968963832594454
8,3,DOS,HTTP,0.0015379339503851952
8,3,DOS,HTTPS,3.77814011898181e-07
8,3,DOS,DNS,3.1456135374696716e-06
8,3,DOS,Telnet,0.0
8,3,DOS,SMTP,0.0
8,3,DOS,SSH,0.0
8,3,DOS,IRC,0.0
8,3,DOS,TCP,0.006914541959122289
8,3,DOS,UDP,0.05283464869426098
8,3,DOS,DHCP,0.0
8,3,DOS,ARP,5.1065427413732324e-06
8,3,DOS,ICMP,0.00434142162266653
8,3,DOS,IGMP,0.0
8,3,DOS,IPv,3.852433977158398e-06
8,3,DOS,LLC,9.746173512326095e-06
8,3,DOS,Tot sum,0.20651620142161847
8,3,DOS,Min,0.0130722526460886
8,3,DOS,Max,0.003522683764458634
8,3,DOS,AVG,0.10085791498422622
8,3,DOS,Std,0.008563365554437041
8,3,DOS,Tot size,0.025778166437521576
8,3,DOS,IAT,0.0011311445061437553
8,3,DOS,Number,0.0
8,3,DOS,Variance,0.041005969233810904
8,4,DOS,Header_Length,0.01506724266873789
8,4,DOS,Protocol Type,0.0024726537871174515
8,4,DOS,Time_To_Live,0.0202566672978719
8,4,DOS,Rate,0.001529252867840114
8,4,DOS,fin_flag_number,4.747220245917561e-05
8,4,DOS,syn_flag_number,0.01243404655251652
8,4,DOS,rst_flag_number,1.3283576868161617e-05
8,4,DOS,psh_flag_number,0.00019610759263741784
8,4,DOS,ack_flag_number,0.009718727915605995
8,4,DOS,ece_flag_number,0.0
8,4,DOS,cwr_flag_number,0.0
8,4,DOS,ack_count,0.01801366510335356
8,4,DOS,syn_count,0.015273343997978372
8,4,DOS,fin_count,0.00858264290727675
8,4,DOS,rst_count,0.006466493353946135
8,4,DOS,HTTP,0.0001433147128409473
8,4,DOS,HTTPS,0.0015410423236971837
8,4,DOS,DNS,4.878957204912382e-06
8,4,DOS,Telnet,0.0
8,4,DOS,SMTP,0.0
8,4,DOS,SSH,0.0
8,4,DOS,IRC,0.0
8,4,DOS,TCP,0.007531670794378442
8,4,DOS,UDP,0.04333235819358379
8,4,DOS,DHCP,0.0
8,4,DOS,ARP,5.280361475819006e-05
8,4,DOS,ICMP,0.0031651482553570532
8,4,DOS,IGMP,0.0
8,4,DOS,IPv,3.0613776146992676e-06
8,4,DOS,LLC,2.7933848819117203e-05
8,4,DOS,Tot sum,0.274170593265444
8,4,DOS,Min,0.018088629737030716
8,4,DOS,Max,0.01725293195922859
8,4,DOS,AVG,0.18788425922393798
8,4,DOS,Std,0.04516925376956351
8,4,DOS,Tot size,0.051933863456360994
8,4,DOS,IAT,0.004736783665430266
8,4,DOS,Number,0.0
8,4,DOS,Variance,0.07503822238650174
8,5,DOS,Header_Length,0.02259821617117268
8,5,DOS,Protocol Type,0.002345304262235004
8,5,DOS,Time_To_Live,0.0031774588220287114
8,5,DOS,Rate,0.002293676141925971
8,5,DOS,fin_flag_number,0.00016221245426777385
8,5,DOS,syn_flag_number,0.025124028394930064
8,5,DOS,rst_flag_number,7.284866294412495e-05
8,5,DOS,psh_flag_number,0.00020319154896242253
8,5,DOS,ack_flag_number,0.007803298372164136
8,5,DOS,ece_flag_number,0.0
8,5,DOS,cwr_flag_number,0.0
8,5,DOS,ack_count,0.01606448631937383
8,5,DOS,syn_count,0.03897383740404621
8,5,DOS,fin_count,0.03600029174122028
8,5,DOS,rst_count,0.02917230640159687
8,5,DOS,HTTP,0.0008607118390500546
8,5,DOS,HTTPS,0.0018781830118086873
8,5,DOS,DNS,7.352830721174541e-07
8,5,DOS,Telnet,0.0
8,5,DOS,SMTP,0.0
8,5,DOS,SSH,0.0
8,5,DOS,IRC,0.0
8,5,DOS,TCP,0.010974432395232724
8,5,DOS,UDP,0.030134267784887925
8,5,DOS,DHCP,0.0
8,5,DOS,ARP,9.154193770655184e-06
8,5,DOS,ICMP,0.0037395059680420673
8,5,DOS,IGMP,0.0
8,5,DOS,IPv,3.013424017694888e-06
8,5,DOS,LLC,8.842672687592313e-06
8,5,DOS,Tot sum,0.19894136755610817
8,5,DOS,Min,0.0
8,5,DOS,Max,0.007819190749432891
8,5,DOS,AVG,0.0474429992493242
8,5,DOS,Std,0.029357165598776193
8,5,DOS,Tot size,0.00971357875969261
8,5,DOS,IAT,0.007138388571911491
8,5,DOS,Number,0.0
8,5,DOS,Variance,0.19206552510149777
8,1,MIRAI,Header_Length,4.834382161789108e-05
8,1,MIRAI,Protocol Type,0.00010600731347949477
8,1,MIRAI,Time_To_Live,7.712326496402965e-05
8,1,MIRAI,Rate,4.109406022507755e-05
8,1,MIRAI,fin_flag_number,1.0102486666596632e-05
8,1,MIRAI,syn_flag_number,0.001404371886746958
8,1,MIRAI,rst_flag_number,1.5339704629013794e-05
8,1,MIRAI,psh_flag_number,8.182086392594102e-06
8,1,MIRAI,ack_flag_number,0.0022331831976771356
8,1,MIRAI,ece_flag_number,0.0
8,1,MIRAI,cwr_flag_number,0.0
8,1,MIRAI,ack_count,0.0027501510718138888
8,1,MIRAI,syn_count,0.0012640347020351328
8,1,MIRAI,fin_count,0.0021758357826911377
8,1,MIRAI,rst_count,0.0013606806113784843
8,1,MIRAI,HTTP,4.061007763311863e-06
8,1,MIRAI,HTTPS,5.242703778662872e-07
8,1,MIRAI,DNS,1.2973065912219582e-07
8,1,MIRAI,Telnet,0.0
8,1,MIRAI,SMTP,0.0
8,1,MIRAI,SSH,0.0
8,1,MIRAI,IRC,0.0
8,1,MIRAI,TCP,2.2010338580003008e-05
8,1,MIRAI,UDP,0.006479447492165491
8,1,MIRAI,DHCP,0.0
8,1,MIRAI,ARP,2.1140314885315092e-07
8,1,MIRAI,ICMP,2.862258863274292e-05
8,1,MIRAI,IGMP,0.0
8,1,MIRAI,IPv,3.5769644712857485e-07
8,1,MIRAI,LLC,7.41097936796109e-08
8,1,MIRAI,Tot sum,0.45599677264690397
8,1,MIRAI,Min,0.036917607113718984
8,1,MIRAI,Max,0.01430091680958867
8,1,MIRAI,AVG,0.4411081305705011
8,1,MIRAI,Std,0.030234160367399454
8,1,MIRAI,Tot size,0.22174329310655594
8,1,MIRAI,IAT,0.00018379220837232423
8,1,MIRAI,Number,0.00042379303022617166
8,1,MIRAI,Variance,0.13042461648583412
8,2,MIRAI,Header_Length,5.806106819363777e-05
8,2,MIRAI,Protocol Type,0.00018457111946190707
8,2,MIRAI,Time_To_Live,7.192277798822033e-05
8,2,MIRAI,Rate,4.15361220802879e-05
8,2,MIRAI,fin_flag_number,2.835725244949572e-05
8,2,MIRAI,syn_flag_number,0.011099624447524548
8,2,MIRAI,rst_flag_number,3.3666620038275144e-05
8,2,MIRAI,psh_flag_number,3.659354808860371e-06
8,2,MIRAI,ack_flag_number,0.0007118191359040793
8,2,MIRAI,ece_flag_number,0.0
8,2,MIRAI,cwr_flag_number,0.0
8,2,MIRAI,ack_count,0.0008859609908540734
8,2,MIRAI,syn_count,0.010340985842049122
8,2,MIRAI,fin_count,0.004155491222627461
8,2,MIRAI,rst_count,0.002352542267180979
8,2,MIRAI,HTTP,7.464566306225606e-06
8,2,MIRAI,HTTPS,2.0519328472801134e-06
8,2,MIRAI,DNS,1.2992906306408258e-08
8,2,MIRAI,Telnet,0.0
8,2,MIRAI,SMTP,0.0
8,2,MIRAI,SSH,0.0
8,2,MIRAI,IRC,0.0
8,2,MIRAI,TCP,5.219592931098305e-05
8,2,MIRAI,UDP,0.008367549465037882
8,2,MIRAI,DHCP,0.0
8,2,MIRAI,ARP,1.0515113286757583e-07
8,2,MIRAI,ICMP,1.1413854372221976e-05
8,2,MIRAI,IGMP,0.0
8,2,MIRAI,IPv,2.9449517455759635e-07
8,2,MIRAI,LLC,9.824330344798682e-08
8,2,MIRAI,Tot sum,0.7021108150482178
8,2,MIRAI,Min,0.0764410489425245
8,2,MIRAI,Max,0.017750882916152476
8,2,MIRAI,AVG,0.7362280130386353
8,2,MIRAI,Std,0.02836234783753753
8,2,MIRAI,Tot size,0.3068989023566246
8,2,MIRAI,IAT,0.0006372902354996768
8,2,MIRAI,Number,3.403124346732511e-05
8,2,MIRAI,Variance,0.1427690504977363
8,3,MIRAI,Header_Length,4.711915889856755e-05
8,3,MIRAI,Protocol Type,0.00013325602922122925
8,3,MIRAI,Time_To_Live,0.00014749585679965093
8,3,MIRAI,Rate,7.447286916431039e-05
8,3,MIRAI,fin_flag_number,2.5262027884309644e-05
8,3,MIRAI,syn_flag_number,0.005544530274346471
8,3,MIRAI,rst_flag_number,3.3423709828639404e-05
8,3,MIRAI,psh_flag_number,5.458525174617535e-06
8,3,MIRAI,ack_flag_number,0.0006929194751137402
8,3,MIRAI,ece_flag_number,0.0
8,3,MIRAI,cwr_flag_number,0.0
8,3,MIRAI,ack_count,0.001062526631540095
8,3,MIRAI,syn_count,0.005086794262751937
8,3,MIRAI,fin_count,0.004873749543912708
8,3,MIRAI,rst_count,0.00252849004464224
8,3,MIRAI,HTTP,1.1973401024079067e-05
8,3,MIRAI,HTTPS,3.156291370487452e-07
8,3,MIRAI,DNS,1.4404988940563968e-08
8,3,MIRAI,Telnet,0.0
8,3,MIRAI,SMTP,0.0
8,3,MIRAI,SSH,0.0
8,3,MIRAI,IRC,0.0
8,3,MIRAI,TCP,6.238143614609726e-05
8,3,MIRAI,UDP,0.013101168943103403
8,3,MIRAI,DHCP,0.0
8,3,MIRAI,ARP,1.1120398468733583e-07
8,3,MIRAI,ICMP,5.072747881058603e-05
8,3,MIRAI,IGMP,0.0
8,3,MIRAI,IPv,4.616469084339769e-07
8,3,MIRAI,LLC,1.199177269484153e-07
8,3,MIRAI,Tot sum,0.8389705300331116
8,3,MIRAI,Min,0.061283066094620156
8,3,MIRAI,Max,0.019268045108765362
8,3,MIRAI,AVG,0.7889816761016846
8,3,MIRAI,Std,0.04137232787907123
8,3,MIRAI,Tot size,0.3713147684931755
8,3,MIRAI,IAT,0.0005171156417418388
8,3,MIRAI,Number,0.0
8,3,MIRAI,Variance,0.16485447566956282
8,4,MIRAI,Header_Length,6.555450690939323e-05
8,4,MIRAI,Protocol Type,0.00020208503628964535
8,4,MIRAI,Time_To_Live,0.00022874825569942913
8,4,MIRAI,Rate,5.8959648231393655e-05
8,4,MIRAI,fin_flag_number,4.226801365803112e-06
8,4,MIRAI,syn_flag_number,0.006755189225077629
8,4,MIRAI,rst_flag_number,5.852991512256267e-06
8,4,MIRAI,psh_flag_number,1.0470132929185639e-05
8,4,MIRAI,ack_flag_number,0.00137849178572651
8,4,MIRAI,ece_flag_number,0.0
8,4,MIRAI,cwr_flag_number,0.0
8,4,MIRAI,ack_count,0.0021164799691177905
8,4,MIRAI,syn_count,0.006377510167658329
8,4,MIRAI,fin_count,0.0007752610254101455
8,4,MIRAI,rst_count,0.00046622365625808014
8,4,MIRAI,HTTP,1.5912934645712085e-05
8,4,MIRAI,HTTPS,3.024176447752325e-06
8,4,MIRAI,DNS,3.887440074290538e-08
8,4,MIRAI,Telnet,0.0
8,4,MIRAI,SMTP,0.0
8,4,MIRAI,SSH,0.0
8,4,MIRAI,IRC,0.0
8,4,MIRAI,TCP,4.035733854834689e-05
8,4,MIRAI,UDP,0.01328062885440886
8,4,MIRAI,DHCP,0.0
8,4,MIRAI,ARP,1.5240403370420096e-07
8,4,MIRAI,ICMP,5.3571836633636846e-05
8,4,MIRAI,IGMP,0.0
8,4,MIRAI,IPv,4.3642633693607993e-07
8,4,MIRAI,LLC,1.4031273583015035e-07
8,4,MIRAI,Tot sum,1.1345249235630035
8,4,MIRAI,Min,0.04296527814003639
8,4,MIRAI,Max,0.028213097248226404
8,4,MIRAI,AVG,0.9868867635726929
8,4,MIRAI,Std,0.08502688229782507
8,4,MIRAI,Tot size,0.49755972176790236
8,4,MIRAI,IAT,0.0004802088649739744
8,4,MIRAI,Number,0.0
8,4,MIRAI,Variance,0.25588446522597225
8,5,MIRAI,Header_Length,5.389681937231217e-05
8,5,MIRAI,Protocol Type,0.00025442241894779727
8,5,MIRAI,Time_To_Live,0.00012391827513056342
8,5,MIRAI,Rate,0.00010443940409459174
8,5,MIRAI,fin_flag_number,9.014048964672839e-06
8,5,MIRAI,syn_flag_number,0.011306263925507664
8,5,MIRAI,rst_flag_number,1.28593775571062e-05
8,5,MIRAI,psh_flag_number,7.140007483030786e-06
8,5,MIRAI,ack_flag_number,0.0011021471698768436
8,5,MIRAI,ece_flag_number,0.0
8,5,MIRAI,cwr_flag_number,0.0
8,5,MIRAI,ack_count,0.00168736043269746
8,5,MIRAI,syn_count,0.010409759031608701
8,5,MIRAI,fin_count,0.0012189189903438092
8,5,MIRAI,rst_count,0.0007554467505542561
8,5,MIRAI,HTTP,0.0
8,5,MIRAI,HTTPS,2.5622639259381686e-05
8,5,MIRAI,DNS,3.6927572200085025e-08
8,5,MIRAI,Telnet,0.0
8,5,MIRAI,SMTP,0.0
8,5,MIRAI,SSH,0.0
8,5,MIRAI,IRC,0.0
8,5,MIRAI,TCP,7.67703622841509e-05
8,5,MIRAI,UDP,0.02520392802543938
8,5,MIRAI,DHCP,0.0
8,5,MIRAI,ARP,4.4904673845991284e-08
8,5,MIRAI,ICMP,4.33352412073873e-05
8,5,MIRAI,IGMP,0.0
8,5,MIRAI,IPv,1.9660796262144232e-07
8,5,MIRAI,LLC,2.4496562778253406e-08
8,5,MIRAI,Tot sum,1.2915108025074005
8,5,MIRAI,Min,0.14532114890462253
8,5,MIRAI,Max,0.027507923915982245
8,5,MIRAI,AVG,1.1832531988620758
8,5,MIRAI,Std,0.02369345473125577
8,5,MIRAI,Tot size,0.4802535533905029
8,5,MIRAI,IAT,0.0007554654621344525
8,5,MIRAI,Number,0.0
8,5,MIRAI,Variance,0.12209251597523689
8,1,RECON,Header_Length,8.115203877423482e-05
8,1,RECON,Protocol Type,4.06561519355364e-05
8,1,RECON,Time_To_Live,0.010488977333079675
8,1,RECON,Rate,0.0001117963060096372
8,1,RECON,fin_flag_number,1.5976956030527846e-05
8,1,RECON,syn_flag_number,0.024010913097299635
8,1,RECON,rst_flag_number,1.8420734363644442e-05
8,1,RECON,psh_flag_number,3.968427707832234e-05
8,1,RECON,ack_flag_number,0.018152931625809287
8,1,RECON,ece_flag_number,0.0
8,1,RECON,cwr_flag_number,0.0
8,1,RECON,ack_count,0.0034892837000370493
8,1,RECON,syn_count,0.0004171041719018831
8,1,RECON,fin_count,0.003758069711329881
8,1,RECON,rst_count,0.0021593729106825776
8,1,RECON,HTTP,1.3142976789204397e-05
8,1,RECON,HTTPS,4.7129655227706736e-05
8,1,RECON,DNS,4.961923673363345e-06
8,1,RECON,Telnet,0.0
8,1,RECON,SMTP,0.0
8,1,RECON,SSH,0.0
8,1,RECON,IRC,0.0
8,1,RECON,TCP,2.1308372791395413e-05
8,1,RECON,UDP,0.004158949732664041
8,1,RECON,DHCP,0.0
8,1,RECON,ARP,1.3023576514115121e-06
8,1,RECON,ICMP,2.2932310139367472e-05
8,1,RECON,IGMP,0.0
8,1,RECON,IPv,2.4117745825336103e-06
8,1,RECON,LLC,6.399062593942517e-06
8,1,RECON,Tot sum,0.32907458322588357
8,1,RECON,Min,0.001601150368838944
8,1,RECON,Max,0.002583415334447636
8,1,RECON,AVG,0.07542513888329268
8,1,RECON,Std,0.03036955373827368
8,1,RECON,Tot size,0.06920415442436934
8,1,RECON,IAT,0.06090595059213229
8,1,RECON,Number,0.014610733510926366
8,1,RECON,Variance,0.09652616314124315
8,2,RECON,Header_Length,7.464173431515064e-05
8,2,RECON,Protocol Type,8.959148395462079e-05
8,2,RECON,Time_To_Live,0.008213747178297126
8,2,RECON,Rate,0.00016523121277458585
8,2,RECON,fin_flag_number,9.023693797871601e-06
8,2,RECON,syn_flag_number,0.03421654004196171
8,2,RECON,rst_flag_number,2.476650528251412e-05
8,2,RECON,psh_flag_number,3.3697576865421296e-05
8,2,RECON,ack_flag_number,0.02405348759093613
8,2,RECON,ece_flag_number,0.0
8,2,RECON,cwr_flag_number,0.0
8,2,RECON,ack_count,0.0019183516338671324
8,2,RECON,syn_count,0.012065650691874907
8,2,RECON,fin_count,0.007586847808488529
8,2,RECON,rst_count,0.002456254444041406
8,2,RECON,HTTP,1.7158829500019122e-05
8,2,RECON,HTTPS,0.00010653082308067496
8,2,RECON,DNS,1.4147209367365576e-05
8,2,RECON,Telnet,0.0
8,2,RECON,SMTP,0.0
8,2,RECON,SSH,0.0
8,2,RECON,IRC,0.0
8,2,RECON,TCP,3.91968076309368e-05
8,2,RECON,UDP,0.007448336415518497
8,2,RECON,DHCP,0.0
8,2,RECON,ARP,8.141227223212866e-06
8,2,RECON,ICMP,9.151332874779428e-06
8,2,RECON,IGMP,0.0
8,2,RECON,IPv,1.4562857732469681e-05
8,2,RECON,LLC,2.625649318748202e-05
8,2,RECON,Tot sum,0.5075403839349747
8,2,RECON,Min,3.976100949885097e-05
8,2,RECON,Max,0.005525303108152002
8,2,RECON,AVG,0.09854275739053264
8,2,RECON,Std,0.026048842912496185
8,2,RECON,Tot size,0.15727559851366096
8,2,RECON,IAT,0.07713174844539025
8,2,RECON,Number,0.025358601461630315
8,2,RECON,Variance,0.3677672537043691
8,3,RECON,Header_Length,0.0001656481764257478
8,3,RECON,Protocol Type,2.495810670097853e-05
8,3,RECON,Time_To_Live,0.05476288102800027
8,3,RECON,Rate,0.0007547900209829095
8,3,RECON,fin_flag_number,4.8466560338056296e-05
8,3,RECON,syn_flag_number,0.0216995087423129
8,3,RECON,rst_flag_number,8.40139208492019e-05
8,3,RECON,psh_flag_number,7.092138910707036e-05
8,3,RECON,ack_flag_number,0.06733501988928765
8,3,RECON,ece_flag_number,0.0
8,3,RECON,cwr_flag_number,0.0
8,3,RECON,ack_count,0.0025918338884366675
8,3,RECON,syn_count,0.009616993155577801
8,3,RECON,fin_count,0.007615300761972321
8,3,RECON,rst_count,0.004388506302348105
8,3,RECON,HTTP,2.8633727077931324e-05
8,3,RECON,HTTPS,9.991683254781947e-05
8,3,RECON,DNS,1.5756225283780623e-05
8,3,RECON,Telnet,0.0
8,3,RECON,SMTP,0.0
8,3,RECON,SSH,0.0
8,3,RECON,IRC,0.0
8,3,RECON,TCP,8.211004967790813e-05
8,3,RECON,UDP,0.009180570787066245
8,3,RECON,DHCP,0.0
8,3,RECON,ARP,3.683763608997026e-06
8,3,RECON,ICMP,0.00013661554137343047
8,3,RECON,IGMP,0.0
8,3,RECON,IPv,2.6150123154877748e-06
8,3,RECON,LLC,5.436051723251012e-06
8,3,RECON,Tot sum,0.4866277564316988
8,3,RECON,Min,0.0028218061641148533
8,3,RECON,Max,0.0023270396777661517
8,3,RECON,AVG,0.11933374535292388
8,3,RECON,Std,0.019822178871254436
8,3,RECON,Tot size,0.14411189360544086
8,3,RECON,IAT,0.05633805255056359
8,3,RECON,Number,0.027801962499506772
8,3,RECON,Variance,0.31020775930956007
8,4,RECON,Header_Length,0.00016807206620796932
8,4,RECON,Protocol Type,6.534433168781106e-05
8,4,RECON,Time_To_Live,0.018114131335460117
8,4,RECON,Rate,0.00010640471900842385
8,4,RECON,fin_flag_number,4.306466968273525e-06
8,4,RECON,syn_flag_number,0.013717825249477756
8,4,RECON,rst_flag_number,4.85937375458434e-06
8,4,RECON,psh_flag_number,9.972617135645123e-05
8,4,RECON,ack_flag_number,0.03623099238611758
8,4,RECON,ece_flag_number,0.0
8,4,RECON,cwr_flag_number,0.0
8,4,RECON,ack_count,0.002692170334921684
8,4,RECON,syn_count,0.007839162963500712
8,4,RECON,fin_count,0.0007834565767552704
8,4,RECON,rst_count,0.0003637400222032738
8,4,RECON,HTTP,1.98174684665986e-05
8,4,RECON,HTTPS,0.00013032648921580404
8,4,RECON,DNS,4.361342264669332e-06
8,4,RECON,Telnet,0.0
8,4,RECON,SMTP,0.0
8,4,RECON,SSH,0.0
8,4,RECON,IRC,0.0
8,4,RECON,TCP,5.51152346176309e-05
8,4,RECON,UDP,0.007154787302715704
8,4,RECON,DHCP,0.0
8,4,RECON,ARP,7.629160160860237e-06
8,4,RECON,ICMP,3.8221075101319e-05
8,4,RECON,IGMP,0.0
8,4,RECON,IPv,6.138291412360886e-06
8,4,RECON,LLC,1.019170029543659e-05
8,4,RECON,Tot sum,0.5993650406599045
8,4,RECON,Min,0.0005481967347122918
8,4,RECON,Max,0.003605162815074436
8,4,RECON,AVG,0.19591116630472244
8,4,RECON,Std,0.01992602973477915
8,4,RECON,Tot size,0.24985966018866748
8,4,RECON,IAT,0.0781167134642601
8,4,RECON,Number,0.022872855491004884
8,4,RECON,Variance,0.23760935206664727
8,5,RECON,Header_Length,0.00020529158159661166
8,5,RECON,Protocol Type,1.8319478192552198e-05
8,5,RECON,Time_To_Live,0.03529536027485847
8,5,RECON,Rate,0.0002596237240140908
8,5,RECON,fin_flag_number,1.8075715348686572e-05
8,5,RECON,syn_flag_number,0.04690246240934357
8,5,RECON,rst_flag_number,1.8550651640225622e-05
8,5,RECON,psh_flag_number,6.341069468192017e-05
8,5,RECON,ack_flag_number,0.07430078156758099
8,5,RECON,ece_flag_number,0.0
8,5,RECON,cwr_flag_number,0.0
8,5,RECON,ack_count,0.0029870452955947256
8,5,RECON,syn_count,0.018992569576221287
8,5,RECON,fin_count,0.002542858810920734
8,5,RECON,rst_count,0.0012505650840466842
8,5,RECON,HTTP,1.4733626858287608e-05
8,5,RECON,HTTPS,4.516616050977973e-05
8,5,RECON,DNS,7.977547115006755e-06
8,5,RECON,Telnet,0.0
8,5,RECON,SMTP,0.0
8,5,RECON,SSH,0.0
8,5,RECON,IRC,0.0
8,5,RECON,TCP,4.1081175925228305e-05
8,5,RECON,UDP,0.00900466653820331
8,5,RECON,DHCP,0.0
8,5,RECON,ARP,2.7434498421241573e-06
8,5,RECON,ICMP,4.7767761986960974e-05
8,5,RECON,IGMP,0.0
8,5,RECON,IPv,5.487582457219808e-06
8,5,RECON,LLC,1.0607683358565545e-05
8,5,RECON,Tot sum,0.2382019255310297
8,5,RECON,Min,0.001273809499980416
8,5,RECON,Max,0.00481563072244171
8,5,RECON,AVG,0.16033700247990054
8,5,RECON,Std,0.039909380284370854
8,5,RECON,Tot size,0.1638757207139861
8,5,RECON,IAT,0.07833254819561261
8,5,RECON,Number,0.020379897323437035
8,5,RECON,Variance,0.3902220640797168
8,1,SPOOFING,Header_Length,3.477842922734453e-05
8,1,SPOOFING,Protocol Type,6.619849842337544e-05
8,1,SPOOFING,Time_To_Live,0.011558246301137842
8,1,SPOOFING,Rate,0.00012640790592399753
8,1,SPOOFING,fin_flag_number,1.3745935473252757e-05
8,1,SPOOFING,syn_flag_number,0.001691699521325063
8,1,SPOOFING,rst_flag_number,3.882954018763485e-06
8,1,SPOOFING,psh_flag_number,1.0761790656488302e-05
8,1,SPOOFING,ack_flag_number,0.0022995687249931507
8,1,SPOOFING,ece_flag_number,0.0
8,1,SPOOFING,cwr_flag_number,0.0
8,1,SPOOFING,ack_count,0.0024652835963934194
8,1,SPOOFING,syn_count,0.0002802255055939895
8,1,SPOOFING,fin_count,0.0015892634815827477
8,1,SPOOFING,rst_count,0.0008999724639579653
8,1,SPOOFING,HTTP,1.1428656705447793e-05
8,1,SPOOFING,HTTPS,2.6493121266923937e-05
8,1,SPOOFING,DNS,0.0
8,1,SPOOFING,Telnet,0.0
8,1,SPOOFING,SMTP,0.0
8,1,SPOOFING,SSH,0.0
8,1,SPOOFING,IRC,0.0
8,1,SPOOFING,TCP,6.33932324944908e-06
8,1,SPOOFING,UDP,0.004053307672438678
8,1,SPOOFING,DHCP,0.0
8,1,SPOOFING,ARP,5.113491041153218e-07
8,1,SPOOFING,ICMP,1.96199039152134e-05
8,1,SPOOFING,IGMP,0.0
8,1,SPOOFING,IPv,1.2581169086089972e-06
8,1,SPOOFING,LLC,1.8141300708762742e-06
8,1,SPOOFING,Tot sum,0.11516769947484136
8,1,SPOOFING,Min,0.0013312717186636292
8,1,SPOOFING,Max,0.002772566452040337
8,1,SPOOFING,AVG,0.14964002091437578
8,1,SPOOFING,Std,0.023444050807665918
8,1,SPOOFING,Tot size,0.2317409984767437
8,1,SPOOFING,IAT,0.03153866888350763
8,1,SPOOFING,Number,0.004206073965178803
8,1,SPOOFING,Variance,0.2425198197364807
8,2,SPOOFING,Header_Length,4.226336908459416e-05
8,2,SPOOFING,Protocol Type,6.134320547062089e-05
8,2,SPOOFING,Time_To_Live,0.0054104233041471165
8,2,SPOOFING,Rate,0.0003532960966140308
8,2,SPOOFING,fin_flag_number,1.783241019666093e-05
8,2,SPOOFING,syn_flag_number,0.033947397908195856
8,2,SPOOFING,rst_flag_number,4.380907267886869e-05
8,2,SPOOFING,psh_flag_number,3.0431084451265632e-05
8,2,SPOOFING,ack_flag_number,0.03858959802910249
8,2,SPOOFING,ece_flag_number,0.0
8,2,SPOOFING,cwr_flag_number,0.0
8,2,SPOOFING,ack_count,0.0023073283943631393
8,2,SPOOFING,syn_count,0.005026421807997394
8,2,SPOOFING,fin_count,0.0015439743343449663
8,2,SPOOFING,rst_count,0.005080583115341142
8,2,SPOOFING,HTTP,2.091926334202299e-06
8,2,SPOOFING,HTTPS,0.00015810085512271143
8,2,SPOOFING,DNS,9.865196625469253e-06
8,2,SPOOFING,Telnet,0.0
8,2,SPOOFING,SMTP,0.0
8,2,SPOOFING,SSH,0.0
8,2,SPOOFING,IRC,0.0
8,2,SPOOFING,TCP,1.6718655831482466e-05
8,2,SPOOFING,UDP,0.003905415444205573
8,2,SPOOFING,DHCP,0.0
8,2,SPOOFING,ARP,1.8961378046078447e-06
8,2,SPOOFING,ICMP,1.881513953208014e-05
8,2,SPOOFING,IGMP,0.0
8,2,SPOOFING,IPv,3.0749782130579106e-06
8,2,SPOOFING,LLC,7.280406417997654e-06
8,2,SPOOFING,Tot sum,0.1949971651658416
8,2,SPOOFING,Min,0.012054968897427899
8,2,SPOOFING,Max,0.0061510734230978414
8,2,SPOOFING,AVG,0.31323110945522786
8,2,SPOOFING,Std,0.033963495364878325
8,2,SPOOFING,Tot size,0.281109631806612
8,2,SPOOFING,IAT,0.02978643288181502
8,2,SPOOFING,Number,0.010322235163766891
8,2,SPOOFING,Variance,0.10885355721693486
8,3,SPOOFING,Header_Length,2.3133547857212555e-05
8,3,SPOOFING,Protocol Type,9.912919004850807e-06
8,3,SPOOFING,Time_To_Live,0.0017377350690367167
8,3,SPOOFING,Rate,0.00014490823695361142
8,3,SPOOFING,fin_flag_number,2.129867981448541e-06
8,3,SPOOFING,syn_flag_number,0.0011965125884671579
8,3,SPOOFING,rst_flag_number,8.789036508907722e-06
8,3,SPOOFING,psh_flag_number,1.9571574314092287e-06
8,3,SPOOFING,ack_flag_number,0.002148711468950637
8,3,SPOOFING,ece_flag_number,0.0
8,3,SPOOFING,cwr_flag_number,0.0
8,3,SPOOFING,ack_count,0.00021575019663373497
8,3,SPOOFING,syn_count,3.717873942150618e-05
8,3,SPOOFING,fin_count,0.0004876695444863799
8,3,SPOOFING,rst_count,0.00026596844757023066
8,3,SPOOFING,HTTP,5.311287946940802e-06
8,3,SPOOFING,HTTPS,7.486067278206221e-06
8,3,SPOOFING,DNS,1.4365232582982946e-08
8,3,SPOOFING,Telnet,0.0
8,3,SPOOFING,SMTP,0.0
8,3,SPOOFING,SSH,0.0
8,3,SPOOFING,IRC,0.0
8,3,SPOOFING,TCP,1.0877069133408135e-05
8,3,SPOOFING,UDP,0.000735239375785568
8,3,SPOOFING,DHCP,0.0
8,3,SPOOFING,ARP,8.084394601717837e-07
8,3,SPOOFING,ICMP,1.3934545152238797e-05
8,3,SPOOFING,IGMP,0.0
8,3,SPOOFING,IPv,2.1407397130412955e-06
8,3,SPOOFING,LLC,9.236488421654476e-06
8,3,SPOOFING,Tot sum,0.023562282638158648
8,3,SPOOFING,Min,0.0009880049861521912
8,3,SPOOFING,Max,0.00022557564211638236
8,3,SPOOFING,AVG,0.012706229405011982
8,3,SPOOFING,Std,0.0011077022558311001
8,3,SPOOFING,Tot size,0.015399058104958386
8,3,SPOOFING,IAT,0.004108867364561774
8,3,SPOOFING,Number,0.002772194574754394
8,3,SPOOFING,Variance,0.005098611320136115
8,4,SPOOFING,Header_Length,0.00016458995863217752
8,4,SPOOFING,Protocol Type,6.431874724057706e-05
8,4,SPOOFING,Time_To_Live,0.013832723295490724
8,4,SPOOFING,Rate,0.0022435528634332513
8,4,SPOOFING,fin_flag_number,2.7911534289160044e-06
8,4,SPOOFING,syn_flag_number,0.012687972336425445
8,4,SPOOFING,rst_flag_number,7.043705398945832e-06
8,4,SPOOFING,psh_flag_number,1.2537170465520831e-05
8,4,SPOOFING,ack_flag_number,0.03149213978904299
8,4,SPOOFING,ece_flag_number,0.0
8,4,SPOOFING,cwr_flag_number,0.0
8,4,SPOOFING,ack_count,0.003146794765780214
8,4,SPOOFING,syn_count,0.0022217405231231167
8,4,SPOOFING,fin_count,0.0004171937303908635
8,4,SPOOFING,rst_count,0.0007258741914483835
8,4,SPOOFING,HTTP,3.172191060230034e-06
8,4,SPOOFING,HTTPS,0.00018310517855297804
8,4,SPOOFING,DNS,2.5557113441099234e-07
8,4,SPOOFING,Telnet,0.0
8,4,SPOOFING,SMTP,0.0
8,4,SPOOFING,SSH,0.0
8,4,SPOOFING,IRC,0.0
8,4,SPOOFING,TCP,4.131946593588509e-05
8,4,SPOOFING,UDP,0.0037112000944034664
8,4,SPOOFING,DHCP,0.0
8,4,SPOOFING,ARP,2.418385019520297e-06
8,4,SPOOFING,ICMP,6.633846717818415e-05
8,4,SPOOFING,IGMP,0.0
8,4,SPOOFING,IPv,4.113504794123202e-06
8,4,SPOOFING,LLC,1.0424354151439275e-05
8,4,SPOOFING,Tot sum,0.22814614141825587
8,4,SPOOFING,Min,0.014302987457631389
8,4,SPOOFING,Max,0.007858579838648438
8,4,SPOOFING,AVG,0.32923152185976506
8,4,SPOOFING,Std,0.03604707394260913
8,4,SPOOFING,Tot size,0.30893443152308464
8,4,SPOOFING,IAT,0.026572210469748826
8,4,SPOOFING,Number,0.01752487397752702
8,4,SPOOFING,Variance,0.1753887689275871
8,5,SPOOFING,Header_Length,8.447829213764635e-05
8,5,SPOOFING,Protocol Type,6.590634216792068e-05
8,5,SPOOFING,Time_To_Live,0.01494734369625803
8,5,SPOOFING,Rate,0.0008684841670401511
8,5,SPOOFING,fin_flag_number,5.756395344747034e-06
8,5,SPOOFING,syn_flag_number,0.0117582478094846
8,5,SPOOFING,rst_flag_number,8.087749594665184e-06
8,5,SPOOFING,psh_flag_number,9.370878161973906e-06
8,5,SPOOFING,ack_flag_number,0.015895744031149663
8,5,SPOOFING,ece_flag_number,0.0
8,5,SPOOFING,cwr_flag_number,0.0
8,5,SPOOFING,ack_count,0.0020187006957712583
8,5,SPOOFING,syn_count,0.0025325757094833536
8,5,SPOOFING,fin_count,0.0007277843458723509
8,5,SPOOFING,rst_count,0.0007836022217816207
8,5,SPOOFING,HTTP,0.0
8,5,SPOOFING,HTTPS,5.3622391806129596e-05
8,5,SPOOFING,DNS,1.4671211643335624e-06
8,5,SPOOFING,Telnet,0.0
8,5,SPOOFING,SMTP,0.0
8,5,SPOOFING,SSH,0.0
8,5,SPOOFING,IRC,0.0
8,5,SPOOFING,TCP,1.004085783051778e-05
8,5,SPOOFING,UDP,0.003172628783795517
8,5,SPOOFING,DHCP,2.3471795884688618e-08
8,5,SPOOFING,ARP,5.405581126716186e-07
8,5,SPOOFING,ICMP,3.505194898707486e-05
8,5,SPOOFING,IGMP,0.0
8,5,SPOOFING,IPv,7.903534261721745e-07
8,5,SPOOFING,LLC,1.4360796634527162e-06
8,5,SPOOFING,Tot sum,0.20723608257249
8,5,SPOOFING,Min,0.015740750782424585
8,5,SPOOFING,Max,0.004621175053034676
8,5,SPOOFING,AVG,0.2832771882414818
8,5,SPOOFING,Std,0.021707246366713662
8,5,SPOOFING,Tot size,0.3126292906701565
8,5,SPOOFING,IAT,0.010629073767267983
8,5,SPOOFING,Number,0.013539706685696729
8,5,SPOOFING,Variance,0.26626705926610156
8,1,WEB,Header_Length,2.6486938381253822e-05
8,1,WEB,Protocol Type,1.4290872368860618e-05
8,1,WEB,Time_To_Live,0.0023596772783093913
8,1,WEB,Rate,1.9236447781167953e-05
8,1,WEB,fin_flag_number,8.216902989488517e-06
8,1,WEB,syn_flag_number,0.00020456552733776333
8,1,WEB,rst_flag_number,4.803223479399321e-06
8,1,WEB,psh_flag_number,7.668373528346707e-06
8,1,WEB,ack_flag_number,0.0014379113527866138
8,1,WEB,ece_flag_number,0.0
8,1,WEB,cwr_flag_number,0.0
8,1,WEB,ack_count,0.00017565264438417215
8,1,WEB,syn_count,2.9362235750340915e-05
8,1,WEB,fin_count,0.0004677222290411009
8,1,WEB,rst_count,0.00024431921751784104
8,1,WEB,HTTP,6.800461078544373e-05
8,1,WEB,HTTPS,7.025113346992296e-07
8,1,WEB,DNS,1.307675087236504e-06
8,1,WEB,Telnet,0.0
8,1,WEB,SMTP,0.0
8,1,WEB,SSH,3.4600285857777636e-06
8,1,WEB,IRC,0.0
8,1,WEB,TCP,7.108551049128664e-06
8,1,WEB,UDP,0.0014565985761350931
8,1,WEB,DHCP,0.0
8,1,WEB,ARP,1.0614749289583613e-05
8,1,WEB,ICMP,1.1397245732069905e-06
8,1,WEB,IGMP,0.0
8,1,WEB,IPv,5.596840735844211e-06
8,1,WEB,LLC,1.0756000355272022e-05
8,1,WEB,Tot sum,0.08094100521411747
8,1,WEB,Min,0.0025029125636592655
8,1,WEB,Max,0.001187778880193946
8,1,WEB,AVG,0.021032364247366785
8,1,WEB,Std,0.0077092282619560136
8,1,WEB,Tot size,0.024131090228911488
8,1,WEB,IAT,0.03432635387289338
8,1,WEB,Number,0.0040263609887915665
8,1,WEB,Variance,0.03909065841289703
8,2,WEB,Header_Length,1.534297934404627e-05
8,2,WEB,Protocol Type,9.253209554027642e-06
8,2,WEB,Time_To_Live,0.005660230566610381
8,2,WEB,Rate,1.1347262292371596e-05
8,2,WEB,fin_flag_number,1.1680197535390846e-05
8,2,WEB,syn_flag_number,0.0013393875307599501
8,2,WEB,rst_flag_number,6.233876813965811e-06
8,2,WEB,psh_flag_number,2.4666115395088896e-06
8,2,WEB,ack_flag_number,0.0012445500517856089
8,2,WEB,ece_flag_number,0.0
8,2,WEB,cwr_flag_number,0.0
8,2,WEB,ack_count,0.0001761184668769289
8,2,WEB,syn_count,0.0003636727153264019
8,2,WEB,fin_count,0.000369953602351103
8,2,WEB,rst_count,0.0003335373187567825
8,2,WEB,HTTP,5.243689220379988e-06
8,2,WEB,HTTPS,1.8457930681226032e-06
8,2,WEB,DNS,7.043537152640056e-07
8,2,WEB,Telnet,0.0
8,2,WEB,SMTP,0.0
8,2,WEB,SSH,1.1101697168669488e-06
8,2,WEB,IRC,0.0
8,2,WEB,TCP,5.0771612424949096e-06
8,2,WEB,UDP,0.0006970605786321471
8,2,WEB,DHCP,0.0
8,2,WEB,ARP,3.870936571834016e-06
8,2,WEB,ICMP,5.95322745473581e-06
8,2,WEB,IGMP,0.0
8,2,WEB,IPv,2.0489078123964164e-06
8,2,WEB,LLC,7.23243175628158e-07
8,2,WEB,Tot sum,0.07532585164881311
8,2,WEB,Min,0.014765283294752508
8,2,WEB,Max,0.00279685928263973
8,2,WEB,AVG,0.05503834964765701
8,2,WEB,Std,0.005571603931093705
8,2,WEB,Tot size,0.03194901820679661
8,2,WEB,IAT,0.06462089069851515
8,2,WEB,Number,0.001320039175607235
8,2,WEB,Variance,0.045437769455020316
8,3,WEB,Header_Length,0.00015716792945568158
8,3,WEB,Protocol Type,2.7970727676773775e-05
8,3,WEB,Time_To_Live,0.010464428371778921
8,3,WEB,Rate,0.00011574795330488996
8,3,WEB,fin_flag_number,2.454389864396944e-05
8,3,WEB,syn_flag_number,0.001982126348048041
8,3,WEB,rst_flag_number,3.281201584783844e-05
8,3,WEB,psh_flag_number,9.698984792372301e-06
8,3,WEB,ack_flag_number,0.005674249611183768
8,3,WEB,ece_flag_number,0.0
8,3,WEB,cwr_flag_number,0.0
8,3,WEB,ack_count,0.00027526381661573395
8,3,WEB,syn_count,0.0003567437688616337
8,3,WEB,fin_count,0.0017890069182612933
8,3,WEB,rst_count,0.0021028090566687753
8,3,WEB,HTTP,1.4867134255780457e-05
8,3,WEB,HTTPS,5.910190415736594e-06
8,3,WEB,DNS,1.4605082253621449e-05
8,3,WEB,Telnet,0.0
8,3,WEB,SMTP,0.0
8,3,WEB,SSH,0.0
8,3,WEB,IRC,0.0
8,3,WEB,TCP,3.6551800263850964e-05
8,3,WEB,UDP,0.00544875089526613
8,3,WEB,DHCP,0.0
8,3,WEB,ARP,7.2967228999409885e-06
8,3,WEB,ICMP,6.8656139134759545e-06
8,3,WEB,IGMP,0.0
8,3,WEB,IPv,7.413680863632699e-06
8,3,WEB,LLC,1.7134326720347204e-06
8,3,WEB,Tot sum,0.14018001199001445
8,3,WEB,Min,0.0004531749156740261
8,3,WEB,Max,0.0029860406182706358
8,3,WEB,AVG,0.03482561437413097
8,3,WEB,Std,0.025600919919088482
8,3,WEB,Tot size,0.06603729948401452
8,3,WEB,IAT,0.06270473068288993
8,3,WEB,Number,0.018439082804252393
8,3,WEB,Variance,0.08051415020599961
8,4,WEB,Header_Length,0.0002047998680609453
8,4,WEB,Protocol Type,6.633075242064023e-05
8,4,WEB,Time_To_Live,0.018112331756674392
8,4,WEB,Rate,6.139584238553652e-05
8,4,WEB,fin_flag_number,9.873084627542994e-06
8,4,WEB,syn_flag_number,0.004129429502063431
8,4,WEB,rst_flag_number,4.747945800431807e-06
8,4,WEB,psh_flag_number,1.8925046992990248e-05
8,4,WEB,ack_flag_number,0.00810032444423996
8,4,WEB,ece_flag_number,0.0
8,4,WEB,cwr_flag_number,0.0
8,4,WEB,ack_count,0.0005157962845260044
8,4,WEB,syn_count,0.001223074452354922
8,4,WEB,fin_count,0.000453706266489462
8,4,WEB,rst_count,0.00027520316862137404
8,4,WEB,HTTP,1.583622272391949e-05
8,4,WEB,HTTPS,9.816638198856254e-06
8,4,WEB,DNS,1.6711565044624788e-05
8,4,WEB,Telnet,0.0
8,4,WEB,SMTP,0.0
8,4,WEB,SSH,0.0
8,4,WEB,IRC,0.0
8,4,WEB,TCP,3.767050711758202e-05
8,4,WEB,UDP,0.005883582292881329
8,4,WEB,DHCP,0.0
8,4,WEB,ARP,1.7093544644586345e-05
8,4,WEB,ICMP,2.023725290882794e-05
8,4,WEB,IGMP,0.0
8,4,WEB,IPv,5.589239210435082e-06
8,4,WEB,LLC,3.7054974185046776e-06
8,4,WEB,Tot sum,0.35952255092561247
8,4,WEB,Min,0.04273442657868145
8,4,WEB,Max,0.01230616201646626
8,4,WEB,AVG,0.14927025586366655
8,4,WEB,Std,0.04521535242929531
8,4,WEB,Tot size,0.2540534593164921
8,4,WEB,IAT,0.18246749140380417
8,4,WEB,Number,0.013693293248070403
8,4,WEB,Variance,0.09608725869438786
8,5,WEB,Header_Length,5.5420508155634705e-05
8,5,WEB,Protocol Type,8.07031257545887e-06
8,5,WEB,Time_To_Live,0.0077270598964332745
8,5,WEB,Rate,3.617525220676043e-05
8,5,WEB,fin_flag_number,7.014206317101923e-06
8,5,WEB,syn_flag_number,0.0012942441457084897
8,5,WEB,rst_flag_number,1.7924854499917763e-06
8,5,WEB,psh_flag_number,4.230414266792257e-06
8,5,WEB,ack_flag_number,0.000625156802203719
8,5,WEB,ece_flag_number,0.0
8,5,WEB,cwr_flag_number,0.0
8,5,WEB,ack_count,0.00019836410522486859
8,5,WEB,syn_count,0.0001780228074039769
8,5,WEB,fin_count,0.00033827578021572435
8,5,WEB,rst_count,0.00028048889581810954
8,5,WEB,HTTP,7.114204436220462e-07
8,5,WEB,HTTPS,2.532397790266927e-06
8,5,WEB,DNS,4.413740250187306e-07
8,5,WEB,Telnet,0.0
8,5,WEB,SMTP,0.0
8,5,WEB,SSH,8.202499884646386e-07
8,5,WEB,IRC,0.0
8,5,WEB,TCP,3.591856488616152e-06
8,5,WEB,UDP,0.0012275370468159963
8,5,WEB,DHCP,0.0
8,5,WEB,ARP,6.66267102056306e-06
8,5,WEB,ICMP,2.4652028454363873e-06
8,5,WEB,IGMP,0.0
8,5,WEB,IPv,3.387675699695336e-06
8,5,WEB,LLC,1.0032066680931707e-06
8,5,WEB,Tot sum,0.06362742684141268
8,5,WEB,Min,0.0015275773496796318
8,5,WEB,Max,0.0014704607085150201
8,5,WEB,AVG,0.005487587265088223
8,5,WEB,Std,0.011651236757461447
8,5,WEB,Tot size,0.021428841553279197
8,5,WEB,IAT,0.04983574648031208
8,5,WEB,Number,0.004273095194184862
8,5,WEB,Variance,0.029868144902866333
9,1,BENIGN,Header_Length,8.87884146777651e-05
9,1,BENIGN,Protocol Type,1.762447031978809e-05
9,1,BENIGN,Time_To_Live,0.06315475108640385
9,1,BENIGN,Rate,0.00022742221763110136
9,1,BENIGN,fin_flag_number,3.264794952428929e-05
9,1,BENIGN,syn_flag_number,0.0011563656244106824
9,1,BENIGN,rst_flag_number,6.964841517165255e-06
9,1,BENIGN,psh_flag_number,1.2180435713560201e-05
9,1,BENIGN,ack_flag_number,0.011267611192306504
9,1,BENIGN,ece_flag_number,0.0
9,1,BENIGN,cwr_flag_number,0.0
9,1,BENIGN,ack_count,0.0018835938030406397
9,1,BENIGN,syn_count,0.00023188361963093483
9,1,BENIGN,fin_count,0.0017802101519919233
9,1,BENIGN,rst_count,0.0019403464618790167
9,1,BENIGN,HTTP,8.866265999785129e-06
9,1,BENIGN,HTTPS,8.560226816767268e-06
9,1,BENIGN,DNS,2.0756174308189656e-07
9,1,BENIGN,Telnet,0.0
9,1,BENIGN,SMTP,0.0
9,1,BENIGN,SSH,0.0
9,1,BENIGN,IRC,0.0
9,1,BENIGN,TCP,6.342797573638537e-06
9,1,BENIGN,UDP,0.0021186026140640026
9,1,BENIGN,DHCP,0.0
9,1,BENIGN,ARP,2.526109784017905e-07
9,1,BENIGN,ICMP,1.6253487638095974e-05
9,1,BENIGN,IGMP,0.0
9,1,BENIGN,IPv,1.4110914969833743e-07
9,1,BENIGN,LLC,1.6432618129336162e-06
9,1,BENIGN,Tot sum,0.1715439646039158
9,1,BENIGN,Min,0.018069112836383284
9,1,BENIGN,Max,0.006225191452540457
9,1,BENIGN,AVG,0.01663011232158169
9,1,BENIGN,Std,0.06849556714296341
9,1,BENIGN,Tot size,0.12951784692704676
9,1,BENIGN,IAT,0.01833969477283972
9,1,BENIGN,Number,0.01444303797907196
9,1,BENIGN,Variance,0.27210792917758225
9,2,BENIGN,Header_Length,8.471223256378835e-06
9,2,BENIGN,Protocol Type,2.7625331075586955e-06
9,2,BENIGN,Time_To_Live,0.003578183726858697
9,2,BENIGN,Rate,3.817253303850521e-05
9,2,BENIGN,fin_flag_number,8.659165132485214e-06
9,2,BENIGN,syn_flag_number,0.0011795001779319136
9,2,BENIGN,rst_flag_number,1.9523165148527253e-06
9,2,BENIGN,psh_flag_number,3.4690279650639864e-06
9,2,BENIGN,ack_flag_number,0.0013836048117809696
9,2,BENIGN,ece_flag_number,0.0
9,2,BENIGN,cwr_flag_number,0.0
9,2,BENIGN,ack_count,7.591546327603282e-05
9,2,BENIGN,syn_count,0.00030648583065158165
9,2,BENIGN,fin_count,0.00032392603725384106
9,2,BENIGN,rst_count,0.0003785578001384238
9,2,BENIGN,HTTP,7.194228685669657e-07
9,2,BENIGN,HTTPS,4.3704634054009264e-07
9,2,BENIGN,DNS,6.111973281264226e-07
9,2,BENIGN,Telnet,0.0
9,2,BENIGN,SMTP,0.0
9,2,BENIGN,SSH,3.24829265707649e-09
9,2,BENIGN,IRC,0.0
9,2,BENIGN,TCP,9.483154070455413e-07
9,2,BENIGN,UDP,0.0005326718383457773
9,2,BENIGN,DHCP,0.0
9,2,BENIGN,ARP,1.4697204583566382e-09
9,2,BENIGN,ICMP,1.1229454383254734e-06
9,2,BENIGN,IGMP,0.0
9,2,BENIGN,IPv,1.4875908012357275e-09
9,2,BENIGN,LLC,9.093170415253037e-09
9,2,BENIGN,Tot sum,0.03772280715638772
9,2,BENIGN,Min,0.0003534087888905191
9,2,BENIGN,Max,0.0011535022407770158
9,2,BENIGN,AVG,0.005973521759733558
9,2,BENIGN,Std,0.009360337187536061
9,2,BENIGN,Tot size,0.003906961163738743
9,2,BENIGN,IAT,0.004524157410742191
9,2,BENIGN,Number,0.0017977587674067764
9,2,BENIGN,Variance,0.021648891596123578
9,3,BENIGN,Header_Length,0.0001220505914716341
9,3,BENIGN,Protocol Type,5.31502677532103e-06
9,3,BENIGN,Time_To_Live,0.017562738803826507
9,3,BENIGN,Rate,0.0003862813879095484
9,3,BENIGN,fin_flag_number,6.268494182677386e-05
9,3,BENIGN,syn_flag_number,0.00962993713110336
9,3,BENIGN,rst_flag_number,1.437668238216394e-05
9,3,BENIGN,psh_flag_number,3.327281325482545e-05
9,3,BENIGN,ack_flag_number,0.016575508820824324
9,3,BENIGN,ece_flag_number,0.0
9,3,BENIGN,cwr_flag_number,0.0
9,3,BENIGN,ack_count,0.00030173693667165933
9,3,BENIGN,syn_count,0.0017974113908167054
9,3,BENIGN,fin_count,0.002090550904540578
9,3,BENIGN,rst_count,0.0031996121437259718
9,3,BENIGN,HTTP,1.2554879558024367e-05
9,3,BENIGN,HTTPS,1.504957303950505e-05
9,3,BENIGN,DNS,7.307596707528674e-07
9,3,BENIGN,Telnet,0.0
9,3,BENIGN,SMTP,0.0
9,3,BENIGN,SSH,0.0
9,3,BENIGN,IRC,0.0
9,3,BENIGN,TCP,1.332955065436181e-05
9,3,BENIGN,UDP,0.0021025973142968723
9,3,BENIGN,DHCP,0.0
9,3,BENIGN,ARP,4.410811125854508e-06
9,3,BENIGN,ICMP,4.865803477969166e-05
9,3,BENIGN,IGMP,0.0
9,3,BENIGN,IPv,4.183048099992704e-06
9,3,BENIGN,LLC,2.1005104011972974e-05
9,3,BENIGN,Tot sum,0.21949098266195505
9,3,BENIGN,Min,0.007310608447567102
9,3,BENIGN,Max,0.01147250346839428
9,3,BENIGN,AVG,0.133281983807683
9,3,BENIGN,Std,0.11881685853004456
9,3,BENIGN,Tot size,0.032121408730745316
9,3,BENIGN,IAT,0.11399872153997422
9,3,BENIGN,Number,0.014374179055448622
9,3,BENIGN,Variance,0.34006880726665256
9,4,BENIGN,Header_Length,0.00026712290609793855
9,4,BENIGN,Protocol Type,1.2240529554219392e-05
9,4,BENIGN,Time_To_Live,0.13382675784578169
9,4,BENIGN,Rate,0.0002176050015805231
9,4,BENIGN,fin_flag_number,7.218293384880781e-06
9,4,BENIGN,syn_flag_number,0.003367180246277712
9,4,BENIGN,rst_flag_number,3.367987365621161e-06
9,4,BENIGN,psh_flag_number,8.44073255876765e-06
9,4,BENIGN,ack_flag_number,0.011955665968707762
9,4,BENIGN,ece_flag_number,0.0
9,4,BENIGN,cwr_flag_number,0.0
9,4,BENIGN,ack_count,0.0007197100552730262
9,4,BENIGN,syn_count,0.0013703651529795025
9,4,BENIGN,fin_count,0.00044404169311746956
9,4,BENIGN,rst_count,0.00044050484418676204
9,4,BENIGN,HTTP,2.8188390049876944e-05
9,4,BENIGN,HTTPS,2.7628691046288623e-05
9,4,BENIGN,DNS,1.5955387239197094e-07
9,4,BENIGN,Telnet,0.0
9,4,BENIGN,SMTP,0.0
9,4,BENIGN,SSH,0.0
9,4,BENIGN,IRC,0.0
9,4,BENIGN,TCP,3.52557618469973e-05
9,4,BENIGN,UDP,0.003377590850868728
9,4,BENIGN,DHCP,0.0
9,4,BENIGN,ARP,2.9394834446229424e-06
9,4,BENIGN,ICMP,1.0995355728482536e-05
9,4,BENIGN,IGMP,0.0
9,4,BENIGN,IPv,1.9969619382498306e-06
9,4,BENIGN,LLC,9.832357680206183e-06
9,4,BENIGN,Tot sum,0.08690480232471601
9,4,BENIGN,Min,0.010986538895667763
9,4,BENIGN,Max,0.008248084597289563
9,4,BENIGN,AVG,0.04397921427153051
9,4,BENIGN,Std,0.0875571997341467
9,4,BENIGN,Tot size,0.12293426003307104
9,4,BENIGN,IAT,0.04480538518982939
9,4,BENIGN,Number,0.022039241285528987
9,4,BENIGN,Variance,0.3363776577083627
9,5,BENIGN,Header_Length,0.00011834260039904621
9,5,BENIGN,Protocol Type,1.135641048222169e-05
9,5,BENIGN,Time_To_Live,0.032951321787550114
9,5,BENIGN,Rate,0.00023132790083764122
9,5,BENIGN,fin_flag_number,1.6631771185871002e-05
9,5,BENIGN,syn_flag_number,0.0028677346010226755
9,5,BENIGN,rst_flag_number,2.302543894217024e-06
9,5,BENIGN,psh_flag_number,3.4865675617368196e-05
9,5,BENIGN,ack_flag_number,0.013308365747798234
9,5,BENIGN,ece_flag_number,0.0
9,5,BENIGN,cwr_flag_number,0.0
9,5,BENIGN,ack_count,0.0010200075603279402
9,5,BENIGN,syn_count,0.0018151287353248336
9,5,BENIGN,fin_count,0.0007654688550246646
9,5,BENIGN,rst_count,0.000843911706306244
9,5,BENIGN,HTTP,5.354077075025998e-07
9,5,BENIGN,HTTPS,1.0804399857988756e-05
9,5,BENIGN,DNS,2.642254688461909e-06
9,5,BENIGN,Telnet,0.0
9,5,BENIGN,SMTP,0.0
9,5,BENIGN,SSH,0.0
9,5,BENIGN,IRC,0.0
9,5,BENIGN,TCP,6.006095588872995e-06
9,5,BENIGN,UDP,0.002030894922791049
9,5,BENIGN,DHCP,0.0
9,5,BENIGN,ARP,3.8456295323729963e-07
9,5,BENIGN,ICMP,2.1107423754074263e-05
9,5,BENIGN,IGMP,0.0
9,5,BENIGN,IPv,1.424349731737884e-06
9,5,BENIGN,LLC,4.911410180108433e-07
9,5,BENIGN,Tot sum,0.16963460000697522
9,5,BENIGN,Min,0.01609392712234694
9,5,BENIGN,Max,0.013057148677762597
9,5,BENIGN,AVG,0.0722287345211953
9,5,BENIGN,Std,0.13406334221363067
9,5,BENIGN,Tot size,0.15539927128702402
9,5,BENIGN,IAT,0.03978000687202439
9,5,BENIGN,Number,0.009568673347530421
9,5,BENIGN,Variance,0.6362366631627083
9,1,DDOS,Header_Length,0.010187373682856559
9,1,DDOS,Protocol Type,0.0008872786773281404
9,1,DDOS,Time_To_Live,0.0009396593748306259
9,1,DDOS,Rate,0.002424870688264491
9,1,DDOS,fin_flag_number,0.00015920477890176698
9,1,DDOS,syn_flag_number,0.004880488277922268
9,1,DDOS,rst_flag_number,2.6495752808841645e-05
9,1,DDOS,psh_flag_number,0.00027132613613503056
9,1,DDOS,ack_flag_number,0.00558223319821991
9,1,DDOS,ece_flag_number,0.0
9,1,DDOS,cwr_flag_number,0.0
9,1,DDOS,ack_count,0.010402838047593833
9,1,DDOS,syn_count,0.014446478147874586
9,1,DDOS,fin_count,0.02924234075471759
9,1,DDOS,rst_count,0.020263337809592486
9,1,DDOS,HTTP,0.00039239017496583983
9,1,DDOS,HTTPS,1.4194664970546e-05
9,1,DDOS,DNS,0.0
9,1,DDOS,Telnet,0.0
9,1,DDOS,SMTP,0.0
9,1,DDOS,SSH,0.0
9,1,DDOS,IRC,0.0
9,1,DDOS,TCP,0.003913116248440929
9,1,DDOS,UDP,0.010997309070080518
9,1,DDOS,DHCP,0.0
9,1,DDOS,ARP,1.4957763923462153e-05
9,1,DDOS,ICMP,0.001545797194464882
9,1,DDOS,IGMP,0.0
9,1,DDOS,IPv,2.6115955733985176e-06
9,1,DDOS,LLC,9.440482650013849e-06
9,1,DDOS,Tot sum,0.1309184276673477
9,1,DDOS,Min,0.005610217317007482
9,1,DDOS,Max,0.005041855665331241
9,1,DDOS,AVG,0.1220171257853508
9,1,DDOS,Std,0.025292580493260174
9,1,DDOS,Tot size,0.11540946364402771
9,1,DDOS,IAT,0.002159620726888534
9,1,DDOS,Number,0.0004176916167111244
9,1,DDOS,Variance,0.46175045205745846
9,2,DDOS,Header_Length,0.016697023977030767
9,2,DDOS,Protocol Type,0.0024845725005413046
9,2,DDOS,Time_To_Live,0.0021484016622707715
9,2,DDOS,Rate,0.0024417408539193276
9,2,DDOS,fin_flag_number,0.0002532669894264927
9,2,DDOS,syn_flag_number,0.026706049079075457
9,2,DDOS,rst_flag_number,6.714674671002286e-05
9,2,DDOS,psh_flag_number,7.764327235406653e-05
9,2,DDOS,ack_flag_number,0.004605263160192408
9,2,DDOS,ece_flag_number,0.0
9,2,DDOS,cwr_flag_number,0.0
9,2,DDOS,ack_count,0.006552942673442886
9,2,DDOS,syn_count,0.037194055889267476
9,2,DDOS,fin_count,0.054158242675475775
9,2,DDOS,rst_count,0.026844719183281997
9,2,DDOS,HTTP,4.909028987185593e-05
9,2,DDOS,HTTPS,5.364639720255582e-05
9,2,DDOS,DNS,6.872906669741496e-06
9,2,DDOS,Telnet,0.0
9,2,DDOS,SMTP,0.0
9,2,DDOS,SSH,0.0
9,2,DDOS,IRC,0.0
9,2,DDOS,TCP,0.00836987408274581
9,2,DDOS,UDP,0.031321317379479297
9,2,DDOS,DHCP,0.0
9,2,DDOS,ARP,3.146186708136156e-06
9,2,DDOS,ICMP,0.004118139915908614
9,2,DDOS,IGMP,0.0
9,2,DDOS,IPv,9.33774760802919e-07
9,2,DDOS,LLC,5.174605932722898e-06
9,2,DDOS,Tot sum,0.05508473217487335
9,2,DDOS,Min,1.0734385227806342e-06
9,2,DDOS,Max,0.00325602779048495
9,2,DDOS,AVG,0.012321851716842502
9,2,DDOS,Std,0.012494819960556925
9,2,DDOS,Tot size,0.03046449788380414
9,2,DDOS,IAT,0.0023745283178868704
9,2,DDOS,Number,1.3660586824926213e-05
9,2,DDOS,Variance,0.06511632114415988
9,3,DDOS,Header_Length,0.005173631524667144
9,3,DDOS,Protocol Type,0.001025673682499928
9,3,DDOS,Time_To_Live,0.0009391394298290834
9,3,DDOS,Rate,0.000817916761707238
9,3,DDOS,fin_flag_number,0.00023217707384901587
9,3,DDOS,syn_flag_number,0.0217278610332869
9,3,DDOS,rst_flag_number,8.477846276946365e-05
9,3,DDOS,psh_flag_number,0.0005153412996151019
9,3,DDOS,ack_flag_number,0.00889725933666341
9,3,DDOS,ece_flag_number,0.0
9,3,DDOS,cwr_flag_number,0.0
9,3,DDOS,ack_count,0.013716653361916542
9,3,DDOS,syn_count,0.04093916949350387
9,3,DDOS,fin_count,0.04878030251711607
9,3,DDOS,rst_count,0.029668895062059164
9,3,DDOS,HTTP,7.778592298564035e-05
9,3,DDOS,HTTPS,2.218559410493981e-06
9,3,DDOS,DNS,1.0697633570089238e-06
9,3,DDOS,Telnet,0.0
9,3,DDOS,SMTP,0.0
9,3,DDOS,SSH,0.0
9,3,DDOS,IRC,0.0
9,3,DDOS,TCP,0.002217380702495575
9,3,DDOS,UDP,0.026220865175127984
9,3,DDOS,DHCP,0.0
9,3,DDOS,ARP,3.762967457987543e-06
9,3,DDOS,ICMP,0.0008390427488848218
9,3,DDOS,IGMP,0.0
9,3,DDOS,IPv,1.3944798789466972e-06
9,3,DDOS,LLC,4.264605678372391e-06
9,3,DDOS,Tot sum,0.15488879643380643
9,3,DDOS,Min,0.0012203059217426927
9,3,DDOS,Max,0.01012259434792213
9,3,DDOS,AVG,0.04181667491793632
9,3,DDOS,Std,0.02758698877878487
9,3,DDOS,Tot size,0.035386165138334036
9,3,DDOS,IAT,0.0002600615782284876
9,3,DDOS,Number,0.0
9,3,DDOS,Variance,0.17881612051278353
9,4,DDOS,Header_Length,0.01541599091142416
9,4,DDOS,Protocol Type,0.0027394810967962258
9,4,DDOS,Time_To_Live,0.0008806894069948612
9,4,DDOS,Rate,0.002207635292870691
9,4,DDOS,fin_flag_number,0.00022793950047343968
9,4,DDOS,syn_flag_number,0.021277409105096012
9,4,DDOS,rst_flag_number,3.205249254278897e-05
9,4,DDOS,psh_flag_number,0.0004544618808722589
9,4,DDOS,ack_flag_number,0.027194859448354692
9,4,DDOS,ece_flag_number,0.0
9,4,DDOS,cwr_flag_number,0.0
9,4,DDOS,ack_count,0.03348770061857067
9,4,DDOS,syn_count,0.02296054542530328
9,4,DDOS,fin_count,0.04541250572074205
9,4,DDOS,rst_count,0.0215964401664678
9,4,DDOS,HTTP,0.00045186593724793055
9,4,DDOS,HTTPS,0.001266164006665349
9,4,DDOS,DNS,1.766232473698892e-06
9,4,DDOS,Telnet,0.0
9,4,DDOS,SMTP,0.0
9,4,DDOS,SSH,0.0
9,4,DDOS,IRC,0.0
9,4,DDOS,TCP,0.006681182939792052
9,4,DDOS,UDP,0.06187019743956625
9,4,DDOS,DHCP,0.0
9,4,DDOS,ARP,4.91227013696971e-06
9,4,DDOS,ICMP,0.003424253904086072
9,4,DDOS,IGMP,0.0
9,4,DDOS,IPv,5.993467558695898e-07
9,4,DDOS,LLC,4.0904847764977605e-06
9,4,DDOS,Tot sum,0.06644558836705983
9,4,DDOS,Min,0.0026500218955334276
9,4,DDOS,Max,0.003783288903650828
9,4,DDOS,AVG,0.033613669825717805
9,4,DDOS,Std,0.005852518999017775
9,4,DDOS,Tot size,0.028138473024591805
9,4,DDOS,IAT,0.00517825240676757
9,4,DDOS,Number,0.0
9,4,DDOS,Variance,0.003660014789784327
9,5,DDOS,Header_Length,0.015783099240798036
9,5,DDOS,Protocol Type,0.001964926561095126
9,5,DDOS,Time_To_Live,0.001324113190639764
9,5,DDOS,Rate,0.001384524173408863
9,5,DDOS,fin_flag_number,7.293405632964322e-05
9,5,DDOS,syn_flag_number,0.03171446989872493
9,5,DDOS,rst_flag_number,3.395388994249515e-05
9,5,DDOS,psh_flag_number,0.0001569583338095981
9,5,DDOS,ack_flag_number,0.010977200808702037
9,5,DDOS,ece_flag_number,0.0
9,5,DDOS,cwr_flag_number,0.0
9,5,DDOS,ack_count,0.01103190182475373
9,5,DDOS,syn_count,0.029691146814730018
9,5,DDOS,fin_count,0.01685910769738257
9,5,DDOS,rst_count,0.015346083074109628
9,5,DDOS,HTTP,8.394834367209115e-07
9,5,DDOS,HTTPS,0.00258614485602493
9,5,DDOS,DNS,3.7963552463882166e-06
9,5,DDOS,Telnet,0.0
9,5,DDOS,SMTP,0.0
9,5,DDOS,SSH,0.0
9,5,DDOS,IRC,0.0
9,5,DDOS,TCP,0.007391690596523404
9,5,DDOS,UDP,0.03713316280627623
9,5,DDOS,DHCP,0.0
9,5,DDOS,ARP,3.063776965417375e-06
9,5,DDOS,ICMP,0.0025960806906368816
9,5,DDOS,IGMP,0.0
9,5,DDOS,IPv,1.541914300329239e-06
9,5,DDOS,LLC,2.497684464053407e-06
9,5,DDOS,Tot sum,0.33149610975524413
9,5,DDOS,Min,0.0
9,5,DDOS,Max,0.020356943644583226
9,5,DDOS,AVG,0.023687029932625593
9,5,DDOS,Std,0.06558680628077126
9,5,DDOS,Tot size,0.03097020691493526
9,5,DDOS,IAT,0.0047700368736514065
9,5,DDOS,Number,0.0
9,5,DDOS,Variance,0.39026970724225973
9,1,DOS,Header_Length,0.003075554712995654
9,1,DOS,Protocol Type,0.0011885427120432723
9,1,DOS,Time_To_Live,0.002147945263368456
9,1,DOS,Rate,0.0019707437402303185
9,1,DOS,fin_flag_number,0.000149263659841381
9,1,DOS,syn_flag_number,0.005626794620638975
9,1,DOS,rst_flag_number,3.246395577889416e-05
9,1,DOS,psh_flag_number,0.00018385009316261857
9,1,DOS,ack_flag_number,0.00970444007543847
9,1,DOS,ece_flag_number,0.0
9,1,DOS,cwr_flag_number,0.0
9,1,DOS,ack_count,0.01486661946401
9,1,DOS,syn_count,0.010974314250051975
9,1,DOS,fin_count,0.024207198724616318
9,1,DOS,rst_count,0.00823868839070201
9,1,DOS,HTTP,6.588468559129979e-05
9,1,DOS,HTTPS,1.3482101351769415e-05
9,1,DOS,DNS,0.0
9,1,DOS,Telnet,0.0
9,1,DOS,SMTP,0.0
9,1,DOS,SSH,0.0
9,1,DOS,IRC,0.0
9,1,DOS,TCP,0.0016634777068247786
9,1,DOS,UDP,0.02842531285714358
9,1,DOS,DHCP,0.0
9,1,DOS,ARP,5.474913870529008e-06
9,1,DOS,ICMP,0.0006761757518688683
9,1,DOS,IGMP,0.0
9,1,DOS,IPv,1.1307124552217829e-06
9,1,DOS,LLC,6.770019416535433e-06
9,1,DOS,Tot sum,0.2763890590518713
9,1,DOS,Min,0.022640492068603635
9,1,DOS,Max,0.015611543320119381
9,1,DOS,AVG,0.23948087906464935
9,1,DOS,Std,0.036747047840617594
9,1,DOS,Tot size,0.055222740350291136
9,1,DOS,IAT,0.0009028103682794608
9,1,DOS,Number,1.586398613540041e-06
9,1,DOS,Variance,0.10268914708867669
9,2,DOS,Header_Length,0.009518726699752733
9,2,DOS,Protocol Type,0.001295122028386686
9,2,DOS,Time_To_Live,0.00731055967046359
9,2,DOS,Rate,0.00157644285227434
9,2,DOS,fin_flag_number,0.00027343148976797236
9,2,DOS,syn_flag_number,0.024295964918565005
9,2,DOS,rst_flag_number,9.646280268498231e-05
9,2,DOS,psh_flag_number,4.54591189736675e-05
9,2,DOS,ack_flag_number,0.002035005111247301
9,2,DOS,ece_flag_number,0.0
9,2,DOS,cwr_flag_number,0.0
9,2,DOS,ack_count,0.0036083515849895777
9,2,DOS,syn_count,0.04645976756000891
9,2,DOS,fin_count,0.061282432777807115
9,2,DOS,rst_count,0.02140264995396137
9,2,DOS,HTTP,2.6197549982498457e-05
9,2,DOS,HTTPS,0.00017376900991621368
9,2,DOS,DNS,0.0
9,2,DOS,Telnet,0.0
9,2,DOS,SMTP,0.0
9,2,DOS,SSH,0.0
9,2,DOS,IRC,0.0
9,2,DOS,TCP,0.0044383867497344905
9,2,DOS,UDP,0.036549314949661495
9,2,DOS,DHCP,0.0
9,2,DOS,ARP,2.1465746854687496e-06
9,2,DOS,ICMP,0.0018210763584647794
9,2,DOS,IGMP,0.0
9,2,DOS,IPv,1.4204481667334789e-06
9,2,DOS,LLC,1.284756782382601e-06
9,2,DOS,Tot sum,0.5012094657868147
9,2,DOS,Min,0.017834845791458952
9,2,DOS,Max,0.017234054720029236
9,2,DOS,AVG,0.45611759843304756
9,2,DOS,Std,0.054689086694270375
9,2,DOS,Tot size,0.17032833085395396
9,2,DOS,IAT,0.004021547353477217
9,2,DOS,Number,8.533655108067251e-06
9,2,DOS,Variance,0.27892239959910514
9,3,DOS,Header_Length,0.018870751772192308
9,3,DOS,Protocol Type,0.003202552231232403
9,3,DOS,Time_To_Live,0.007991277988912771
9,3,DOS,Rate,0.003770885593348794
9,3,DOS,fin_flag_number,0.00036363998806336894
9,3,DOS,syn_flag_number,0.014441388263367116
9,3,DOS,rst_flag_number,8.717454693396576e-05
9,3,DOS,psh_flag_number,0.00016105563991004602
9,3,DOS,ack_flag_number,0.004957070530508645
9,3,DOS,ece_flag_number,0.0
9,3,DOS,cwr_flag_number,0.0
9,3,DOS,ack_count,0.009855195142154115
9,3,DOS,syn_count,0.023472487600520252
9,3,DOS,fin_count,0.06952043361961842
9,3,DOS,rst_count,0.022785351029597223
9,3,DOS,HTTP,0.0006497435933852103
9,3,DOS,HTTPS,1.053496073666338e-06
9,3,DOS,DNS,3.467556513214731e-06
9,3,DOS,Telnet,0.0
9,3,DOS,SMTP,0.0
9,3,DOS,SSH,0.0
9,3,DOS,IRC,0.0
9,3,DOS,TCP,0.008739326937575242
9,3,DOS,UDP,0.06260355380363762
9,3,DOS,DHCP,0.0
9,3,DOS,ARP,6.642508012077997e-06
9,3,DOS,ICMP,0.004564292531722458
9,3,DOS,IGMP,0.0
9,3,DOS,IPv,5.135783277410156e-06
9,3,DOS,LLC,1.5013478630976351e-05
9,3,DOS,Tot sum,0.1520048355916515
9,3,DOS,Min,0.017501230211928488
9,3,DOS,Max,0.004034407548897434
9,3,DOS,AVG,0.12038434762507677
9,3,DOS,Std,0.005906121362932027
9,3,DOS,Tot size,0.0328866274561733
9,3,DOS,IAT,0.0005829021203680896
9,3,DOS,Number,0.0
9,3,DOS,Variance,0.031401865929365155
9,4,DOS,Header_Length,0.00926090972716338
9,4,DOS,Protocol Type,0.002673092175973579
9,4,DOS,Time_To_Live,0.03135949320912914
9,4,DOS,Rate,0.002143850065112929
9,4,DOS,fin_flag_number,0.0001333291516857571
9,4,DOS,syn_flag_number,0.006059248620294966
9,4,DOS,rst_flag_number,5.2758526862817234e-05
9,4,DOS,psh_flag_number,0.00022951535866013728
9,4,DOS,ack_flag_number,0.030002150521613657
9,4,DOS,ece_flag_number,0.0
9,4,DOS,cwr_flag_number,0.0
9,4,DOS,ack_count,0.03557071546092629
9,4,DOS,syn_count,0.010294032715319191
9,4,DOS,fin_count,0.02942678548861295
9,4,DOS,rst_count,0.00799145112396218
9,4,DOS,HTTP,0.0002135241591531667
9,4,DOS,HTTPS,0.0015799968048668233
9,4,DOS,DNS,2.2052796609273175e-06
9,4,DOS,Telnet,0.0
9,4,DOS,SMTP,0.0
9,4,DOS,SSH,0.0
9,4,DOS,IRC,0.0
9,4,DOS,TCP,0.004548181337304414
9,4,DOS,UDP,0.04192200937541202
9,4,DOS,DHCP,0.0
9,4,DOS,ARP,5.284920157997419e-05
9,4,DOS,ICMP,0.0018746146330158807
9,4,DOS,IGMP,0.0
9,4,DOS,IPv,5.194490490367798e-06
9,4,DOS,LLC,2.074208178886039e-05
9,4,DOS,Tot sum,0.17454192617915396
9,4,DOS,Min,0.018827378742571454
9,4,DOS,Max,0.019460395944770427
9,4,DOS,AVG,0.1614326006732881
9,4,DOS,Std,0.05428117699921131
9,4,DOS,Tot size,0.04922154136002064
9,4,DOS,IAT,0.0030516749524394982
9,4,DOS,Number,0.0
9,4,DOS,Variance,0.06047889506444335
9,5,DOS,Header_Length,0.01931409424141748
9,5,DOS,Protocol Type,0.0016634120214803262
9,5,DOS,Time_To_Live,0.0030441104878264013
9,5,DOS,Rate,0.0020799319550860672
9,5,DOS,fin_flag_number,0.0001681422789147291
9,5,DOS,syn_flag_number,0.02256970132002607
9,5,DOS,rst_flag_number,3.324644831081969e-05
9,5,DOS,psh_flag_number,0.00036238192537894063
9,5,DOS,ack_flag_number,0.02000472259023809
9,5,DOS,ece_flag_number,0.0
9,5,DOS,cwr_flag_number,0.0
9,5,DOS,ack_count,0.037740041541110256
9,5,DOS,syn_count,0.024925555335357785
9,5,DOS,fin_count,0.03440563253825531
9,5,DOS,rst_count,0.0286174238055537
9,5,DOS,HTTP,0.0004373983945697546
9,5,DOS,HTTPS,0.003050086959547116
9,5,DOS,DNS,1.2045656234249691e-06
9,5,DOS,Telnet,0.0
9,5,DOS,SMTP,0.0
9,5,DOS,SSH,0.0
9,5,DOS,IRC,0.0
9,5,DOS,TCP,0.008751350425882265
9,5,DOS,UDP,0.023688573879189788
9,5,DOS,DHCP,0.0
9,5,DOS,ARP,9.027850643406054e-06
9,5,DOS,ICMP,0.00354859036151538
9,5,DOS,IGMP,0.0
9,5,DOS,IPv,3.2017185986887853e-06
9,5,DOS,LLC,8.766970029228106e-06
9,5,DOS,Tot sum,0.268362968810834
9,5,DOS,Min,0.0
9,5,DOS,Max,0.01157590582733974
9,5,DOS,AVG,0.08734337612986565
9,5,DOS,Std,0.0504268154327292
9,5,DOS,Tot size,0.014394714084482984
9,5,DOS,IAT,0.00696167331734614
9,5,DOS,Number,0.0
9,5,DOS,Variance,0.3492002913262695
9,1,MIRAI,Header_Length,4.710260468527849e-05
9,1,MIRAI,Protocol Type,8.337109202329884e-05
9,1,MIRAI,Time_To_Live,5.2853043052891734e-05
9,1,MIRAI,Rate,6.627531902267947e-05
9,1,MIRAI,fin_flag_number,1.399396862140634e-05
9,1,MIRAI,syn_flag_number,0.0012011092348984675
9,1,MIRAI,rst_flag_number,2.2075221772865915e-05
9,1,MIRAI,psh_flag_number,8.386173300323208e-06
9,1,MIRAI,ack_flag_number,0.0010868616518564522
9,1,MIRAI,ece_flag_number,0.0
9,1,MIRAI,cwr_flag_number,0.0
9,1,MIRAI,ack_count,0.0018334860680624843
9,1,MIRAI,syn_count,0.0010711422954045701
9,1,MIRAI,fin_count,0.0034886539698163687
9,1,MIRAI,rst_count,0.0023251921871633384
9,1,MIRAI,HTTP,7.963488793194528e-06
9,1,MIRAI,HTTPS,6.781337054562186e-07
9,1,MIRAI,DNS,1.0455433407940973e-07
9,1,MIRAI,Telnet,0.0
9,1,MIRAI,SMTP,0.0
9,1,MIRAI,SSH,0.0
9,1,MIRAI,IRC,0.0
9,1,MIRAI,TCP,2.8377941976032162e-05
9,1,MIRAI,UDP,0.007766295888723107
9,1,MIRAI,DHCP,0.0
9,1,MIRAI,ARP,1.8966292500977033e-07
9,1,MIRAI,ICMP,2.3332142347953777e-05
9,1,MIRAI,IGMP,0.0
9,1,MIRAI,IPv,4.236966773873974e-07
9,1,MIRAI,LLC,8.837606344513915e-08
9,1,MIRAI,Tot sum,0.5155867137014866
9,1,MIRAI,Min,0.03458905071020126
9,1,MIRAI,Max,0.014647250808775426
9,1,MIRAI,AVG,0.5011390641331672
9,1,MIRAI,Std,0.03479290594113991
9,1,MIRAI,Tot size,0.2527368772774935
9,1,MIRAI,IAT,0.00015577487502014265
9,1,MIRAI,Number,1.730835246220863e-05
9,1,MIRAI,Variance,0.11792666655965149
9,2,MIRAI,Header_Length,6.761892836948391e-05
9,2,MIRAI,Protocol Type,0.0002735355985350907
9,2,MIRAI,Time_To_Live,6.103799505581264e-05
9,2,MIRAI,Rate,7.755003643978853e-05
9,2,MIRAI,fin_flag_number,3.313752495159861e-05
9,2,MIRAI,syn_flag_number,0.010871059726923704
9,2,MIRAI,rst_flag_number,4.1085859265876934e-05
9,2,MIRAI,psh_flag_number,4.273223828477057e-06
9,2,MIRAI,ack_flag_number,0.000440928879470448
9,2,MIRAI,ece_flag_number,0.0
9,2,MIRAI,cwr_flag_number,0.0
9,2,MIRAI,ack_count,0.0006921748310560361
9,2,MIRAI,syn_count,0.010185952857136726
9,2,MIRAI,fin_count,0.004763189796358347
9,2,MIRAI,rst_count,0.00286030734423548
9,2,MIRAI,HTTP,4.491630454594997e-06
9,2,MIRAI,HTTPS,1.710879394067888e-06
9,2,MIRAI,DNS,8.00324144734077e-09
9,2,MIRAI,Telnet,0.0
9,2,MIRAI,SMTP,0.0
9,2,MIRAI,SSH,0.0
9,2,MIRAI,IRC,0.0
9,2,MIRAI,TCP,6.53816903650295e-05
9,2,MIRAI,UDP,0.008722948178183287
9,2,MIRAI,DHCP,0.0
9,2,MIRAI,ARP,1.0886033585677524e-07
9,2,MIRAI,ICMP,2.7013403132514215e-05
9,2,MIRAI,IGMP,0.0
9,2,MIRAI,IPv,3.153111521214669e-07
9,2,MIRAI,LLC,6.211711092163342e-08
9,2,MIRAI,Tot sum,1.0425293505191804
9,2,MIRAI,Min,0.09610476522361751
9,2,MIRAI,Max,0.023436053097248076
9,2,MIRAI,AVG,0.9442315101623535
9,2,MIRAI,Std,0.03360134260728955
9,2,MIRAI,Tot size,0.37861270606517794
9,2,MIRAI,IAT,0.0006371300854880246
9,2,MIRAI,Number,6.272957394912738e-05
9,2,MIRAI,Variance,0.17872844149824232
9,3,MIRAI,Header_Length,3.5551900145947e-05
9,3,MIRAI,Protocol Type,0.0001255450380995171
9,3,MIRAI,Time_To_Live,0.00011355230108165416
9,3,MIRAI,Rate,8.5032981223776e-05
9,3,MIRAI,fin_flag_number,2.8940405718458352e-05
9,3,MIRAI,syn_flag_number,0.006995855737477541
9,3,MIRAI,rst_flag_number,3.4932415474031586e-05
9,3,MIRAI,psh_flag_number,7.4797254455916114e-06
9,3,MIRAI,ack_flag_number,0.0011560998973436654
9,3,MIRAI,ece_flag_number,0.0
9,3,MIRAI,cwr_flag_number,0.0
9,3,MIRAI,ack_count,0.001799172005848959
9,3,MIRAI,syn_count,0.006522300466895103
9,3,MIRAI,fin_count,0.004962662258185447
9,3,MIRAI,rst_count,0.0025926678732503205
9,3,MIRAI,HTTP,1.3852626534571754e-05
9,3,MIRAI,HTTPS,3.179061167202235e-07
9,3,MIRAI,DNS,2.3720134556537432e-08
9,3,MIRAI,Telnet,0.0
9,3,MIRAI,SMTP,0.0
9,3,MIRAI,SSH,0.0
9,3,MIRAI,IRC,0.0
9,3,MIRAI,TCP,5.3625944201485257e-05
9,3,MIRAI,UDP,0.01751861369702965
9,3,MIRAI,DHCP,0.0
9,3,MIRAI,ARP,1.3936951219761796e-07
9,3,MIRAI,ICMP,5.256416607153369e-05
9,3,MIRAI,IGMP,0.0
9,3,MIRAI,IPv,3.69785085752028e-07
9,3,MIRAI,LLC,7.943163922163876e-08
9,3,MIRAI,Tot sum,0.8041360437870025
9,3,MIRAI,Min,0.06594998780055902
9,3,MIRAI,Max,0.018489443138241766
9,3,MIRAI,AVG,0.7673390150070191
9,3,MIRAI,Std,0.033377131121233104
9,3,MIRAI,Tot size,0.35807418525218965
9,3,MIRAI,IAT,0.0003438177174757584
9,3,MIRAI,Number,0.0
9,3,MIRAI,Variance,0.14749974021688103
9,4,MIRAI,Header_Length,8.223087061196566e-05
9,4,MIRAI,Protocol Type,0.0002518410656193737
9,4,MIRAI,Time_To_Live,0.0002789754619357154
9,4,MIRAI,Rate,6.548770725203212e-05
9,4,MIRAI,fin_flag_number,4.408095173857874e-06
9,4,MIRAI,syn_flag_number,0.007202557101845741
9,4,MIRAI,rst_flag_number,6.468404058068699e-06
9,4,MIRAI,psh_flag_number,1.1593501312745502e-05
9,4,MIRAI,ack_flag_number,0.001320546303759329
9,4,MIRAI,ece_flag_number,0.0
9,4,MIRAI,cwr_flag_number,0.0
9,4,MIRAI,ack_count,0.002280972938751802
9,4,MIRAI,syn_count,0.006874600239098072
9,4,MIRAI,fin_count,0.0007858145450882148
9,4,MIRAI,rst_count,0.0005087387529783882
9,4,MIRAI,HTTP,3.0204640881947854e-05
9,4,MIRAI,HTTPS,2.606108711233901e-06
9,4,MIRAI,DNS,1.0974328361057495e-07
9,4,MIRAI,Telnet,0.0
9,4,MIRAI,SMTP,0.0
9,4,MIRAI,SSH,0.0
9,4,MIRAI,IRC,0.0
9,4,MIRAI,TCP,6.764381905668415e-05
9,4,MIRAI,UDP,0.017609774135053158
9,4,MIRAI,DHCP,0.0
9,4,MIRAI,ARP,1.1152879479947586e-07
9,4,MIRAI,ICMP,6.096905435697409e-05
9,4,MIRAI,IGMP,0.0
9,4,MIRAI,IPv,5.247709291111847e-07
9,4,MIRAI,LLC,9.723921607918129e-08
9,4,MIRAI,Tot sum,1.0976856485009194
9,4,MIRAI,Min,0.06475506359711289
9,4,MIRAI,Max,0.03682617079466581
9,4,MIRAI,AVG,1.2229262709617614
9,4,MIRAI,Std,0.1055284401983954
9,4,MIRAI,Tot size,0.5928883761167526
9,4,MIRAI,IAT,0.0004525250672486436
9,4,MIRAI,Number,0.0
9,4,MIRAI,Variance,0.26527975058415904
9,5,MIRAI,Header_Length,5.530761900445214e-05
9,5,MIRAI,Protocol Type,0.0002691607747692615
9,5,MIRAI,Time_To_Live,0.000122901314534829
9,5,MIRAI,Rate,8.071978227235377e-05
9,5,MIRAI,fin_flag_number,1.2792882989742793e-05
9,5,MIRAI,syn_flag_number,0.010889757890254259
9,5,MIRAI,rst_flag_number,1.841628409238183e-05
9,5,MIRAI,psh_flag_number,1.0508678315090947e-05
9,5,MIRAI,ack_flag_number,0.0012289331905776634
9,5,MIRAI,ece_flag_number,0.0
9,5,MIRAI,cwr_flag_number,0.0
9,5,MIRAI,ack_count,0.002241985633736476
9,5,MIRAI,syn_count,0.010601245798170567
9,5,MIRAI,fin_count,0.0019829195167403667
9,5,MIRAI,rst_count,0.0014042580500245095
9,5,MIRAI,HTTP,0.0
9,5,MIRAI,HTTPS,1.2200696392028477e-05
9,5,MIRAI,DNS,1.9758253877455444e-08
9,5,MIRAI,Telnet,0.0
9,5,MIRAI,SMTP,0.0
9,5,MIRAI,SSH,0.0
9,5,MIRAI,IRC,0.0
9,5,MIRAI,TCP,6.0851481975987554e-05
9,5,MIRAI,UDP,0.019804359832778572
9,5,MIRAI,DHCP,0.0
9,5,MIRAI,ARP,9.558463425207719e-08
9,5,MIRAI,ICMP,6.835968524683267e-05
9,5,MIRAI,IGMP,0.0
9,5,MIRAI,IPv,2.950620444863716e-07
9,5,MIRAI,LLC,4.579076646749059e-08
9,5,MIRAI,Tot sum,1.2708450555801392
9,5,MIRAI,Min,0.12902734139643143
9,5,MIRAI,Max,0.026736384257674217
9,5,MIRAI,AVG,1.1027445137500762
9,5,MIRAI,Std,0.023733493778854607
9,5,MIRAI,Tot size,0.45711496770381926
9,5,MIRAI,IAT,0.0004084010986844078
9,5,MIRAI,Number,0.0
9,5,MIRAI,Variance,0.1063695834716782
9,1,RECON,Header_Length,7.846757141578564e-05
9,1,RECON,Protocol Type,5.908722025651514e-05
9,1,RECON,Time_To_Live,0.012044450269604568
9,1,RECON,Rate,0.0002912611565989209
9,1,RECON,fin_flag_number,1.3688028559499799e-05
9,1,RECON,syn_flag_number,0.035429721616674216
9,1,RECON,rst_flag_number,1.6230549869078458e-05
9,1,RECON,psh_flag_number,4.828756793813227e-05
9,1,RECON,ack_flag_number,0.019383980031125247
9,1,RECON,ece_flag_number,0.0
9,1,RECON,cwr_flag_number,0.0
9,1,RECON,ack_count,0.002588767604174791
9,1,RECON,syn_count,0.0011169133649673313
9,1,RECON,fin_count,0.0037232446455163883
9,1,RECON,rst_count,0.002141111870878376
9,1,RECON,HTTP,1.5285438507817162e-05
9,1,RECON,HTTPS,5.243063321103136e-05
9,1,RECON,DNS,9.20052989386022e-06
9,1,RECON,Telnet,0.0
9,1,RECON,SMTP,0.0
9,1,RECON,SSH,0.0
9,1,RECON,IRC,0.0
9,1,RECON,TCP,3.220125831830956e-05
9,1,RECON,UDP,0.0030559542909031736
9,1,RECON,DHCP,0.0
9,1,RECON,ARP,8.905151723581639e-07
9,1,RECON,ICMP,4.1856198413370295e-05
9,1,RECON,IGMP,0.0
9,1,RECON,IPv,2.412496495196592e-06
9,1,RECON,LLC,7.076888851997864e-06
9,1,RECON,Tot sum,0.32338875271379947
9,1,RECON,Min,0.001149546553278924
9,1,RECON,Max,0.0020661759888753297
9,1,RECON,AVG,0.09687353826593607
9,1,RECON,Std,0.026793231489136815
9,1,RECON,Tot size,0.0818421334028244
9,1,RECON,IAT,0.08210061462013982
9,1,RECON,Number,0.015608410618733614
9,1,RECON,Variance,0.18534860759973526
9,2,RECON,Header_Length,5.905368011269729e-05
9,2,RECON,Protocol Type,6.098022264495739e-05
9,2,RECON,Time_To_Live,0.008364774340952863
9,2,RECON,Rate,9.602653180422749e-05
9,2,RECON,fin_flag_number,9.804906483168452e-06
9,2,RECON,syn_flag_number,0.03889740709200851
9,2,RECON,rst_flag_number,2.1195742237978266e-05
9,2,RECON,psh_flag_number,1.8336136174657015e-05
9,2,RECON,ack_flag_number,0.0189145984564675
9,2,RECON,ece_flag_number,0.0
9,2,RECON,cwr_flag_number,0.0
9,2,RECON,ack_count,0.0009189630775722435
9,2,RECON,syn_count,0.015136151597289427
9,2,RECON,fin_count,0.00805295635946095
9,2,RECON,rst_count,0.002980114547244739
9,2,RECON,HTTP,2.4610083260956374e-05
9,2,RECON,HTTPS,8.080369276513011e-05
9,2,RECON,DNS,4.109623364456638e-06
9,2,RECON,Telnet,0.0
9,2,RECON,SMTP,0.0
9,2,RECON,SSH,0.0
9,2,RECON,IRC,0.0
9,2,RECON,TCP,1.3619621791782777e-05
9,2,RECON,UDP,0.0041178534818755
9,2,RECON,DHCP,0.0
9,2,RECON,ARP,1.1608335150015137e-05
9,2,RECON,ICMP,1.1510144780402243e-05
9,2,RECON,IGMP,0.0
9,2,RECON,IPv,1.9454475855873454e-05
9,2,RECON,LLC,3.223915864936089e-05
9,2,RECON,Tot sum,0.22263765519019216
9,2,RECON,Min,1.163215862778344e-05
9,2,RECON,Max,0.0032717884168960154
9,2,RECON,AVG,0.0915672411210835
9,2,RECON,Std,0.01876000266056508
9,2,RECON,Tot size,0.13678311025723816
9,2,RECON,IAT,0.05816179807006847
9,2,RECON,Number,0.013445356854936108
9,2,RECON,Variance,0.3105129917152226
9,3,RECON,Header_Length,0.0003853167657780432
9,3,RECON,Protocol Type,2.8156481812402488e-05
9,3,RECON,Time_To_Live,0.0471041432232596
9,3,RECON,Rate,0.0007656543688426609
9,3,RECON,fin_flag_number,4.8553867236478256e-05
9,3,RECON,syn_flag_number,0.01817297855304787
9,3,RECON,rst_flag_number,7.074726637483764e-05
9,3,RECON,psh_flag_number,6.0524463236788506e-05
9,3,RECON,ack_flag_number,0.0892538086976856
9,3,RECON,ece_flag_number,0.0
9,3,RECON,cwr_flag_number,0.0
9,3,RECON,ack_count,0.0057244790368685015
9,3,RECON,syn_count,0.015109383317758329
9,3,RECON,fin_count,0.007583940481708851
9,3,RECON,rst_count,0.004594665238982998
9,3,RECON,HTTP,2.4161153466195628e-05
9,3,RECON,HTTPS,0.00017220371914419274
9,3,RECON,DNS,7.570721206140441e-06
9,3,RECON,Telnet,0.0
9,3,RECON,SMTP,0.0
9,3,RECON,SSH,0.0
9,3,RECON,IRC,0.0
9,3,RECON,TCP,6.406800935678802e-05
9,3,RECON,UDP,0.007088338965286311
9,3,RECON,DHCP,0.0
9,3,RECON,ARP,7.761483560742022e-06
9,3,RECON,ICMP,0.0001230302890917301
9,3,RECON,IGMP,0.0
9,3,RECON,IPv,4.3305210862598645e-06
9,3,RECON,LLC,6.536117706801292e-06
9,3,RECON,Tot sum,0.6968167204642668
9,3,RECON,Min,0.0008938874275226993
9,3,RECON,Max,0.003365858393954113
9,3,RECON,AVG,0.07452267950866372
9,3,RECON,Std,0.021661484241485597
9,3,RECON,Tot size,0.11865893611684442
9,3,RECON,IAT,0.07603754999581724
9,3,RECON,Number,0.030030236854508986
9,3,RECON,Variance,0.18745942352070416
9,4,RECON,Header_Length,8.597439218647196e-05
9,4,RECON,Protocol Type,9.092541281461309e-05
9,4,RECON,Time_To_Live,0.023047623538332118
9,4,RECON,Rate,0.0001633979092730442
9,4,RECON,fin_flag_number,2.6913133652328723e-06
9,4,RECON,syn_flag_number,0.013571985461749137
9,4,RECON,rst_flag_number,6.754440323675226e-06
9,4,RECON,psh_flag_number,8.26916107598663e-05
9,4,RECON,ack_flag_number,0.03021548776887357
9,4,RECON,ece_flag_number,0.0
9,4,RECON,cwr_flag_number,0.0
9,4,RECON,ack_count,0.0023322397406445815
9,4,RECON,syn_count,0.006960996182169765
9,4,RECON,fin_count,0.0009115180000662804
9,4,RECON,rst_count,0.0005116293090395629
9,4,RECON,HTTP,1.0279525287160141e-05
9,4,RECON,HTTPS,0.00013611165666134185
9,4,RECON,DNS,1.0393066132619033e-05
9,4,RECON,Telnet,0.0
9,4,RECON,SMTP,0.0
9,4,RECON,SSH,0.0
9,4,RECON,IRC,0.0
9,4,RECON,TCP,5.4562906456112614e-05
9,4,RECON,UDP,0.019892250798875466
9,4,RECON,DHCP,0.0
9,4,RECON,ARP,6.096306882774627e-06
9,4,RECON,ICMP,2.0174518795101903e-05
9,4,RECON,IGMP,0.0
9,4,RECON,IPv,3.888744541491462e-06
9,4,RECON,LLC,1.0660000629769684e-05
9,4,RECON,Tot sum,0.9888197332620621
9,4,RECON,Min,0.0006830610742326826
9,4,RECON,Max,0.0159215799314552
9,4,RECON,AVG,0.18556800205260515
9,4,RECON,Std,0.09961157643701882
9,4,RECON,Tot size,0.21290708482265472
9,4,RECON,IAT,0.0756038811057806
9,4,RECON,Number,0.04983083840925247
9,4,RECON,Variance,0.7677210768859368
9,5,RECON,Header_Length,0.00023436940352894453
9,5,RECON,Protocol Type,4.4936853112176325e-05
9,5,RECON,Time_To_Live,0.0472743552107886
9,5,RECON,Rate,0.00015047388354219037
9,5,RECON,fin_flag_number,1.103934255297645e-05
9,5,RECON,syn_flag_number,0.04384409187186975
9,5,RECON,rst_flag_number,3.1557638368440164e-05
9,5,RECON,psh_flag_number,8.272087823968377e-05
9,5,RECON,ack_flag_number,0.07942929634882603
9,5,RECON,ece_flag_number,0.0
9,5,RECON,cwr_flag_number,0.0
9,5,RECON,ack_count,0.002919287723489106
9,5,RECON,syn_count,0.01968624775763601
9,5,RECON,fin_count,0.00321431169504649
9,5,RECON,rst_count,0.0017408112114935647
9,5,RECON,HTTP,1.3236363338364754e-05
9,5,RECON,HTTPS,7.299164840617323e-05
9,5,RECON,DNS,1.0513681852936108e-05
9,5,RECON,Telnet,0.0
9,5,RECON,SMTP,0.0
9,5,RECON,SSH,0.0
9,5,RECON,IRC,0.0
9,5,RECON,TCP,4.962778361559117e-05
9,5,RECON,UDP,0.009118256548117643
9,5,RECON,DHCP,0.0
9,5,RECON,ARP,5.056982112044972e-06
9,5,RECON,ICMP,8.056146662198671e-05
9,5,RECON,IGMP,0.0
9,5,RECON,IPv,8.489389175003748e-06
9,5,RECON,LLC,2.3310643155083355e-05
9,5,RECON,Tot sum,0.24769895961508154
9,5,RECON,Min,0.0009899399132791587
9,5,RECON,Max,0.0050086422241292896
9,5,RECON,AVG,0.15196623263764195
9,5,RECON,Std,0.035813114990014584
9,5,RECON,Tot size,0.15580618714448063
9,5,RECON,IAT,0.13470259192763478
9,5,RECON,Number,0.02128726490191184
9,5,RECON,Variance,0.3130477711558342
9,1,SPOOFING,Header_Length,1.2437496528150404e-05
9,1,SPOOFING,Protocol Type,9.251516523818281e-05
9,1,SPOOFING,Time_To_Live,0.012485034915152937
9,1,SPOOFING,Rate,0.00013595283426184323
9,1,SPOOFING,fin_flag_number,1.4023602307133843e-05
9,1,SPOOFING,syn_flag_number,0.0013153645995771512
9,1,SPOOFING,rst_flag_number,5.924856046135573e-06
9,1,SPOOFING,psh_flag_number,1.323288439607495e-05
9,1,SPOOFING,ack_flag_number,0.0013704994416912086
9,1,SPOOFING,ece_flag_number,0.0
9,1,SPOOFING,cwr_flag_number,0.0
9,1,SPOOFING,ack_count,0.00201749540574383
9,1,SPOOFING,syn_count,0.0002004460610805836
9,1,SPOOFING,fin_count,0.0018632979306858033
9,1,SPOOFING,rst_count,0.0011715239132172428
9,1,SPOOFING,HTTP,3.725940882048917e-06
9,1,SPOOFING,HTTPS,3.0075051113698237e-05
9,1,SPOOFING,DNS,0.0
9,1,SPOOFING,Telnet,0.0
9,1,SPOOFING,SMTP,0.0
9,1,SPOOFING,SSH,0.0
9,1,SPOOFING,IRC,0.0
9,1,SPOOFING,TCP,1.377230909156424e-05
9,1,SPOOFING,UDP,0.003639914842642611
9,1,SPOOFING,DHCP,0.0
9,1,SPOOFING,ARP,3.4564769055833724e-07
9,1,SPOOFING,ICMP,2.4882723344887836e-05
9,1,SPOOFING,IGMP,0.0
9,1,SPOOFING,IPv,1.1811940376915686e-06
9,1,SPOOFING,LLC,1.4634145908409835e-06
9,1,SPOOFING,Tot sum,0.21456613335758448
9,1,SPOOFING,Min,0.0011554862880075235
9,1,SPOOFING,Max,0.0029889972443925216
9,1,SPOOFING,AVG,0.12123098652809858
9,1,SPOOFING,Std,0.02592137288302183
9,1,SPOOFING,Tot size,0.21762485057115555
9,1,SPOOFING,IAT,0.06054222711654802
9,1,SPOOFING,Number,0.006498612956556826
9,1,SPOOFING,Variance,0.22127248235046865
9,2,SPOOFING,Header_Length,0.00012074301148459198
9,2,SPOOFING,Protocol Type,5.909002942416919e-05
9,2,SPOOFING,Time_To_Live,0.009805833470636571
9,2,SPOOFING,Rate,0.00020960163130894215
9,2,SPOOFING,fin_flag_number,1.4822347702647676e-05
9,2,SPOOFING,syn_flag_number,0.03432637359946966
9,2,SPOOFING,rst_flag_number,5.820870047159588e-05
9,2,SPOOFING,psh_flag_number,2.8424329536846925e-05
9,2,SPOOFING,ack_flag_number,0.04687686780816876
9,2,SPOOFING,ece_flag_number,0.0
9,2,SPOOFING,cwr_flag_number,0.0
9,2,SPOOFING,ack_count,0.0035827974657877347
9,2,SPOOFING,syn_count,0.005282377486946643
9,2,SPOOFING,fin_count,0.0021852737903827802
9,2,SPOOFING,rst_count,0.00578890142205637
9,2,SPOOFING,HTTP,3.0025259713184483e-06
9,2,SPOOFING,HTTPS,0.00018675609334195542
9,2,SPOOFING,DNS,1.62789729074575e-05
9,2,SPOOFING,Telnet,0.0
9,2,SPOOFING,SMTP,0.0
9,2,SPOOFING,SSH,0.0
9,2,SPOOFING,IRC,0.0
9,2,SPOOFING,TCP,2.53690794522754e-05
9,2,SPOOFING,UDP,0.006382950344413984
9,2,SPOOFING,DHCP,0.0
9,2,SPOOFING,ARP,2.745451675578714e-06
9,2,SPOOFING,ICMP,4.010937015266336e-05
9,2,SPOOFING,IGMP,0.0
9,2,SPOOFING,IPv,3.617512234610487e-06
9,2,SPOOFING,LLC,9.56843021331366e-06
9,2,SPOOFING,Tot sum,0.17655606409534813
9,2,SPOOFING,Min,0.007354655670314969
9,2,SPOOFING,Max,0.003141449956456199
9,2,SPOOFING,AVG,0.21682644225656986
9,2,SPOOFING,Std,0.020735483639873563
9,2,SPOOFING,Tot size,0.23616336323320866
9,2,SPOOFING,IAT,0.027790102072431468
9,2,SPOOFING,Number,0.010978495865128935
9,2,SPOOFING,Variance,0.14709757568780332
9,3,SPOOFING,Header_Length,3.887627723031528e-05
9,3,SPOOFING,Protocol Type,2.0615550421965166e-05
9,3,SPOOFING,Time_To_Live,0.0024798767211450467
9,3,SPOOFING,Rate,0.00028614585280024586
9,3,SPOOFING,fin_flag_number,2.6910814938219117e-06
9,3,SPOOFING,syn_flag_number,0.001863054444447698
9,3,SPOOFING,rst_flag_number,9.259194613164823e-06
9,3,SPOOFING,psh_flag_number,2.796138644711732e-06
9,3,SPOOFING,ack_flag_number,0.004215634779075117
9,3,SPOOFING,ece_flag_number,0.0
9,3,SPOOFING,cwr_flag_number,0.0
9,3,SPOOFING,ack_count,0.0006044752630202765
9,3,SPOOFING,syn_count,8.683694647970697e-05
9,3,SPOOFING,fin_count,0.0009517060731923266
9,3,SPOOFING,rst_count,0.0005135257051733788
9,3,SPOOFING,HTTP,5.57002462144851e-06
9,3,SPOOFING,HTTPS,1.2636501824481172e-05
9,3,SPOOFING,DNS,2.6032247372326233e-08
9,3,SPOOFING,Telnet,0.0
9,3,SPOOFING,SMTP,0.0
9,3,SPOOFING,SSH,0.0
9,3,SPOOFING,IRC,0.0
9,3,SPOOFING,TCP,1.3825665683953048e-05
9,3,SPOOFING,UDP,0.0018421476145476846
9,3,SPOOFING,DHCP,0.0
9,3,SPOOFING,ARP,1.257133989124304e-06
9,3,SPOOFING,ICMP,2.5381856595352304e-05
9,3,SPOOFING,IGMP,0.0
9,3,SPOOFING,IPv,3.0209006661285896e-06
9,3,SPOOFING,LLC,1.1013460753486748e-05
9,3,SPOOFING,Tot sum,0.03357614600099623
9,3,SPOOFING,Min,0.0013002240111518403
9,3,SPOOFING,Max,0.0002829579269018723
9,3,SPOOFING,AVG,0.021180682056001387
9,3,SPOOFING,Std,0.001509149071353022
9,3,SPOOFING,Tot size,0.027513176715001465
9,3,SPOOFING,IAT,0.0062628947000973765
9,3,SPOOFING,Number,0.004404441153747029
9,3,SPOOFING,Variance,0.016825021026306786
9,4,SPOOFING,Header_Length,8.209106454160064e-05
9,4,SPOOFING,Protocol Type,7.246247653256433e-05
9,4,SPOOFING,Time_To_Live,0.016269429885142017
9,4,SPOOFING,Rate,0.0013299428372192778
9,4,SPOOFING,fin_flag_number,2.186476692145334e-06
9,4,SPOOFING,syn_flag_number,0.014652278641005979
9,4,SPOOFING,rst_flag_number,7.093551245418439e-06
9,4,SPOOFING,psh_flag_number,1.2614875618055522e-05
9,4,SPOOFING,ack_flag_number,0.0276442080612469
9,4,SPOOFING,ece_flag_number,0.0
9,4,SPOOFING,cwr_flag_number,0.0
9,4,SPOOFING,ack_count,0.003217136499733897
9,4,SPOOFING,syn_count,0.0028335679693554995
9,4,SPOOFING,fin_count,0.0006864218315968173
9,4,SPOOFING,rst_count,0.0008313617756357417
9,4,SPOOFING,HTTP,2.7416663272106235e-06
9,4,SPOOFING,HTTPS,0.0001554238087919657
9,4,SPOOFING,DNS,1.535299640753607e-08
9,4,SPOOFING,Telnet,0.0
9,4,SPOOFING,SMTP,0.0
9,4,SPOOFING,SSH,0.0
9,4,SPOOFING,IRC,0.0
9,4,SPOOFING,TCP,3.2631339313482496e-05
9,4,SPOOFING,UDP,0.0019031403591725394
9,4,SPOOFING,DHCP,0.0
9,4,SPOOFING,ARP,1.8587032342698429e-06
9,4,SPOOFING,ICMP,6.384191704000841e-05
9,4,SPOOFING,IGMP,0.0
9,4,SPOOFING,IPv,2.8325964910647094e-06
9,4,SPOOFING,LLC,6.689189236053217e-06
9,4,SPOOFING,Tot sum,0.1367776291910559
9,4,SPOOFING,Min,0.005844701018213527
9,4,SPOOFING,Max,0.004737157089402899
9,4,SPOOFING,AVG,0.16107375994324685
9,4,SPOOFING,Std,0.024434048123657702
9,4,SPOOFING,Tot size,0.1892870057374239
9,4,SPOOFING,IAT,0.018759967065125237
9,4,SPOOFING,Number,0.015623581709223799
9,4,SPOOFING,Variance,0.09470726146232664
9,5,SPOOFING,Header_Length,9.576448633197288e-05
9,5,SPOOFING,Protocol Type,5.525287900809417e-05
9,5,SPOOFING,Time_To_Live,0.012860244206967764
9,5,SPOOFING,Rate,0.000463727375245071
9,5,SPOOFING,fin_flag_number,8.855189173573308e-06
9,5,SPOOFING,syn_flag_number,0.011398302039015106
9,5,SPOOFING,rst_flag_number,5.321697314286666e-06
9,5,SPOOFING,psh_flag_number,6.446857148034723e-06
9,5,SPOOFING,ack_flag_number,0.012876244162907825
9,5,SPOOFING,ece_flag_number,0.0
9,5,SPOOFING,cwr_flag_number,0.0
9,5,SPOOFING,ack_count,0.0010581582959275694
9,5,SPOOFING,syn_count,0.002083019520068774
9,5,SPOOFING,fin_count,0.0008180945427739061
9,5,SPOOFING,rst_count,0.0004904477944364771
9,5,SPOOFING,HTTP,0.0
9,5,SPOOFING,HTTPS,6.687084264740406e-05
9,5,SPOOFING,DNS,3.2544905521181276e-06
9,5,SPOOFING,Telnet,0.0
9,5,SPOOFING,SMTP,0.0
9,5,SPOOFING,SSH,0.0
9,5,SPOOFING,IRC,0.0
9,5,SPOOFING,TCP,5.044663271291938e-06
9,5,SPOOFING,UDP,0.003360738657647744
9,5,SPOOFING,DHCP,6.093032425269485e-07
9,5,SPOOFING,ARP,1.2627307603985117e-07
9,5,SPOOFING,ICMP,3.70229660120458e-05
9,5,SPOOFING,IGMP,0.0
9,5,SPOOFING,IPv,1.1706005992095924e-06
9,5,SPOOFING,LLC,9.436660152850607e-07
9,5,SPOOFING,Tot sum,0.14005180783569812
9,5,SPOOFING,Min,0.010572253269492649
9,5,SPOOFING,Max,0.0035071717720711604
9,5,SPOOFING,AVG,0.2235681090503931
9,5,SPOOFING,Std,0.03698790825001197
9,5,SPOOFING,Tot size,0.31309708058834074
9,5,SPOOFING,IAT,0.007416722533889697
9,5,SPOOFING,Number,0.013347999122925103
9,5,SPOOFING,Variance,0.2570271487813443
9,1,WEB,Header_Length,3.284421080707034e-05
9,1,WEB,Protocol Type,1.2096452331888941e-05
9,1,WEB,Time_To_Live,0.0034907777940418327
9,1,WEB,Rate,1.6094103614250344e-05
9,1,WEB,fin_flag_number,6.609464742268756e-06
9,1,WEB,syn_flag_number,0.00042719531411421484
9,1,WEB,rst_flag_number,3.9976381540185456e-06
9,1,WEB,psh_flag_number,1.837442296448444e-06
9,1,WEB,ack_flag_number,0.00046191046112653567
9,1,WEB,ece_flag_number,0.0
9,1,WEB,cwr_flag_number,0.0
9,1,WEB,ack_count,8.485250509693287e-05
9,1,WEB,syn_count,5.842478494741954e-05
9,1,WEB,fin_count,0.00030391190457521586
9,1,WEB,rst_count,0.00028106793136259964
9,1,WEB,HTTP,1.7969095647885069e-06
9,1,WEB,HTTPS,5.848119011386821e-07
9,1,WEB,DNS,1.7646944748150872e-06
9,1,WEB,Telnet,0.0
9,1,WEB,SMTP,0.0
9,1,WEB,SSH,3.5494227233812125e-06
9,1,WEB,IRC,0.0
9,1,WEB,TCP,4.5865468692340984e-06
9,1,WEB,UDP,0.0007379118187600398
9,1,WEB,DHCP,0.0
9,1,WEB,ARP,5.147509051806054e-06
9,1,WEB,ICMP,1.9115127599889093e-06
9,1,WEB,IGMP,0.0
9,1,WEB,IPv,3.293648153146478e-06
9,1,WEB,LLC,3.326314926965779e-06
9,1,WEB,Tot sum,0.08389616403728724
9,1,WEB,Min,0.00235974923325557
9,1,WEB,Max,0.0006714688206557184
9,1,WEB,AVG,0.014954430470243096
9,1,WEB,Std,0.005407556194404606
9,1,WEB,Tot size,0.016879274928942322
9,1,WEB,IAT,0.04749090434343088
9,1,WEB,Number,0.002300955043756403
9,1,WEB,Variance,0.01835055027768249
9,2,WEB,Header_Length,1.4519025200421254e-05
9,2,WEB,Protocol Type,6.757086315234418e-06
9,2,WEB,Time_To_Live,0.0036826649753123773
9,2,WEB,Rate,1.039654043282212e-05
9,2,WEB,fin_flag_number,1.0524243246923248e-05
9,2,WEB,syn_flag_number,0.001185672797430648
9,2,WEB,rst_flag_number,4.9795226317428385e-06
9,2,WEB,psh_flag_number,1.1575360326254724e-06
9,2,WEB,ack_flag_number,0.0007819877516567431
9,2,WEB,ece_flag_number,0.0
9,2,WEB,cwr_flag_number,0.0
9,2,WEB,ack_count,0.00014205324752172288
9,2,WEB,syn_count,0.0003656537628131673
9,2,WEB,fin_count,0.00044224757303936715
9,2,WEB,rst_count,0.00018390009629385418
9,2,WEB,HTTP,4.687664020600057e-06
9,2,WEB,HTTPS,1.094162691295253e-06
9,2,WEB,DNS,5.257746522602247e-07
9,2,WEB,Telnet,0.0
9,2,WEB,SMTP,0.0
9,2,WEB,SSH,7.896636589066475e-07
9,2,WEB,IRC,0.0
9,2,WEB,TCP,3.5980076732000653e-06
9,2,WEB,UDP,0.00045084044181571415
9,2,WEB,DHCP,0.0
9,2,WEB,ARP,3.5766868078130874e-06
9,2,WEB,ICMP,5.31258408820734e-06
9,2,WEB,IGMP,0.0
9,2,WEB,IPv,1.8108441487826518e-06
9,2,WEB,LLC,4.920251684258558e-07
9,2,WEB,Tot sum,0.074992385324731
9,2,WEB,Min,0.007954509039161539
9,2,WEB,Max,0.001997431565337138
9,2,WEB,AVG,0.044561550767684824
9,2,WEB,Std,0.0034200797348603374
9,2,WEB,Tot size,0.026819693006109445
9,2,WEB,IAT,0.05060598860758887
9,2,WEB,Number,0.0013768970174169227
9,2,WEB,Variance,0.025735066761262713
9,3,WEB,Header_Length,0.00019440883629613382
9,3,WEB,Protocol Type,5.688470885232277e-05
9,3,WEB,Time_To_Live,0.013800703544984572
9,3,WEB,Rate,0.0002172221656110196
9,3,WEB,fin_flag_number,3.6949474974790064e-05
9,3,WEB,syn_flag_number,0.002860861786575697
9,3,WEB,rst_flag_number,2.072285822265485e-05
9,3,WEB,psh_flag_number,1.52542687449575e-05
9,3,WEB,ack_flag_number,0.007470683458996064
9,3,WEB,ece_flag_number,0.0
9,3,WEB,cwr_flag_number,0.0
9,3,WEB,ack_count,0.001084951569146142
9,3,WEB,syn_count,0.0004140623187140591
9,3,WEB,fin_count,0.0017099536629757496
9,3,WEB,rst_count,0.001043169980403036
9,3,WEB,HTTP,1.26641674476069e-05
9,3,WEB,HTTPS,2.6709572584127096e-05
9,3,WEB,DNS,1.2620748919425772e-05
9,3,WEB,Telnet,0.0
9,3,WEB,SMTP,0.0
9,3,WEB,SSH,0.0
9,3,WEB,IRC,0.0
9,3,WEB,TCP,5.068443746267803e-05
9,3,WEB,UDP,0.006783217759948457
9,3,WEB,DHCP,0.0
9,3,WEB,ARP,1.0562370991928916e-05
9,3,WEB,ICMP,1.4331391474797783e-05
9,3,WEB,IGMP,0.0
9,3,WEB,IPv,1.0238054496536364e-05
9,3,WEB,LLC,7.788832987021266e-07
9,3,WEB,Tot sum,0.17237648987211288
9,3,WEB,Min,0.000325976081785484
9,3,WEB,Max,0.004516776866512373
9,3,WEB,AVG,0.04645657865330577
9,3,WEB,Std,0.0483384040184319
9,3,WEB,Tot size,0.12424749433994293
9,3,WEB,IAT,0.12648048122646288
9,3,WEB,Number,0.016559058625716716
9,3,WEB,Variance,0.17154374896199442
9,4,WEB,Header_Length,0.000211379885149654
9,4,WEB,Protocol Type,6.548802282395627e-05
9,4,WEB,Time_To_Live,0.020191623575146877
9,4,WEB,Rate,8.271233145933366e-05
9,4,WEB,fin_flag_number,1.4603399222323787e-05
9,4,WEB,syn_flag_number,0.004331957759859506
9,4,WEB,rst_flag_number,6.401378254849988e-06
9,4,WEB,psh_flag_number,1.041095038090134e-05
9,4,WEB,ack_flag_number,0.006612904497887939
9,4,WEB,ece_flag_number,0.0
9,4,WEB,cwr_flag_number,0.0
9,4,WEB,ack_count,0.0014031608559889718
9,4,WEB,syn_count,0.0019353993164259009
9,4,WEB,fin_count,0.00045536403749792955
9,4,WEB,rst_count,0.00020401767833391204
9,4,WEB,HTTP,4.253647065155519e-06
9,4,WEB,HTTPS,1.1718490408085813e-05
9,4,WEB,DNS,6.128982529340909e-06
9,4,WEB,Telnet,0.0
9,4,WEB,SMTP,0.0
9,4,WEB,SSH,0.0
9,4,WEB,IRC,0.0
9,4,WEB,TCP,2.6641823296813527e-05
9,4,WEB,UDP,0.00623210136545822
9,4,WEB,DHCP,0.0
9,4,WEB,ARP,1.176024685438648e-05
9,4,WEB,ICMP,1.3640238148582284e-05
9,4,WEB,IGMP,0.0
9,4,WEB,IPv,6.518953571266195e-06
9,4,WEB,LLC,1.8611980133975693e-06
9,4,WEB,Tot sum,0.38119174651801585
9,4,WEB,Min,0.017010364090856454
9,4,WEB,Max,0.009781238250434398
9,4,WEB,AVG,0.09007900077849626
9,4,WEB,Std,0.06192037546425126
9,4,WEB,Tot size,0.2457310751080513
9,4,WEB,IAT,0.1865622805635212
9,4,WEB,Number,0.010136024851817638
9,4,WEB,Variance,0.14418052309920312
9,5,WEB,Header_Length,7.291173839512055e-05
9,5,WEB,Protocol Type,6.040084405034562e-06
9,5,WEB,Time_To_Live,0.009613868214057675
9,5,WEB,Rate,4.779671964953991e-05
9,5,WEB,fin_flag_number,1.1875380695669513e-05
9,5,WEB,syn_flag_number,0.001874266409976144
9,5,WEB,rst_flag_number,4.652551690745299e-06
9,5,WEB,psh_flag_number,2.961378323249053e-06
9,5,WEB,ack_flag_number,0.0013400718248683051
9,5,WEB,ece_flag_number,0.0
9,5,WEB,cwr_flag_number,0.0
9,5,WEB,ack_count,0.00010822577074907081
9,5,WEB,syn_count,0.0004406920931273817
9,5,WEB,fin_count,0.00038203894325548047
9,5,WEB,rst_count,0.0003050382620235936
9,5,WEB,HTTP,1.5454856111318803e-06
9,5,WEB,HTTPS,5.633957829953573e-06
9,5,WEB,DNS,5.84646284752414e-07
9,5,WEB,Telnet,0.0
9,5,WEB,SMTP,0.0
9,5,WEB,SSH,5.35065007625235e-06
9,5,WEB,IRC,0.0
9,5,WEB,TCP,9.672224251700002e-06
9,5,WEB,UDP,0.0015989472237606605
9,5,WEB,DHCP,0.0
9,5,WEB,ARP,6.252382074292684e-06
9,5,WEB,ICMP,1.8469163764800455e-06
9,5,WEB,IGMP,0.0
9,5,WEB,IPv,2.3102575024580576e-06
9,5,WEB,LLC,7.722812150778857e-07
9,5,WEB,Tot sum,0.07305717630515574
9,5,WEB,Min,0.0007019357453373232
9,5,WEB,Max,0.0014783004188757332
9,5,WEB,AVG,0.025858105465886183
9,5,WEB,Std,0.012281510466164037
9,5,WEB,Tot size,0.046246743277879435
9,5,WEB,IAT,0.06057371559563762
9,5,WEB,Number,0.006482990385006815
9,5,WEB,Variance,0.03328228841928649
10,1,BENIGN,Header_Length,9.319080095337995e-05
10,1,BENIGN,Protocol Type,1.1021922205145529e-05
10,1,BENIGN,Time_To_Live,0.06588334455227596
10,1,BENIGN,Rate,0.0002447299460072827
10,1,BENIGN,fin_flag_number,3.3939398605298265e-05
10,1,BENIGN,syn_flag_number,0.003094600752228871
10,1,BENIGN,rst_flag_number,5.600322513643618e-06
10,1,BENIGN,psh_flag_number,1.1389129073791083e-05
10,1,BENIGN,ack_flag_number,0.014433025341713802
10,1,BENIGN,ece_flag_number,0.0
10,1,BENIGN,cwr_flag_number,0.0
10,1,BENIGN,ack_count,0.0016128930487411708
10,1,BENIGN,syn_count,0.0007189158376604609
10,1,BENIGN,fin_count,0.0013704416141990805
10,1,BENIGN,rst_count,0.0019022917106667591
10,1,BENIGN,HTTP,1.0010694494866357e-05
10,1,BENIGN,HTTPS,2.0216898804648053e-05
10,1,BENIGN,DNS,4.015557351522148e-07
10,1,BENIGN,Telnet,0.0
10,1,BENIGN,SMTP,0.0
10,1,BENIGN,SSH,0.0
10,1,BENIGN,IRC,0.0
10,1,BENIGN,TCP,8.317621336573211e-06
10,1,BENIGN,UDP,0.0023000201559625565
10,1,BENIGN,DHCP,0.0
10,1,BENIGN,ARP,7.097023131397151e-07
10,1,BENIGN,ICMP,3.280653053252536e-05
10,1,BENIGN,IGMP,0.0
10,1,BENIGN,IPv,1.829198347014227e-07
10,1,BENIGN,LLC,2.3120619195182714e-06
10,1,BENIGN,Tot sum,0.1691586277447641
10,1,BENIGN,Min,0.008204371022293344
10,1,BENIGN,Max,0.007546238298527896
10,1,BENIGN,AVG,0.06364143311511725
10,1,BENIGN,Std,0.09799772165715695
10,1,BENIGN,Tot size,0.08456428723875434
10,1,BENIGN,IAT,0.01727751299972624
10,1,BENIGN,Number,0.018810669958475044
10,1,BENIGN,Variance,0.3886456465348601
10,2,BENIGN,Header_Length,5.1449712559659135e-06
10,2,BENIGN,Protocol Type,1.0197637451803133e-06
10,2,BENIGN,Time_To_Live,0.001589998967176598
10,2,BENIGN,Rate,2.1990707111996243e-05
10,2,BENIGN,fin_flag_number,3.881612861889039e-06
10,2,BENIGN,syn_flag_number,0.000651223012846458
10,2,BENIGN,rst_flag_number,1.3242869026708347e-06
10,2,BENIGN,psh_flag_number,1.9837360562657834e-06
10,2,BENIGN,ack_flag_number,0.0006604868279282527
10,2,BENIGN,ece_flag_number,0.0
10,2,BENIGN,cwr_flag_number,0.0
10,2,BENIGN,ack_count,2.7328128712156286e-05
10,2,BENIGN,syn_count,0.00021833244395565998
10,2,BENIGN,fin_count,0.00014056258416985656
10,2,BENIGN,rst_count,0.00018194128687127887
10,2,BENIGN,HTTP,2.9552746045879984e-07
10,2,BENIGN,HTTPS,3.565824950868546e-07
10,2,BENIGN,DNS,2.494585038093078e-07
10,2,BENIGN,Telnet,0.0
10,2,BENIGN,SMTP,0.0
10,2,BENIGN,SSH,1.4179571294903326e-09
10,2,BENIGN,IRC,0.0
10,2,BENIGN,TCP,1.3557641683925592e-06
10,2,BENIGN,UDP,0.00036517619091114284
10,2,BENIGN,DHCP,0.0
10,2,BENIGN,ARP,1.116375968925054e-09
10,2,BENIGN,ICMP,3.387681657862629e-07
10,2,BENIGN,IGMP,0.0
10,2,BENIGN,IPv,5.128807086386515e-10
10,2,BENIGN,LLC,5.572772918821522e-09
10,2,BENIGN,Tot sum,0.017372403676563408
10,2,BENIGN,Min,0.00012845451978673594
10,2,BENIGN,Max,0.0005646024583256803
10,2,BENIGN,AVG,0.003013856711186236
10,2,BENIGN,Std,0.004724860002170317
10,2,BENIGN,Tot size,0.0015746342745842413
10,2,BENIGN,IAT,0.0019980007170488532
10,2,BENIGN,Number,0.0011223513697586895
10,2,BENIGN,Variance,0.007917113346047699
10,3,BENIGN,Header_Length,0.00011955294676226912
10,3,BENIGN,Protocol Type,4.739740149517502e-06
10,3,BENIGN,Time_To_Live,0.025938718461839018
10,3,BENIGN,Rate,0.0004356110231128696
10,3,BENIGN,fin_flag_number,5.9552217976488464e-05
10,3,BENIGN,syn_flag_number,0.009823802472965326
10,3,BENIGN,rst_flag_number,1.6930895941413838e-05
10,3,BENIGN,psh_flag_number,4.9710429773597295e-05
10,3,BENIGN,ack_flag_number,0.023741512186825277
10,3,BENIGN,ece_flag_number,0.0
10,3,BENIGN,cwr_flag_number,0.0
10,3,BENIGN,ack_count,0.0010478633377488222
10,3,BENIGN,syn_count,0.001666091047354712
10,3,BENIGN,fin_count,0.0021289969770862172
10,3,BENIGN,rst_count,0.003175437054960639
10,3,BENIGN,HTTP,1.1142418901499696e-05
10,3,BENIGN,HTTPS,1.741865976327972e-05
10,3,BENIGN,DNS,8.560549798586337e-07
10,3,BENIGN,Telnet,0.0
10,3,BENIGN,SMTP,0.0
10,3,BENIGN,SSH,0.0
10,3,BENIGN,IRC,0.0
10,3,BENIGN,TCP,1.0376691790270343e-05
10,3,BENIGN,UDP,0.0022190241241332844
10,3,BENIGN,DHCP,0.0
10,3,BENIGN,ARP,1.029871888702516e-05
10,3,BENIGN,ICMP,7.81409117507792e-05
10,3,BENIGN,IGMP,0.0
10,3,BENIGN,IPv,4.36884927039749e-06
10,3,BENIGN,LLC,3.101232774689322e-05
10,3,BENIGN,Tot sum,0.31165292877703904
10,3,BENIGN,Min,0.0027468862523164716
10,3,BENIGN,Max,0.011040159780532122
10,3,BENIGN,AVG,0.12987133637070655
10,3,BENIGN,Std,0.12224493399262429
10,3,BENIGN,Tot size,0.06022904850542545
10,3,BENIGN,IAT,0.1731801573681878
10,3,BENIGN,Number,0.017883974965661763
10,3,BENIGN,Variance,0.18383039366453885
10,4,BENIGN,Header_Length,0.0001723815238165116
10,4,BENIGN,Protocol Type,9.012816485665099e-06
10,4,BENIGN,Time_To_Live,0.1347865883547456
10,4,BENIGN,Rate,0.00018664563067432026
10,4,BENIGN,fin_flag_number,9.180602791047932e-06
10,4,BENIGN,syn_flag_number,0.0038914021366508677
10,4,BENIGN,rst_flag_number,9.98884535530209e-07
10,4,BENIGN,psh_flag_number,1.029996938655131e-05
10,4,BENIGN,ack_flag_number,0.016858889654395172
10,4,BENIGN,ece_flag_number,0.0
10,4,BENIGN,cwr_flag_number,0.0
10,4,BENIGN,ack_count,0.0005215799664256337
10,4,BENIGN,syn_count,0.0015050046902615577
10,4,BENIGN,fin_count,0.00030992643187346405
10,4,BENIGN,rst_count,0.0003385121798146429
10,4,BENIGN,HTTP,9.354374547143608e-06
10,4,BENIGN,HTTPS,3.379344358904746e-05
10,4,BENIGN,DNS,2.1795440867666828e-07
10,4,BENIGN,Telnet,0.0
10,4,BENIGN,SMTP,0.0
10,4,BENIGN,SSH,0.0
10,4,BENIGN,IRC,0.0
10,4,BENIGN,TCP,3.660976315700282e-06
10,4,BENIGN,UDP,0.0012846355559304357
10,4,BENIGN,DHCP,0.0
10,4,BENIGN,ARP,4.11481990892637e-06
10,4,BENIGN,ICMP,2.9276344224626883e-05
10,4,BENIGN,IGMP,0.0
10,4,BENIGN,IPv,1.361297475005463e-06
10,4,BENIGN,LLC,7.456341897049689e-06
10,4,BENIGN,Tot sum,0.1729215756058693
10,4,BENIGN,Min,0.01068405127771257
10,4,BENIGN,Max,0.00821914555854164
10,4,BENIGN,AVG,0.040907160472124816
10,4,BENIGN,Std,0.09680143244113423
10,4,BENIGN,Tot size,0.12599550671875476
10,4,BENIGN,IAT,0.04204476107261144
10,4,BENIGN,Number,0.02354054164025001
10,4,BENIGN,Variance,0.25615872169146314
10,5,BENIGN,Header_Length,8.23446594949928e-05
10,5,BENIGN,Protocol Type,3.0669223413326564e-06
10,5,BENIGN,Time_To_Live,0.024926496083207895
10,5,BENIGN,Rate,0.00016968413822269213
10,5,BENIGN,fin_flag_number,1.4259740746069838e-05
10,5,BENIGN,syn_flag_number,0.00554111709134304
10,5,BENIGN,rst_flag_number,3.2727329077886225e-06
10,5,BENIGN,psh_flag_number,2.3142364889849885e-05
10,5,BENIGN,ack_flag_number,0.01192875056876801
10,5,BENIGN,ece_flag_number,0.0
10,5,BENIGN,cwr_flag_number,0.0
10,5,BENIGN,ack_count,0.0010320307291522112
10,5,BENIGN,syn_count,0.0028921744000399486
10,5,BENIGN,fin_count,0.0005818994277433376
10,5,BENIGN,rst_count,0.0007126366921511362
10,5,BENIGN,HTTP,1.4875996384944302e-06
10,5,BENIGN,HTTPS,1.1110163876537627e-05
10,5,BENIGN,DNS,1.4580888037962758e-06
10,5,BENIGN,Telnet,0.0
10,5,BENIGN,SMTP,0.0
10,5,BENIGN,SSH,0.0
10,5,BENIGN,IRC,0.0
10,5,BENIGN,TCP,3.498867526907645e-06
10,5,BENIGN,UDP,0.0014235820428439184
10,5,BENIGN,DHCP,0.0
10,5,BENIGN,ARP,5.268643577666099e-07
10,5,BENIGN,ICMP,2.341675121897424e-05
10,5,BENIGN,IGMP,0.0
10,5,BENIGN,IPv,1.3772744461681974e-06
10,5,BENIGN,LLC,1.205944733373432e-06
10,5,BENIGN,Tot sum,0.08083412164996844
10,5,BENIGN,Min,0.015359650345453701
10,5,BENIGN,Max,0.014427975239232182
10,5,BENIGN,AVG,0.11581147089600563
10,5,BENIGN,Std,0.16252144388854503
10,5,BENIGN,Tot size,0.1389761734753847
10,5,BENIGN,IAT,0.03453394320385996
10,5,BENIGN,Number,0.00792815421227715
10,5,BENIGN,Variance,0.5583816140890121
10,1,DDOS,Header_Length,0.009204026352381333
10,1,DDOS,Protocol Type,0.0011265339791862062
10,1,DDOS,Time_To_Live,0.000790224967568065
10,1,DDOS,Rate,0.0020674717626206983
10,1,DDOS,fin_flag_number,0.00017844782196334562
10,1,DDOS,syn_flag_number,0.015465116291306914
10,1,DDOS,rst_flag_number,2.9671121160390614e-05
10,1,DDOS,psh_flag_number,0.00031325071104220114
10,1,DDOS,ack_flag_number,0.006830968055874109
10,1,DDOS,ece_flag_number,0.0
10,1,DDOS,cwr_flag_number,0.0
10,1,DDOS,ack_count,0.010810772585682572
10,1,DDOS,syn_count,0.01678684126236476
10,1,DDOS,fin_count,0.03727902723476291
10,1,DDOS,rst_count,0.02136942921206355
10,1,DDOS,HTTP,0.00018415163203826522
10,1,DDOS,HTTPS,1.7529017611650488e-05
10,1,DDOS,DNS,0.0
10,1,DDOS,Telnet,0.0
10,1,DDOS,SMTP,0.0
10,1,DDOS,SSH,0.0
10,1,DDOS,IRC,0.0
10,1,DDOS,TCP,0.003937164082890377
10,1,DDOS,UDP,0.0209196537733078
10,1,DDOS,DHCP,0.0
10,1,DDOS,ARP,8.853296822053381e-06
10,1,DDOS,ICMP,0.0018332246461795875
10,1,DDOS,IGMP,0.0
10,1,DDOS,IPv,2.249498401596384e-06
10,1,DDOS,LLC,8.635280266844347e-06
10,1,DDOS,Tot sum,0.2746612034738064
10,1,DDOS,Min,0.004083638545125723
10,1,DDOS,Max,0.005016321345192409
10,1,DDOS,AVG,0.09567982736043631
10,1,DDOS,Std,0.013203302497277036
10,1,DDOS,Tot size,0.08264882396906614
10,1,DDOS,IAT,0.003812671218474861
10,1,DDOS,Number,2.6213147179987574e-06
10,1,DDOS,Variance,0.009790581060224212
10,2,DDOS,Header_Length,0.014602524568908848
10,2,DDOS,Protocol Type,0.0022491951820313716
10,2,DDOS,Time_To_Live,0.0018388755293017311
10,2,DDOS,Rate,0.002127537936121371
10,2,DDOS,fin_flag_number,0.00025945701395926337
10,2,DDOS,syn_flag_number,0.021546576218679548
10,2,DDOS,rst_flag_number,4.6284076142910634e-05
10,2,DDOS,psh_flag_number,0.00011866463471079668
10,2,DDOS,ack_flag_number,0.006130203914653976
10,2,DDOS,ece_flag_number,0.0
10,2,DDOS,cwr_flag_number,0.0
10,2,DDOS,ack_count,0.008173535525565967
10,2,DDOS,syn_count,0.03685251332935877
10,2,DDOS,fin_count,0.052398185897618535
10,2,DDOS,rst_count,0.02876798784127459
10,2,DDOS,HTTP,3.1867981489952515e-05
10,2,DDOS,HTTPS,9.394516208658388e-05
10,2,DDOS,DNS,6.1987513618078084e-06
10,2,DDOS,Telnet,0.0
10,2,DDOS,SMTP,0.0
10,2,DDOS,SSH,0.0
10,2,DDOS,IRC,0.0
10,2,DDOS,TCP,0.0064775164424645485
10,2,DDOS,UDP,0.03240339100593701
10,2,DDOS,DHCP,0.0
10,2,DDOS,ARP,2.4502105360202364e-06
10,2,DDOS,ICMP,0.003231651361738841
10,2,DDOS,IGMP,0.0
10,2,DDOS,IPv,5.321688038684158e-07
10,2,DDOS,LLC,4.537658331571493e-06
10,2,DDOS,Tot sum,0.08448834624141455
10,2,DDOS,Min,7.297317765875278e-06
10,2,DDOS,Max,0.006219239509664476
10,2,DDOS,AVG,0.033819242708705136
10,2,DDOS,Std,0.02163630228023976
10,2,DDOS,Tot size,0.03883777700830251
10,2,DDOS,IAT,0.0014775213923712727
10,2,DDOS,Number,0.00026278087808009334
10,2,DDOS,Variance,0.25405306126922367
10,3,DDOS,Header_Length,0.0038631029019597918
10,3,DDOS,Protocol Type,0.0007533025727752829
10,3,DDOS,Time_To_Live,0.001655009180194611
10,3,DDOS,Rate,0.0005751992128352867
10,3,DDOS,fin_flag_number,0.0002822761300194543
10,3,DDOS,syn_flag_number,0.018945006383000874
10,3,DDOS,rst_flag_number,0.00011018924742529634
10,3,DDOS,psh_flag_number,0.0004188252834865125
10,3,DDOS,ack_flag_number,0.007360356923891231
10,3,DDOS,ece_flag_number,0.0
10,3,DDOS,cwr_flag_number,0.0
10,3,DDOS,ack_count,0.01294895090686623
10,3,DDOS,syn_count,0.032446313905529676
10,3,DDOS,fin_count,0.057517957501113416
10,3,DDOS,rst_count,0.03407751279883087
10,3,DDOS,HTTP,0.00010563442374404986
10,3,DDOS,HTTPS,1.2251835030951952e-06
10,3,DDOS,DNS,1.11821347275054e-06
10,3,DDOS,Telnet,0.0
10,3,DDOS,SMTP,0.0
10,3,DDOS,SSH,0.0
10,3,DDOS,IRC,0.0
10,3,DDOS,TCP,0.0016760124766733498
10,3,DDOS,UDP,0.025326092331670224
10,3,DDOS,DHCP,0.0
10,3,DDOS,ARP,3.4887435816699507e-06
10,3,DDOS,ICMP,0.0008458379237708868
10,3,DDOS,IGMP,0.0
10,3,DDOS,IPv,1.5281868272154498e-06
10,3,DDOS,LLC,3.840931407239623e-06
10,3,DDOS,Tot sum,0.08927735425531864
10,3,DDOS,Min,0.0006673824304016307
10,3,DDOS,Max,0.008174438358400949
10,3,DDOS,AVG,0.030592056922614574
10,3,DDOS,Std,0.018874356901505962
10,3,DDOS,Tot size,0.02774891136214137
10,3,DDOS,IAT,0.0004870550736086443
10,3,DDOS,Number,0.0
10,3,DDOS,Variance,0.15894275929313154
10,4,DDOS,Header_Length,0.01949510114500299
10,4,DDOS,Protocol Type,0.0032187088421778754
10,4,DDOS,Time_To_Live,0.0011607385662500747
10,4,DDOS,Rate,0.0029300287227670197
10,4,DDOS,fin_flag_number,0.00017908967656694587
10,4,DDOS,syn_flag_number,0.01676957923991722
10,4,DDOS,rst_flag_number,2.9849509871837654e-05
10,4,DDOS,psh_flag_number,0.0005520587495993823
10,4,DDOS,ack_flag_number,0.009180323011241854
10,4,DDOS,ece_flag_number,0.0
10,4,DDOS,cwr_flag_number,0.0
10,4,DDOS,ack_count,0.03082699218648486
10,4,DDOS,syn_count,0.029928773292340338
10,4,DDOS,fin_count,0.03562722080387175
10,4,DDOS,rst_count,0.024121566314715893
10,4,DDOS,HTTP,0.0006647299611358904
10,4,DDOS,HTTPS,0.0011243098102568182
10,4,DDOS,DNS,6.686685571821726e-06
10,4,DDOS,Telnet,0.0
10,4,DDOS,SMTP,0.0
10,4,DDOS,SSH,0.0
10,4,DDOS,IRC,0.0
10,4,DDOS,TCP,0.00808091412181966
10,4,DDOS,UDP,0.06427679657936096
10,4,DDOS,DHCP,0.0
10,4,DDOS,ARP,8.475757690007413e-06
10,4,DDOS,ICMP,0.004404483741382137
10,4,DDOS,IGMP,0.0
10,4,DDOS,IPv,2.1952733888497278e-06
10,4,DDOS,LLC,6.684724866090619e-06
10,4,DDOS,Tot sum,0.05720956092700362
10,4,DDOS,Min,0.0021423954516649247
10,4,DDOS,Max,0.004980829829582945
10,4,DDOS,AVG,0.0333906945772469
10,4,DDOS,Std,0.00477586524648359
10,4,DDOS,Tot size,0.028752940287813545
10,4,DDOS,IAT,0.005005452228942886
10,4,DDOS,Number,0.0
10,4,DDOS,Variance,0.00959660597727634
10,5,DDOS,Header_Length,0.013471677482630184
10,5,DDOS,Protocol Type,0.0018702530062000733
10,5,DDOS,Time_To_Live,0.0012641481531318276
10,5,DDOS,Rate,0.0008680692580583127
10,5,DDOS,fin_flag_number,8.10431044158122e-05
10,5,DDOS,syn_flag_number,0.02235730001120828
10,5,DDOS,rst_flag_number,3.2027211682361666e-05
10,5,DDOS,psh_flag_number,0.0001748873344013191
10,5,DDOS,ack_flag_number,0.010392306175344857
10,5,DDOS,ece_flag_number,0.0
10,5,DDOS,cwr_flag_number,0.0
10,5,DDOS,ack_count,0.01182499352726154
10,5,DDOS,syn_count,0.026372641099442262
10,5,DDOS,fin_count,0.019840404973365366
10,5,DDOS,rst_count,0.017283049038087483
10,5,DDOS,HTTP,9.513366876490181e-08
10,5,DDOS,HTTPS,0.002288054224032976
10,5,DDOS,DNS,3.09991153866207e-06
10,5,DDOS,Telnet,0.0
10,5,DDOS,SMTP,0.0
10,5,DDOS,SSH,0.0
10,5,DDOS,IRC,0.0
10,5,DDOS,TCP,0.006074354216980282
10,5,DDOS,UDP,0.028913479717448353
10,5,DDOS,DHCP,0.0
10,5,DDOS,ARP,5.078297630567441e-06
10,5,DDOS,ICMP,0.0017648725824983558
10,5,DDOS,IGMP,0.0
10,5,DDOS,IPv,1.3264031302639978e-06
10,5,DDOS,LLC,3.660901682778217e-06
10,5,DDOS,Tot sum,0.34745081269647926
10,5,DDOS,Min,0.0
10,5,DDOS,Max,0.024791334057226777
10,5,DDOS,AVG,0.04320570494746789
10,5,DDOS,Std,0.08124991098884493
10,5,DDOS,Tot size,0.02091968687600456
10,5,DDOS,IAT,0.0039337792164587885
10,5,DDOS,Number,0.0
10,5,DDOS,Variance,0.42390426446218044
10,1,DOS,Header_Length,0.005242806434102932
10,1,DOS,Protocol Type,0.0015087672871231916
10,1,DOS,Time_To_Live,0.002578079273371259
10,1,DOS,Rate,0.0031060112862178356
10,1,DOS,fin_flag_number,0.00015991861473594327
10,1,DOS,syn_flag_number,0.004040086107852403
10,1,DOS,rst_flag_number,4.02921597014938e-05
10,1,DOS,psh_flag_number,0.0001576115126226796
10,1,DOS,ack_flag_number,0.007901281223166735
10,1,DOS,ece_flag_number,0.0
10,1,DOS,cwr_flag_number,0.0
10,1,DOS,ack_count,0.0132547055487521
10,1,DOS,syn_count,0.007391253993046121
10,1,DOS,fin_count,0.0302024585660547
10,1,DOS,rst_count,0.00893783523933962
10,1,DOS,HTTP,0.00015408481704071164
10,1,DOS,HTTPS,1.990574943562251e-05
10,1,DOS,DNS,0.0
10,1,DOS,Telnet,0.0
10,1,DOS,SMTP,0.0
10,1,DOS,SSH,0.0
10,1,DOS,IRC,0.0
10,1,DOS,TCP,0.003275481869354735
10,1,DOS,UDP,0.026630974025465548
10,1,DOS,DHCP,0.0
10,1,DOS,ARP,7.166003119607467e-06
10,1,DOS,ICMP,0.0016909965046579601
10,1,DOS,IGMP,0.0
10,1,DOS,IPv,1.4459321647564138e-06
10,1,DOS,LLC,7.515831991611321e-06
10,1,DOS,Tot sum,0.1861343141645193
10,1,DOS,Min,0.016199004952795804
10,1,DOS,Max,0.009736342960968614
10,1,DOS,AVG,0.14766708761453629
10,1,DOS,Std,0.02533211689442396
10,1,DOS,Tot size,0.05229883455904201
10,1,DOS,IAT,0.002026690870843595
10,1,DOS,Number,1.1231549751755666e-05
10,1,DOS,Variance,0.06148352771997452
10,2,DOS,Header_Length,0.005338210092304507
10,2,DOS,Protocol Type,0.0010664882400305941
10,2,DOS,Time_To_Live,0.010477445728611201
10,2,DOS,Rate,0.0018964487911944162
10,2,DOS,fin_flag_number,0.00031694946010247805
10,2,DOS,syn_flag_number,0.01794429635629058
10,2,DOS,rst_flag_number,8.242099611379671e-05
10,2,DOS,psh_flag_number,5.2036592569493224e-05
10,2,DOS,ack_flag_number,0.002081222040578723
10,2,DOS,ece_flag_number,0.0
10,2,DOS,cwr_flag_number,0.0
10,2,DOS,ack_count,0.004142200911883265
10,2,DOS,syn_count,0.023364963568747045
10,2,DOS,fin_count,0.06223511248826981
10,2,DOS,rst_count,0.0303659625351429
10,2,DOS,HTTP,2.8516294656810713e-05
10,2,DOS,HTTPS,0.000273522344423327
10,2,DOS,DNS,0.0
10,2,DOS,Telnet,0.0
10,2,DOS,SMTP,0.0
10,2,DOS,SSH,0.0
10,2,DOS,IRC,0.0
10,2,DOS,TCP,0.0027312884536513592
10,2,DOS,UDP,0.03992019183933735
10,2,DOS,DHCP,0.0
10,2,DOS,ARP,1.0021124793979653e-06
10,2,DOS,ICMP,0.0006373207332217134
10,2,DOS,IGMP,0.0
10,2,DOS,IPv,1.581294363006691e-07
10,2,DOS,LLC,6.555374000072334e-07
10,2,DOS,Tot sum,0.16905823540873827
10,2,DOS,Min,0.014175386313398874
10,2,DOS,Max,0.007957329298369587
10,2,DOS,AVG,0.1218298583291471
10,2,DOS,Std,0.019489525957033037
10,2,DOS,Tot size,0.033642182062612845
10,2,DOS,IAT,0.003856209339983252
10,2,DOS,Number,6.133965612917792e-05
10,2,DOS,Variance,0.036940985188994094
10,3,DOS,Header_Length,0.016705160349374637
10,3,DOS,Protocol Type,0.0025783612210943828
10,3,DOS,Time_To_Live,0.012641872520180186
10,3,DOS,Rate,0.002811665751505643
10,3,DOS,fin_flag_number,0.0003873674402711913
10,3,DOS,syn_flag_number,0.016443180030910297
10,3,DOS,rst_flag_number,0.00013295043627294944
10,3,DOS,psh_flag_number,0.00011574722884688526
10,3,DOS,ack_flag_number,0.005602493623155169
10,3,DOS,ece_flag_number,0.0
10,3,DOS,cwr_flag_number,0.0
10,3,DOS,ack_count,0.008521407692751382
10,3,DOS,syn_count,0.024066643114201723
10,3,DOS,fin_count,0.07461709631606936
10,3,DOS,rst_count,0.030214675795286895
10,3,DOS,HTTP,0.0018889740513259312
10,3,DOS,HTTPS,1.7892960514132027e-06
10,3,DOS,DNS,4.164787844374018e-06
10,3,DOS,Telnet,0.0
10,3,DOS,SMTP,0.0
10,3,DOS,SSH,0.0
10,3,DOS,IRC,0.0
10,3,DOS,TCP,0.008132888206819188
10,3,DOS,UDP,0.07216821876354515
10,3,DOS,DHCP,0.0
10,3,DOS,ARP,7.989774780980952e-06
10,3,DOS,ICMP,0.00491397766454611
10,3,DOS,IGMP,0.0
10,3,DOS,IPv,5.820048411919743e-06
10,3,DOS,LLC,1.675176600741679e-05
10,3,DOS,Tot sum,0.49717252850532534
10,3,DOS,Min,0.011255109729245306
10,3,DOS,Max,0.052493433468043804
10,3,DOS,AVG,0.2718553267419338
10,3,DOS,Std,0.1951745177502744
10,3,DOS,Tot size,0.0834555794019252
10,3,DOS,IAT,0.0061629275831364795
10,3,DOS,Number,0.0
10,3,DOS,Variance,1.913569204835221
10,4,DOS,Header_Length,0.017155789757089222
10,4,DOS,Protocol Type,0.0026486225571716203
10,4,DOS,Time_To_Live,0.026191405643294273
10,4,DOS,Rate,0.0022393333351828915
10,4,DOS,fin_flag_number,0.000188498691386485
10,4,DOS,syn_flag_number,0.01900056815939024
10,4,DOS,rst_flag_number,7.957899958910275e-05
10,4,DOS,psh_flag_number,0.000257673949454329
10,4,DOS,ack_flag_number,0.016779073409270494
10,4,DOS,ece_flag_number,0.0
10,4,DOS,cwr_flag_number,0.0
10,4,DOS,ack_count,0.02454515309073031
10,4,DOS,syn_count,0.0215607011312386
10,4,DOS,fin_count,0.0587365752486221
10,4,DOS,rst_count,0.012822558358311652
10,4,DOS,HTTP,0.0003491533219857956
10,4,DOS,HTTPS,0.0015307536473301298
10,4,DOS,DNS,5.647137818698411e-06
10,4,DOS,Telnet,0.0
10,4,DOS,SMTP,0.0
10,4,DOS,SSH,0.0
10,4,DOS,IRC,0.0
10,4,DOS,TCP,0.007678454033157323
10,4,DOS,UDP,0.04664620275143534
10,4,DOS,DHCP,0.0
10,4,DOS,ARP,4.477577517008058e-05
10,4,DOS,ICMP,0.003645851169130765
10,4,DOS,IGMP,0.0
10,4,DOS,IPv,8.728524391443671e-06
10,4,DOS,LLC,2.0415031159970454e-05
10,4,DOS,Tot sum,0.3445926681160927
10,4,DOS,Min,0.06679141763597726
10,4,DOS,Max,0.030009520414751023
10,4,DOS,AVG,0.49463396724313496
10,4,DOS,Std,0.05468544601462781
10,4,DOS,Tot size,0.14177297241985798
10,4,DOS,IAT,0.005465937347617
10,4,DOS,Number,0.0
10,4,DOS,Variance,0.052867536223493515
10,5,DOS,Header_Length,0.02285825995495543
10,5,DOS,Protocol Type,0.002751953231927473
10,5,DOS,Time_To_Live,0.0027678585531248244
10,5,DOS,Rate,0.002457026104821125
10,5,DOS,fin_flag_number,0.00014518411255721731
10,5,DOS,syn_flag_number,0.01954828673042357
10,5,DOS,rst_flag_number,4.6509083858836675e-05
10,5,DOS,psh_flag_number,0.00017589140861673513
10,5,DOS,ack_flag_number,0.01371980565636477
10,5,DOS,ece_flag_number,0.0
10,5,DOS,cwr_flag_number,0.0
10,5,DOS,ack_count,0.020172974075831008
10,5,DOS,syn_count,0.01447996130445972
10,5,DOS,fin_count,0.030259878386277705
10,5,DOS,rst_count,0.02802569554914953
10,5,DOS,HTTP,0.0007927983067929744
10,5,DOS,HTTPS,0.002800205262053623
10,5,DOS,DNS,1.3993025959280204e-06
10,5,DOS,Telnet,0.0
10,5,DOS,SMTP,0.0
10,5,DOS,SSH,0.0
10,5,DOS,IRC,0.0
10,5,DOS,TCP,0.010309593769670755
10,5,DOS,UDP,0.03365151016332675
10,5,DOS,DHCP,0.0
10,5,DOS,ARP,8.408958149175304e-06
10,5,DOS,ICMP,0.003365745266637532
10,5,DOS,IGMP,0.0
10,5,DOS,IPv,2.3135768557835946e-06
10,5,DOS,LLC,8.916012779991433e-06
10,5,DOS,Tot sum,0.25761226762551814
10,5,DOS,Min,0.0
10,5,DOS,Max,0.012737559247761964
10,5,DOS,AVG,0.0649935083114542
10,5,DOS,Std,0.04170480683096685
10,5,DOS,Tot size,0.005097143592138309
10,5,DOS,IAT,0.007245945849945201
10,5,DOS,Number,0.0
10,5,DOS,Variance,0.32563750809058545
10,1,MIRAI,Header_Length,4.8539565068495e-05
10,1,MIRAI,Protocol Type,0.00011886809288625954
10,1,MIRAI,Time_To_Live,4.36392241411454e-05
10,1,MIRAI,Rate,5.0197030441267997e-05
10,1,MIRAI,fin_flag_number,1.1578141112522644e-05
10,1,MIRAI,syn_flag_number,0.0015695800189860164
10,1,MIRAI,rst_flag_number,1.5971842470285937e-05
10,1,MIRAI,psh_flag_number,8.757011318039077e-06
10,1,MIRAI,ack_flag_number,0.0016370220459066332
10,1,MIRAI,ece_flag_number,0.0
10,1,MIRAI,cwr_flag_number,0.0
10,1,MIRAI,ack_count,0.002500705362763256
10,1,MIRAI,syn_count,0.0015221401968574355
10,1,MIRAI,fin_count,0.0020902043906971812
10,1,MIRAI,rst_count,0.0011978975162492134
10,1,MIRAI,HTTP,4.881542324142174e-06
10,1,MIRAI,HTTPS,8.5399645612938e-07
10,1,MIRAI,DNS,1.2908842279557574e-07
10,1,MIRAI,Telnet,0.0
10,1,MIRAI,SMTP,0.0
10,1,MIRAI,SSH,0.0
10,1,MIRAI,IRC,0.0
10,1,MIRAI,TCP,2.7218871218792627e-05
10,1,MIRAI,UDP,0.007434768420716864
10,1,MIRAI,DHCP,0.0
10,1,MIRAI,ARP,2.1032414139199317e-07
10,1,MIRAI,ICMP,2.1723004329032848e-05
10,1,MIRAI,IGMP,0.0
10,1,MIRAI,IPv,3.297416974135103e-07
10,1,MIRAI,LLC,8.547698420180438e-08
10,1,MIRAI,Tot sum,0.5386891573667526
10,1,MIRAI,Min,0.02785603036172688
10,1,MIRAI,Max,0.013432781805749982
10,1,MIRAI,AVG,0.4294992335140705
10,1,MIRAI,Std,0.03493764018639922
10,1,MIRAI,Tot size,0.2653614263981581
10,1,MIRAI,IAT,0.000124963950156598
10,1,MIRAI,Number,0.0003364826194729886
10,1,MIRAI,Variance,0.11462998506613076
10,2,MIRAI,Header_Length,7.964619289850816e-05
10,2,MIRAI,Protocol Type,0.00034498112872825
10,2,MIRAI,Time_To_Live,0.00010441934350637893
10,2,MIRAI,Rate,0.0001851561144576408
10,2,MIRAI,fin_flag_number,2.9661835105798674e-05
10,2,MIRAI,syn_flag_number,0.011724800476804376
10,2,MIRAI,rst_flag_number,3.6962120793759824e-05
10,2,MIRAI,psh_flag_number,5.271507984616619e-06
10,2,MIRAI,ack_flag_number,0.0007021037097729276
10,2,MIRAI,ece_flag_number,0.0
10,2,MIRAI,cwr_flag_number,0.0
10,2,MIRAI,ack_count,0.0010075695085106418
10,2,MIRAI,syn_count,0.011211092211306095
10,2,MIRAI,fin_count,0.0044656824669800695
10,2,MIRAI,rst_count,0.0027038139291107655
10,2,MIRAI,HTTP,7.135055375329102e-06
10,2,MIRAI,HTTPS,2.735369719175651e-06
10,2,MIRAI,DNS,3.499974923215632e-08
10,2,MIRAI,Telnet,0.0
10,2,MIRAI,SMTP,0.0
10,2,MIRAI,SSH,0.0
10,2,MIRAI,IRC,0.0
10,2,MIRAI,TCP,7.739524735370651e-05
10,2,MIRAI,UDP,0.014321623113937676
10,2,MIRAI,DHCP,0.0
10,2,MIRAI,ARP,1.0621900941032436e-07
10,2,MIRAI,ICMP,4.384057192510227e-05
10,2,MIRAI,IGMP,0.0
10,2,MIRAI,IPv,4.214093504373295e-07
10,2,MIRAI,LLC,5.8107165923360074e-08
10,2,MIRAI,Tot sum,0.9951272815465927
10,2,MIRAI,Min,0.10548876365455725
10,2,MIRAI,Max,0.02853307481855154
10,2,MIRAI,AVG,1.1482564330101013
10,2,MIRAI,Std,0.04205290786921978
10,2,MIRAI,Tot size,0.4973351463675499
10,2,MIRAI,IAT,0.0007117189888958819
10,2,MIRAI,Number,4.6368454803769055e-05
10,2,MIRAI,Variance,0.1632845217740396
10,3,MIRAI,Header_Length,4.7546816858812235e-05
10,3,MIRAI,Protocol Type,0.00017639437792240641
10,3,MIRAI,Time_To_Live,0.00015621186785210738
10,3,MIRAI,Rate,0.00011785920542024541
10,3,MIRAI,fin_flag_number,3.3894953230628746e-05
10,3,MIRAI,syn_flag_number,0.007034242711961269
10,3,MIRAI,rst_flag_number,4.792580439243466e-05
10,3,MIRAI,psh_flag_number,9.512320912108407e-06
10,3,MIRAI,ack_flag_number,0.0009662763826781884
10,3,MIRAI,ece_flag_number,0.0
10,3,MIRAI,cwr_flag_number,0.0
10,3,MIRAI,ack_count,0.0018356107932049782
10,3,MIRAI,syn_count,0.006589220790192485
10,3,MIRAI,fin_count,0.004821314010769129
10,3,MIRAI,rst_count,0.003222735074814409
10,3,MIRAI,HTTP,2.0502402639976937e-05
10,3,MIRAI,HTTPS,4.589789362796637e-07
10,3,MIRAI,DNS,2.0869849892690696e-08
10,3,MIRAI,Telnet,0.0
10,3,MIRAI,SMTP,0.0
10,3,MIRAI,SSH,0.0
10,3,MIRAI,IRC,0.0
10,3,MIRAI,TCP,5.202129432291258e-05
10,3,MIRAI,UDP,0.02122668067459017
10,3,MIRAI,DHCP,0.0
10,3,MIRAI,ARP,2.1211340239801757e-07
10,3,MIRAI,ICMP,6.592557929252507e-05
10,3,MIRAI,IGMP,0.0
10,3,MIRAI,IPv,5.194185973778076e-07
10,3,MIRAI,LLC,4.798617219137213e-08
10,3,MIRAI,Tot sum,1.0345496833324432
10,3,MIRAI,Min,0.06771814161038492
10,3,MIRAI,Max,0.022862581815570594
10,3,MIRAI,AVG,0.9397700250148773
10,3,MIRAI,Std,0.047317846538499
10,3,MIRAI,Tot size,0.4077965408563614
10,3,MIRAI,IAT,0.0004434872833371628
10,3,MIRAI,Number,0.0
10,3,MIRAI,Variance,0.17252614127937704
10,4,MIRAI,Header_Length,0.00014243598525354173
10,4,MIRAI,Protocol Type,0.00043152042999281546
10,4,MIRAI,Time_To_Live,0.00022524138821609086
10,4,MIRAI,Rate,4.364111518952996e-05
10,4,MIRAI,fin_flag_number,4.629783484233485e-06
10,4,MIRAI,syn_flag_number,0.006993803102523089
10,4,MIRAI,rst_flag_number,6.208579588928842e-06
10,4,MIRAI,psh_flag_number,1.1575584812817396e-05
10,4,MIRAI,ack_flag_number,0.0009713345702039078
10,4,MIRAI,ece_flag_number,0.0
10,4,MIRAI,cwr_flag_number,0.0
10,4,MIRAI,ack_count,0.0020581628079526125
10,4,MIRAI,syn_count,0.006785722775384783
10,4,MIRAI,fin_count,0.0007357683949521743
10,4,MIRAI,rst_count,0.00046972643613116814
10,4,MIRAI,HTTP,7.434948770423944e-06
10,4,MIRAI,HTTPS,3.701277876189124e-06
10,4,MIRAI,DNS,5.322543644714628e-08
10,4,MIRAI,Telnet,0.0
10,4,MIRAI,SMTP,0.0
10,4,MIRAI,SSH,0.0
10,4,MIRAI,IRC,0.0
10,4,MIRAI,TCP,5.8635317691368984e-05
10,4,MIRAI,UDP,0.011008164077065886
10,4,MIRAI,DHCP,0.0
10,4,MIRAI,ARP,1.4628400659688623e-07
10,4,MIRAI,ICMP,5.8232533410773614e-05
10,4,MIRAI,IGMP,0.0
10,4,MIRAI,IPv,2.906158909521395e-07
10,4,MIRAI,LLC,2.7808839497822647e-08
10,4,MIRAI,Tot sum,1.7499702215194701
10,4,MIRAI,Min,0.044523109134752305
10,4,MIRAI,Max,0.03832639288157225
10,4,MIRAI,AVG,1.3113576889038085
10,4,MIRAI,Std,0.1148331487143878
10,4,MIRAI,Tot size,0.6111115097999573
10,4,MIRAI,IAT,0.00033628809828201156
10,4,MIRAI,Number,0.0
10,4,MIRAI,Variance,0.31347163643222303
10,5,MIRAI,Header_Length,8.964657972683198e-05
10,5,MIRAI,Protocol Type,0.00030185216965037396
10,5,MIRAI,Time_To_Live,0.00016387261930503883
10,5,MIRAI,Rate,0.0001133998481236631
10,5,MIRAI,fin_flag_number,1.2397028467603376e-05
10,5,MIRAI,syn_flag_number,0.012694027926772832
10,5,MIRAI,rst_flag_number,1.8765755521599202e-05
10,5,MIRAI,psh_flag_number,9.498218332737451e-06
10,5,MIRAI,ack_flag_number,0.0010299207802745513
10,5,MIRAI,ece_flag_number,0.0
10,5,MIRAI,cwr_flag_number,0.0
10,5,MIRAI,ack_count,0.0020055532280821354
10,5,MIRAI,syn_count,0.011989835184067488
10,5,MIRAI,fin_count,0.0020495870849117637
10,5,MIRAI,rst_count,0.0012670395255554468
10,5,MIRAI,HTTP,0.0
10,5,MIRAI,HTTPS,1.510134022737475e-05
10,5,MIRAI,DNS,5.9210171210466456e-08
10,5,MIRAI,Telnet,0.0
10,5,MIRAI,SMTP,0.0
10,5,MIRAI,SSH,0.0
10,5,MIRAI,IRC,0.0
10,5,MIRAI,TCP,5.40031076525338e-05
10,5,MIRAI,UDP,0.027853971254080533
10,5,MIRAI,DHCP,0.0
10,5,MIRAI,ARP,1.1263884864831653e-07
10,5,MIRAI,ICMP,0.00011425331867940259
10,5,MIRAI,IGMP,0.0
10,5,MIRAI,IPv,2.3977613174963606e-07
10,5,MIRAI,LLC,2.4294994438456287e-08
10,5,MIRAI,Tot sum,1.5157954573631287
10,5,MIRAI,Min,0.13681441189837643
10,5,MIRAI,Max,0.03405745849013329
10,5,MIRAI,AVG,1.4400792002677918
10,5,MIRAI,Std,0.03491651478689164
10,5,MIRAI,Tot size,0.6450542390346528
10,5,MIRAI,IAT,0.00048661565961083397
10,5,MIRAI,Number,0.0
10,5,MIRAI,Variance,0.14564232155680656
10,1,RECON,Header_Length,8.845910574564186e-05
10,1,RECON,Protocol Type,6.289573439062223e-05
10,1,RECON,Time_To_Live,0.01439988673082553
10,1,RECON,Rate,0.00016153940559888725
10,1,RECON,fin_flag_number,2.091531086989562e-05
10,1,RECON,syn_flag_number,0.025586597621440887
10,1,RECON,rst_flag_number,1.7277026051054635e-05
10,1,RECON,psh_flag_number,3.8800377103598295e-05
10,1,RECON,ack_flag_number,0.021335695470770587
10,1,RECON,ece_flag_number,0.0
10,1,RECON,cwr_flag_number,0.0
10,1,RECON,ack_count,0.0027596575037023285
10,1,RECON,syn_count,0.002052147361791867
10,1,RECON,fin_count,0.0038734066212782635
10,1,RECON,rst_count,0.002335717783716973
10,1,RECON,HTTP,8.510777641390633e-06
10,1,RECON,HTTPS,7.668772308022653e-05
10,1,RECON,DNS,6.083710673010501e-06
10,1,RECON,Telnet,0.0
10,1,RECON,SMTP,0.0
10,1,RECON,SSH,0.0
10,1,RECON,IRC,0.0
10,1,RECON,TCP,2.8768556694558357e-05
10,1,RECON,UDP,0.0048317045911971945
10,1,RECON,DHCP,0.0
10,1,RECON,ARP,1.9139599160666874e-06
10,1,RECON,ICMP,3.4632209417395646e-05
10,1,RECON,IGMP,0.0
10,1,RECON,IPv,3.1666398197405245e-06
10,1,RECON,LLC,9.134359288509586e-06
10,1,RECON,Tot sum,0.33168256729841233
10,1,RECON,Min,0.0011480537490569987
10,1,RECON,Max,0.0036234359751688315
10,1,RECON,AVG,0.09982492616400122
10,1,RECON,Std,0.045786388422129676
10,1,RECON,Tot size,0.07522054361179471
10,1,RECON,IAT,0.06960458573885261
10,1,RECON,Number,0.016126198126585223
10,1,RECON,Variance,0.07239320348016917
10,2,RECON,Header_Length,0.00010243089626698066
10,2,RECON,Protocol Type,0.00010012367056901894
10,2,RECON,Time_To_Live,0.017470503074764564
10,2,RECON,Rate,0.00015988234160602133
10,2,RECON,fin_flag_number,1.0954864128365216e-05
10,2,RECON,syn_flag_number,0.03659168324084021
10,2,RECON,rst_flag_number,2.7079637512272826e-05
10,2,RECON,psh_flag_number,2.4312202884274604e-05
10,2,RECON,ack_flag_number,0.024109091486388935
10,2,RECON,ece_flag_number,0.0
10,2,RECON,cwr_flag_number,0.0
10,2,RECON,ack_count,0.0020391311212733854
10,2,RECON,syn_count,0.019521293062280166
10,2,RECON,fin_count,0.008892732559070282
10,2,RECON,rst_count,0.0038040807605284497
10,2,RECON,HTTP,1.921070284955917e-05
10,2,RECON,HTTPS,0.00010333161802122959
10,2,RECON,DNS,5.885690109153075e-06
10,2,RECON,Telnet,0.0
10,2,RECON,SMTP,0.0
10,2,RECON,SSH,0.0
10,2,RECON,IRC,0.0
10,2,RECON,TCP,1.4211107272288359e-05
10,2,RECON,UDP,0.006205098727150471
10,2,RECON,DHCP,0.0
10,2,RECON,ARP,1.076860042630301e-05
10,2,RECON,ICMP,1.2114284147024535e-05
10,2,RECON,IGMP,0.0
10,2,RECON,IPv,2.102453476684474e-05
10,2,RECON,LLC,2.9856855702448115e-05
10,2,RECON,Tot sum,0.26766741517931225
10,2,RECON,Min,5.521983009302289e-05
10,2,RECON,Max,0.0025554968509823085
10,2,RECON,AVG,0.1189191953279078
10,2,RECON,Std,0.011914143508329289
10,2,RECON,Tot size,0.16347111733630298
10,2,RECON,IAT,0.06825315089372452
10,2,RECON,Number,0.01795266370900208
10,2,RECON,Variance,0.3410952165722847
10,3,RECON,Header_Length,0.0001699823436410952
10,3,RECON,Protocol Type,3.542345372693489e-05
10,3,RECON,Time_To_Live,0.05208964030025527
10,3,RECON,Rate,0.0005619559863589529
10,3,RECON,fin_flag_number,4.6034775027692373e-05
10,3,RECON,syn_flag_number,0.020877501787617804
10,3,RECON,rst_flag_number,7.15197078136498e-05
10,3,RECON,psh_flag_number,5.728783611402832e-05
10,3,RECON,ack_flag_number,0.059934211592189965
10,3,RECON,ece_flag_number,0.0
10,3,RECON,cwr_flag_number,0.0
10,3,RECON,ack_count,0.0034662180962186538
10,3,RECON,syn_count,0.010829628709575444
10,3,RECON,fin_count,0.008451187309401576
10,3,RECON,rst_count,0.005932011226832401
10,3,RECON,HTTP,3.0227856450437683e-05
10,3,RECON,HTTPS,0.00011279521476694753
10,3,RECON,DNS,9.256069525487299e-06
10,3,RECON,Telnet,0.0
10,3,RECON,SMTP,0.0
10,3,RECON,SSH,0.0
10,3,RECON,IRC,0.0
10,3,RECON,TCP,1.8608176102574704e-05
10,3,RECON,UDP,0.0058529224276753665
10,3,RECON,DHCP,0.0
10,3,RECON,ARP,3.368503602807493e-06
10,3,RECON,ICMP,8.03514392600846e-05
10,3,RECON,IGMP,0.0
10,3,RECON,IPv,3.2933835481863127e-06
10,3,RECON,LLC,7.552225104490163e-06
10,3,RECON,Tot sum,0.35475909013766793
10,3,RECON,Min,0.0027018487632176403
10,3,RECON,Max,0.0027646644550259223
10,3,RECON,AVG,0.1027071898803115
10,3,RECON,Std,0.0289205972047057
10,3,RECON,Tot size,0.10619120746850967
10,3,RECON,IAT,0.0545895354822278
10,3,RECON,Number,0.02826212323270738
10,3,RECON,Variance,0.1603539571588044
10,4,RECON,Header_Length,6.896471131767612e-05
10,4,RECON,Protocol Type,6.42667968349997e-05
10,4,RECON,Time_To_Live,0.03174293294869131
10,4,RECON,Rate,9.530414245091378e-05
10,4,RECON,fin_flag_number,3.075923720530227e-06
10,4,RECON,syn_flag_number,0.013672326924279332
10,4,RECON,rst_flag_number,6.754634250683012e-06
10,4,RECON,psh_flag_number,7.473897910017512e-05
10,4,RECON,ack_flag_number,0.032070933032082395
10,4,RECON,ece_flag_number,0.0
10,4,RECON,cwr_flag_number,0.0
10,4,RECON,ack_count,0.0016964251626632176
10,4,RECON,syn_count,0.00937192925484851
10,4,RECON,fin_count,0.0012664664536714554
10,4,RECON,rst_count,0.0007787091577483807
10,4,RECON,HTTP,1.4322137717925898e-05
10,4,RECON,HTTPS,0.0001245946717062907
10,4,RECON,DNS,4.14934540606815e-06
10,4,RECON,Telnet,0.0
10,4,RECON,SMTP,0.0
10,4,RECON,SSH,0.0
10,4,RECON,IRC,0.0
10,4,RECON,TCP,1.8354668276288068e-05
10,4,RECON,UDP,0.006179095469997264
10,4,RECON,DHCP,0.0
10,4,RECON,ARP,8.66247988948743e-06
10,4,RECON,ICMP,1.9873406102988156e-05
10,4,RECON,IGMP,0.0
10,4,RECON,IPv,4.984399257512706e-06
10,4,RECON,LLC,1.258044216996268e-05
10,4,RECON,Tot sum,0.5114802360534668
10,4,RECON,Min,0.00021772070285202004
10,4,RECON,Max,0.003697337443009019
10,4,RECON,AVG,0.12544005117379128
10,4,RECON,Std,0.018473590014036746
10,4,RECON,Tot size,0.16075208466500043
10,4,RECON,IAT,0.06468222895637155
10,4,RECON,Number,0.03309049606323242
10,4,RECON,Variance,0.21282846133108252
10,5,RECON,Header_Length,0.0003351751581249118
10,5,RECON,Protocol Type,2.934526219178224e-05
10,5,RECON,Time_To_Live,0.04563345455553645
10,5,RECON,Rate,0.000247060001902355
10,5,RECON,fin_flag_number,9.052524535491103e-06
10,5,RECON,syn_flag_number,0.05095387735636905
10,5,RECON,rst_flag_number,2.486358595206184e-05
10,5,RECON,psh_flag_number,6.665414647955004e-05
10,5,RECON,ack_flag_number,0.07925794518378097
10,5,RECON,ece_flag_number,0.0
10,5,RECON,cwr_flag_number,0.0
10,5,RECON,ack_count,0.0031138486596319127
10,5,RECON,syn_count,0.02529242172931845
10,5,RECON,fin_count,0.0037862046418013053
10,5,RECON,rst_count,0.0013895969896111637
10,5,RECON,HTTP,1.934790645918838e-05
10,5,RECON,HTTPS,9.799964495869063e-05
10,5,RECON,DNS,1.703785357589985e-05
10,5,RECON,Telnet,0.0
10,5,RECON,SMTP,0.0
10,5,RECON,SSH,0.0
10,5,RECON,IRC,0.0
10,5,RECON,TCP,0.00010265579729775708
10,5,RECON,UDP,0.011805755255954864
10,5,RECON,DHCP,0.0
10,5,RECON,ARP,4.726619111727892e-06
10,5,RECON,ICMP,5.525359527496221e-05
10,5,RECON,IGMP,0.0
10,5,RECON,IPv,9.141844672189148e-06
10,5,RECON,LLC,1.1897460020504624e-05
10,5,RECON,Tot sum,0.2851547500118613
10,5,RECON,Min,0.001264108224820859
10,5,RECON,Max,0.003585577945341356
10,5,RECON,AVG,0.1287141526117921
10,5,RECON,Std,0.02478263942175545
10,5,RECON,Tot size,0.14527111644856633
10,5,RECON,IAT,0.15208397160167805
10,5,RECON,Number,0.03375568005722016
10,5,RECON,Variance,0.29362164344638586
10,1,SPOOFING,Header_Length,2.723026536841644e-05
10,1,SPOOFING,Protocol Type,8.00993971324715e-05
10,1,SPOOFING,Time_To_Live,0.009402879781555384
10,1,SPOOFING,Rate,0.00013394054028594837
10,1,SPOOFING,fin_flag_number,2.253485349683615e-05
10,1,SPOOFING,syn_flag_number,0.002084494823793648
10,1,SPOOFING,rst_flag_number,5.898086388356205e-06
10,1,SPOOFING,psh_flag_number,5.905456025345757e-06
10,1,SPOOFING,ack_flag_number,0.0019321784668136388
10,1,SPOOFING,ece_flag_number,0.0
10,1,SPOOFING,cwr_flag_number,0.0
10,1,SPOOFING,ack_count,0.0018304455871884784
10,1,SPOOFING,syn_count,0.00022370349970515235
10,1,SPOOFING,fin_count,0.0027932640921790155
10,1,SPOOFING,rst_count,0.0014879922908221487
10,1,SPOOFING,HTTP,1.0012297360617595e-05
10,1,SPOOFING,HTTPS,2.1262388085574457e-05
10,1,SPOOFING,DNS,0.0
10,1,SPOOFING,Telnet,0.0
10,1,SPOOFING,SMTP,0.0
10,1,SPOOFING,SSH,0.0
10,1,SPOOFING,IRC,0.0
10,1,SPOOFING,TCP,1.0903668783157628e-05
10,1,SPOOFING,UDP,0.003292594333470333
10,1,SPOOFING,DHCP,0.0
10,1,SPOOFING,ARP,2.818828261030859e-07
10,1,SPOOFING,ICMP,1.7039887168834866e-05
10,1,SPOOFING,IGMP,0.0
10,1,SPOOFING,IPv,1.0523632415271321e-06
10,1,SPOOFING,LLC,1.5166864512750067e-06
10,1,SPOOFING,Tot sum,0.13028925098478794
10,1,SPOOFING,Min,0.001799505874805618
10,1,SPOOFING,Max,0.0014078948501264677
10,1,SPOOFING,AVG,0.0838311668485403
10,1,SPOOFING,Std,0.01873603851399821
10,1,SPOOFING,Tot size,0.19360161325894296
10,1,SPOOFING,IAT,0.028363714561510277
10,1,SPOOFING,Number,0.0044691182760288935
10,1,SPOOFING,Variance,0.2168267410248518
10,2,SPOOFING,Header_Length,0.000110464449335268
10,2,SPOOFING,Protocol Type,7.815476565156131e-05
10,2,SPOOFING,Time_To_Live,0.004997429786635621
10,2,SPOOFING,Rate,0.00013959740495010918
10,2,SPOOFING,fin_flag_number,2.48924724473909e-05
10,2,SPOOFING,syn_flag_number,0.03445313354022801
10,2,SPOOFING,rst_flag_number,7.117537310250555e-05
10,2,SPOOFING,psh_flag_number,2.8696310891973553e-05
10,2,SPOOFING,ack_flag_number,0.04028274100273847
10,2,SPOOFING,ece_flag_number,0.0
10,2,SPOOFING,cwr_flag_number,0.0
10,2,SPOOFING,ack_count,0.0025433364153286675
10,2,SPOOFING,syn_count,0.005848412476188969
10,2,SPOOFING,fin_count,0.003429027972742915
10,2,SPOOFING,rst_count,0.006355291705403943
10,2,SPOOFING,HTTP,2.852047466461727e-06
10,2,SPOOFING,HTTPS,0.00018366919838399553
10,2,SPOOFING,DNS,9.531034447718411e-06
10,2,SPOOFING,Telnet,0.0
10,2,SPOOFING,SMTP,0.0
10,2,SPOOFING,SSH,0.0
10,2,SPOOFING,IRC,0.0
10,2,SPOOFING,TCP,9.490140359957878e-06
10,2,SPOOFING,UDP,0.0016485661566548516
10,2,SPOOFING,DHCP,0.0
10,2,SPOOFING,ARP,1.5170239733741652e-06
10,2,SPOOFING,ICMP,3.2608697716796085e-05
10,2,SPOOFING,IGMP,0.0
10,2,SPOOFING,IPv,3.1660304486091918e-06
10,2,SPOOFING,LLC,8.355610785848455e-06
10,2,SPOOFING,Tot sum,0.16789033990353347
10,2,SPOOFING,Min,0.00545732775021861
10,2,SPOOFING,Max,0.003228840819792822
10,2,SPOOFING,AVG,0.22660083547234536
10,2,SPOOFING,Std,0.022091384953819217
10,2,SPOOFING,Tot size,0.21216003522276877
10,2,SPOOFING,IAT,0.027774749003401666
10,2,SPOOFING,Number,0.008352755568921566
10,2,SPOOFING,Variance,0.13114602342247964
10,3,SPOOFING,Header_Length,3.064694109085053e-05
10,3,SPOOFING,Protocol Type,1.8629934800884484e-05
10,3,SPOOFING,Time_To_Live,0.0018267462671929025
10,3,SPOOFING,Rate,0.0002556371311555949
10,3,SPOOFING,fin_flag_number,2.0232005216058726e-06
10,3,SPOOFING,syn_flag_number,0.001576832097634906
10,3,SPOOFING,rst_flag_number,1.3547391037516121e-05
10,3,SPOOFING,psh_flag_number,1.8629213117904443e-06
10,3,SPOOFING,ack_flag_number,0.0038017035976281475
10,3,SPOOFING,ece_flag_number,0.0
10,3,SPOOFING,cwr_flag_number,0.0
10,3,SPOOFING,ack_count,0.0005057348194753786
10,3,SPOOFING,syn_count,5.271040829484264e-05
10,3,SPOOFING,fin_count,0.0008689520323514443
10,3,SPOOFING,rst_count,0.0005640162866939136
10,3,SPOOFING,HTTP,6.6755352689185085e-06
10,3,SPOOFING,HTTPS,1.6373627594989948e-05
10,3,SPOOFING,DNS,3.848936764097588e-08
10,3,SPOOFING,Telnet,0.0
10,3,SPOOFING,SMTP,0.0
10,3,SPOOFING,SSH,0.0
10,3,SPOOFING,IRC,0.0
10,3,SPOOFING,TCP,1.2259398169511826e-05
10,3,SPOOFING,UDP,0.0014811812807920433
10,3,SPOOFING,DHCP,0.0
10,3,SPOOFING,ARP,7.218104008797909e-07
10,3,SPOOFING,ICMP,2.817067872324941e-05
10,3,SPOOFING,IGMP,0.0
10,3,SPOOFING,IPv,3.5948310375455427e-06
10,3,SPOOFING,LLC,9.591019887382479e-06
10,3,SPOOFING,Tot sum,0.04113689191872254
10,3,SPOOFING,Min,0.0010321787559462337
10,3,SPOOFING,Max,0.00024176349362292626
10,3,SPOOFING,AVG,0.019160144592751747
10,3,SPOOFING,Std,0.0014359771799718145
10,3,SPOOFING,Tot size,0.024140975228510796
10,3,SPOOFING,IAT,0.0048654689789458415
10,3,SPOOFING,Number,0.003532861780900021
10,3,SPOOFING,Variance,0.009768024056393187
10,4,SPOOFING,Header_Length,4.4585133895225224e-05
10,4,SPOOFING,Protocol Type,7.569540363761007e-05
10,4,SPOOFING,Time_To_Live,0.0171872492547692
10,4,SPOOFING,Rate,0.001360013906742097
10,4,SPOOFING,fin_flag_number,5.202663803061114e-06
10,4,SPOOFING,syn_flag_number,0.014532174210762605
10,4,SPOOFING,rst_flag_number,1.215838774060174e-05
10,4,SPOOFING,psh_flag_number,1.5040199969007517e-05
10,4,SPOOFING,ack_flag_number,0.028231512848287822
10,4,SPOOFING,ece_flag_number,0.0
10,4,SPOOFING,cwr_flag_number,0.0
10,4,SPOOFING,ack_count,0.0031259780706477613
10,4,SPOOFING,syn_count,0.0020680862288372736
10,4,SPOOFING,fin_count,0.0008145974774379283
10,4,SPOOFING,rst_count,0.001374416387079691
10,4,SPOOFING,HTTP,4.614085241883004e-06
10,4,SPOOFING,HTTPS,0.00013810507497282742
10,4,SPOOFING,DNS,1.4395404440911696e-07
10,4,SPOOFING,Telnet,0.0
10,4,SPOOFING,SMTP,0.0
10,4,SPOOFING,SSH,0.0
10,4,SPOOFING,IRC,0.0
10,4,SPOOFING,TCP,3.312884943511563e-05
10,4,SPOOFING,UDP,0.0034858131934015547
10,4,SPOOFING,DHCP,0.0
10,4,SPOOFING,ARP,2.4305137569097246e-06
10,4,SPOOFING,ICMP,7.210625257130232e-05
10,4,SPOOFING,IGMP,0.0
10,4,SPOOFING,IPv,4.33522960747168e-06
10,4,SPOOFING,LLC,7.807861619574252e-06
10,4,SPOOFING,Tot sum,0.27040673028677703
10,4,SPOOFING,Min,0.006581357680261135
10,4,SPOOFING,Max,0.005971340328687802
10,4,SPOOFING,AVG,0.24520104601979256
10,4,SPOOFING,Std,0.017419762883218937
10,4,SPOOFING,Tot size,0.2350781373679638
10,4,SPOOFING,IAT,0.020590843612444586
10,4,SPOOFING,Number,0.014497853174179908
10,4,SPOOFING,Variance,0.0969716200568655
10,5,SPOOFING,Header_Length,0.000125877188929735
10,5,SPOOFING,Protocol Type,4.979510930525066e-05
10,5,SPOOFING,Time_To_Live,0.009811840188922361
10,5,SPOOFING,Rate,0.000250035610224586
10,5,SPOOFING,fin_flag_number,1.0006317006627797e-05
10,5,SPOOFING,syn_flag_number,0.014144736906746402
10,5,SPOOFING,rst_flag_number,8.151437407377671e-06
10,5,SPOOFING,psh_flag_number,1.0250151269985963e-05
10,5,SPOOFING,ack_flag_number,0.016582103382097556
10,5,SPOOFING,ece_flag_number,0.0
10,5,SPOOFING,cwr_flag_number,0.0
10,5,SPOOFING,ack_count,0.0018306137797480914
10,5,SPOOFING,syn_count,0.0026378619339084254
10,5,SPOOFING,fin_count,0.0014766621468879748
10,5,SPOOFING,rst_count,0.0009606226929463446
10,5,SPOOFING,HTTP,0.0
10,5,SPOOFING,HTTPS,0.00010016502237704117
10,5,SPOOFING,DNS,1.79695404498581e-06
10,5,SPOOFING,Telnet,0.0
10,5,SPOOFING,SMTP,0.0
10,5,SPOOFING,SSH,0.0
10,5,SPOOFING,IRC,0.0
10,5,SPOOFING,TCP,2.8132538767522418e-05
10,5,SPOOFING,UDP,0.003035303219803609
10,5,SPOOFING,DHCP,4.024395821033977e-07
10,5,SPOOFING,ARP,8.103691451211148e-07
10,5,SPOOFING,ICMP,5.891716343739972e-05
10,5,SPOOFING,IGMP,0.0
10,5,SPOOFING,IPv,1.9786552469369665e-06
10,5,SPOOFING,LLC,2.0777272006444748e-06
10,5,SPOOFING,Tot sum,0.258686044998467
10,5,SPOOFING,Min,0.007764426353969611
10,5,SPOOFING,Max,0.006825820019003004
10,5,SPOOFING,AVG,0.2510928764939308
10,5,SPOOFING,Std,0.04186000684421742
10,5,SPOOFING,Tot size,0.33543585911393164
10,5,SPOOFING,IAT,0.014031648103627958
10,5,SPOOFING,Number,0.008735689742024988
10,5,SPOOFING,Variance,0.2744092398672365
10,1,WEB,Header_Length,2.104184414406518e-05
10,1,WEB,Protocol Type,1.3713241537516297e-05
10,1,WEB,Time_To_Live,0.0032047283528299888
10,1,WEB,Rate,3.969822745375495e-05
10,1,WEB,fin_flag_number,7.5636374873511155e-06
10,1,WEB,syn_flag_number,0.00041213385459286654
10,1,WEB,rst_flag_number,3.8782485892951964e-06
10,1,WEB,psh_flag_number,3.2118157704985608e-06
10,1,WEB,ack_flag_number,0.0003974893028498627
10,1,WEB,ece_flag_number,0.0
10,1,WEB,cwr_flag_number,0.0
10,1,WEB,ack_count,0.00011221041163480549
10,1,WEB,syn_count,7.30731036128418e-05
10,1,WEB,fin_count,0.0001600086017333524
10,1,WEB,rst_count,0.00010556333243130211
10,1,WEB,HTTP,3.058734668837104e-06
10,1,WEB,HTTPS,7.565335562675912e-07
10,1,WEB,DNS,1.1131610282433257e-06
10,1,WEB,Telnet,0.0
10,1,WEB,SMTP,0.0
10,1,WEB,SSH,1.9315553288379307e-06
10,1,WEB,IRC,0.0
10,1,WEB,TCP,4.907403489085027e-06
10,1,WEB,UDP,0.000761233939374506
10,1,WEB,DHCP,0.0
10,1,WEB,ARP,7.784522063847277e-06
10,1,WEB,ICMP,1.551140724131983e-06
10,1,WEB,IGMP,0.0
10,1,WEB,IPv,4.9481161288778e-06
10,1,WEB,LLC,2.9457056461623664e-06
10,1,WEB,Tot sum,0.07158291379455477
10,1,WEB,Min,0.0004959116371537675
10,1,WEB,Max,0.0005861720669145143
10,1,WEB,AVG,0.01204533822601661
10,1,WEB,Std,0.005814590174122713
10,1,WEB,Tot size,0.028186995373107492
10,1,WEB,IAT,0.050657599543046675
10,1,WEB,Number,0.002253986986761447
10,1,WEB,Variance,0.0171489174827002
10,2,WEB,Header_Length,2.4885840906652135e-05
10,2,WEB,Protocol Type,6.959702669573353e-06
10,2,WEB,Time_To_Live,0.005089456727068864
10,2,WEB,Rate,2.230084342542682e-05
10,2,WEB,fin_flag_number,1.306451397407038e-05
10,2,WEB,syn_flag_number,0.0021130062149513408
10,2,WEB,rst_flag_number,8.571117737743439e-06
10,2,WEB,psh_flag_number,1.0549912033086528e-05
10,2,WEB,ack_flag_number,0.00236697167215425
10,2,WEB,ece_flag_number,0.0
10,2,WEB,cwr_flag_number,0.0
10,2,WEB,ack_count,0.00027202054521353604
10,2,WEB,syn_count,0.0005124130814124328
10,2,WEB,fin_count,0.0006357461952262611
10,2,WEB,rst_count,0.00026246958723845636
10,2,WEB,HTTP,4.327196131270749e-06
10,2,WEB,HTTPS,2.843087390447252e-06
10,2,WEB,DNS,2.5770189040486e-07
10,2,WEB,Telnet,0.0
10,2,WEB,SMTP,0.0
10,2,WEB,SSH,1.2891552637483983e-05
10,2,WEB,IRC,0.0
10,2,WEB,TCP,4.3856813602083374e-06
10,2,WEB,UDP,0.0014180388820818734
10,2,WEB,DHCP,0.0
10,2,WEB,ARP,5.603052241577242e-06
10,2,WEB,ICMP,2.5486969833510287e-06
10,2,WEB,IGMP,0.0
10,2,WEB,IPv,1.6614114897051807e-06
10,2,WEB,LLC,1.0895212542592382e-06
10,2,WEB,Tot sum,0.09774561012454797
10,2,WEB,Min,0.005794911336933972
10,2,WEB,Max,0.0019410910760029765
10,2,WEB,AVG,0.04081348408362828
10,2,WEB,Std,0.004778796673781472
10,2,WEB,Tot size,0.03231206215568818
10,2,WEB,IAT,0.06947274911869954
10,2,WEB,Number,0.0015157087800162117
10,2,WEB,Variance,0.0365582930855453
10,3,WEB,Header_Length,0.00013020681441275884
10,3,WEB,Protocol Type,3.176923716825541e-05
10,3,WEB,Time_To_Live,0.00984703680005623
10,3,WEB,Rate,0.000156506555777014
10,3,WEB,fin_flag_number,3.339610209422972e-05
10,3,WEB,syn_flag_number,0.0024927395196755243
10,3,WEB,rst_flag_number,3.0544437771595766e-05
10,3,WEB,psh_flag_number,6.075122425386326e-06
10,3,WEB,ack_flag_number,0.0033729345935171297
10,3,WEB,ece_flag_number,0.0
10,3,WEB,cwr_flag_number,0.0
10,3,WEB,ack_count,0.0004175172022769402
10,3,WEB,syn_count,0.0004059327069626306
10,3,WEB,fin_count,0.0026811866027856013
10,3,WEB,rst_count,0.0012800064244856912
10,3,WEB,HTTP,1.9218681100596768e-05
10,3,WEB,HTTPS,3.6755811073874157e-06
10,3,WEB,DNS,1.315281429337678e-05
10,3,WEB,Telnet,0.0
10,3,WEB,SMTP,0.0
10,3,WEB,SSH,0.0
10,3,WEB,IRC,0.0
10,3,WEB,TCP,3.077170651621941e-05
10,3,WEB,UDP,0.004494365445862058
10,3,WEB,DHCP,0.0
10,3,WEB,ARP,4.707261173719779e-06
10,3,WEB,ICMP,1.5426907464188843e-05
10,3,WEB,IGMP,0.0
10,3,WEB,IPv,6.883156132353463e-06
10,3,WEB,LLC,1.4364942612532516e-06
10,3,WEB,Tot sum,0.10981038384488784
10,3,WEB,Min,0.0004117701459734058
10,3,WEB,Max,0.0022514460477395916
10,3,WEB,AVG,0.03012449201196432
10,3,WEB,Std,0.022952071391046047
10,3,WEB,Tot size,0.061668436229228976
10,3,WEB,IAT,0.06485257216263562
10,3,WEB,Number,0.012829646794125437
10,3,WEB,Variance,0.08521952107548714
10,4,WEB,Header_Length,0.00012484876051530592
10,4,WEB,Protocol Type,4.6055271468503634e-05
10,4,WEB,Time_To_Live,0.018262747931294142
10,4,WEB,Rate,0.0001070254074420518
10,4,WEB,fin_flag_number,8.213863759465312e-06
10,4,WEB,syn_flag_number,0.0025552184662956277
10,4,WEB,rst_flag_number,3.543921047821641e-06
10,4,WEB,psh_flag_number,1.1753164716310494e-05
10,4,WEB,ack_flag_number,0.004605199326761067
10,4,WEB,ece_flag_number,0.0
10,4,WEB,cwr_flag_number,0.0
10,4,WEB,ack_count,0.0005019846820232488
10,4,WEB,syn_count,0.0005312719171115532
10,4,WEB,fin_count,0.0004520228761975886
10,4,WEB,rst_count,0.00036386214715093955
10,4,WEB,HTTP,4.7102838315993266e-06
10,4,WEB,HTTPS,1.900504211462817e-05
10,4,WEB,DNS,2.4509770576397472e-05
10,4,WEB,Telnet,0.0
10,4,WEB,SMTP,0.0
10,4,WEB,SSH,0.0
10,4,WEB,IRC,0.0
10,4,WEB,TCP,2.0733100063807798e-05
10,4,WEB,UDP,0.004721552877890644
10,4,WEB,DHCP,0.0
10,4,WEB,ARP,1.456100175838415e-05
10,4,WEB,ICMP,8.978853804819664e-06
10,4,WEB,IGMP,0.0
10,4,WEB,IPv,9.943668172751607e-06
10,4,WEB,LLC,3.1069816393447526e-06
10,4,WEB,Tot sum,0.3633114848285913
10,4,WEB,Min,0.020174725627839507
10,4,WEB,Max,0.011792886164039373
10,4,WEB,AVG,0.23239247975870966
10,4,WEB,Std,0.0581214685094892
10,4,WEB,Tot size,0.29814450778067114
10,4,WEB,IAT,0.2095293631835375
10,4,WEB,Number,0.009882583204307594
10,4,WEB,Variance,0.12961628673947417
10,5,WEB,Header_Length,3.278157858730424e-05
10,5,WEB,Protocol Type,4.222379258958649e-06
10,5,WEB,Time_To_Live,0.006197627350320545
10,5,WEB,Rate,3.040677020536009e-05
10,5,WEB,fin_flag_number,7.250821588722367e-06
10,5,WEB,syn_flag_number,0.0013959817214526994
10,5,WEB,rst_flag_number,2.4176700968880917e-06
10,5,WEB,psh_flag_number,3.6009032536754583e-06
10,5,WEB,ack_flag_number,0.00048150648883336087
10,5,WEB,ece_flag_number,0.0
10,5,WEB,cwr_flag_number,0.0
10,5,WEB,ack_count,0.00012446008597670754
10,5,WEB,syn_count,0.0004066014521754369
10,5,WEB,fin_count,0.00018513861731150882
10,5,WEB,rst_count,0.000175194443157789
10,5,WEB,HTTP,8.357750630239025e-07
10,5,WEB,HTTPS,2.21399284511814e-06
10,5,WEB,DNS,7.692265867649409e-07
10,5,WEB,Telnet,0.0
10,5,WEB,SMTP,0.0
10,5,WEB,SSH,3.561286303011002e-06
10,5,WEB,IRC,0.0
10,5,WEB,TCP,5.371045134877628e-06
10,5,WEB,UDP,0.0011072855940994942
10,5,WEB,DHCP,0.0
10,5,WEB,ARP,8.16381141273692e-06
10,5,WEB,ICMP,1.9471148855032537e-06
10,5,WEB,IGMP,0.0
10,5,WEB,IPv,2.8994345680599663e-06
10,5,WEB,LLC,1.4179312710690256e-06
10,5,WEB,Tot sum,0.07465916368091711
10,5,WEB,Min,0.003545842380526665
10,5,WEB,Max,0.0013657318104378646
10,5,WEB,AVG,0.011470076171099209
10,5,WEB,Std,0.0086672798986001
10,5,WEB,Tot size,0.02644322348642163
10,5,WEB,IAT,0.04114616561510047
10,5,WEB,Number,0.0022844410834295557
10,5,WEB,Variance,0.017480096404324286
