round,client_id,class_name,available,feature_name,server_normalized_mean_abs_shap,client_normalized_mean_abs_shap,client_minus_server,absolute_difference,server_rank,client_rank
10,1,BENIGN,1,Header_Length,0.0017468098354167221,0.0007752557665524681,-0.000971554068864254,0.000971554068864254,18,18
10,1,BENIGN,1,Protocol Type,7.17224333034101e-05,5.360764341139028e-05,-1.8114789892019817e-05,1.8114789892019817e-05,24,24
10,1,BENIGN,1,Time_To_Live,0.16894377952631665,0.16879738936585267,-0.00014639016046397169,0.00014639016046397169,6,4
10,1,BENIGN,1,Rate,0.00040640618118276074,0.00028006847159591723,-0.00012633770958684351,0.00012633770958684351,19,19
10,1,BENIGN,1,fin_flag_number,9.172865077303722e-05,7.403287117251355e-05,-1.7695779600523676e-05,1.7695779600523676e-05,23,23
10,1,BENIGN,1,syn_flag_number,0.00632812188148711,0.0030112392681091596,-0.00331688261337795,0.00331688261337795,16,16
10,1,BENIGN,1,rst_flag_number,4.0518404816111216e-05,1.5420083295266343e-05,-2.5098321520844873e-05,2.5098321520844873e-05,26,27
10,1,BENIGN,1,psh_flag_number,5.445444259281796e-05,4.607205687086938e-05,-8.382385721948585e-06,8.382385721948585e-06,25,25
10,1,BENIGN,1,ack_flag_number,0.026069304137865196,0.03129658620683805,0.0052272820689728515,0.0052272820689728515,10,10
10,1,BENIGN,1,ece_flag_number,0.0,0.0,0.0,0.0,34,34
10,1,BENIGN,1,cwr_flag_number,0.0,0.0,0.0,0.0,35,35
10,1,BENIGN,1,ack_count,0.0025176444855165886,0.0018170611324063194,-0.0007005833531102692,0.0007005833531102692,17,17
10,1,BENIGN,1,syn_count,0.017852042286115487,0.007968011049350566,-0.009884031236764922,0.009884031236764922,12,12
10,1,BENIGN,1,fin_count,0.009342788505862497,0.0062453903252733135,-0.0030973981805891837,0.0030973981805891837,14,13
10,1,BENIGN,1,rst_count,0.006923252580107061,0.0036435896211616087,-0.003279662958945452,0.003279662958945452,15,15
10,1,BENIGN,1,HTTP,2.7112794522786075e-05,2.1504362780888832e-05,-5.608431741897243e-06,5.608431741897243e-06,27,26
10,1,BENIGN,1,HTTPS,0.00016573905516353848,0.00013082383821170858,-3.49152169518299e-05,3.49152169518299e-05,22,22
10,1,BENIGN,1,DNS,5.673749071331273e-06,2.5826193962967047e-06,-3.0911296750345684e-06,3.0911296750345684e-06,29,30
10,1,BENIGN,1,Telnet,0.0,0.0,0.0,0.0,36,36
10,1,BENIGN,1,SMTP,0.0,0.0,0.0,0.0,37,37
10,1,BENIGN,1,SSH,3.238546489582772e-08,1.0068857990942456e-06,9.74500334198418e-07,9.74500334198418e-07,33,32
10,1,BENIGN,1,IRC,0.0,0.0,0.0,0.0,38,38
10,1,BENIGN,1,TCP,0.00029743497546572286,0.0001420035969528873,-0.00015543137851283556,0.00015543137851283556,20,21
10,1,BENIGN,1,UDP,0.013207561853596412,0.0050080429095874,-0.008199518944009013,0.008199518944009013,13,14
10,1,BENIGN,1,DHCP,3.54348922933387e-08,7.311950728513892e-09,-2.8122941564824807e-08,2.8122941564824807e-08,32,33
10,1,BENIGN,1,ARP,2.6380250640653124e-06,4.5413953728378104e-06,1.903370308772498e-06,1.903370308772498e-06,30,29
10,1,BENIGN,1,ICMP,0.00019198051914380066,0.00016565165840839674,-2.6328860735403927e-05,2.6328860735403927e-05,21,20
10,1,BENIGN,1,IGMP,0.0,0.0,0.0,0.0,39,39
10,1,BENIGN,1,IPv,1.3163913367800506e-05,2.363638420430539e-06,-1.0800274947369968e-05,1.0800274947369968e-05,28,31
10,1,BENIGN,1,LLC,1.691403073642646e-06,4.8090179024115944e-06,3.1176148287689484e-06,3.1176148287689484e-06,31,28
10,1,BENIGN,1,Tot sum,0.6960507232275761,0.45575740126136116,-0.24029332196621495,0.24029332196621495,1,2
10,1,BENIGN,1,Min,0.02369651608304205,0.012762557970903803,-0.010933958112138247,0.010933958112138247,11,11
10,1,BENIGN,1,Max,0.07821527647440979,0.03153803074301692,-0.04667724573139287,0.04667724573139287,8,9
10,1,BENIGN,1,AVG,0.3605173978922664,0.1424028743579309,-0.2181145235343355,0.2181145235343355,3,6
10,1,BENIGN,1,Std,0.3216116683836772,0.1830676653553919,-0.13854400302828532,0.13854400302828532,4,3
10,1,BENIGN,1,Tot size,0.22043614008514728,0.16496439936574256,-0.05547174071940472,0.05547174071940472,5,5
10,1,BENIGN,1,IAT,0.12723227105146323,0.04851690705121675,-0.07871536400024648,0.07871536400024648,7,7
10,1,BENIGN,1,Number,0.060750575112817076,0.04624208061574891,-0.014508494497068168,0.014508494497068168,9,8
10,1,BENIGN,1,Variance,0.4207812571004994,0.8221945200878259,0.4014132629873265,0.4014132629873265,2,1
10,2,BENIGN,1,Header_Length,0.0017468098354167221,8.260472700325942e-05,-0.0016642051084134627,0.0016642051084134627,18,18
10,2,BENIGN,1,Protocol Type,7.17224333034101e-05,2.781985179963588e-05,-4.390258150377421e-05,4.390258150377421e-05,24,23
10,2,BENIGN,1,Time_To_Live,0.16894377952631665,0.0058497791963335625,-0.16309400032998309,0.16309400032998309,6,10
10,2,BENIGN,1,Rate,0.00040640618118276074,7.416898028994766e-05,-0.0003322372008928131,0.0003322372008928131,19,19
10,2,BENIGN,1,fin_flag_number,9.172865077303722e-05,1.2789967862885207e-05,-7.893868291015202e-05,7.893868291015202e-05,23,24
10,2,BENIGN,1,syn_flag_number,0.00632812188148711,0.003035063833985619,-0.0032930580475014908,0.0032930580475014908,16,13
10,2,BENIGN,1,rst_flag_number,4.0518404816111216e-05,2.33709318273033e-06,-3.8181311633380884e-05,3.8181311633380884e-05,26,31
10,2,BENIGN,1,psh_flag_number,5.445444259281796e-05,4.2402326960557145e-05,-1.2052115632260819e-05,1.2052115632260819e-05,25,21
10,2,BENIGN,1,ack_flag_number,0.026069304137865196,0.009499267198650579,-0.01657003693921462,0.01657003693921462,10,9
10,2,BENIGN,1,ece_flag_number,0.0,0.0,0.0,0.0,34,34
10,2,BENIGN,1,cwr_flag_number,0.0,0.0,0.0,0.0,35,35
10,2,BENIGN,1,ack_count,0.0025176444855165886,0.0007912774895999713,-0.0017263669959166174,0.0017263669959166174,17,16
10,2,BENIGN,1,syn_count,0.017852042286115487,0.005379519709904921,-0.012472522576210567,0.012472522576210567,12,11
10,2,BENIGN,1,fin_count,0.009342788505862497,0.0010359124120943607,-0.008306876093768137,0.008306876093768137,14,14
10,2,BENIGN,1,rst_count,0.006923252580107061,0.0008748247691920184,-0.006048427810915042,0.006048427810915042,15,15
10,2,BENIGN,1,HTTP,2.7112794522786075e-05,8.072929227283258e-06,-1.9039865295502817e-05,1.9039865295502817e-05,27,26
10,2,BENIGN,1,HTTPS,0.00016573905516353848,3.360418575757988e-05,-0.0001321348694059586,0.0001321348694059586,22,22
10,2,BENIGN,1,DNS,5.673749071331273e-06,2.2780736268021043e-06,-3.395675444529169e-06,3.395675444529169e-06,29,32
10,2,BENIGN,1,Telnet,0.0,0.0,0.0,0.0,36,36
10,2,BENIGN,1,SMTP,0.0,0.0,0.0,0.0,37,37
10,2,BENIGN,1,SSH,3.238546489582772e-08,9.628399842646657e-08,6.389853353063885e-08,6.389853353063885e-08,33,33
10,2,BENIGN,1,IRC,0.0,0.0,0.0,0.0,38,38
10,2,BENIGN,1,TCP,0.00029743497546572286,6.284205349444879e-05,-0.00023459292197127406,0.00023459292197127406,20,20
10,2,BENIGN,1,UDP,0.013207561853596412,0.004611679604193257,-0.008595882249403155,0.008595882249403155,13,12
10,2,BENIGN,1,DHCP,3.54348922933387e-08,2.488973558730432e-06,2.4535386664370933e-06,2.4535386664370933e-06,32,30
10,2,BENIGN,1,ARP,2.6380250640653124e-06,7.757313543655229e-06,5.119288479589917e-06,5.119288479589917e-06,30,27
10,2,BENIGN,1,ICMP,0.00019198051914380066,6.908787581881364e-06,-0.0001850717315619193,0.0001850717315619193,21,28
10,2,BENIGN,1,IGMP,0.0,0.0,0.0,0.0,39,39
10,2,BENIGN,1,IPv,1.3163913367800506e-05,9.57428633702043e-06,-3.589627030780077e-06,3.589627030780077e-06,28,25
10,2,BENIGN,1,LLC,1.691403073642646e-06,5.712670053252091e-06,4.021266979609445e-06,4.021266979609445e-06,31,29
10,2,BENIGN,1,Tot sum,0.6960507232275761,0.28076168023500986,-0.41528904299256625,0.41528904299256625,1,4
10,2,BENIGN,1,Min,0.02369651608304205,0.0007077416044108617,-0.022988774478631187,0.022988774478631187,11,17
10,2,BENIGN,1,Max,0.07821527647440979,0.06376309120725557,-0.014452185267154222,0.014452185267154222,8,6
10,2,BENIGN,1,AVG,0.3605173978922664,0.34808850654382595,-0.01242889134844044,0.01242889134844044,3,2
10,2,BENIGN,1,Std,0.3216116683836772,0.31513029472065873,-0.006481373663018486,0.006481373663018486,4,3
10,2,BENIGN,1,Tot size,0.22043614008514728,0.2418386107265275,0.021402470641380206,0.021402470641380206,5,5
10,2,BENIGN,1,IAT,0.12723227105146323,0.01778938452795647,-0.10944288652350675,0.10944288652350675,7,8
10,2,BENIGN,1,Number,0.060750575112817076,0.025850580749835574,-0.0348999943629815,0.0348999943629815,9,7
10,2,BENIGN,1,Variance,0.4207812571004994,0.7981083556611963,0.3773270985606969,0.3773270985606969,2,1
10,3,BENIGN,1,Header_Length,0.0017468098354167221,0.0009932756222421403,-0.0007535342131745819,0.0007535342131745819,18,18
10,3,BENIGN,1,Protocol Type,7.17224333034101e-05,2.4429020648273208e-05,-4.729341265513689e-05,4.729341265513689e-05,24,26
10,3,BENIGN,1,Time_To_Live,0.16894377952631665,0.3496120193458693,0.18066823981955263,0.18066823981955263,6,3
10,3,BENIGN,1,Rate,0.00040640618118276074,0.0005163361848128305,0.00010993000363006971,0.00010993000363006971,19,19
10,3,BENIGN,1,fin_flag_number,9.172865077303722e-05,0.00011908963963186226,2.7360988858825033e-05,2.7360988858825033e-05,23,21
10,3,BENIGN,1,syn_flag_number,0.00632812188148711,0.003773693068191995,-0.002554428813295115,0.002554428813295115,16,16
10,3,BENIGN,1,rst_flag_number,4.0518404816111216e-05,2.968818576787041e-05,-1.0830219048240805e-05,1.0830219048240805e-05,26,25
10,3,BENIGN,1,psh_flag_number,5.445444259281796e-05,6.748674843448074e-05,1.303230584166278e-05,1.303230584166278e-05,25,23
10,3,BENIGN,1,ack_flag_number,0.026069304137865196,0.01917367331671633,-0.0068956308211488675,0.0068956308211488675,10,9
10,3,BENIGN,1,ece_flag_number,0.0,0.0,0.0,0.0,34,33
10,3,BENIGN,1,cwr_flag_number,0.0,0.0,0.0,0.0,35,34
10,3,BENIGN,1,ack_count,0.0025176444855165886,0.0018599428514360467,-0.0006577016340805419,0.0006577016340805419,17,17
10,3,BENIGN,1,syn_count,0.017852042286115487,0.005741336990492584,-0.012110705295622904,0.012110705295622904,12,13
10,3,BENIGN,1,fin_count,0.009342788505862497,0.008740956921085308,-0.0006018315847771891,0.0006018315847771891,14,12
10,3,BENIGN,1,rst_count,0.006923252580107061,0.005277601624902447,-0.0016456509552046136,0.0016456509552046136,15,14
10,3,BENIGN,1,HTTP,2.7112794522786075e-05,9.45417098175674e-07,-2.61673774246104e-05,2.61673774246104e-05,27,31
10,3,BENIGN,1,HTTPS,0.00016573905516353848,0.00019833260246273328,3.259354729919479e-05,3.259354729919479e-05,22,20
10,3,BENIGN,1,DNS,5.673749071331273e-06,1.961246370713227e-06,-3.712502700618046e-06,3.712502700618046e-06,29,30
10,3,BENIGN,1,Telnet,0.0,0.0,0.0,0.0,36,35
10,3,BENIGN,1,SMTP,0.0,0.0,0.0,0.0,37,36
10,3,BENIGN,1,SSH,3.238546489582772e-08,5.726539648486658e-08,2.4879931589038857e-08,2.4879931589038857e-08,33,32
10,3,BENIGN,1,IRC,0.0,0.0,0.0,0.0,38,37
10,3,BENIGN,1,TCP,0.00029743497546572286,8.674691899473521e-05,-0.00021068805647098766,0.00021068805647098766,20,22
10,3,BENIGN,1,UDP,0.013207561853596412,0.005166309167282929,-0.008041252686313484,0.008041252686313484,13,15
10,3,BENIGN,1,DHCP,3.54348922933387e-08,0.0,-3.54348922933387e-08,3.54348922933387e-08,32,38
10,3,BENIGN,1,ARP,2.6380250640653124e-06,7.787281785163488e-06,5.149256721098175e-06,5.149256721098175e-06,30,27
10,3,BENIGN,1,ICMP,0.00019198051914380066,4.976446272602702e-05,-0.00014221605641777363,0.00014221605641777363,21,24
10,3,BENIGN,1,IGMP,0.0,0.0,0.0,0.0,39,39
10,3,BENIGN,1,IPv,1.3163913367800506e-05,4.985667778923307e-06,-8.178245588877199e-06,8.178245588877199e-06,28,29
10,3,BENIGN,1,LLC,1.691403073642646e-06,7.729284808915005e-06,6.037881735272359e-06,6.037881735272359e-06,31,28
10,3,BENIGN,1,Tot sum,0.6960507232275761,0.47898436889202783,-0.21706635433554827,0.21706635433554827,1,2
10,3,BENIGN,1,Min,0.02369651608304205,0.008849507218340357,-0.014847008864701692,0.014847008864701692,11,11
10,3,BENIGN,1,Max,0.07821527647440979,0.018221974050930338,-0.05999330242347945,0.05999330242347945,8,10
10,3,BENIGN,1,AVG,0.3605173978922664,0.08858522691096164,-0.27193217098130473,0.27193217098130473,3,7
10,3,BENIGN,1,Std,0.3216116683836772,0.13277724644302177,-0.18883442194065544,0.18883442194065544,4,5
10,3,BENIGN,1,Tot size,0.22043614008514728,0.23052575077795684,0.010089610692809559,0.010089610692809559,5,4
10,3,BENIGN,1,IAT,0.12723227105146323,0.11735135802268767,-0.009880913028775556,0.009880913028775556,7,6
10,3,BENIGN,1,Number,0.060750575112817076,0.06123164300801779,0.00048106789520071386,0.00048106789520071386,9,8
10,3,BENIGN,1,Variance,0.4207812571004994,0.7424584672277242,0.32167721012722483,0.32167721012722483,2,1
10,4,BENIGN,1,Header_Length,0.0017468098354167221,0.004056087536421763,0.0023092777010050407,0.0023092777010050407,18,16
10,4,BENIGN,1,Protocol Type,7.17224333034101e-05,1.9973740549567246e-05,-5.174869275384285e-05,5.174869275384285e-05,24,26
10,4,BENIGN,1,Time_To_Live,0.16894377952631665,0.624865028738871,0.4559212492125543,0.4559212492125543,6,1
10,4,BENIGN,1,Rate,0.00040640618118276074,0.001367109281483943,0.0009607031003011822,0.0009607031003011822,19,18
10,4,BENIGN,1,fin_flag_number,9.172865077303722e-05,8.461202179483027e-05,-7.116628978206952e-06,7.116628978206952e-06,23,23
10,4,BENIGN,1,syn_flag_number,0.00632812188148711,0.002704387487913668,-0.0036237343935734416,0.0036237343935734416,16,17
10,4,BENIGN,1,rst_flag_number,4.0518404816111216e-05,4.4312820520245185e-05,3.794415704133969e-06,3.794415704133969e-06,26,24
10,4,BENIGN,1,psh_flag_number,5.445444259281796e-05,3.5031267190858255e-05,-1.9423175401959708e-05,1.9423175401959708e-05,25,25
10,4,BENIGN,1,ack_flag_number,0.026069304137865196,0.005731615185525343,-0.020337688952339852,0.020337688952339852,10,14
10,4,BENIGN,1,ece_flag_number,0.0,0.0,0.0,0.0,34,33
10,4,BENIGN,1,cwr_flag_number,0.0,0.0,0.0,0.0,35,34
10,4,BENIGN,1,ack_count,0.0025176444855165886,0.00020302164194212598,-0.0023146228435744626,0.0023146228435744626,17,22
10,4,BENIGN,1,syn_count,0.017852042286115487,0.009649231483109732,-0.008202810803005755,0.008202810803005755,12,10
10,4,BENIGN,1,fin_count,0.009342788505862497,0.008093506770779486,-0.0012492817350830115,0.0012492817350830115,14,12
10,4,BENIGN,1,rst_count,0.006923252580107061,0.005826145462518163,-0.0010971071175888978,0.0010971071175888978,15,13
10,4,BENIGN,1,HTTP,2.7112794522786075e-05,1.2959252933089887e-05,-1.4153541589696187e-05,1.4153541589696187e-05,27,27
10,4,BENIGN,1,HTTPS,0.00016573905516353848,0.0005356779425885637,0.00036993888742502517,0.00036993888742502517,22,19
10,4,BENIGN,1,DNS,5.673749071331273e-06,3.488057707458424e-08,-5.638868494256689e-06,5.638868494256689e-06,29,31
10,4,BENIGN,1,Telnet,0.0,0.0,0.0,0.0,36,35
10,4,BENIGN,1,SMTP,0.0,0.0,0.0,0.0,37,36
10,4,BENIGN,1,SSH,3.238546489582772e-08,0.0,-3.238546489582772e-08,3.238546489582772e-08,33,37
10,4,BENIGN,1,IRC,0.0,0.0,0.0,0.0,38,38
10,4,BENIGN,1,TCP,0.00029743497546572286,0.00038518118172435774,8.774620625863488e-05,8.774620625863488e-05,20,21
10,4,BENIGN,1,UDP,0.013207561853596412,0.00936962210514012,-0.003837939748456292,0.003837939748456292,13,11
10,4,BENIGN,1,DHCP,3.54348922933387e-08,0.0,-3.54348922933387e-08,3.54348922933387e-08,32,39
10,4,BENIGN,1,ARP,2.6380250640653124e-06,1.5937695307641227e-07,-2.4786481109889e-06,2.4786481109889e-06,30,29
10,4,BENIGN,1,ICMP,0.00019198051914380066,0.0004028343372855479,0.00021085381814174722,0.00021085381814174722,21,20
10,4,BENIGN,1,IGMP,0.0,5.758086137540996e-08,5.758086137540996e-08,5.758086137540996e-08,39,30
10,4,BENIGN,1,IPv,1.3163913367800506e-05,8.382474109578396e-07,-1.2325665956842667e-05,1.2325665956842667e-05,28,28
10,4,BENIGN,1,LLC,1.691403073642646e-06,3.0824924909238845e-09,-1.6883205811517222e-06,1.6883205811517222e-06,31,32
10,4,BENIGN,1,Tot sum,0.6960507232275761,0.5258143203135702,-0.17023640291400588,0.17023640291400588,1,3
10,4,BENIGN,1,Min,0.02369651608304205,0.004971819661550408,-0.018724696421491643,0.018724696421491643,11,15
10,4,BENIGN,1,Max,0.07821527647440979,0.025009581522995004,-0.053205694951414785,0.053205694951414785,8,6
10,4,BENIGN,1,AVG,0.3605173978922664,0.012346248381435228,-0.34817114951083117,0.34817114951083117,3,7
10,4,BENIGN,1,Std,0.3216116683836772,0.1237366336056908,-0.1978750347779864,0.1978750347779864,4,5
10,4,BENIGN,1,Tot size,0.22043614008514728,0.012273453105627621,-0.20816268697951967,0.20816268697951967,5,8
10,4,BENIGN,1,IAT,0.12723227105146323,0.010366900494123187,-0.11686537055734005,0.11686537055734005,7,9
10,4,BENIGN,1,Number,0.060750575112817076,0.1595974615663513,0.09884688645353422,0.09884688645353422,9,4
10,4,BENIGN,1,Variance,0.4207812571004994,0.539333544199805,0.11855228709930554,0.11855228709930554,2,2
10,5,BENIGN,0,Header_Length,0.0017468098354167221,0.0,-0.0017468098354167221,0.0017468098354167221,18,1
10,5,BENIGN,0,Protocol Type,7.17224333034101e-05,0.0,-7.17224333034101e-05,7.17224333034101e-05,24,2
10,5,BENIGN,0,Time_To_Live,0.16894377952631665,0.0,-0.16894377952631665,0.16894377952631665,6,3
10,5,BENIGN,0,Rate,0.00040640618118276074,0.0,-0.00040640618118276074,0.00040640618118276074,19,4
10,5,BENIGN,0,fin_flag_number,9.172865077303722e-05,0.0,-9.172865077303722e-05,9.172865077303722e-05,23,5
10,5,BENIGN,0,syn_flag_number,0.00632812188148711,0.0,-0.00632812188148711,0.00632812188148711,16,6
10,5,BENIGN,0,rst_flag_number,4.0518404816111216e-05,0.0,-4.0518404816111216e-05,4.0518404816111216e-05,26,7
10,5,BENIGN,0,psh_flag_number,5.445444259281796e-05,0.0,-5.445444259281796e-05,5.445444259281796e-05,25,8
10,5,BENIGN,0,ack_flag_number,0.026069304137865196,0.0,-0.026069304137865196,0.026069304137865196,10,9
10,5,BENIGN,0,ece_flag_number,0.0,0.0,0.0,0.0,34,10
10,5,BENIGN,0,cwr_flag_number,0.0,0.0,0.0,0.0,35,11
10,5,BENIGN,0,ack_count,0.0025176444855165886,0.0,-0.0025176444855165886,0.0025176444855165886,17,12
10,5,BENIGN,0,syn_count,0.017852042286115487,0.0,-0.017852042286115487,0.017852042286115487,12,13
10,5,BENIGN,0,fin_count,0.009342788505862497,0.0,-0.009342788505862497,0.009342788505862497,14,14
10,5,BENIGN,0,rst_count,0.006923252580107061,0.0,-0.006923252580107061,0.006923252580107061,15,15
10,5,BENIGN,0,HTTP,2.7112794522786075e-05,0.0,-2.7112794522786075e-05,2.7112794522786075e-05,27,16
10,5,BENIGN,0,HTTPS,0.00016573905516353848,0.0,-0.00016573905516353848,0.00016573905516353848,22,17
10,5,BENIGN,0,DNS,5.673749071331273e-06,0.0,-5.673749071331273e-06,5.673749071331273e-06,29,18
10,5,BENIGN,0,Telnet,0.0,0.0,0.0,0.0,36,19
10,5,BENIGN,0,SMTP,0.0,0.0,0.0,0.0,37,20
10,5,BENIGN,0,SSH,3.238546489582772e-08,0.0,-3.238546489582772e-08,3.238546489582772e-08,33,21
10,5,BENIGN,0,IRC,0.0,0.0,0.0,0.0,38,22
10,5,BENIGN,0,TCP,0.00029743497546572286,0.0,-0.00029743497546572286,0.00029743497546572286,20,23
10,5,BENIGN,0,UDP,0.013207561853596412,0.0,-0.013207561853596412,0.013207561853596412,13,24
10,5,BENIGN,0,DHCP,3.54348922933387e-08,0.0,-3.54348922933387e-08,3.54348922933387e-08,32,25
10,5,BENIGN,0,ARP,2.6380250640653124e-06,0.0,-2.6380250640653124e-06,2.6380250640653124e-06,30,26
10,5,BENIGN,0,ICMP,0.00019198051914380066,0.0,-0.00019198051914380066,0.00019198051914380066,21,27
10,5,BENIGN,0,IGMP,0.0,0.0,0.0,0.0,39,28
10,5,BENIGN,0,IPv,1.3163913367800506e-05,0.0,-1.3163913367800506e-05,1.3163913367800506e-05,28,29
10,5,BENIGN,0,LLC,1.691403073642646e-06,0.0,-1.691403073642646e-06,1.691403073642646e-06,31,30
10,5,BENIGN,0,Tot sum,0.6960507232275761,0.0,-0.6960507232275761,0.6960507232275761,1,31
10,5,BENIGN,0,Min,0.02369651608304205,0.0,-0.02369651608304205,0.02369651608304205,11,32
10,5,BENIGN,0,Max,0.07821527647440979,0.0,-0.07821527647440979,0.07821527647440979,8,33
10,5,BENIGN,0,AVG,0.3605173978922664,0.0,-0.3605173978922664,0.3605173978922664,3,34
10,5,BENIGN,0,Std,0.3216116683836772,0.0,-0.3216116683836772,0.3216116683836772,4,35
10,5,BENIGN,0,Tot size,0.22043614008514728,0.0,-0.22043614008514728,0.22043614008514728,5,36
10,5,BENIGN,0,IAT,0.12723227105146323,0.0,-0.12723227105146323,0.12723227105146323,7,37
10,5,BENIGN,0,Number,0.060750575112817076,0.0,-0.060750575112817076,0.060750575112817076,9,38
10,5,BENIGN,0,Variance,0.4207812571004994,0.0,-0.4207812571004994,0.4207812571004994,2,39
10,1,DDOS,1,Header_Length,0.031067277175196,0.1010007289609523,0.0699334517857563,0.0699334517857563,13,12
10,1,DDOS,1,Protocol Type,0.009422060403871344,0.0248206795752377,0.015398619171366356,0.015398619171366356,21,19
10,1,DDOS,1,Time_To_Live,0.010705490424739027,0.042941799904410716,0.03223630947967169,0.03223630947967169,20,17
10,1,DDOS,1,Rate,0.006626296936932351,0.015503413848206377,0.008877116911274026,0.008877116911274026,23,21
10,1,DDOS,1,fin_flag_number,0.00045859287552177174,0.001887772838890584,0.0014291799633688123,0.0014291799633688123,26,24
10,1,DDOS,1,syn_flag_number,0.17447179024905196,0.3880421326207773,0.21357034237172534,0.21357034237172534,6,4
10,1,DDOS,1,rst_flag_number,0.0004973855701175871,0.0006759243047062283,0.00017853873458864122,0.00017853873458864122,25,25
10,1,DDOS,1,psh_flag_number,0.008916718396053281,0.017728029693365066,0.008811311297311785,0.008811311297311785,22,20
10,1,DDOS,1,ack_flag_number,0.054027667818234315,0.13514179498282483,0.08111412716459052,0.08111412716459052,12,9
10,1,DDOS,1,ece_flag_number,0.0,0.0,0.0,0.0,33,33
10,1,DDOS,1,cwr_flag_number,0.0,0.0,0.0,0.0,34,34
10,1,DDOS,1,ack_count,0.029878015963271956,0.05182753343041347,0.021949517467141515,0.021949517467141515,14,15
10,1,DDOS,1,syn_count,0.09217228799059674,0.24143459807164966,0.14926231008105292,0.14926231008105292,9,5
10,1,DDOS,1,fin_count,0.10654063704335641,0.4182671643706277,0.3117265273272713,0.3117265273272713,8,3
10,1,DDOS,1,rst_count,0.06122012047166885,0.12055236720392845,0.0593322467322596,0.0593322467322596,11,10
10,1,DDOS,1,HTTP,0.0007201585869227694,0.00045953019101023783,-0.0002606283959125316,0.0002606283959125316,24,26
10,1,DDOS,1,HTTPS,5.6768644074942925e-05,0.0003366933517430328,0.0002799247076680899,0.0002799247076680899,27,27
10,1,DDOS,1,DNS,1.534177423100922e-05,7.686170124000243e-05,6.151992700899321e-05,6.151992700899321e-05,28,28
10,1,DDOS,1,Telnet,0.0,0.0,0.0,0.0,35,35
10,1,DDOS,1,SMTP,0.0,0.0,0.0,0.0,36,36
10,1,DDOS,1,SSH,0.0,0.0,0.0,0.0,37,37
10,1,DDOS,1,IRC,0.0,0.0,0.0,0.0,38,38
10,1,DDOS,1,TCP,0.014173155810185772,0.04345998281761084,0.02928682700742507,0.02928682700742507,18,16
10,1,DDOS,1,UDP,0.11230320442759636,0.17488165304668166,0.06257844861908529,0.06257844861908529,7,7
10,1,DDOS,1,DHCP,5.747458134346556e-08,7.734688043304565e-08,1.9872299089580087e-08,1.9872299089580087e-08,32,32
10,1,DDOS,1,ARP,1.06858818864576e-05,4.9877054729621965e-06,-5.698176413495403e-06,5.698176413495403e-06,30,31
10,1,DDOS,1,ICMP,0.01947532799841554,0.07349550926817329,0.05402018126975775,0.05402018126975775,15,13
10,1,DDOS,1,IGMP,0.0,0.0,0.0,0.0,39,39
10,1,DDOS,1,IPv,3.509700806386058e-06,7.513164606960018e-06,4.0034638005739595e-06,4.0034638005739595e-06,31,30
10,1,DDOS,1,LLC,1.3725847460237642e-05,9.094988573166491e-06,-4.630858887071151e-06,4.630858887071151e-06,29,29
10,1,DDOS,1,Tot sum,0.44042332106979504,0.45148597038205995,0.011062649312264916,0.011062649312264916,3,2
10,1,DDOS,1,Min,0.018798781950478204,0.005320979113178482,-0.013477802837299721,0.013477802837299721,16,23
10,1,DDOS,1,Max,0.06617354453024267,0.05366717493015431,-0.012506369600088357,0.012506369600088357,10,14
10,1,DDOS,1,AVG,0.502004152649018,0.18454043252402094,-0.317463720124997,0.317463720124997,2,6
10,1,DDOS,1,Std,0.23789472197442205,0.11602667514414422,-0.12186804683027783,0.12186804683027783,5,11
10,1,DDOS,1,Tot size,0.5542054754484252,0.17140414548601077,-0.38280132996241445,0.38280132996241445,1,8
10,1,DDOS,1,IAT,0.012007791249411336,0.03751430984964797,0.025506518600236637,0.025506518600236637,19,18
10,1,DDOS,1,Number,0.017551521838320948,0.012976574581384915,-0.0045749472569360326,0.0045749472569360326,17,22
10,1,DDOS,1,Variance,0.3358052766973642,0.49435642552706516,0.15855114882970095,0.15855114882970095,4,1
10,2,DDOS,1,Header_Length,0.031067277175196,0.14467077962171182,0.11360350244651582,0.11360350244651582,13,7
10,2,DDOS,1,Protocol Type,0.009422060403871344,0.03857293788337557,0.029150877479504227,0.029150877479504227,21,16
10,2,DDOS,1,Time_To_Live,0.010705490424739027,0.03858028466130507,0.027874794236566046,0.027874794236566046,20,15
10,2,DDOS,1,Rate,0.006626296936932351,0.021449154505623434,0.014822857568691082,0.014822857568691082,23,20
10,2,DDOS,1,fin_flag_number,0.00045859287552177174,0.0014348115069766133,0.0009762186314548416,0.0009762186314548416,26,25
10,2,DDOS,1,syn_flag_number,0.17447179024905196,0.25931865084069905,0.08484686059164709,0.08484686059164709,6,4
10,2,DDOS,1,rst_flag_number,0.0004973855701175871,0.0007336804100918648,0.0002362948399742777,0.0002362948399742777,25,26
10,2,DDOS,1,psh_flag_number,0.008916718396053281,0.014168300849245244,0.0052515824531919626,0.0052515824531919626,22,21
10,2,DDOS,1,ack_flag_number,0.054027667818234315,0.12233088879283883,0.06830322097460452,0.06830322097460452,12,8
10,2,DDOS,1,ece_flag_number,0.0,0.0,0.0,0.0,33,31
10,2,DDOS,1,cwr_flag_number,0.0,0.0,0.0,0.0,34,32
10,2,DDOS,1,ack_count,0.029878015963271956,0.03891879531467756,0.009040779351405605,0.009040779351405605,14,14
10,2,DDOS,1,syn_count,0.09217228799059674,0.20194371697660776,0.10977142898601103,0.10977142898601103,9,5
10,2,DDOS,1,fin_count,0.10654063704335641,0.35621545872602167,0.24967482168266525,0.24967482168266525,8,3
10,2,DDOS,1,rst_count,0.06122012047166885,0.12224465683787272,0.06102453636620387,0.06102453636620387,11,9
10,2,DDOS,1,HTTP,0.0007201585869227694,0.0030630567704587673,0.002342898183535998,0.002342898183535998,24,23
10,2,DDOS,1,HTTPS,5.6768644074942925e-05,0.007650619599349185,0.007593850955274242,0.007593850955274242,27,22
10,2,DDOS,1,DNS,1.534177423100922e-05,2.8371217734105553e-05,1.3029443503096332e-05,1.3029443503096332e-05,28,30
10,2,DDOS,1,Telnet,0.0,0.0,0.0,0.0,35,33
10,2,DDOS,1,SMTP,0.0,0.0,0.0,0.0,36,34
10,2,DDOS,1,SSH,0.0,0.0,0.0,0.0,37,35
10,2,DDOS,1,IRC,0.0,0.0,0.0,0.0,38,36
10,2,DDOS,1,TCP,0.014173155810185772,0.06937169323708184,0.055198537426896066,0.055198537426896066,18,11
10,2,DDOS,1,UDP,0.11230320442759636,0.1926085613219566,0.08030535689436025,0.08030535689436025,7,6
10,2,DDOS,1,DHCP,5.747458134346556e-08,0.0,-5.747458134346556e-08,5.747458134346556e-08,32,37
10,2,DDOS,1,ARP,1.06858818864576e-05,8.563445267686394e-05,7.494857079040634e-05,7.494857079040634e-05,30,27
10,2,DDOS,1,ICMP,0.01947532799841554,0.09725427905557,0.07777895105715446,0.07777895105715446,15,10
10,2,DDOS,1,IGMP,0.0,0.0,0.0,0.0,39,38
10,2,DDOS,1,IPv,3.509700806386058e-06,3.111772425886224e-05,2.7608023452476185e-05,2.7608023452476185e-05,31,29
10,2,DDOS,1,LLC,1.3725847460237642e-05,4.075445193315457e-05,2.702860447291693e-05,2.702860447291693e-05,29,28
10,2,DDOS,1,Tot sum,0.44042332106979504,0.5838196112372603,0.1433962901674653,0.1433962901674653,3,1
10,2,DDOS,1,Min,0.018798781950478204,0.002433402516346759,-0.016365379434131445,0.016365379434131445,16,24
10,2,DDOS,1,Max,0.06617354453024267,0.03791797532600451,-0.028255569204238162,0.028255569204238162,10,17
10,2,DDOS,1,AVG,0.502004152649018,0.030049658133150962,-0.471954494515867,0.471954494515867,2,18
10,2,DDOS,1,Std,0.23789472197442205,0.05831283136710981,-0.17958189060731222,0.17958189060731222,5,13
10,2,DDOS,1,Tot size,0.5542054754484252,0.06222727307457237,-0.49197820237385287,0.49197820237385287,1,12
10,2,DDOS,1,IAT,0.012007791249411336,0.028974358285997363,0.016966567036586028,0.016966567036586028,19,19
10,2,DDOS,1,Number,0.017551521838320948,0.0,-0.017551521838320948,0.017551521838320948,17,39
10,2,DDOS,1,Variance,0.3358052766973642,0.5534885170265442,0.21768324032918002,0.21768324032918002,4,2
10,3,DDOS,1,Header_Length,0.031067277175196,0.014927841980774108,-0.016139435194421892,0.016139435194421892,13,12
10,3,DDOS,1,Protocol Type,0.009422060403871344,0.004588888386119379,-0.004833172017751965,0.004833172017751965,21,18
10,3,DDOS,1,Time_To_Live,0.010705490424739027,0.0019044591021906995,-0.008801031322548327,0.008801031322548327,20,22
10,3,DDOS,1,Rate,0.006626296936932351,0.002688970163090177,-0.003937326773842174,0.003937326773842174,23,21
10,3,DDOS,1,fin_flag_number,0.00045859287552177174,0.00029979103617920226,-0.0001588018393425695,0.0001588018393425695,26,23
10,3,DDOS,1,syn_flag_number,0.17447179024905196,0.08312078541558558,-0.09135100483346638,0.09135100483346638,6,5
10,3,DDOS,1,rst_flag_number,0.0004973855701175871,0.00021794271828535393,-0.00027944285183223314,0.00027944285183223314,25,24
10,3,DDOS,1,psh_flag_number,0.008916718396053281,0.003191461070326831,-0.00572525732572645,0.00572525732572645,22,19
10,3,DDOS,1,ack_flag_number,0.054027667818234315,0.02076781591302101,-0.0332598519052133,0.0332598519052133,12,10
10,3,DDOS,1,ece_flag_number,0.0,0.0,0.0,0.0,33,32
10,3,DDOS,1,cwr_flag_number,0.0,0.0,0.0,0.0,34,33
10,3,DDOS,1,ack_count,0.029878015963271956,0.014717654321675284,-0.015160361641596672,0.015160361641596672,14,13
10,3,DDOS,1,syn_count,0.09217228799059674,0.03260660800512545,-0.059565679985471284,0.059565679985471284,9,8
10,3,DDOS,1,fin_count,0.10654063704335641,0.07250511008947745,-0.03403552695387896,0.03403552695387896,8,6
10,3,DDOS,1,rst_count,0.06122012047166885,0.027181955713508246,-0.034038164758160606,0.034038164758160606,11,9
10,3,DDOS,1,HTTP,0.0007201585869227694,3.620180778265123e-05,-0.0006839567791401182,0.0006839567791401182,24,25
10,3,DDOS,1,HTTPS,5.6768644074942925e-05,1.7769532335666778e-05,-3.899911173927615e-05,3.899911173927615e-05,27,26
10,3,DDOS,1,DNS,1.534177423100922e-05,4.555211935371689e-06,-1.0786562295637532e-05,1.0786562295637532e-05,28,27
10,3,DDOS,1,Telnet,0.0,0.0,0.0,0.0,35,34
10,3,DDOS,1,SMTP,0.0,0.0,0.0,0.0,36,35
10,3,DDOS,1,SSH,0.0,0.0,0.0,0.0,37,36
10,3,DDOS,1,IRC,0.0,0.0,0.0,0.0,38,37
10,3,DDOS,1,TCP,0.014173155810185772,0.006666982926139603,-0.00750617288404617,0.00750617288404617,18,16
10,3,DDOS,1,UDP,0.11230320442759636,0.055942013759062506,-0.05636119066853386,0.05636119066853386,7,7
10,3,DDOS,1,DHCP,5.747458134346556e-08,1.4125307549715266e-07,8.37784941536871e-08,8.37784941536871e-08,32,31
10,3,DDOS,1,ARP,1.06858818864576e-05,7.967979115447104e-07,-9.88908397491289e-06,9.88908397491289e-06,30,28
10,3,DDOS,1,ICMP,0.01947532799841554,0.011822736354963254,-0.007652591643452285,0.007652591643452285,15,14
10,3,DDOS,1,IGMP,0.0,0.0,0.0,0.0,39,38
10,3,DDOS,1,IPv,3.509700806386058e-06,4.7214158821416607e-07,-3.037559218171892e-06,3.037559218171892e-06,31,30
10,3,DDOS,1,LLC,1.3725847460237642e-05,7.58967105325517e-07,-1.2966880354912126e-05,1.2966880354912126e-05,29,29
10,3,DDOS,1,Tot sum,0.44042332106979504,0.9554843330202777,0.5150610119504826,0.5150610119504826,3,1
10,3,DDOS,1,Min,0.018798781950478204,0.006562346875274087,-0.012236435075204118,0.012236435075204118,16,17
10,3,DDOS,1,Max,0.06617354453024267,0.011813632512000837,-0.054359912018241835,0.054359912018241835,10,15
10,3,DDOS,1,AVG,0.502004152649018,0.12305582604019581,-0.37894832660882216,0.37894832660882216,2,4
10,3,DDOS,1,Std,0.23789472197442205,0.017437349615105648,-0.2204573723593164,0.2204573723593164,5,11
10,3,DDOS,1,Tot size,0.5542054754484252,0.15928986984755125,-0.394915605600874,0.394915605600874,1,3
10,3,DDOS,1,IAT,0.012007791249411336,0.0027395247153217026,-0.009268266534089633,0.009268266534089633,19,20
10,3,DDOS,1,Number,0.017551521838320948,0.0,-0.017551521838320948,0.017551521838320948,17,39
10,3,DDOS,1,Variance,0.3358052766973642,0.16686721022470738,-0.16893806647265683,0.16893806647265683,4,2
10,4,DDOS,1,Header_Length,0.031067277175196,0.08091251219090406,0.04984523501570806,0.04984523501570806,13,12
10,4,DDOS,1,Protocol Type,0.009422060403871344,0.020125640526156535,0.010703580122285191,0.010703580122285191,21,18
10,4,DDOS,1,Time_To_Live,0.010705490424739027,0.01632561373012453,0.005620123305385503,0.005620123305385503,20,20
10,4,DDOS,1,Rate,0.006626296936932351,0.021088616476602796,0.014462319539670445,0.014462319539670445,23,17
10,4,DDOS,1,fin_flag_number,0.00045859287552177174,0.0009393410235323761,0.0004807481480106044,0.0004807481480106044,26,25
10,4,DDOS,1,syn_flag_number,0.17447179024905196,0.3765539496671754,0.20208215941812346,0.20208215941812346,6,3
10,4,DDOS,1,rst_flag_number,0.0004973855701175871,0.0011210719170892155,0.0006236863469716284,0.0006236863469716284,25,24
10,4,DDOS,1,psh_flag_number,0.008916718396053281,0.017086560098956153,0.008169841702902872,0.008169841702902872,22,19
10,4,DDOS,1,ack_flag_number,0.054027667818234315,0.1177165058436748,0.06368883802544048,0.06368883802544048,12,9
10,4,DDOS,1,ece_flag_number,0.0,0.0,0.0,0.0,33,31
10,4,DDOS,1,cwr_flag_number,0.0,0.0,0.0,0.0,34,32
10,4,DDOS,1,ack_count,0.029878015963271956,0.08204652806108519,0.05216851209781323,0.05216851209781323,14,11
10,4,DDOS,1,syn_count,0.09217228799059674,0.19631147365273285,0.10413918566213612,0.10413918566213612,9,5
10,4,DDOS,1,fin_count,0.10654063704335641,0.2093034146536246,0.10276277761026818,0.10276277761026818,8,4
10,4,DDOS,1,rst_count,0.06122012047166885,0.12888786308034353,0.06766774260867467,0.06766774260867467,11,7
10,4,DDOS,1,HTTP,0.0007201585869227694,0.003933537104181087,0.003213378517258318,0.003213378517258318,24,22
10,4,DDOS,1,HTTPS,5.6768644074942925e-05,0.002895367463895047,0.002838598819820104,0.002838598819820104,27,23
10,4,DDOS,1,DNS,1.534177423100922e-05,4.0913139219204584e-05,2.5571364988195364e-05,2.5571364988195364e-05,28,27
10,4,DDOS,1,Telnet,0.0,0.0,0.0,0.0,35,33
10,4,DDOS,1,SMTP,0.0,0.0,0.0,0.0,36,34
10,4,DDOS,1,SSH,0.0,0.0,0.0,0.0,37,35
10,4,DDOS,1,IRC,0.0,0.0,0.0,0.0,38,36
10,4,DDOS,1,TCP,0.014173155810185772,0.037359480301189484,0.02318632449100371,0.02318632449100371,18,16
10,4,DDOS,1,UDP,0.11230320442759636,0.15056267439463675,0.03825946996704038,0.03825946996704038,7,6
10,4,DDOS,1,DHCP,5.747458134346556e-08,0.0,-5.747458134346556e-08,5.747458134346556e-08,32,37
10,4,DDOS,1,ARP,1.06858818864576e-05,3.5042129298738357e-05,2.4356247412280755e-05,2.4356247412280755e-05,30,28
10,4,DDOS,1,ICMP,0.01947532799841554,0.045596779901912986,0.026121451903497447,0.026121451903497447,15,15
10,4,DDOS,1,IGMP,0.0,4.2120419516891823e-07,4.2120419516891823e-07,4.2120419516891823e-07,39,30
10,4,DDOS,1,IPv,3.509700806386058e-06,2.410636833082887e-05,2.0596667524442813e-05,2.0596667524442813e-05,31,29
10,4,DDOS,1,LLC,1.3725847460237642e-05,5.517238997951561e-05,4.144654251927797e-05,4.144654251927797e-05,29,26
10,4,DDOS,1,Tot sum,0.44042332106979504,0.5879536924994463,0.14753037142965125,0.14753037142965125,3,1
10,4,DDOS,1,Min,0.018798781950478204,0.0,-0.018798781950478204,0.018798781950478204,16,38
10,4,DDOS,1,Max,0.06617354453024267,0.10247413100696784,0.03630058647672517,0.03630058647672517,10,10
10,4,DDOS,1,AVG,0.502004152649018,0.060381279104505844,-0.44162287354451213,0.44162287354451213,2,14
10,4,DDOS,1,Std,0.23789472197442205,0.11857249084034673,-0.11932223113407532,0.11932223113407532,5,8
10,4,DDOS,1,Tot size,0.5542054754484252,0.06284156440576283,-0.4913639110426624,0.4913639110426624,1,13
10,4,DDOS,1,IAT,0.012007791249411336,0.013165924228088785,0.001158132978677449,0.001158132978677449,19,21
10,4,DDOS,1,Number,0.017551521838320948,0.0,-0.017551521838320948,0.017551521838320948,17,39
10,4,DDOS,1,Variance,0.3358052766973642,0.5714165637345029,0.23561128703713868,0.23561128703713868,4,2
10,5,DDOS,1,Header_Length,0.031067277175196,0.00477118461530471,-0.02629609255989129,0.02629609255989129,13,15
10,5,DDOS,1,Protocol Type,0.009422060403871344,0.0009985019306843672,-0.008423558473186977,0.008423558473186977,21,23
10,5,DDOS,1,Time_To_Live,0.010705490424739027,0.003663852450034223,-0.007041637974704804,0.007041637974704804,20,17
10,5,DDOS,1,Rate,0.006626296936932351,0.00114432084624587,-0.005481976090686481,0.005481976090686481,23,21
10,5,DDOS,1,fin_flag_number,0.00045859287552177174,0.0001329307368719451,-0.00032566213864982665,0.00032566213864982665,26,24
10,5,DDOS,1,syn_flag_number,0.17447179024905196,0.042974256460161876,-0.1314975337888901,0.1314975337888901,6,7
10,5,DDOS,1,rst_flag_number,0.0004973855701175871,0.00011941317797754639,-0.0003779723921400407,0.0003779723921400407,25,25
10,5,DDOS,1,psh_flag_number,0.008916718396053281,0.0011522577514225503,-0.007764460644630731,0.007764460644630731,22,20
10,5,DDOS,1,ack_flag_number,0.054027667818234315,0.011469031152775179,-0.042558636665459136,0.042558636665459136,12,12
10,5,DDOS,1,ece_flag_number,0.0,0.0,0.0,0.0,33,32
10,5,DDOS,1,cwr_flag_number,0.0,0.0,0.0,0.0,34,33
10,5,DDOS,1,ack_count,0.029878015963271956,0.004430654846468552,-0.025447361116803402,0.025447361116803402,14,16
10,5,DDOS,1,syn_count,0.09217228799059674,0.030952877298227904,-0.06121941069236883,0.06121941069236883,9,8
10,5,DDOS,1,fin_count,0.10654063704335641,0.028905307661658382,-0.07763532938169802,0.07763532938169802,8,9
10,5,DDOS,1,rst_count,0.06122012047166885,0.009115384301472679,-0.052104736170196175,0.052104736170196175,11,13
10,5,DDOS,1,HTTP,0.0007201585869227694,3.4418090535901944e-05,-0.0006857404963868675,0.0006857404963868675,24,27
10,5,DDOS,1,HTTPS,5.6768644074942925e-05,8.496245864282568e-05,2.8193814567882756e-05,2.8193814567882756e-05,27,26
10,5,DDOS,1,DNS,1.534177423100922e-05,2.834442526805887e-06,-1.2507331704203334e-05,1.2507331704203334e-05,28,28
10,5,DDOS,1,Telnet,0.0,0.0,0.0,0.0,35,34
10,5,DDOS,1,SMTP,0.0,0.0,0.0,0.0,36,35
10,5,DDOS,1,SSH,0.0,0.0,0.0,0.0,37,36
10,5,DDOS,1,IRC,0.0,0.0,0.0,0.0,38,37
10,5,DDOS,1,TCP,0.014173155810185772,0.002119163063444579,-0.012053992746741193,0.012053992746741193,18,19
10,5,DDOS,1,UDP,0.11230320442759636,0.014208543727244853,-0.09809466070035151,0.09809466070035151,7,11
10,5,DDOS,1,DHCP,5.747458134346556e-08,0.0,-5.747458134346556e-08,5.747458134346556e-08,32,38
10,5,DDOS,1,ARP,1.06858818864576e-05,9.269530439029458e-07,-9.758928842554654e-06,9.758928842554654e-06,30,30
10,5,DDOS,1,ICMP,0.01947532799841554,0.0029745949788710095,-0.01650073301954453,0.01650073301954453,15,18
10,5,DDOS,1,IGMP,0.0,0.0,0.0,0.0,39,39
10,5,DDOS,1,IPv,3.509700806386058e-06,8.840169555547993e-07,-2.6256838508312584e-06,2.6256838508312584e-06,31,31
10,5,DDOS,1,LLC,1.3725847460237642e-05,2.0150040750059392e-06,-1.1710843385231703e-05,1.1710843385231703e-05,29,29
10,5,DDOS,1,Tot sum,0.44042332106979504,0.5828434799969159,0.14242015892712084,0.14242015892712084,3,1
10,5,DDOS,1,Min,0.018798781950478204,0.0010590098369561366,-0.017739772113522068,0.017739772113522068,16,22
10,5,DDOS,1,Max,0.06617354453024267,0.05369488629858856,-0.01247865823165411,0.01247865823165411,10,6
10,5,DDOS,1,AVG,0.502004152649018,0.5370475400020044,0.0350433873529864,0.0350433873529864,2,2
10,5,DDOS,1,Std,0.23789472197442205,0.15982623499721904,-0.078068486977203,0.078068486977203,5,5
10,5,DDOS,1,Tot size,0.5542054754484252,0.4478186365497114,-0.10638683889871386,0.10638683889871386,1,3
10,5,DDOS,1,IAT,0.012007791249411336,0.008936123913209165,-0.0030716673362021704,0.0030716673362021704,19,14
10,5,DDOS,1,Number,0.017551521838320948,0.020474919744211565,0.002923397905890617,0.002923397905890617,17,10
10,5,DDOS,1,Variance,0.3358052766973642,0.37185265083159935,0.036047374134235144,0.036047374134235144,4,4
10,1,DOS,1,Header_Length,0.03150894051216524,0.07742729910782924,0.045918358595664,0.045918358595664,12,10
10,1,DOS,1,Protocol Type,0.012830875595120582,0.019192506885472072,0.006361631290351491,0.006361631290351491,19,19
10,1,DOS,1,Time_To_Live,0.03657911971874436,0.042478996612309805,0.005899876893565442,0.005899876893565442,11,15
10,1,DOS,1,Rate,0.006905440072989637,0.016606740429413503,0.009701300356423866,0.009701300356423866,20,20
10,1,DOS,1,fin_flag_number,0.00039203358329903426,0.0012308967110791428,0.0008388631277801086,0.0008388631277801086,25,25
10,1,DOS,1,syn_flag_number,0.21201121603747458,0.3677100361599171,0.15569882012244252,0.15569882012244252,4,4
10,1,DOS,1,rst_flag_number,0.00032605624942089786,0.0003998726120491745,7.381636262827662e-05,7.381636262827662e-05,26,27
10,1,DOS,1,psh_flag_number,0.005978550180968255,0.007690296667381796,0.0017117464864135406,0.0017117464864135406,21,23
10,1,DOS,1,ack_flag_number,0.04550164531845322,0.0720931719882031,0.026591526669749878,0.026591526669749878,9,12
10,1,DOS,1,ece_flag_number,0.0,0.0,0.0,0.0,33,33
10,1,DOS,1,cwr_flag_number,0.0,0.0,0.0,0.0,34,34
10,1,DOS,1,ack_count,0.030970217026303596,0.030589058787631764,-0.0003811582386718318,0.0003811582386718318,13,16
10,1,DOS,1,syn_count,0.1677430748456364,0.37569686094278976,0.20795378609715337,0.20795378609715337,6,3
10,1,DOS,1,fin_count,0.0831188752738946,0.2759287100975429,0.19280983482364827,0.19280983482364827,8,5
10,1,DOS,1,rst_count,0.03998412306223732,0.07579110223921467,0.03580697917697735,0.03580697917697735,10,11
10,1,DOS,1,HTTP,0.0006112227378101788,0.0004709438656013299,-0.00014027887220884885,0.00014027887220884885,24,26
10,1,DOS,1,HTTPS,0.0011030928603446668,0.0033471588087384107,0.0022440659483937437,0.0022440659483937437,23,24
10,1,DOS,1,DNS,2.661100976840534e-05,5.7705984019566924e-05,3.109497425116158e-05,3.109497425116158e-05,28,28
10,1,DOS,1,Telnet,0.0,0.0,0.0,0.0,35,35
10,1,DOS,1,SMTP,0.0,0.0,0.0,0.0,36,36
10,1,DOS,1,SSH,0.0,0.0,0.0,0.0,37,37
10,1,DOS,1,IRC,0.0,0.0,0.0,0.0,38,38
10,1,DOS,1,TCP,0.01915833237216997,0.04471761569151513,0.025559283319345164,0.025559283319345164,17,14
10,1,DOS,1,UDP,0.12421464460233961,0.12681171917662454,0.00259707457428493,0.00259707457428493,7,9
10,1,DOS,1,DHCP,2.7596318125987178e-08,1.638674491353569e-07,1.3627113100936973e-07,1.3627113100936973e-07,32,32
10,1,DOS,1,ARP,1.0376607681826402e-05,1.8420568712019335e-05,8.043961030192933e-06,8.043961030192933e-06,30,31
10,1,DOS,1,ICMP,0.015056237487386073,0.029333729381486637,0.014277491894100564,0.014277491894100564,18,17
10,1,DOS,1,IGMP,0.0,0.0,0.0,0.0,39,39
10,1,DOS,1,IPv,3.876588335646741e-06,2.1310916744705604e-05,1.743432840905886e-05,1.743432840905886e-05,31,30
10,1,DOS,1,LLC,1.0857588421933543e-05,5.173306795326222e-05,4.087547953132868e-05,4.087547953132868e-05,29,29
10,1,DOS,1,Tot sum,0.5912058205350628,0.5715436205235741,-0.019662200011488662,0.019662200011488662,1,1
10,1,DOS,1,Min,0.029376324098651405,0.0090577355011232,-0.020318588597528206,0.020318588597528206,15,22
10,1,DOS,1,Max,0.02422852814783785,0.05697022681501331,0.03274169866717547,0.03274169866717547,16,13
10,1,DOS,1,AVG,0.40181460759846804,0.17487707201661126,-0.22693753558185678,0.22693753558185678,3,7
10,1,DOS,1,Std,0.029741337236296746,0.14247225986328863,0.11273092262699189,0.11273092262699189,14,8
10,1,DOS,1,Tot size,0.5886052316994407,0.23981547214307838,-0.34878975955636227,0.34878975955636227,2,6
10,1,DOS,1,IAT,0.0033450696517173736,0.02357327458444645,0.020228204932729078,0.020228204932729078,22,18
10,1,DOS,1,Number,0.0002149308389985956,0.010841256933261809,0.010626326094263214,0.010626326094263214,27,21
10,1,DOS,1,Variance,0.1923317827603081,0.4112361483695067,0.21890436560919863,0.21890436560919863,5,2
10,2,DOS,1,Header_Length,0.03150894051216524,0.02786579734871286,-0.0036431431634523816,0.0036431431634523816,12,15
10,2,DOS,1,Protocol Type,0.012830875595120582,0.01173852566004995,-0.0010923499350706314,0.0010923499350706314,19,19
10,2,DOS,1,Time_To_Live,0.03657911971874436,0.03112332878543831,-0.0054557909333060525,0.0054557909333060525,11,13
10,2,DOS,1,Rate,0.006905440072989637,0.012708767963024415,0.005803327890034778,0.005803327890034778,20,17
10,2,DOS,1,fin_flag_number,0.00039203358329903426,0.00017944206730191183,-0.00021259151599712243,0.00021259151599712243,25,26
10,2,DOS,1,syn_flag_number,0.21201121603747458,0.120444392841931,-0.09156682319554359,0.09156682319554359,4,4
10,2,DOS,1,rst_flag_number,0.00032605624942089786,0.0003518782922376868,2.5822042816788958e-05,2.5822042816788958e-05,26,25
10,2,DOS,1,psh_flag_number,0.005978550180968255,0.0013356592730225274,-0.0046428909079457275,0.0046428909079457275,21,23
10,2,DOS,1,ack_flag_number,0.04550164531845322,0.03983419279108427,-0.0056674525273689505,0.0056674525273689505,9,12
10,2,DOS,1,ece_flag_number,0.0,0.0,0.0,0.0,33,31
10,2,DOS,1,cwr_flag_number,0.0,0.0,0.0,0.0,34,32
10,2,DOS,1,ack_count,0.030970217026303596,0.030627623931370487,-0.00034259309493310866,0.00034259309493310866,13,14
10,2,DOS,1,syn_count,0.1677430748456364,0.19214588371956595,0.024402808873929566,0.024402808873929566,6,3
10,2,DOS,1,fin_count,0.0831188752738946,0.052109983825312324,-0.031008891448582272,0.031008891448582272,8,8
10,2,DOS,1,rst_count,0.03998412306223732,0.06257663332232201,0.022592510260084686,0.022592510260084686,10,7
10,2,DOS,1,HTTP,0.0006112227378101788,0.0018843883590154268,0.001273165621205248,0.001273165621205248,24,22
10,2,DOS,1,HTTPS,0.0011030928603446668,0.0039491514337595115,0.0028460585734148445,0.0028460585734148445,23,20
10,2,DOS,1,DNS,2.661100976840534e-05,1.769625807012326e-05,-8.91475169828208e-06,8.91475169828208e-06,28,29
10,2,DOS,1,Telnet,0.0,0.0,0.0,0.0,35,33
10,2,DOS,1,SMTP,0.0,0.0,0.0,0.0,36,34
10,2,DOS,1,SSH,0.0,0.0,0.0,0.0,37,35
10,2,DOS,1,IRC,0.0,0.0,0.0,0.0,38,36
10,2,DOS,1,TCP,0.01915833237216997,0.01911825283905644,-4.007953311352744e-05,4.007953311352744e-05,17,16
10,2,DOS,1,UDP,0.12421464460233961,0.0448868828799127,-0.0793277617224269,0.0793277617224269,7,9
10,2,DOS,1,DHCP,2.7596318125987178e-08,0.0,-2.7596318125987178e-08,2.7596318125987178e-08,32,37
10,2,DOS,1,ARP,1.0376607681826402e-05,3.7120649783765026e-05,2.6744042101938625e-05,2.6744042101938625e-05,30,28
10,2,DOS,1,ICMP,0.015056237487386073,0.0009811205324637628,-0.01407511695492231,0.01407511695492231,18,24
10,2,DOS,1,IGMP,0.0,0.0,0.0,0.0,39,38
10,2,DOS,1,IPv,3.876588335646741e-06,1.4195176328017792e-05,1.031858799237105e-05,1.031858799237105e-05,31,30
10,2,DOS,1,LLC,1.0857588421933543e-05,3.779042562800885e-05,2.6932837206075312e-05,2.6932837206075312e-05,29,27
10,2,DOS,1,Tot sum,0.5912058205350628,0.49977272862164307,-0.0914330919134197,0.0914330919134197,1,2
10,2,DOS,1,Min,0.029376324098651405,0.003419037595249809,-0.025957286503401598,0.025957286503401598,15,21
10,2,DOS,1,Max,0.02422852814783785,0.04282939056732909,0.01860086241949124,0.01860086241949124,16,10
10,2,DOS,1,AVG,0.40181460759846804,0.04168738258526925,-0.36012722501319877,0.36012722501319877,3,11
10,2,DOS,1,Std,0.029741337236296746,0.07458672535146386,0.04484538811516712,0.04484538811516712,14,6
10,2,DOS,1,Tot size,0.5886052316994407,0.08410417877649108,-0.5045010529229496,0.5045010529229496,2,5
10,2,DOS,1,IAT,0.0033450696517173736,0.012512298931487552,0.009167229279770178,0.009167229279770178,22,18
10,2,DOS,1,Number,0.0002149308389985956,0.0,-0.0002149308389985956,0.0002149308389985956,27,39
10,2,DOS,1,Variance,0.1923317827603081,0.8178143008118528,0.6254825180515446,0.6254825180515446,5,1
10,3,DOS,1,Header_Length,0.03150894051216524,0.04277678342712675,0.01126784291496151,0.01126784291496151,12,11
10,3,DOS,1,Protocol Type,0.012830875595120582,0.011423923690686151,-0.0014069519044344302,0.0014069519044344302,19,19
10,3,DOS,1,Time_To_Live,0.03657911971874436,0.015082414019392443,-0.02149670569935192,0.02149670569935192,11,17
10,3,DOS,1,Rate,0.006905440072989637,0.007952852100438512,0.001047412027448875,0.001047412027448875,20,22
10,3,DOS,1,fin_flag_number,0.00039203358329903426,0.001129460687418169,0.0007374271041191347,0.0007374271041191347,25,24
10,3,DOS,1,syn_flag_number,0.21201121603747458,0.12308552633705125,-0.08892568970042333,0.08892568970042333,4,7
10,3,DOS,1,rst_flag_number,0.00032605624942089786,0.0007126279376539706,0.00038657168823307274,0.00038657168823307274,26,25
10,3,DOS,1,psh_flag_number,0.005978550180968255,0.009672062135387629,0.0036935119544193734,0.0036935119544193734,21,20
10,3,DOS,1,ack_flag_number,0.04550164531845322,0.05613490151578125,0.01063325619732803,0.01063325619732803,9,10
10,3,DOS,1,ece_flag_number,0.0,0.0,0.0,0.0,33,31
10,3,DOS,1,cwr_flag_number,0.0,0.0,0.0,0.0,34,32
10,3,DOS,1,ack_count,0.030970217026303596,0.040714160263950055,0.00974394323764646,0.00974394323764646,13,12
10,3,DOS,1,syn_count,0.1677430748456364,0.08836359264150932,-0.07937948220412706,0.07937948220412706,6,8
10,3,DOS,1,fin_count,0.0831188752738946,0.23994526478370853,0.15682638950981392,0.15682638950981392,8,4
10,3,DOS,1,rst_count,0.03998412306223732,0.08179685232305925,0.041812729260821926,0.041812729260821926,10,9
10,3,DOS,1,HTTP,0.0006112227378101788,0.0006467803205736083,3.55575827634295e-05,3.55575827634295e-05,24,26
10,3,DOS,1,HTTPS,0.0011030928603446668,0.002309782798176238,0.0012066899378315712,0.0012066899378315712,23,23
10,3,DOS,1,DNS,2.661100976840534e-05,6.6491593416195364e-06,-1.9961850426785803e-05,1.9961850426785803e-05,28,29
10,3,DOS,1,Telnet,0.0,0.0,0.0,0.0,35,33
10,3,DOS,1,SMTP,0.0,0.0,0.0,0.0,36,34
10,3,DOS,1,SSH,0.0,0.0,0.0,0.0,37,35
10,3,DOS,1,IRC,0.0,0.0,0.0,0.0,38,36
10,3,DOS,1,TCP,0.01915833237216997,0.022092888718083382,0.002934556345913414,0.002934556345913414,17,16
10,3,DOS,1,UDP,0.12421464460233961,0.16694417464525538,0.04272953004291577,0.04272953004291577,7,5
10,3,DOS,1,DHCP,2.7596318125987178e-08,0.0,-2.7596318125987178e-08,2.7596318125987178e-08,32,37
10,3,DOS,1,ARP,1.0376607681826402e-05,1.141451181859627e-05,1.0379041367698678e-06,1.0379041367698678e-06,30,27
10,3,DOS,1,ICMP,0.015056237487386073,0.028271539643938665,0.013215302156552592,0.013215302156552592,18,15
10,3,DOS,1,IGMP,0.0,0.0,0.0,0.0,39,38
10,3,DOS,1,IPv,3.876588335646741e-06,3.8032670482064676e-06,-7.332128744027336e-08,7.332128744027336e-08,31,30
10,3,DOS,1,LLC,1.0857588421933543e-05,8.637822129726637e-06,-2.219766292206906e-06,2.219766292206906e-06,29,28
10,3,DOS,1,Tot sum,0.5912058205350628,0.713538599564751,0.1223327790296882,0.1223327790296882,1,1
10,3,DOS,1,Min,0.029376324098651405,0.014214733774729399,-0.015161590323922006,0.015161590323922006,15,18
10,3,DOS,1,Max,0.02422852814783785,0.03949155011183345,0.015263021963995604,0.015263021963995604,16,14
10,3,DOS,1,AVG,0.40181460759846804,0.5379644856725263,0.13614987807405826,0.13614987807405826,3,2
10,3,DOS,1,Std,0.029741337236296746,0.04023290125192041,0.010491564015623664,0.010491564015623664,14,13
10,3,DOS,1,Tot size,0.5886052316994407,0.24061052288645718,-0.3479947088129835,0.3479947088129835,2,3
10,3,DOS,1,IAT,0.0033450696517173736,0.008309816261939232,0.004964746610221858,0.004964746610221858,22,21
10,3,DOS,1,Number,0.0002149308389985956,0.0,-0.0002149308389985956,0.0002149308389985956,27,39
10,3,DOS,1,Variance,0.1923317827603081,0.12873528228677528,-0.06359650047353282,0.06359650047353282,5,6
10,4,DOS,0,Header_Length,0.03150894051216524,0.0,-0.03150894051216524,0.03150894051216524,12,1
10,4,DOS,0,Protocol Type,0.012830875595120582,0.0,-0.012830875595120582,0.012830875595120582,19,2
10,4,DOS,0,Time_To_Live,0.03657911971874436,0.0,-0.03657911971874436,0.03657911971874436,11,3
10,4,DOS,0,Rate,0.006905440072989637,0.0,-0.006905440072989637,0.006905440072989637,20,4
10,4,DOS,0,fin_flag_number,0.00039203358329903426,0.0,-0.00039203358329903426,0.00039203358329903426,25,5
10,4,DOS,0,syn_flag_number,0.21201121603747458,0.0,-0.21201121603747458,0.21201121603747458,4,6
10,4,DOS,0,rst_flag_number,0.00032605624942089786,0.0,-0.00032605624942089786,0.00032605624942089786,26,7
10,4,DOS,0,psh_flag_number,0.005978550180968255,0.0,-0.005978550180968255,0.005978550180968255,21,8
10,4,DOS,0,ack_flag_number,0.04550164531845322,0.0,-0.04550164531845322,0.04550164531845322,9,9
10,4,DOS,0,ece_flag_number,0.0,0.0,0.0,0.0,33,10
10,4,DOS,0,cwr_flag_number,0.0,0.0,0.0,0.0,34,11
10,4,DOS,0,ack_count,0.030970217026303596,0.0,-0.030970217026303596,0.030970217026303596,13,12
10,4,DOS,0,syn_count,0.1677430748456364,0.0,-0.1677430748456364,0.1677430748456364,6,13
10,4,DOS,0,fin_count,0.0831188752738946,0.0,-0.0831188752738946,0.0831188752738946,8,14
10,4,DOS,0,rst_count,0.03998412306223732,0.0,-0.03998412306223732,0.03998412306223732,10,15
10,4,DOS,0,HTTP,0.0006112227378101788,0.0,-0.0006112227378101788,0.0006112227378101788,24,16
10,4,DOS,0,HTTPS,0.0011030928603446668,0.0,-0.0011030928603446668,0.0011030928603446668,23,17
10,4,DOS,0,DNS,2.661100976840534e-05,0.0,-2.661100976840534e-05,2.661100976840534e-05,28,18
10,4,DOS,0,Telnet,0.0,0.0,0.0,0.0,35,19
10,4,DOS,0,SMTP,0.0,0.0,0.0,0.0,36,20
10,4,DOS,0,SSH,0.0,0.0,0.0,0.0,37,21
10,4,DOS,0,IRC,0.0,0.0,0.0,0.0,38,22
10,4,DOS,0,TCP,0.01915833237216997,0.0,-0.01915833237216997,0.01915833237216997,17,23
10,4,DOS,0,UDP,0.12421464460233961,0.0,-0.12421464460233961,0.12421464460233961,7,24
10,4,DOS,0,DHCP,2.7596318125987178e-08,0.0,-2.7596318125987178e-08,2.7596318125987178e-08,32,25
10,4,DOS,0,ARP,1.0376607681826402e-05,0.0,-1.0376607681826402e-05,1.0376607681826402e-05,30,26
10,4,DOS,0,ICMP,0.015056237487386073,0.0,-0.015056237487386073,0.015056237487386073,18,27
10,4,DOS,0,IGMP,0.0,0.0,0.0,0.0,39,28
10,4,DOS,0,IPv,3.876588335646741e-06,0.0,-3.876588335646741e-06,3.876588335646741e-06,31,29
10,4,DOS,0,LLC,1.0857588421933543e-05,0.0,-1.0857588421933543e-05,1.0857588421933543e-05,29,30
10,4,DOS,0,Tot sum,0.5912058205350628,0.0,-0.5912058205350628,0.5912058205350628,1,31
10,4,DOS,0,Min,0.029376324098651405,0.0,-0.029376324098651405,0.029376324098651405,15,32
10,4,DOS,0,Max,0.02422852814783785,0.0,-0.02422852814783785,0.02422852814783785,16,33
10,4,DOS,0,AVG,0.40181460759846804,0.0,-0.40181460759846804,0.40181460759846804,3,34
10,4,DOS,0,Std,0.029741337236296746,0.0,-0.029741337236296746,0.029741337236296746,14,35
10,4,DOS,0,Tot size,0.5886052316994407,0.0,-0.5886052316994407,0.5886052316994407,2,36
10,4,DOS,0,IAT,0.0033450696517173736,0.0,-0.0033450696517173736,0.0033450696517173736,22,37
10,4,DOS,0,Number,0.0002149308389985956,0.0,-0.0002149308389985956,0.0002149308389985956,27,38
10,4,DOS,0,Variance,0.1923317827603081,0.0,-0.1923317827603081,0.1923317827603081,5,39
10,5,DOS,0,Header_Length,0.03150894051216524,0.0,-0.03150894051216524,0.03150894051216524,12,1
10,5,DOS,0,Protocol Type,0.012830875595120582,0.0,-0.012830875595120582,0.012830875595120582,19,2
10,5,DOS,0,Time_To_Live,0.03657911971874436,0.0,-0.03657911971874436,0.03657911971874436,11,3
10,5,DOS,0,Rate,0.006905440072989637,0.0,-0.006905440072989637,0.006905440072989637,20,4
10,5,DOS,0,fin_flag_number,0.00039203358329903426,0.0,-0.00039203358329903426,0.00039203358329903426,25,5
10,5,DOS,0,syn_flag_number,0.21201121603747458,0.0,-0.21201121603747458,0.21201121603747458,4,6
10,5,DOS,0,rst_flag_number,0.00032605624942089786,0.0,-0.00032605624942089786,0.00032605624942089786,26,7
10,5,DOS,0,psh_flag_number,0.005978550180968255,0.0,-0.005978550180968255,0.005978550180968255,21,8
10,5,DOS,0,ack_flag_number,0.04550164531845322,0.0,-0.04550164531845322,0.04550164531845322,9,9
10,5,DOS,0,ece_flag_number,0.0,0.0,0.0,0.0,33,10
10,5,DOS,0,cwr_flag_number,0.0,0.0,0.0,0.0,34,11
10,5,DOS,0,ack_count,0.030970217026303596,0.0,-0.030970217026303596,0.030970217026303596,13,12
10,5,DOS,0,syn_count,0.1677430748456364,0.0,-0.1677430748456364,0.1677430748456364,6,13
10,5,DOS,0,fin_count,0.0831188752738946,0.0,-0.0831188752738946,0.0831188752738946,8,14
10,5,DOS,0,rst_count,0.03998412306223732,0.0,-0.03998412306223732,0.03998412306223732,10,15
10,5,DOS,0,HTTP,0.0006112227378101788,0.0,-0.0006112227378101788,0.0006112227378101788,24,16
10,5,DOS,0,HTTPS,0.0011030928603446668,0.0,-0.0011030928603446668,0.0011030928603446668,23,17
10,5,DOS,0,DNS,2.661100976840534e-05,0.0,-2.661100976840534e-05,2.661100976840534e-05,28,18
10,5,DOS,0,Telnet,0.0,0.0,0.0,0.0,35,19
10,5,DOS,0,SMTP,0.0,0.0,0.0,0.0,36,20
10,5,DOS,0,SSH,0.0,0.0,0.0,0.0,37,21
10,5,DOS,0,IRC,0.0,0.0,0.0,0.0,38,22
10,5,DOS,0,TCP,0.01915833237216997,0.0,-0.01915833237216997,0.01915833237216997,17,23
10,5,DOS,0,UDP,0.12421464460233961,0.0,-0.12421464460233961,0.12421464460233961,7,24
10,5,DOS,0,DHCP,2.7596318125987178e-08,0.0,-2.7596318125987178e-08,2.7596318125987178e-08,32,25
10,5,DOS,0,ARP,1.0376607681826402e-05,0.0,-1.0376607681826402e-05,1.0376607681826402e-05,30,26
10,5,DOS,0,ICMP,0.015056237487386073,0.0,-0.015056237487386073,0.015056237487386073,18,27
10,5,DOS,0,IGMP,0.0,0.0,0.0,0.0,39,28
10,5,DOS,0,IPv,3.876588335646741e-06,0.0,-3.876588335646741e-06,3.876588335646741e-06,31,29
10,5,DOS,0,LLC,1.0857588421933543e-05,0.0,-1.0857588421933543e-05,1.0857588421933543e-05,29,30
10,5,DOS,0,Tot sum,0.5912058205350628,0.0,-0.5912058205350628,0.5912058205350628,1,31
10,5,DOS,0,Min,0.029376324098651405,0.0,-0.029376324098651405,0.029376324098651405,15,32
10,5,DOS,0,Max,0.02422852814783785,0.0,-0.02422852814783785,0.02422852814783785,16,33
10,5,DOS,0,AVG,0.40181460759846804,0.0,-0.40181460759846804,0.40181460759846804,3,34
10,5,DOS,0,Std,0.029741337236296746,0.0,-0.029741337236296746,0.029741337236296746,14,35
10,5,DOS,0,Tot size,0.5886052316994407,0.0,-0.5886052316994407,0.5886052316994407,2,36
10,5,DOS,0,IAT,0.0033450696517173736,0.0,-0.0033450696517173736,0.0033450696517173736,22,37
10,5,DOS,0,Number,0.0002149308389985956,0.0,-0.0002149308389985956,0.0002149308389985956,27,38
10,5,DOS,0,Variance,0.1923317827603081,0.0,-0.1923317827603081,0.1923317827603081,5,39
10,1,MIRAI,1,Header_Length,0.0001342641101155636,0.00013782851477253208,3.564404656968478e-06,3.564404656968478e-06,17,18
10,1,MIRAI,1,Protocol Type,0.00015354063581837196,4.008710012862125e-05,-0.00011345353568975071,0.00011345353568975071,15,20
10,1,MIRAI,1,Time_To_Live,2.660582096788599e-05,0.0003569199133546282,0.0003303140923867422,0.0003303140923867422,20,16
10,1,MIRAI,1,Rate,1.1609417105044724e-05,1.0985150195981292e-05,-6.24266909063432e-07,6.24266909063432e-07,24,25
10,1,MIRAI,1,fin_flag_number,1.362628846212382e-05,1.6662746552835834e-05,3.036458090712015e-06,3.036458090712015e-06,22,22
10,1,MIRAI,1,syn_flag_number,0.0037746806711293217,0.0033768491009949853,-0.0003978315701343364,0.0003978315701343364,8,9
10,1,MIRAI,1,rst_flag_number,1.1710361753134431e-05,1.6442192797134766e-05,4.731831044000335e-06,4.731831044000335e-06,23,23
10,1,MIRAI,1,psh_flag_number,1.5991263433109097e-05,1.449017830313536e-05,-1.5010851299737369e-06,1.5010851299737369e-06,21,24
10,1,MIRAI,1,ack_flag_number,0.0001651571399120442,0.0006381006731156971,0.00047294353320365297,0.00047294353320365297,14,15
10,1,MIRAI,1,ece_flag_number,0.0,0.0,0.0,0.0,33,33
10,1,MIRAI,1,cwr_flag_number,0.0,0.0,0.0,0.0,34,34
10,1,MIRAI,1,ack_count,0.0013705558640931608,0.0006791074670255827,-0.0006914483970675781,0.0006914483970675781,11,14
10,1,MIRAI,1,syn_count,0.003704799004952789,0.0030601487421981575,-0.0006446502627546315,0.0006446502627546315,9,10
10,1,MIRAI,1,fin_count,0.0010619362319798874,0.0010667277262064012,4.791494226513747e-06,4.791494226513747e-06,12,13
10,1,MIRAI,1,rst_count,0.0009004392034560841,0.0013554880570197216,0.0004550488535636375,0.0004550488535636375,13,12
10,1,MIRAI,1,HTTP,7.796177621806804e-06,4.995100278287081e-06,-2.801077343519723e-06,2.801077343519723e-06,26,26
10,1,MIRAI,1,HTTPS,4.7089082475303513e-07,4.5861917845564326e-07,-1.227164629739187e-08,1.227164629739187e-08,27,27
10,1,MIRAI,1,DNS,1.54531417620533e-07,6.411480115294515e-08,-9.041661646758785e-08,9.041661646758785e-08,28,31
10,1,MIRAI,1,Telnet,0.0,0.0,0.0,0.0,35,35
10,1,MIRAI,1,SMTP,0.0,0.0,0.0,0.0,36,36
10,1,MIRAI,1,SSH,0.0,0.0,0.0,0.0,37,37
10,1,MIRAI,1,IRC,0.0,0.0,0.0,0.0,38,38
10,1,MIRAI,1,TCP,4.440713872685477e-05,3.4885596498660086e-05,-9.521542228194683e-06,9.521542228194683e-06,19,21
10,1,MIRAI,1,UDP,0.0036876665604364967,0.004706338287509628,0.0010186717270731314,0.0010186717270731314,10,8
10,1,MIRAI,1,DHCP,2.597900447437378e-09,4.979962805432843e-10,-2.0999041668940935e-09,2.0999041668940935e-09,32,32
10,1,MIRAI,1,ARP,1.4939228575943724e-07,9.434978835430743e-08,-5.504249740512981e-08,5.504249740512981e-08,29,30
10,1,MIRAI,1,ICMP,5.071825835428503e-05,0.0001296008979738175,7.888263961953245e-05,7.888263961953245e-05,18,19
10,1,MIRAI,1,IGMP,0.0,0.0,0.0,0.0,39,39
10,1,MIRAI,1,IPv,1.3894470400907955e-07,1.4753149125438833e-07,8.58678724530878e-09,8.58678724530878e-09,31,28
10,1,MIRAI,1,LLC,1.4635389193470707e-07,1.3873452605011558e-07,-7.619365884591484e-09,7.619365884591484e-09,30,29
10,1,MIRAI,1,Tot sum,0.7259868367122939,0.7375427599333244,0.011555923221030495,0.011555923221030495,1,1
10,1,MIRAI,1,Min,0.020095516984477913,0.011513481452418007,-0.008582035532059907,0.008582035532059907,7,7
10,1,MIRAI,1,Max,0.02894678998879422,0.03162851179517229,0.0026817218063780665,0.0026817218063780665,5,5
10,1,MIRAI,1,AVG,0.529494707632374,0.5462361040747457,0.016741396442371603,0.016741396442371603,2,2
10,1,MIRAI,1,Std,0.020236406705730153,0.031055653399271434,0.010819246693541281,0.010819246693541281,6,6
10,1,MIRAI,1,Tot size,0.43463052440336364,0.3769108157204441,-0.057719708682919535,0.057719708682919535,3,3
10,1,MIRAI,1,IAT,0.00014999987894211142,0.0002903875442782172,0.00014038766533610577,0.00014038766533610577,16,17
10,1,MIRAI,1,Number,7.88895625665653e-06,0.0014434799519278617,0.0014355909956712052,0.0014355909956712052,25,11
10,1,MIRAI,1,Variance,0.044475039429986075,0.11596792883772165,0.07149288940773557,0.07149288940773557,4,4
10,2,MIRAI,0,Header_Length,0.0001342641101155636,0.0,-0.0001342641101155636,0.0001342641101155636,17,1
10,2,MIRAI,0,Protocol Type,0.00015354063581837196,0.0,-0.00015354063581837196,0.00015354063581837196,15,2
10,2,MIRAI,0,Time_To_Live,2.660582096788599e-05,0.0,-2.660582096788599e-05,2.660582096788599e-05,20,3
10,2,MIRAI,0,Rate,1.1609417105044724e-05,0.0,-1.1609417105044724e-05,1.1609417105044724e-05,24,4
10,2,MIRAI,0,fin_flag_number,1.362628846212382e-05,0.0,-1.362628846212382e-05,1.362628846212382e-05,22,5
10,2,MIRAI,0,syn_flag_number,0.0037746806711293217,0.0,-0.0037746806711293217,0.0037746806711293217,8,6
10,2,MIRAI,0,rst_flag_number,1.1710361753134431e-05,0.0,-1.1710361753134431e-05,1.1710361753134431e-05,23,7
10,2,MIRAI,0,psh_flag_number,1.5991263433109097e-05,0.0,-1.5991263433109097e-05,1.5991263433109097e-05,21,8
10,2,MIRAI,0,ack_flag_number,0.0001651571399120442,0.0,-0.0001651571399120442,0.0001651571399120442,14,9
10,2,MIRAI,0,ece_flag_number,0.0,0.0,0.0,0.0,33,10
10,2,MIRAI,0,cwr_flag_number,0.0,0.0,0.0,0.0,34,11
10,2,MIRAI,0,ack_count,0.0013705558640931608,0.0,-0.0013705558640931608,0.0013705558640931608,11,12
10,2,MIRAI,0,syn_count,0.003704799004952789,0.0,-0.003704799004952789,0.003704799004952789,9,13
10,2,MIRAI,0,fin_count,0.0010619362319798874,0.0,-0.0010619362319798874,0.0010619362319798874,12,14
10,2,MIRAI,0,rst_count,0.0009004392034560841,0.0,-0.0009004392034560841,0.0009004392034560841,13,15
10,2,MIRAI,0,HTTP,7.796177621806804e-06,0.0,-7.796177621806804e-06,7.796177621806804e-06,26,16
10,2,MIRAI,0,HTTPS,4.7089082475303513e-07,0.0,-4.7089082475303513e-07,4.7089082475303513e-07,27,17
10,2,MIRAI,0,DNS,1.54531417620533e-07,0.0,-1.54531417620533e-07,1.54531417620533e-07,28,18
10,2,MIRAI,0,Telnet,0.0,0.0,0.0,0.0,35,19
10,2,MIRAI,0,SMTP,0.0,0.0,0.0,0.0,36,20
10,2,MIRAI,0,SSH,0.0,0.0,0.0,0.0,37,21
10,2,MIRAI,0,IRC,0.0,0.0,0.0,0.0,38,22
10,2,MIRAI,0,TCP,4.440713872685477e-05,0.0,-4.440713872685477e-05,4.440713872685477e-05,19,23
10,2,MIRAI,0,UDP,0.0036876665604364967,0.0,-0.0036876665604364967,0.0036876665604364967,10,24
10,2,MIRAI,0,DHCP,2.597900447437378e-09,0.0,-2.597900447437378e-09,2.597900447437378e-09,32,25
10,2,MIRAI,0,ARP,1.4939228575943724e-07,0.0,-1.4939228575943724e-07,1.4939228575943724e-07,29,26
10,2,MIRAI,0,ICMP,5.071825835428503e-05,0.0,-5.071825835428503e-05,5.071825835428503e-05,18,27
10,2,MIRAI,0,IGMP,0.0,0.0,0.0,0.0,39,28
10,2,MIRAI,0,IPv,1.3894470400907955e-07,0.0,-1.3894470400907955e-07,1.3894470400907955e-07,31,29
10,2,MIRAI,0,LLC,1.4635389193470707e-07,0.0,-1.4635389193470707e-07,1.4635389193470707e-07,30,30
10,2,MIRAI,0,Tot sum,0.7259868367122939,0.0,-0.7259868367122939,0.7259868367122939,1,31
10,2,MIRAI,0,Min,0.020095516984477913,0.0,-0.020095516984477913,0.020095516984477913,7,32
10,2,MIRAI,0,Max,0.02894678998879422,0.0,-0.02894678998879422,0.02894678998879422,5,33
10,2,MIRAI,0,AVG,0.529494707632374,0.0,-0.529494707632374,0.529494707632374,2,34
10,2,MIRAI,0,Std,0.020236406705730153,0.0,-0.020236406705730153,0.020236406705730153,6,35
10,2,MIRAI,0,Tot size,0.43463052440336364,0.0,-0.43463052440336364,0.43463052440336364,3,36
10,2,MIRAI,0,IAT,0.00014999987894211142,0.0,-0.00014999987894211142,0.00014999987894211142,16,37
10,2,MIRAI,0,Number,7.88895625665653e-06,0.0,-7.88895625665653e-06,7.88895625665653e-06,25,38
10,2,MIRAI,0,Variance,0.044475039429986075,0.0,-0.044475039429986075,0.044475039429986075,4,39
10,3,MIRAI,1,Header_Length,0.0001342641101155636,0.00012847261459932063,-5.791495516242973e-06,5.791495516242973e-06,17,16
10,3,MIRAI,1,Protocol Type,0.00015354063581837196,7.798666726005112e-05,-7.555396855832084e-05,7.555396855832084e-05,15,18
10,3,MIRAI,1,Time_To_Live,2.660582096788599e-05,8.37550168363818e-05,5.714919586849581e-05,5.714919586849581e-05,20,17
10,3,MIRAI,1,Rate,1.1609417105044724e-05,3.551651969666265e-05,2.3907102591617923e-05,2.3907102591617923e-05,24,22
10,3,MIRAI,1,fin_flag_number,1.362628846212382e-05,2.014132447526624e-05,6.515036013142422e-06,6.515036013142422e-06,22,24
10,3,MIRAI,1,syn_flag_number,0.0037746806711293217,0.0033602116536159085,-0.00041446901751341324,0.00041446901751341324,8,9
10,3,MIRAI,1,rst_flag_number,1.1710361753134431e-05,1.7981678176292917e-05,6.271316423158486e-06,6.271316423158486e-06,23,25
10,3,MIRAI,1,psh_flag_number,1.5991263433109097e-05,4.150517611031221e-05,2.551391267720311e-05,2.551391267720311e-05,21,21
10,3,MIRAI,1,ack_flag_number,0.0001651571399120442,0.0007955974118807659,0.0006304402719687218,0.0006304402719687218,14,14
10,3,MIRAI,1,ece_flag_number,0.0,0.0,0.0,0.0,33,33
10,3,MIRAI,1,cwr_flag_number,0.0,0.0,0.0,0.0,34,34
10,3,MIRAI,1,ack_count,0.0013705558640931608,0.0027000891196050742,0.0013295332555119134,0.0013295332555119134,11,11
10,3,MIRAI,1,syn_count,0.003704799004952789,0.003140160824419351,-0.0005646381805334381,0.0005646381805334381,9,10
10,3,MIRAI,1,fin_count,0.0010619362319798874,0.0017571372912916444,0.000695201059311757,0.000695201059311757,12,13
10,3,MIRAI,1,rst_count,0.0009004392034560841,0.001775763511271098,0.000875324307815014,0.000875324307815014,13,12
10,3,MIRAI,1,HTTP,7.796177621806804e-06,3.611614657557465e-08,-7.760061475231229e-06,7.760061475231229e-06,26,31
10,3,MIRAI,1,HTTPS,4.7089082475303513e-07,1.0471595882045789e-07,-3.6617486593257726e-07,3.6617486593257726e-07,27,30
10,3,MIRAI,1,DNS,1.54531417620533e-07,1.3769457391678145e-07,-1.6836843703751547e-08,1.6836843703751547e-08,28,28
10,3,MIRAI,1,Telnet,0.0,0.0,0.0,0.0,35,35
10,3,MIRAI,1,SMTP,0.0,0.0,0.0,0.0,36,36
10,3,MIRAI,1,SSH,0.0,0.0,0.0,0.0,37,37
10,3,MIRAI,1,IRC,0.0,0.0,0.0,0.0,38,38
10,3,MIRAI,1,TCP,4.440713872685477e-05,5.6444821662968774e-05,1.2037682936114005e-05,1.2037682936114005e-05,19,20
10,3,MIRAI,1,UDP,0.0036876665604364967,0.004396651980661354,0.0007089854202248572,0.0007089854202248572,10,8
10,3,MIRAI,1,DHCP,2.597900447437378e-09,1.1238777775771146e-08,8.640877328333768e-09,8.640877328333768e-09,32,32
10,3,MIRAI,1,ARP,1.4939228575943724e-07,1.2916313055274517e-07,-2.0229155206692075e-08,2.0229155206692075e-08,29,29
10,3,MIRAI,1,ICMP,5.071825835428503e-05,7.612803266811915e-05,2.5409774313834114e-05,2.5409774313834114e-05,18,19
10,3,MIRAI,1,IGMP,0.0,0.0,0.0,0.0,39,39
10,3,MIRAI,1,IPv,1.3894470400907955e-07,2.0059109316988428e-07,6.164638916080473e-08,6.164638916080473e-08,31,26
10,3,MIRAI,1,LLC,1.4635389193470707e-07,1.5642305233279313e-07,1.0069160398086063e-08,1.0069160398086063e-08,30,27
10,3,MIRAI,1,Tot sum,0.7259868367122939,0.6826589986944549,-0.043327838017839015,0.043327838017839015,1,1
10,3,MIRAI,1,Min,0.020095516984477913,0.016094216578029945,-0.004001300406447968,0.004001300406447968,7,7
10,3,MIRAI,1,Max,0.02894678998879422,0.03688283966913905,0.00793604968034483,0.00793604968034483,5,6
10,3,MIRAI,1,AVG,0.529494707632374,0.5963981042329545,0.06690339660058042,0.06690339660058042,2,2
10,3,MIRAI,1,Std,0.020236406705730153,0.036944234371088173,0.01670782766535802,0.01670782766535802,6,5
10,3,MIRAI,1,Tot size,0.43463052440336364,0.4040345548620109,-0.03059596954135274,0.03059596954135274,3,3
10,3,MIRAI,1,IAT,0.00014999987894211142,0.00015184987672834304,1.849997786231624e-06,1.849997786231624e-06,16,15
10,3,MIRAI,1,Number,7.88895625665653e-06,2.10067555595339e-05,1.311779930287737e-05,1.311779930287737e-05,25,23
10,3,MIRAI,1,Variance,0.044475039429986075,0.10955872773202793,0.06508368830204186,0.06508368830204186,4,4
10,4,MIRAI,0,Header_Length,0.0001342641101155636,0.0,-0.0001342641101155636,0.0001342641101155636,17,1
10,4,MIRAI,0,Protocol Type,0.00015354063581837196,0.0,-0.00015354063581837196,0.00015354063581837196,15,2
10,4,MIRAI,0,Time_To_Live,2.660582096788599e-05,0.0,-2.660582096788599e-05,2.660582096788599e-05,20,3
10,4,MIRAI,0,Rate,1.1609417105044724e-05,0.0,-1.1609417105044724e-05,1.1609417105044724e-05,24,4
10,4,MIRAI,0,fin_flag_number,1.362628846212382e-05,0.0,-1.362628846212382e-05,1.362628846212382e-05,22,5
10,4,MIRAI,0,syn_flag_number,0.0037746806711293217,0.0,-0.0037746806711293217,0.0037746806711293217,8,6
10,4,MIRAI,0,rst_flag_number,1.1710361753134431e-05,0.0,-1.1710361753134431e-05,1.1710361753134431e-05,23,7
10,4,MIRAI,0,psh_flag_number,1.5991263433109097e-05,0.0,-1.5991263433109097e-05,1.5991263433109097e-05,21,8
10,4,MIRAI,0,ack_flag_number,0.0001651571399120442,0.0,-0.0001651571399120442,0.0001651571399120442,14,9
10,4,MIRAI,0,ece_flag_number,0.0,0.0,0.0,0.0,33,10
10,4,MIRAI,0,cwr_flag_number,0.0,0.0,0.0,0.0,34,11
10,4,MIRAI,0,ack_count,0.0013705558640931608,0.0,-0.0013705558640931608,0.0013705558640931608,11,12
10,4,MIRAI,0,syn_count,0.003704799004952789,0.0,-0.003704799004952789,0.003704799004952789,9,13
10,4,MIRAI,0,fin_count,0.0010619362319798874,0.0,-0.0010619362319798874,0.0010619362319798874,12,14
10,4,MIRAI,0,rst_count,0.0009004392034560841,0.0,-0.0009004392034560841,0.0009004392034560841,13,15
10,4,MIRAI,0,HTTP,7.796177621806804e-06,0.0,-7.796177621806804e-06,7.796177621806804e-06,26,16
10,4,MIRAI,0,HTTPS,4.7089082475303513e-07,0.0,-4.7089082475303513e-07,4.7089082475303513e-07,27,17
10,4,MIRAI,0,DNS,1.54531417620533e-07,0.0,-1.54531417620533e-07,1.54531417620533e-07,28,18
10,4,MIRAI,0,Telnet,0.0,0.0,0.0,0.0,35,19
10,4,MIRAI,0,SMTP,0.0,0.0,0.0,0.0,36,20
10,4,MIRAI,0,SSH,0.0,0.0,0.0,0.0,37,21
10,4,MIRAI,0,IRC,0.0,0.0,0.0,0.0,38,22
10,4,MIRAI,0,TCP,4.440713872685477e-05,0.0,-4.440713872685477e-05,4.440713872685477e-05,19,23
10,4,MIRAI,0,UDP,0.0036876665604364967,0.0,-0.0036876665604364967,0.0036876665604364967,10,24
10,4,MIRAI,0,DHCP,2.597900447437378e-09,0.0,-2.597900447437378e-09,2.597900447437378e-09,32,25
10,4,MIRAI,0,ARP,1.4939228575943724e-07,0.0,-1.4939228575943724e-07,1.4939228575943724e-07,29,26
10,4,MIRAI,0,ICMP,5.071825835428503e-05,0.0,-5.071825835428503e-05,5.071825835428503e-05,18,27
10,4,MIRAI,0,IGMP,0.0,0.0,0.0,0.0,39,28
10,4,MIRAI,0,IPv,1.3894470400907955e-07,0.0,-1.3894470400907955e-07,1.3894470400907955e-07,31,29
10,4,MIRAI,0,LLC,1.4635389193470707e-07,0.0,-1.4635389193470707e-07,1.4635389193470707e-07,30,30
10,4,MIRAI,0,Tot sum,0.7259868367122939,0.0,-0.7259868367122939,0.7259868367122939,1,31
10,4,MIRAI,0,Min,0.020095516984477913,0.0,-0.020095516984477913,0.020095516984477913,7,32
10,4,MIRAI,0,Max,0.02894678998879422,0.0,-0.02894678998879422,0.02894678998879422,5,33
10,4,MIRAI,0,AVG,0.529494707632374,0.0,-0.529494707632374,0.529494707632374,2,34
10,4,MIRAI,0,Std,0.020236406705730153,0.0,-0.020236406705730153,0.020236406705730153,6,35
10,4,MIRAI,0,Tot size,0.43463052440336364,0.0,-0.43463052440336364,0.43463052440336364,3,36
10,4,MIRAI,0,IAT,0.00014999987894211142,0.0,-0.00014999987894211142,0.00014999987894211142,16,37
10,4,MIRAI,0,Number,7.88895625665653e-06,0.0,-7.88895625665653e-06,7.88895625665653e-06,25,38
10,4,MIRAI,0,Variance,0.044475039429986075,0.0,-0.044475039429986075,0.044475039429986075,4,39
10,5,MIRAI,0,Header_Length,0.0001342641101155636,0.0,-0.0001342641101155636,0.0001342641101155636,17,1
10,5,MIRAI,0,Protocol Type,0.00015354063581837196,0.0,-0.00015354063581837196,0.00015354063581837196,15,2
10,5,MIRAI,0,Time_To_Live,2.660582096788599e-05,0.0,-2.660582096788599e-05,2.660582096788599e-05,20,3
10,5,MIRAI,0,Rate,1.1609417105044724e-05,0.0,-1.1609417105044724e-05,1.1609417105044724e-05,24,4
10,5,MIRAI,0,fin_flag_number,1.362628846212382e-05,0.0,-1.362628846212382e-05,1.362628846212382e-05,22,5
10,5,MIRAI,0,syn_flag_number,0.0037746806711293217,0.0,-0.0037746806711293217,0.0037746806711293217,8,6
10,5,MIRAI,0,rst_flag_number,1.1710361753134431e-05,0.0,-1.1710361753134431e-05,1.1710361753134431e-05,23,7
10,5,MIRAI,0,psh_flag_number,1.5991263433109097e-05,0.0,-1.5991263433109097e-05,1.5991263433109097e-05,21,8
10,5,MIRAI,0,ack_flag_number,0.0001651571399120442,0.0,-0.0001651571399120442,0.0001651571399120442,14,9
10,5,MIRAI,0,ece_flag_number,0.0,0.0,0.0,0.0,33,10
10,5,MIRAI,0,cwr_flag_number,0.0,0.0,0.0,0.0,34,11
10,5,MIRAI,0,ack_count,0.0013705558640931608,0.0,-0.0013705558640931608,0.0013705558640931608,11,12
10,5,MIRAI,0,syn_count,0.003704799004952789,0.0,-0.003704799004952789,0.003704799004952789,9,13
10,5,MIRAI,0,fin_count,0.0010619362319798874,0.0,-0.0010619362319798874,0.0010619362319798874,12,14
10,5,MIRAI,0,rst_count,0.0009004392034560841,0.0,-0.0009004392034560841,0.0009004392034560841,13,15
10,5,MIRAI,0,HTTP,7.796177621806804e-06,0.0,-7.796177621806804e-06,7.796177621806804e-06,26,16
10,5,MIRAI,0,HTTPS,4.7089082475303513e-07,0.0,-4.7089082475303513e-07,4.7089082475303513e-07,27,17
10,5,MIRAI,0,DNS,1.54531417620533e-07,0.0,-1.54531417620533e-07,1.54531417620533e-07,28,18
10,5,MIRAI,0,Telnet,0.0,0.0,0.0,0.0,35,19
10,5,MIRAI,0,SMTP,0.0,0.0,0.0,0.0,36,20
10,5,MIRAI,0,SSH,0.0,0.0,0.0,0.0,37,21
10,5,MIRAI,0,IRC,0.0,0.0,0.0,0.0,38,22
10,5,MIRAI,0,TCP,4.440713872685477e-05,0.0,-4.440713872685477e-05,4.440713872685477e-05,19,23
10,5,MIRAI,0,UDP,0.0036876665604364967,0.0,-0.0036876665604364967,0.0036876665604364967,10,24
10,5,MIRAI,0,DHCP,2.597900447437378e-09,0.0,-2.597900447437378e-09,2.597900447437378e-09,32,25
10,5,MIRAI,0,ARP,1.4939228575943724e-07,0.0,-1.4939228575943724e-07,1.4939228575943724e-07,29,26
10,5,MIRAI,0,ICMP,5.071825835428503e-05,0.0,-5.071825835428503e-05,5.071825835428503e-05,18,27
10,5,MIRAI,0,IGMP,0.0,0.0,0.0,0.0,39,28
10,5,MIRAI,0,IPv,1.3894470400907955e-07,0.0,-1.3894470400907955e-07,1.3894470400907955e-07,31,29
10,5,MIRAI,0,LLC,1.4635389193470707e-07,0.0,-1.4635389193470707e-07,1.4635389193470707e-07,30,30
10,5,MIRAI,0,Tot sum,0.7259868367122939,0.0,-0.7259868367122939,0.7259868367122939,1,31
10,5,MIRAI,0,Min,0.020095516984477913,0.0,-0.020095516984477913,0.020095516984477913,7,32
10,5,MIRAI,0,Max,0.02894678998879422,0.0,-0.02894678998879422,0.02894678998879422,5,33
10,5,MIRAI,0,AVG,0.529494707632374,0.0,-0.529494707632374,0.529494707632374,2,34
10,5,MIRAI,0,Std,0.020236406705730153,0.0,-0.020236406705730153,0.020236406705730153,6,35
10,5,MIRAI,0,Tot size,0.43463052440336364,0.0,-0.43463052440336364,0.43463052440336364,3,36
10,5,MIRAI,0,IAT,0.00014999987894211142,0.0,-0.00014999987894211142,0.00014999987894211142,16,37
10,5,MIRAI,0,Number,7.88895625665653e-06,0.0,-7.88895625665653e-06,7.88895625665653e-06,25,38
10,5,MIRAI,0,Variance,0.044475039429986075,0.0,-0.044475039429986075,0.044475039429986075,4,39
10,1,RECON,1,Header_Length,0.0012058350521077644,0.0008628544620437516,-0.00034298059006401284,0.00034298059006401284,18,18
10,1,RECON,1,Protocol Type,0.00015180647065958256,5.963399215320228e-05,-9.217247850638028e-05,9.217247850638028e-05,22,25
10,1,RECON,1,Time_To_Live,0.042259033758227746,0.023711986495561273,-0.018547047262666472,0.018547047262666472,10,10
10,1,RECON,1,Rate,0.0002720473355907359,0.00023640791967404062,-3.563941591669528e-05,3.563941591669528e-05,21,19
10,1,RECON,1,fin_flag_number,7.114429024607844e-05,6.407081772622335e-05,-7.07347251985509e-06,7.07347251985509e-06,25,24
10,1,RECON,1,syn_flag_number,0.010869117129506516,0.05944853191499541,0.0485794147854889,0.0485794147854889,12,7
10,1,RECON,1,rst_flag_number,0.00012392490612782124,0.00013149061199726865,7.565705869447406e-06,7.565705869447406e-06,23,21
10,1,RECON,1,psh_flag_number,8.959161592464224e-05,0.0001560625898939801,6.647097396933786e-05,6.647097396933786e-05,24,20
10,1,RECON,1,ack_flag_number,0.04717869516424743,0.02083459577439293,-0.0263440993898545,0.0263440993898545,9,12
10,1,RECON,1,ece_flag_number,0.0,0.0,0.0,0.0,33,34
10,1,RECON,1,cwr_flag_number,0.0,0.0,0.0,0.0,34,35
10,1,RECON,1,ack_count,0.005584350278291069,0.001897429073336725,-0.003686921204954344,0.003686921204954344,15,16
10,1,RECON,1,syn_count,0.01670226907797771,0.022792549009607442,0.006090279931629732,0.006090279931629732,11,11
10,1,RECON,1,fin_count,0.007429415921792382,0.00554935598619421,-0.0018800599355981717,0.0018800599355981717,14,14
10,1,RECON,1,rst_count,0.004762035615489321,0.004411174065863967,-0.00035086154962535396,0.00035086154962535396,16,15
10,1,RECON,1,HTTP,6.89978445668801e-05,4.7334867467942575e-05,-2.1662977098937524e-05,2.1662977098937524e-05,26,26
10,1,RECON,1,HTTPS,6.373275498096203e-05,3.3857086137906125e-05,-2.9875668843055906e-05,2.9875668843055906e-05,27,27
10,1,RECON,1,DNS,9.072272867081063e-06,4.8784093438433054e-06,-4.193863523237758e-06,4.193863523237758e-06,31,31
10,1,RECON,1,Telnet,0.0,0.0,0.0,0.0,35,36
10,1,RECON,1,SMTP,0.0,0.0,0.0,0.0,36,37
10,1,RECON,1,SSH,0.0,1.0602141170451013e-05,1.0602141170451013e-05,1.0602141170451013e-05,37,29
10,1,RECON,1,IRC,0.0,0.0,0.0,0.0,38,38
10,1,RECON,1,TCP,0.00028544451482142495,9.160821203925975e-05,-0.0001938363027821652,0.0001938363027821652,20,22
10,1,RECON,1,UDP,0.010794045234974485,0.006235031068009836,-0.004559014166964649,0.004559014166964649,13,13
10,1,RECON,1,DHCP,1.3556061661066903e-06,8.401375356258434e-07,-5.154686304808468e-07,5.154686304808468e-07,32,33
10,1,RECON,1,ARP,1.0129942651186312e-05,4.964163333299766e-06,-5.165779317886545e-06,5.165779317886545e-06,30,30
10,1,RECON,1,ICMP,0.00034131124535377794,6.591432690842423e-05,-0.0002753969184453537,0.0002753969184453537,19,23
10,1,RECON,1,IGMP,0.0,0.0,0.0,0.0,39,39
10,1,RECON,1,IPv,1.8111965245495867e-05,4.444188832945931e-06,-1.3667776412549937e-05,1.3667776412549937e-05,28,32
10,1,RECON,1,LLC,1.79429483223848e-05,1.8877482358030297e-05,9.345340356454967e-07,9.345340356454967e-07,29,28
10,1,RECON,1,Tot sum,0.5001715645410203,0.543696030974058,0.043524466433037756,0.043524466433037756,2,2
10,1,RECON,1,Min,0.002912118296425855,0.0013301271482721935,-0.0015819911481536617,0.0015819911481536617,17,17
10,1,RECON,1,Max,0.07253468714341965,0.025148771563704733,-0.047385915579714916,0.047385915579714916,7,9
10,1,RECON,1,AVG,0.3346624778986666,0.10977702819324692,-0.22488544970541968,0.22488544970541968,3,5
10,1,RECON,1,Std,0.3192714430453671,0.11357080877524228,-0.2057006342701248,0.2057006342701248,4,4
10,1,RECON,1,Tot size,0.2627494563357612,0.09757225387484347,-0.16517720246091772,0.16517720246091772,6,6
10,1,RECON,1,IAT,0.28404209591504426,0.6479399882875228,0.3638978923724785,0.3638978923724785,5,1
10,1,RECON,1,Number,0.05861772863083032,0.05147770058111438,-0.007140028049715939,0.007140028049715939,8,8
10,1,RECON,1,Variance,0.6106030409872986,0.49160042887408767,-0.11900261211321089,0.11900261211321089,1,3
10,2,RECON,0,Header_Length,0.0012058350521077644,0.0,-0.0012058350521077644,0.0012058350521077644,18,1
10,2,RECON,0,Protocol Type,0.00015180647065958256,0.0,-0.00015180647065958256,0.00015180647065958256,22,2
10,2,RECON,0,Time_To_Live,0.042259033758227746,0.0,-0.042259033758227746,0.042259033758227746,10,3
10,2,RECON,0,Rate,0.0002720473355907359,0.0,-0.0002720473355907359,0.0002720473355907359,21,4
10,2,RECON,0,fin_flag_number,7.114429024607844e-05,0.0,-7.114429024607844e-05,7.114429024607844e-05,25,5
10,2,RECON,0,syn_flag_number,0.010869117129506516,0.0,-0.010869117129506516,0.010869117129506516,12,6
10,2,RECON,0,rst_flag_number,0.00012392490612782124,0.0,-0.00012392490612782124,0.00012392490612782124,23,7
10,2,RECON,0,psh_flag_number,8.959161592464224e-05,0.0,-8.959161592464224e-05,8.959161592464224e-05,24,8
10,2,RECON,0,ack_flag_number,0.04717869516424743,0.0,-0.04717869516424743,0.04717869516424743,9,9
10,2,RECON,0,ece_flag_number,0.0,0.0,0.0,0.0,33,10
10,2,RECON,0,cwr_flag_number,0.0,0.0,0.0,0.0,34,11
10,2,RECON,0,ack_count,0.005584350278291069,0.0,-0.005584350278291069,0.005584350278291069,15,12
10,2,RECON,0,syn_count,0.01670226907797771,0.0,-0.01670226907797771,0.01670226907797771,11,13
10,2,RECON,0,fin_count,0.007429415921792382,0.0,-0.007429415921792382,0.007429415921792382,14,14
10,2,RECON,0,rst_count,0.004762035615489321,0.0,-0.004762035615489321,0.004762035615489321,16,15
10,2,RECON,0,HTTP,6.89978445668801e-05,0.0,-6.89978445668801e-05,6.89978445668801e-05,26,16
10,2,RECON,0,HTTPS,6.373275498096203e-05,0.0,-6.373275498096203e-05,6.373275498096203e-05,27,17
10,2,RECON,0,DNS,9.072272867081063e-06,0.0,-9.072272867081063e-06,9.072272867081063e-06,31,18
10,2,RECON,0,Telnet,0.0,0.0,0.0,0.0,35,19
10,2,RECON,0,SMTP,0.0,0.0,0.0,0.0,36,20
10,2,RECON,0,SSH,0.0,0.0,0.0,0.0,37,21
10,2,RECON,0,IRC,0.0,0.0,0.0,0.0,38,22
10,2,RECON,0,TCP,0.00028544451482142495,0.0,-0.00028544451482142495,0.00028544451482142495,20,23
10,2,RECON,0,UDP,0.010794045234974485,0.0,-0.010794045234974485,0.010794045234974485,13,24
10,2,RECON,0,DHCP,1.3556061661066903e-06,0.0,-1.3556061661066903e-06,1.3556061661066903e-06,32,25
10,2,RECON,0,ARP,1.0129942651186312e-05,0.0,-1.0129942651186312e-05,1.0129942651186312e-05,30,26
10,2,RECON,0,ICMP,0.00034131124535377794,0.0,-0.00034131124535377794,0.00034131124535377794,19,27
10,2,RECON,0,IGMP,0.0,0.0,0.0,0.0,39,28
10,2,RECON,0,IPv,1.8111965245495867e-05,0.0,-1.8111965245495867e-05,1.8111965245495867e-05,28,29
10,2,RECON,0,LLC,1.79429483223848e-05,0.0,-1.79429483223848e-05,1.79429483223848e-05,29,30
10,2,RECON,0,Tot sum,0.5001715645410203,0.0,-0.5001715645410203,0.5001715645410203,2,31
10,2,RECON,0,Min,0.002912118296425855,0.0,-0.002912118296425855,0.002912118296425855,17,32
10,2,RECON,0,Max,0.07253468714341965,0.0,-0.07253468714341965,0.07253468714341965,7,33
10,2,RECON,0,AVG,0.3346624778986666,0.0,-0.3346624778986666,0.3346624778986666,3,34
10,2,RECON,0,Std,0.3192714430453671,0.0,-0.3192714430453671,0.3192714430453671,4,35
10,2,RECON,0,Tot size,0.2627494563357612,0.0,-0.2627494563357612,0.2627494563357612,6,36
10,2,RECON,0,IAT,0.28404209591504426,0.0,-0.28404209591504426,0.28404209591504426,5,37
10,2,RECON,0,Number,0.05861772863083032,0.0,-0.05861772863083032,0.05861772863083032,8,38
10,2,RECON,0,Variance,0.6106030409872986,0.0,-0.6106030409872986,0.6106030409872986,1,39
10,3,RECON,0,Header_Length,0.0012058350521077644,0.0,-0.0012058350521077644,0.0012058350521077644,18,1
10,3,RECON,0,Protocol Type,0.00015180647065958256,0.0,-0.00015180647065958256,0.00015180647065958256,22,2
10,3,RECON,0,Time_To_Live,0.042259033758227746,0.0,-0.042259033758227746,0.042259033758227746,10,3
10,3,RECON,0,Rate,0.0002720473355907359,0.0,-0.0002720473355907359,0.0002720473355907359,21,4
10,3,RECON,0,fin_flag_number,7.114429024607844e-05,0.0,-7.114429024607844e-05,7.114429024607844e-05,25,5
10,3,RECON,0,syn_flag_number,0.010869117129506516,0.0,-0.010869117129506516,0.010869117129506516,12,6
10,3,RECON,0,rst_flag_number,0.00012392490612782124,0.0,-0.00012392490612782124,0.00012392490612782124,23,7
10,3,RECON,0,psh_flag_number,8.959161592464224e-05,0.0,-8.959161592464224e-05,8.959161592464224e-05,24,8
10,3,RECON,0,ack_flag_number,0.04717869516424743,0.0,-0.04717869516424743,0.04717869516424743,9,9
10,3,RECON,0,ece_flag_number,0.0,0.0,0.0,0.0,33,10
10,3,RECON,0,cwr_flag_number,0.0,0.0,0.0,0.0,34,11
10,3,RECON,0,ack_count,0.005584350278291069,0.0,-0.005584350278291069,0.005584350278291069,15,12
10,3,RECON,0,syn_count,0.01670226907797771,0.0,-0.01670226907797771,0.01670226907797771,11,13
10,3,RECON,0,fin_count,0.007429415921792382,0.0,-0.007429415921792382,0.007429415921792382,14,14
10,3,RECON,0,rst_count,0.004762035615489321,0.0,-0.004762035615489321,0.004762035615489321,16,15
10,3,RECON,0,HTTP,6.89978445668801e-05,0.0,-6.89978445668801e-05,6.89978445668801e-05,26,16
10,3,RECON,0,HTTPS,6.373275498096203e-05,0.0,-6.373275498096203e-05,6.373275498096203e-05,27,17
10,3,RECON,0,DNS,9.072272867081063e-06,0.0,-9.072272867081063e-06,9.072272867081063e-06,31,18
10,3,RECON,0,Telnet,0.0,0.0,0.0,0.0,35,19
10,3,RECON,0,SMTP,0.0,0.0,0.0,0.0,36,20
10,3,RECON,0,SSH,0.0,0.0,0.0,0.0,37,21
10,3,RECON,0,IRC,0.0,0.0,0.0,0.0,38,22
10,3,RECON,0,TCP,0.00028544451482142495,0.0,-0.00028544451482142495,0.00028544451482142495,20,23
10,3,RECON,0,UDP,0.010794045234974485,0.0,-0.010794045234974485,0.010794045234974485,13,24
10,3,RECON,0,DHCP,1.3556061661066903e-06,0.0,-1.3556061661066903e-06,1.3556061661066903e-06,32,25
10,3,RECON,0,ARP,1.0129942651186312e-05,0.0,-1.0129942651186312e-05,1.0129942651186312e-05,30,26
10,3,RECON,0,ICMP,0.00034131124535377794,0.0,-0.00034131124535377794,0.00034131124535377794,19,27
10,3,RECON,0,IGMP,0.0,0.0,0.0,0.0,39,28
10,3,RECON,0,IPv,1.8111965245495867e-05,0.0,-1.8111965245495867e-05,1.8111965245495867e-05,28,29
10,3,RECON,0,LLC,1.79429483223848e-05,0.0,-1.79429483223848e-05,1.79429483223848e-05,29,30
10,3,RECON,0,Tot sum,0.5001715645410203,0.0,-0.5001715645410203,0.5001715645410203,2,31
10,3,RECON,0,Min,0.002912118296425855,0.0,-0.002912118296425855,0.002912118296425855,17,32
10,3,RECON,0,Max,0.07253468714341965,0.0,-0.07253468714341965,0.07253468714341965,7,33
10,3,RECON,0,AVG,0.3346624778986666,0.0,-0.3346624778986666,0.3346624778986666,3,34
10,3,RECON,0,Std,0.3192714430453671,0.0,-0.3192714430453671,0.3192714430453671,4,35
10,3,RECON,0,Tot size,0.2627494563357612,0.0,-0.2627494563357612,0.2627494563357612,6,36
10,3,RECON,0,IAT,0.28404209591504426,0.0,-0.28404209591504426,0.28404209591504426,5,37
10,3,RECON,0,Number,0.05861772863083032,0.0,-0.05861772863083032,0.05861772863083032,8,38
10,3,RECON,0,Variance,0.6106030409872986,0.0,-0.6106030409872986,0.6106030409872986,1,39
10,4,RECON,1,Header_Length,0.0012058350521077644,0.0009520836745822618,-0.0002537513775255026,0.0002537513775255026,18,18
10,4,RECON,1,Protocol Type,0.00015180647065958256,8.338322288890092e-05,-6.842324777068164e-05,6.842324777068164e-05,22,26
10,4,RECON,1,Time_To_Live,0.042259033758227746,0.03086869342771615,-0.011390340330511596,0.011390340330511596,10,10
10,4,RECON,1,Rate,0.0002720473355907359,0.0004720169027319624,0.0001999695671412265,0.0001999695671412265,21,19
10,4,RECON,1,fin_flag_number,7.114429024607844e-05,9.338875913151972e-05,2.2244468885441283e-05,2.2244468885441283e-05,25,25
10,4,RECON,1,syn_flag_number,0.010869117129506516,0.01672123089674547,0.005852113767238954,0.005852113767238954,12,11
10,4,RECON,1,rst_flag_number,0.00012392490612782124,0.00010506566384562934,-1.88592422821919e-05,1.88592422821919e-05,23,24
10,4,RECON,1,psh_flag_number,8.959161592464224e-05,0.00015767150329104912,6.807988736640689e-05,6.807988736640689e-05,24,23
10,4,RECON,1,ack_flag_number,0.04717869516424743,0.04362194972554705,-0.0035567454387003747,0.0035567454387003747,9,9
10,4,RECON,1,ece_flag_number,0.0,0.0,0.0,0.0,33,33
10,4,RECON,1,cwr_flag_number,0.0,0.0,0.0,0.0,34,34
10,4,RECON,1,ack_count,0.005584350278291069,0.00856972942969104,0.0029853791513999705,0.0029853791513999705,15,15
10,4,RECON,1,syn_count,0.01670226907797771,0.01516739610862996,-0.0015348729693477493,0.0015348729693477493,11,12
10,4,RECON,1,fin_count,0.007429415921792382,0.011420141352820568,0.003990725431028186,0.003990725431028186,14,14
10,4,RECON,1,rst_count,0.004762035615489321,0.004130050952537404,-0.0006319846629519177,0.0006319846629519177,16,16
10,4,RECON,1,HTTP,6.89978445668801e-05,0.00017820845760041206,0.00010921061303353196,0.00010921061303353196,26,22
10,4,RECON,1,HTTPS,6.373275498096203e-05,3.2619597199848906e-05,-3.1113157781113124e-05,3.1113157781113124e-05,27,27
10,4,RECON,1,DNS,9.072272867081063e-06,1.3835608197822865e-05,4.763335330741802e-06,4.763335330741802e-06,31,29
10,4,RECON,1,Telnet,0.0,0.0,0.0,0.0,35,35
10,4,RECON,1,SMTP,0.0,0.0,0.0,0.0,36,36
10,4,RECON,1,SSH,0.0,0.0,0.0,0.0,37,37
10,4,RECON,1,IRC,0.0,0.0,0.0,0.0,38,38
10,4,RECON,1,TCP,0.00028544451482142495,0.00030401905454161216,1.8574539720187205e-05,1.8574539720187205e-05,20,21
10,4,RECON,1,UDP,0.010794045234974485,0.013530044027000658,0.0027359987920261737,0.0027359987920261737,13,13
10,4,RECON,1,DHCP,1.3556061661066903e-06,0.0,-1.3556061661066903e-06,1.3556061661066903e-06,32,39
10,4,RECON,1,ARP,1.0129942651186312e-05,2.5791080948857322e-05,1.566113829767101e-05,1.566113829767101e-05,30,28
10,4,RECON,1,ICMP,0.00034131124535377794,0.000466361729344497,0.00012505048399071906,0.00012505048399071906,19,20
10,4,RECON,1,IGMP,0.0,5.518077222300246e-08,5.518077222300246e-08,5.518077222300246e-08,39,32
10,4,RECON,1,IPv,1.8111965245495867e-05,8.193018130429838e-06,-9.918947115066029e-06,9.918947115066029e-06,28,31
10,4,RECON,1,LLC,1.79429483223848e-05,8.780956076888483e-06,-9.161992245496318e-06,9.161992245496318e-06,29,30
10,4,RECON,1,Tot sum,0.5001715645410203,0.7277960241563345,0.2276244596153142,0.2276244596153142,2,1
10,4,RECON,1,Min,0.002912118296425855,0.0010655159111848556,-0.0018466023852409996,0.0018466023852409996,17,17
10,4,RECON,1,Max,0.07253468714341965,0.05282295950057937,-0.01971172764284028,0.01971172764284028,7,8
10,4,RECON,1,AVG,0.3346624778986666,0.25875249480157236,-0.07590998309709424,0.07590998309709424,3,3
10,4,RECON,1,Std,0.3192714430453671,0.216464606098411,-0.10280683694695608,0.10280683694695608,4,4
10,4,RECON,1,Tot size,0.2627494563357612,0.20071646459466902,-0.06203299174109217,0.06203299174109217,6,5
10,4,RECON,1,IAT,0.28404209591504426,0.08937923412337165,-0.1946628617916726,0.1946628617916726,5,6
10,4,RECON,1,Number,0.05861772863083032,0.07015533375748362,0.011537605126653298,0.011537605126653298,8,7
10,4,RECON,1,Variance,0.6106030409872986,0.5447415405481415,-0.06586150043915706,0.06586150043915706,1,2
10,5,RECON,1,Header_Length,0.0012058350521077644,0.0019111961059063132,0.0007053610537985488,0.0007053610537985488,18,18
10,5,RECON,1,Protocol Type,0.00015180647065958256,0.0002890836839572318,0.00013727721329764926,0.00013727721329764926,22,22
10,5,RECON,1,Time_To_Live,0.042259033758227746,0.024619392747036596,-0.01763964101119115,0.01763964101119115,10,13
10,5,RECON,1,Rate,0.0002720473355907359,0.0012413537601370596,0.0009693064245463237,0.0009693064245463237,21,19
10,5,RECON,1,fin_flag_number,7.114429024607844e-05,0.0001536640527055053,8.251976245942685e-05,8.251976245942685e-05,25,24
10,5,RECON,1,syn_flag_number,0.010869117129506516,0.0331657762236122,0.022296659094105685,0.022296659094105685,12,10
10,5,RECON,1,rst_flag_number,0.00012392490612782124,6.844895760442899e-05,-5.5475948523392256e-05,5.5475948523392256e-05,23,25
10,5,RECON,1,psh_flag_number,8.959161592464224e-05,0.00018727956004147415,9.768794411683192e-05,9.768794411683192e-05,24,23
10,5,RECON,1,ack_flag_number,0.04717869516424743,0.04792335035223721,0.0007446551879897803,0.0007446551879897803,9,8
10,5,RECON,1,ece_flag_number,0.0,0.0,0.0,0.0,33,33
10,5,RECON,1,cwr_flag_number,0.0,0.0,0.0,0.0,34,34
10,5,RECON,1,ack_count,0.005584350278291069,0.01744709712872073,0.011862746850429661,0.011862746850429661,15,15
10,5,RECON,1,syn_count,0.01670226907797771,0.027298166181081,0.01059589710310329,0.01059589710310329,11,12
10,5,RECON,1,fin_count,0.007429415921792382,0.01983306384785956,0.012403647926067176,0.012403647926067176,14,14
10,5,RECON,1,rst_count,0.004762035615489321,0.009654080859189668,0.004892045243700347,0.004892045243700347,16,16
10,5,RECON,1,HTTP,6.89978445668801e-05,2.8895296013783076e-05,-4.010254855309702e-05,4.010254855309702e-05,26,27
10,5,RECON,1,HTTPS,6.373275498096203e-05,4.834662909592808e-05,-1.538612588503395e-05,1.538612588503395e-05,27,26
10,5,RECON,1,DNS,9.072272867081063e-06,1.3461784518455145e-05,4.389511651374082e-06,4.389511651374082e-06,31,28
10,5,RECON,1,Telnet,0.0,0.0,0.0,0.0,35,35
10,5,RECON,1,SMTP,0.0,0.0,0.0,0.0,36,36
10,5,RECON,1,SSH,0.0,0.0,0.0,0.0,37,37
10,5,RECON,1,IRC,0.0,0.0,0.0,0.0,38,38
10,5,RECON,1,TCP,0.00028544451482142495,0.0008555340272498398,0.0005700895124284148,0.0005700895124284148,20,20
10,5,RECON,1,UDP,0.010794045234974485,0.03057509356452958,0.019781048329555094,0.019781048329555094,13,11
10,5,RECON,1,DHCP,1.3556061661066903e-06,4.1221877394161245e-07,-9.433873921650778e-07,9.433873921650778e-07,32,32
10,5,RECON,1,ARP,1.0129942651186312e-05,8.085757447347568e-06,-2.0441852038387435e-06,2.0441852038387435e-06,30,30
10,5,RECON,1,ICMP,0.00034131124535377794,0.0007437092468521531,0.0004023980014983752,0.0004023980014983752,19,21
10,5,RECON,1,IGMP,0.0,0.0,0.0,0.0,39,39
10,5,RECON,1,IPv,1.8111965245495867e-05,8.80028996615713e-06,-9.311675279338738e-06,9.311675279338738e-06,28,29
10,5,RECON,1,LLC,1.79429483223848e-05,3.542621947565253e-06,-1.4400326374819548e-05,1.4400326374819548e-05,29,31
10,5,RECON,1,Tot sum,0.5001715645410203,0.7849339820124673,0.28476241747144704,0.28476241747144704,2,1
10,5,RECON,1,Min,0.002912118296425855,0.002026207575993197,-0.0008859107204326581,0.0008859107204326581,17,17
10,5,RECON,1,Max,0.07253468714341965,0.04307148586295783,-0.029463201280461822,0.029463201280461822,7,9
10,5,RECON,1,AVG,0.3346624778986666,0.17007003681540922,-0.16459244108325738,0.16459244108325738,3,5
10,5,RECON,1,Std,0.3192714430453671,0.17920022987715953,-0.14007121316820756,0.14007121316820756,4,4
10,5,RECON,1,Tot size,0.2627494563357612,0.1549988383160785,-0.10775061801968269,0.10775061801968269,6,6
10,5,RECON,1,IAT,0.28404209591504426,0.190902513593839,-0.09313958232120526,0.09313958232120526,5,3
10,5,RECON,1,Number,0.05861772863083032,0.06586476401116582,0.007247035380335505,0.007247035380335505,8,7
10,5,RECON,1,Variance,0.6106030409872986,0.49969583746842716,-0.1109072035188714,0.1109072035188714,1,2
10,1,SPOOFING,1,Header_Length,0.0008568530665839058,0.001119352210134887,0.00026249914355098124,0.00026249914355098124,18,19
10,1,SPOOFING,1,Protocol Type,6.9986911990344e-05,3.6372895924885865e-05,-3.361401606545814e-05,3.361401606545814e-05,23,25
10,1,SPOOFING,1,Time_To_Live,0.03717922759222825,0.07047675907593325,0.033297531483705,0.033297531483705,9,6
10,1,SPOOFING,1,Rate,0.0006150394288251835,0.0019004765843663519,0.0012854371555411684,0.0012854371555411684,19,18
10,1,SPOOFING,1,fin_flag_number,3.4857109233381646e-05,9.377155633720259e-05,5.8914447103820945e-05,5.8914447103820945e-05,25,23
10,1,SPOOFING,1,syn_flag_number,0.0104229020598077,0.008850697725983788,-0.0015722043338239119,0.0015722043338239119,13,12
10,1,SPOOFING,1,rst_flag_number,1.611890413960906e-05,1.2062148795596777e-05,-4.056755344012284e-06,4.056755344012284e-06,27,26
10,1,SPOOFING,1,psh_flag_number,0.00012440050986329735,8.51044196826807e-05,-3.929609018061665e-05,3.929609018061665e-05,22,24
10,1,SPOOFING,1,ack_flag_number,0.016826286256821376,0.038498954282274546,0.02167266802545317,0.02167266802545317,11,8
10,1,SPOOFING,1,ece_flag_number,0.0,0.0,0.0,0.0,33,33
10,1,SPOOFING,1,cwr_flag_number,0.0,0.0,0.0,0.0,34,34
10,1,SPOOFING,1,ack_count,0.0014157416894970277,0.003737198324999256,0.0023214566355022285,0.0023214566355022285,17,17
10,1,SPOOFING,1,syn_count,0.011170792214822506,0.008222385611766614,-0.0029484066030558923,0.0029484066030558923,12,14
10,1,SPOOFING,1,fin_count,0.004420269493152549,0.008759656356988124,0.004339386863835575,0.004339386863835575,15,13
10,1,SPOOFING,1,rst_count,0.0025167795535678155,0.004047997269246584,0.001531217715678768,0.001531217715678768,16,16
10,1,SPOOFING,1,HTTP,2.705962930017797e-05,9.532122882352881e-06,-1.752750641782509e-05,1.752750641782509e-05,26,27
10,1,SPOOFING,1,HTTPS,4.055830584228112e-05,0.00012095261507768092,8.03943092353998e-05,8.03943092353998e-05,24,22
10,1,SPOOFING,1,DNS,2.14323736395973e-06,1.092439506165416e-06,-1.050797857794314e-06,1.050797857794314e-06,31,31
10,1,SPOOFING,1,Telnet,0.0,0.0,0.0,0.0,35,35
10,1,SPOOFING,1,SMTP,0.0,0.0,0.0,0.0,36,36
10,1,SPOOFING,1,SSH,0.0,0.0,0.0,0.0,37,37
10,1,SPOOFING,1,IRC,0.0,0.0,0.0,0.0,38,38
10,1,SPOOFING,1,TCP,0.000128646032809073,0.0001698915659406677,4.12455331315947e-05,4.12455331315947e-05,21,20
10,1,SPOOFING,1,UDP,0.0066589136200725565,0.00623718324904555,-0.00042173037102700636,0.00042173037102700636,14,15
10,1,SPOOFING,1,DHCP,3.5526022828627734e-09,1.9023704126248246e-07,1.8668443897961968e-07,1.8668443897961968e-07,32,32
10,1,SPOOFING,1,ARP,5.674945163870286e-06,7.838561074850002e-06,2.1636159109797167e-06,2.1636159109797167e-06,29,29
10,1,SPOOFING,1,ICMP,0.00016530437581562,0.00014035542773892714,-2.494894807669287e-05,2.494894807669287e-05,20,21
10,1,SPOOFING,1,IGMP,0.0,0.0,0.0,0.0,39,39
10,1,SPOOFING,1,IPv,4.107346523913661e-06,2.24258825048526e-06,-1.8647582734284014e-06,1.8647582734284014e-06,30,30
10,1,SPOOFING,1,LLC,8.74159164139235e-06,8.915575507347861e-06,1.7398386595551136e-07,1.7398386595551136e-07,28,28
10,1,SPOOFING,1,Tot sum,0.40685928536485494,0.38920767220145797,-0.017651613163396973,0.017651613163396973,4,4
10,1,SPOOFING,1,Min,0.0627542600964876,0.024190163417956902,-0.038564096678530696,0.038564096678530696,7,11
10,1,SPOOFING,1,Max,0.06089331834201518,0.03554850146464048,-0.0253448168773747,0.0253448168773747,8,10
10,1,SPOOFING,1,AVG,0.4544254333115288,0.4271764331239402,-0.02724900018758858,0.02724900018758858,3,3
10,1,SPOOFING,1,Std,0.23042388363693367,0.13790778653278,-0.09251609710415368,0.09251609710415368,5,5
10,1,SPOOFING,1,Tot size,0.5000611715949127,0.6068283457090443,0.10676717411413161,0.10676717411413161,2,1
10,1,SPOOFING,1,IAT,0.07608038180841294,0.038519538386938265,-0.03756084342147467,0.03756084342147467,6,7
10,1,SPOOFING,1,Number,0.03587590892288998,0.037584393399776934,0.0017084844768869567,0.0017084844768869567,10,9
10,1,SPOOFING,1,Variance,0.5550793328799647,0.5169983215875569,-0.03808101129240782,0.03808101129240782,1,2
10,2,SPOOFING,0,Header_Length,0.0008568530665839058,0.0,-0.0008568530665839058,0.0008568530665839058,18,1
10,2,SPOOFING,0,Protocol Type,6.9986911990344e-05,0.0,-6.9986911990344e-05,6.9986911990344e-05,23,2
10,2,SPOOFING,0,Time_To_Live,0.03717922759222825,0.0,-0.03717922759222825,0.03717922759222825,9,3
10,2,SPOOFING,0,Rate,0.0006150394288251835,0.0,-0.0006150394288251835,0.0006150394288251835,19,4
10,2,SPOOFING,0,fin_flag_number,3.4857109233381646e-05,0.0,-3.4857109233381646e-05,3.4857109233381646e-05,25,5
10,2,SPOOFING,0,syn_flag_number,0.0104229020598077,0.0,-0.0104229020598077,0.0104229020598077,13,6
10,2,SPOOFING,0,rst_flag_number,1.611890413960906e-05,0.0,-1.611890413960906e-05,1.611890413960906e-05,27,7
10,2,SPOOFING,0,psh_flag_number,0.00012440050986329735,0.0,-0.00012440050986329735,0.00012440050986329735,22,8
10,2,SPOOFING,0,ack_flag_number,0.016826286256821376,0.0,-0.016826286256821376,0.016826286256821376,11,9
10,2,SPOOFING,0,ece_flag_number,0.0,0.0,0.0,0.0,33,10
10,2,SPOOFING,0,cwr_flag_number,0.0,0.0,0.0,0.0,34,11
10,2,SPOOFING,0,ack_count,0.0014157416894970277,0.0,-0.0014157416894970277,0.0014157416894970277,17,12
10,2,SPOOFING,0,syn_count,0.011170792214822506,0.0,-0.011170792214822506,0.011170792214822506,12,13
10,2,SPOOFING,0,fin_count,0.004420269493152549,0.0,-0.004420269493152549,0.004420269493152549,15,14
10,2,SPOOFING,0,rst_count,0.0025167795535678155,0.0,-0.0025167795535678155,0.0025167795535678155,16,15
10,2,SPOOFING,0,HTTP,2.705962930017797e-05,0.0,-2.705962930017797e-05,2.705962930017797e-05,26,16
10,2,SPOOFING,0,HTTPS,4.055830584228112e-05,0.0,-4.055830584228112e-05,4.055830584228112e-05,24,17
10,2,SPOOFING,0,DNS,2.14323736395973e-06,0.0,-2.14323736395973e-06,2.14323736395973e-06,31,18
10,2,SPOOFING,0,Telnet,0.0,0.0,0.0,0.0,35,19
10,2,SPOOFING,0,SMTP,0.0,0.0,0.0,0.0,36,20
10,2,SPOOFING,0,SSH,0.0,0.0,0.0,0.0,37,21
10,2,SPOOFING,0,IRC,0.0,0.0,0.0,0.0,38,22
10,2,SPOOFING,0,TCP,0.000128646032809073,0.0,-0.000128646032809073,0.000128646032809073,21,23
10,2,SPOOFING,0,UDP,0.0066589136200725565,0.0,-0.0066589136200725565,0.0066589136200725565,14,24
10,2,SPOOFING,0,DHCP,3.5526022828627734e-09,0.0,-3.5526022828627734e-09,3.5526022828627734e-09,32,25
10,2,SPOOFING,0,ARP,5.674945163870286e-06,0.0,-5.674945163870286e-06,5.674945163870286e-06,29,26
10,2,SPOOFING,0,ICMP,0.00016530437581562,0.0,-0.00016530437581562,0.00016530437581562,20,27
10,2,SPOOFING,0,IGMP,0.0,0.0,0.0,0.0,39,28
10,2,SPOOFING,0,IPv,4.107346523913661e-06,0.0,-4.107346523913661e-06,4.107346523913661e-06,30,29
10,2,SPOOFING,0,LLC,8.74159164139235e-06,0.0,-8.74159164139235e-06,8.74159164139235e-06,28,30
10,2,SPOOFING,0,Tot sum,0.40685928536485494,0.0,-0.40685928536485494,0.40685928536485494,4,31
10,2,SPOOFING,0,Min,0.0627542600964876,0.0,-0.0627542600964876,0.0627542600964876,7,32
10,2,SPOOFING,0,Max,0.06089331834201518,0.0,-0.06089331834201518,0.06089331834201518,8,33
10,2,SPOOFING,0,AVG,0.4544254333115288,0.0,-0.4544254333115288,0.4544254333115288,3,34
10,2,SPOOFING,0,Std,0.23042388363693367,0.0,-0.23042388363693367,0.23042388363693367,5,35
10,2,SPOOFING,0,Tot size,0.5000611715949127,0.0,-0.5000611715949127,0.5000611715949127,2,36
10,2,SPOOFING,0,IAT,0.07608038180841294,0.0,-0.07608038180841294,0.07608038180841294,6,37
10,2,SPOOFING,0,Number,0.03587590892288998,0.0,-0.03587590892288998,0.03587590892288998,10,38
10,2,SPOOFING,0,Variance,0.5550793328799647,0.0,-0.5550793328799647,0.5550793328799647,1,39
10,3,SPOOFING,1,Header_Length,0.0008568530665839058,0.0003615394514598914,-0.0004953136151240144,0.0004953136151240144,18,19
10,3,SPOOFING,1,Protocol Type,6.9986911990344e-05,0.00010578099677453899,3.579408478419498e-05,3.579408478419498e-05,23,22
10,3,SPOOFING,1,Time_To_Live,0.03717922759222825,0.039592275774437746,0.0024130481822094985,0.0024130481822094985,9,7
10,3,SPOOFING,1,Rate,0.0006150394288251835,0.0006004308164204018,-1.4608612404781772e-05,1.4608612404781772e-05,19,18
10,3,SPOOFING,1,fin_flag_number,3.4857109233381646e-05,7.351085597628765e-05,3.8653746742906e-05,3.8653746742906e-05,25,24
10,3,SPOOFING,1,syn_flag_number,0.0104229020598077,0.008525624498203134,-0.001897277561604566,0.001897277561604566,13,14
10,3,SPOOFING,1,rst_flag_number,1.611890413960906e-05,3.6093147081316576e-05,1.9974242941707515e-05,1.9974242941707515e-05,27,26
10,3,SPOOFING,1,psh_flag_number,0.00012440050986329735,0.0001495105161799803,2.5110006316682944e-05,2.5110006316682944e-05,22,20
10,3,SPOOFING,1,ack_flag_number,0.016826286256821376,0.015884621756952655,-0.0009416644998687211,0.0009416644998687211,11,10
10,3,SPOOFING,1,ece_flag_number,0.0,0.0,0.0,0.0,33,32
10,3,SPOOFING,1,cwr_flag_number,0.0,0.0,0.0,0.0,34,33
10,3,SPOOFING,1,ack_count,0.0014157416894970277,0.0030234571753689635,0.0016077154858719358,0.0016077154858719358,17,17
10,3,SPOOFING,1,syn_count,0.011170792214822506,0.008953814127835065,-0.002216978086987441,0.002216978086987441,12,12
10,3,SPOOFING,1,fin_count,0.004420269493152549,0.008530177939622897,0.0041099084464703475,0.0041099084464703475,15,13
10,3,SPOOFING,1,rst_count,0.0025167795535678155,0.006052591596653049,0.003535812043085234,0.003535812043085234,16,15
10,3,SPOOFING,1,HTTP,2.705962930017797e-05,1.7410157981570482e-06,-2.531861350202092e-05,2.531861350202092e-05,26,29
10,3,SPOOFING,1,HTTPS,4.055830584228112e-05,4.201759558074361e-05,1.4592897384624914e-06,1.4592897384624914e-06,24,25
10,3,SPOOFING,1,DNS,2.14323736395973e-06,3.7345108561777956e-06,1.5912734922180656e-06,1.5912734922180656e-06,31,28
10,3,SPOOFING,1,Telnet,0.0,0.0,0.0,0.0,35,34
10,3,SPOOFING,1,SMTP,0.0,0.0,0.0,0.0,36,35
10,3,SPOOFING,1,SSH,0.0,0.0,0.0,0.0,37,36
10,3,SPOOFING,1,IRC,0.0,0.0,0.0,0.0,38,37
10,3,SPOOFING,1,TCP,0.000128646032809073,9.973124389566577e-05,-2.8914788913407232e-05,2.8914788913407232e-05,21,23
10,3,SPOOFING,1,UDP,0.0066589136200725565,0.0050711100258864494,-0.001587803594186107,0.001587803594186107,14,16
10,3,SPOOFING,1,DHCP,3.5526022828627734e-09,0.0,-3.5526022828627734e-09,3.5526022828627734e-09,32,38
10,3,SPOOFING,1,ARP,5.674945163870286e-06,1.3590434834219589e-06,-4.315901680448327e-06,4.315901680448327e-06,29,30
10,3,SPOOFING,1,ICMP,0.00016530437581562,0.00014621990883789958,-1.908446697772043e-05,1.908446697772043e-05,20,21
10,3,SPOOFING,1,IGMP,0.0,0.0,0.0,0.0,39,39
10,3,SPOOFING,1,IPv,4.107346523913661e-06,9.699791709214453e-07,-3.137367352992216e-06,3.137367352992216e-06,30,31
10,3,SPOOFING,1,LLC,8.74159164139235e-06,7.449672272953678e-06,-1.2919193684386718e-06,1.2919193684386718e-06,28,27
10,3,SPOOFING,1,Tot sum,0.40685928536485494,0.7744315767328107,0.3675722913679558,0.3675722913679558,4,1
10,3,SPOOFING,1,Min,0.0627542600964876,0.013045122891453072,-0.04970913720503453,0.04970913720503453,7,11
10,3,SPOOFING,1,Max,0.06089331834201518,0.03369671871383529,-0.027196599628179892,0.027196599628179892,8,8
10,3,SPOOFING,1,AVG,0.4544254333115288,0.32555725068443353,-0.12886818262709526,0.12886818262709526,3,3
10,3,SPOOFING,1,Std,0.23042388363693367,0.1372962096037542,-0.09312767403317948,0.09312767403317948,5,5
10,3,SPOOFING,1,Tot size,0.5000611715949127,0.27101474796420755,-0.22904642363070515,0.22904642363070515,2,4
10,3,SPOOFING,1,IAT,0.07608038180841294,0.10647786883080404,0.030397487022391104,0.030397487022391104,6,6
10,3,SPOOFING,1,Number,0.03587590892288998,0.020696746388713366,-0.015179162534176612,0.015179162534176612,10,9
10,3,SPOOFING,1,Variance,0.5550793328799647,0.4321803839711838,-0.12289894890878089,0.12289894890878089,1,2
10,4,SPOOFING,0,Header_Length,0.0008568530665839058,0.0,-0.0008568530665839058,0.0008568530665839058,18,1
10,4,SPOOFING,0,Protocol Type,6.9986911990344e-05,0.0,-6.9986911990344e-05,6.9986911990344e-05,23,2
10,4,SPOOFING,0,Time_To_Live,0.03717922759222825,0.0,-0.03717922759222825,0.03717922759222825,9,3
10,4,SPOOFING,0,Rate,0.0006150394288251835,0.0,-0.0006150394288251835,0.0006150394288251835,19,4
10,4,SPOOFING,0,fin_flag_number,3.4857109233381646e-05,0.0,-3.4857109233381646e-05,3.4857109233381646e-05,25,5
10,4,SPOOFING,0,syn_flag_number,0.0104229020598077,0.0,-0.0104229020598077,0.0104229020598077,13,6
10,4,SPOOFING,0,rst_flag_number,1.611890413960906e-05,0.0,-1.611890413960906e-05,1.611890413960906e-05,27,7
10,4,SPOOFING,0,psh_flag_number,0.00012440050986329735,0.0,-0.00012440050986329735,0.00012440050986329735,22,8
10,4,SPOOFING,0,ack_flag_number,0.016826286256821376,0.0,-0.016826286256821376,0.016826286256821376,11,9
10,4,SPOOFING,0,ece_flag_number,0.0,0.0,0.0,0.0,33,10
10,4,SPOOFING,0,cwr_flag_number,0.0,0.0,0.0,0.0,34,11
10,4,SPOOFING,0,ack_count,0.0014157416894970277,0.0,-0.0014157416894970277,0.0014157416894970277,17,12
10,4,SPOOFING,0,syn_count,0.011170792214822506,0.0,-0.011170792214822506,0.011170792214822506,12,13
10,4,SPOOFING,0,fin_count,0.004420269493152549,0.0,-0.004420269493152549,0.004420269493152549,15,14
10,4,SPOOFING,0,rst_count,0.0025167795535678155,0.0,-0.0025167795535678155,0.0025167795535678155,16,15
10,4,SPOOFING,0,HTTP,2.705962930017797e-05,0.0,-2.705962930017797e-05,2.705962930017797e-05,26,16
10,4,SPOOFING,0,HTTPS,4.055830584228112e-05,0.0,-4.055830584228112e-05,4.055830584228112e-05,24,17
10,4,SPOOFING,0,DNS,2.14323736395973e-06,0.0,-2.14323736395973e-06,2.14323736395973e-06,31,18
10,4,SPOOFING,0,Telnet,0.0,0.0,0.0,0.0,35,19
10,4,SPOOFING,0,SMTP,0.0,0.0,0.0,0.0,36,20
10,4,SPOOFING,0,SSH,0.0,0.0,0.0,0.0,37,21
10,4,SPOOFING,0,IRC,0.0,0.0,0.0,0.0,38,22
10,4,SPOOFING,0,TCP,0.000128646032809073,0.0,-0.000128646032809073,0.000128646032809073,21,23
10,4,SPOOFING,0,UDP,0.0066589136200725565,0.0,-0.0066589136200725565,0.0066589136200725565,14,24
10,4,SPOOFING,0,DHCP,3.5526022828627734e-09,0.0,-3.5526022828627734e-09,3.5526022828627734e-09,32,25
10,4,SPOOFING,0,ARP,5.674945163870286e-06,0.0,-5.674945163870286e-06,5.674945163870286e-06,29,26
10,4,SPOOFING,0,ICMP,0.00016530437581562,0.0,-0.00016530437581562,0.00016530437581562,20,27
10,4,SPOOFING,0,IGMP,0.0,0.0,0.0,0.0,39,28
10,4,SPOOFING,0,IPv,4.107346523913661e-06,0.0,-4.107346523913661e-06,4.107346523913661e-06,30,29
10,4,SPOOFING,0,LLC,8.74159164139235e-06,0.0,-8.74159164139235e-06,8.74159164139235e-06,28,30
10,4,SPOOFING,0,Tot sum,0.40685928536485494,0.0,-0.40685928536485494,0.40685928536485494,4,31
10,4,SPOOFING,0,Min,0.0627542600964876,0.0,-0.0627542600964876,0.0627542600964876,7,32
10,4,SPOOFING,0,Max,0.06089331834201518,0.0,-0.06089331834201518,0.06089331834201518,8,33
10,4,SPOOFING,0,AVG,0.4544254333115288,0.0,-0.4544254333115288,0.4544254333115288,3,34
10,4,SPOOFING,0,Std,0.23042388363693367,0.0,-0.23042388363693367,0.23042388363693367,5,35
10,4,SPOOFING,0,Tot size,0.5000611715949127,0.0,-0.5000611715949127,0.5000611715949127,2,36
10,4,SPOOFING,0,IAT,0.07608038180841294,0.0,-0.07608038180841294,0.07608038180841294,6,37
10,4,SPOOFING,0,Number,0.03587590892288998,0.0,-0.03587590892288998,0.03587590892288998,10,38
10,4,SPOOFING,0,Variance,0.5550793328799647,0.0,-0.5550793328799647,0.5550793328799647,1,39
10,5,SPOOFING,1,Header_Length,0.0008568530665839058,0.0002900872247888473,-0.0005667658417950585,0.0005667658417950585,18,17
10,5,SPOOFING,1,Protocol Type,6.9986911990344e-05,5.4339273733524586e-05,-1.564763825681942e-05,1.564763825681942e-05,23,22
10,5,SPOOFING,1,Time_To_Live,0.03717922759222825,0.04782062460991488,0.010641397017686634,0.010641397017686634,9,5
10,5,SPOOFING,1,Rate,0.0006150394288251835,5.4630932448159704e-05,-0.0005604084963770239,0.0005604084963770239,19,21
10,5,SPOOFING,1,fin_flag_number,3.4857109233381646e-05,4.2126575518268756e-07,-3.443584347819896e-05,3.443584347819896e-05,25,27
10,5,SPOOFING,1,syn_flag_number,0.0104229020598077,0.0037406662181307232,-0.006682235841676976,0.006682235841676976,13,12
10,5,SPOOFING,1,rst_flag_number,1.611890413960906e-05,1.1280619068793413e-05,-4.838285070815649e-06,4.838285070815649e-06,27,25
10,5,SPOOFING,1,psh_flag_number,0.00012440050986329735,1.139682915420591e-05,-0.00011300368070909145,0.00011300368070909145,22,24
10,5,SPOOFING,1,ack_flag_number,0.016826286256821376,0.01849484453341438,0.0016685582765930025,0.0016685582765930025,11,8
10,5,SPOOFING,1,ece_flag_number,0.0,0.0,0.0,0.0,33,32
10,5,SPOOFING,1,cwr_flag_number,0.0,0.0,0.0,0.0,34,33
10,5,SPOOFING,1,ack_count,0.0014157416894970277,0.0001932091160809722,-0.0012225325734160554,0.0012225325734160554,17,18
10,5,SPOOFING,1,syn_count,0.011170792214822506,0.0011560800319061625,-0.010014712182916344,0.010014712182916344,12,15
10,5,SPOOFING,1,fin_count,0.004420269493152549,0.002198431905283272,-0.002221837587869277,0.002221837587869277,15,13
10,5,SPOOFING,1,rst_count,0.0025167795535678155,0.003873979396122858,0.0013571998425550426,0.0013571998425550426,16,11
10,5,SPOOFING,1,HTTP,2.705962930017797e-05,4.4326793987715716e-07,-2.6616361360300814e-05,2.6616361360300814e-05,26,26
10,5,SPOOFING,1,HTTPS,4.055830584228112e-05,5.739536053207783e-05,1.6837054689796706e-05,1.6837054689796706e-05,24,20
10,5,SPOOFING,1,DNS,2.14323736395973e-06,1.1293071121001888e-08,-2.1319442928387282e-06,2.1319442928387282e-06,31,31
10,5,SPOOFING,1,Telnet,0.0,0.0,0.0,0.0,35,34
10,5,SPOOFING,1,SMTP,0.0,0.0,0.0,0.0,36,35
10,5,SPOOFING,1,SSH,0.0,0.0,0.0,0.0,37,36
10,5,SPOOFING,1,IRC,0.0,0.0,0.0,0.0,38,37
10,5,SPOOFING,1,TCP,0.000128646032809073,9.463670502473806e-05,-3.4009327784334945e-05,3.4009327784334945e-05,21,19
10,5,SPOOFING,1,UDP,0.0066589136200725565,0.004247476549218975,-0.0024114370708535815,0.0024114370708535815,14,10
10,5,SPOOFING,1,DHCP,3.5526022828627734e-09,0.0,-3.5526022828627734e-09,3.5526022828627734e-09,32,38
10,5,SPOOFING,1,ARP,5.674945163870286e-06,1.7143698324976979e-07,-5.503508180620516e-06,5.503508180620516e-06,29,28
10,5,SPOOFING,1,ICMP,0.00016530437581562,1.3324920125987347e-05,-0.00015197945568963268,0.00015197945568963268,20,23
10,5,SPOOFING,1,IGMP,0.0,0.0,0.0,0.0,39,39
10,5,SPOOFING,1,IPv,4.107346523913661e-06,7.862275767012989e-08,-4.028723766243531e-06,4.028723766243531e-06,30,30
10,5,SPOOFING,1,LLC,8.74159164139235e-06,1.5175275936450503e-07,-8.589838882027845e-06,8.589838882027845e-06,28,29
10,5,SPOOFING,1,Tot sum,0.40685928536485494,0.11156762443392315,-0.2952916609309318,0.2952916609309318,4,4
10,5,SPOOFING,1,Min,0.0627542600964876,0.0009969626460426496,-0.061757297450444955,0.061757297450444955,7,16
10,5,SPOOFING,1,Max,0.06089331834201518,0.02269984937106305,-0.03819346897095213,0.03819346897095213,8,7
10,5,SPOOFING,1,AVG,0.4544254333115288,0.031564445881072344,-0.42286098743045647,0.42286098743045647,3,6
10,5,SPOOFING,1,Std,0.23042388363693367,0.21705454597160154,-0.013369337665332132,0.013369337665332132,5,3
10,5,SPOOFING,1,Tot size,0.5000611715949127,0.2709377747838221,-0.22912339681109062,0.22912339681109062,2,2
10,5,SPOOFING,1,IAT,0.07608038180841294,0.001618590773557637,-0.0744617910348553,0.0744617910348553,6,14
10,5,SPOOFING,1,Number,0.03587590892288998,0.012636093376380872,-0.023239815546509106,0.023239815546509106,10,9
10,5,SPOOFING,1,Variance,0.5550793328799647,0.9288033198251396,0.37372398694517495,0.37372398694517495,1,1
10,1,WEB,0,Header_Length,0.0003170259327985837,0.0,-0.0003170259327985837,0.0003170259327985837,18,1
10,1,WEB,0,Protocol Type,0.000135081729308112,0.0,-0.000135081729308112,0.000135081729308112,21,2
10,1,WEB,0,Time_To_Live,0.09763508137906328,0.0,-0.09763508137906328,0.09763508137906328,6,3
10,1,WEB,0,Rate,0.0001880327864921418,0.0,-0.0001880327864921418,0.0001880327864921418,20,4
10,1,WEB,0,fin_flag_number,5.020200898926868e-05,0.0,-5.020200898926868e-05,5.020200898926868e-05,25,5
10,1,WEB,0,syn_flag_number,0.007944776758181634,0.0,-0.007944776758181634,0.007944776758181634,13,6
10,1,WEB,0,rst_flag_number,2.234735272092883e-05,0.0,-2.234735272092883e-05,2.234735272092883e-05,28,7
10,1,WEB,0,psh_flag_number,7.777837982292543e-05,0.0,-7.777837982292543e-05,7.777837982292543e-05,22,8
10,1,WEB,0,ack_flag_number,0.009129931885545967,0.0,-0.009129931885545967,0.009129931885545967,12,9
10,1,WEB,0,ece_flag_number,0.0,0.0,0.0,0.0,34,10
10,1,WEB,0,cwr_flag_number,0.0,0.0,0.0,0.0,35,11
10,1,WEB,0,ack_count,0.0015707684847387682,0.0,-0.0015707684847387682,0.0015707684847387682,17,12
10,1,WEB,0,syn_count,0.010528488710015138,0.0,-0.010528488710015138,0.010528488710015138,11,13
10,1,WEB,0,fin_count,0.0029501619200671915,0.0,-0.0029501619200671915,0.0029501619200671915,16,14
10,1,WEB,0,rst_count,0.0034430331992835327,0.0,-0.0034430331992835327,0.0034430331992835327,15,15
10,1,WEB,0,HTTP,6.434767851866206e-05,0.0,-6.434767851866206e-05,6.434767851866206e-05,24,16
10,1,WEB,0,HTTPS,3.5687733479902905e-05,0.0,-3.5687733479902905e-05,3.5687733479902905e-05,27,17
10,1,WEB,0,DNS,1.4366858900745818e-05,0.0,-1.4366858900745818e-05,1.4366858900745818e-05,30,18
10,1,WEB,0,Telnet,0.0,0.0,0.0,0.0,36,19
10,1,WEB,0,SMTP,0.0,0.0,0.0,0.0,37,20
10,1,WEB,0,SSH,8.891228361437814e-06,0.0,-8.891228361437814e-06,8.891228361437814e-06,32,21
10,1,WEB,0,IRC,0.0,0.0,0.0,0.0,38,22
10,1,WEB,0,TCP,7.091003491115812e-05,0.0,-7.091003491115812e-05,7.091003491115812e-05,23,23
10,1,WEB,0,UDP,0.0038727827811756116,0.0,-0.0038727827811756116,0.0038727827811756116,14,24
10,1,WEB,0,DHCP,1.2387277302580997e-06,0.0,-1.2387277302580997e-06,1.2387277302580997e-06,33,25
10,1,WEB,0,ARP,3.574517196707305e-05,0.0,-3.574517196707305e-05,3.574517196707305e-05,26,26
10,1,WEB,0,ICMP,0.0001946257539461255,0.0,-0.0001946257539461255,0.0001946257539461255,19,27
10,1,WEB,0,IGMP,0.0,0.0,0.0,0.0,39,28
10,1,WEB,0,IPv,1.1841329794726434e-05,0.0,-1.1841329794726434e-05,1.1841329794726434e-05,31,29
10,1,WEB,0,LLC,1.735479025698537e-05,0.0,-1.735479025698537e-05,1.735479025698537e-05,29,30
10,1,WEB,0,Tot sum,0.6150216703187231,0.0,-0.6150216703187231,0.6150216703187231,1,31
10,1,WEB,0,Min,0.0549369466372689,0.0,-0.0549369466372689,0.0549369466372689,8,32
10,1,WEB,0,Max,0.027973289092060517,0.0,-0.027973289092060517,0.027973289092060517,10,33
10,1,WEB,0,AVG,0.21613791878382643,0.0,-0.21613791878382643,0.21613791878382643,5,34
10,1,WEB,0,Std,0.08456503350339206,0.0,-0.08456503350339206,0.08456503350339206,7,35
10,1,WEB,0,Tot size,0.430999701178126,0.0,-0.430999701178126,0.430999701178126,3,36
10,1,WEB,0,IAT,0.3001258566521076,0.0,-0.3001258566521076,0.3001258566521076,4,37
10,1,WEB,0,Number,0.04612712254112471,0.0,-0.04612712254112471,0.04612712254112471,9,38
10,1,WEB,0,Variance,0.5256317846157769,0.0,-0.5256317846157769,0.5256317846157769,2,39
10,2,WEB,0,Header_Length,0.0003170259327985837,0.0,-0.0003170259327985837,0.0003170259327985837,18,1
10,2,WEB,0,Protocol Type,0.000135081729308112,0.0,-0.000135081729308112,0.000135081729308112,21,2
10,2,WEB,0,Time_To_Live,0.09763508137906328,0.0,-0.09763508137906328,0.09763508137906328,6,3
10,2,WEB,0,Rate,0.0001880327864921418,0.0,-0.0001880327864921418,0.0001880327864921418,20,4
10,2,WEB,0,fin_flag_number,5.020200898926868e-05,0.0,-5.020200898926868e-05,5.020200898926868e-05,25,5
10,2,WEB,0,syn_flag_number,0.007944776758181634,0.0,-0.007944776758181634,0.007944776758181634,13,6
10,2,WEB,0,rst_flag_number,2.234735272092883e-05,0.0,-2.234735272092883e-05,2.234735272092883e-05,28,7
10,2,WEB,0,psh_flag_number,7.777837982292543e-05,0.0,-7.777837982292543e-05,7.777837982292543e-05,22,8
10,2,WEB,0,ack_flag_number,0.009129931885545967,0.0,-0.009129931885545967,0.009129931885545967,12,9
10,2,WEB,0,ece_flag_number,0.0,0.0,0.0,0.0,34,10
10,2,WEB,0,cwr_flag_number,0.0,0.0,0.0,0.0,35,11
10,2,WEB,0,ack_count,0.0015707684847387682,0.0,-0.0015707684847387682,0.0015707684847387682,17,12
10,2,WEB,0,syn_count,0.010528488710015138,0.0,-0.010528488710015138,0.010528488710015138,11,13
10,2,WEB,0,fin_count,0.0029501619200671915,0.0,-0.0029501619200671915,0.0029501619200671915,16,14
10,2,WEB,0,rst_count,0.0034430331992835327,0.0,-0.0034430331992835327,0.0034430331992835327,15,15
10,2,WEB,0,HTTP,6.434767851866206e-05,0.0,-6.434767851866206e-05,6.434767851866206e-05,24,16
10,2,WEB,0,HTTPS,3.5687733479902905e-05,0.0,-3.5687733479902905e-05,3.5687733479902905e-05,27,17
10,2,WEB,0,DNS,1.4366858900745818e-05,0.0,-1.4366858900745818e-05,1.4366858900745818e-05,30,18
10,2,WEB,0,Telnet,0.0,0.0,0.0,0.0,36,19
10,2,WEB,0,SMTP,0.0,0.0,0.0,0.0,37,20
10,2,WEB,0,SSH,8.891228361437814e-06,0.0,-8.891228361437814e-06,8.891228361437814e-06,32,21
10,2,WEB,0,IRC,0.0,0.0,0.0,0.0,38,22
10,2,WEB,0,TCP,7.091003491115812e-05,0.0,-7.091003491115812e-05,7.091003491115812e-05,23,23
10,2,WEB,0,UDP,0.0038727827811756116,0.0,-0.0038727827811756116,0.0038727827811756116,14,24
10,2,WEB,0,DHCP,1.2387277302580997e-06,0.0,-1.2387277302580997e-06,1.2387277302580997e-06,33,25
10,2,WEB,0,ARP,3.574517196707305e-05,0.0,-3.574517196707305e-05,3.574517196707305e-05,26,26
10,2,WEB,0,ICMP,0.0001946257539461255,0.0,-0.0001946257539461255,0.0001946257539461255,19,27
10,2,WEB,0,IGMP,0.0,0.0,0.0,0.0,39,28
10,2,WEB,0,IPv,1.1841329794726434e-05,0.0,-1.1841329794726434e-05,1.1841329794726434e-05,31,29
10,2,WEB,0,LLC,1.735479025698537e-05,0.0,-1.735479025698537e-05,1.735479025698537e-05,29,30
10,2,WEB,0,Tot sum,0.6150216703187231,0.0,-0.6150216703187231,0.6150216703187231,1,31
10,2,WEB,0,Min,0.0549369466372689,0.0,-0.0549369466372689,0.0549369466372689,8,32
10,2,WEB,0,Max,0.027973289092060517,0.0,-0.027973289092060517,0.027973289092060517,10,33
10,2,WEB,0,AVG,0.21613791878382643,0.0,-0.21613791878382643,0.21613791878382643,5,34
10,2,WEB,0,Std,0.08456503350339206,0.0,-0.08456503350339206,0.08456503350339206,7,35
10,2,WEB,0,Tot size,0.430999701178126,0.0,-0.430999701178126,0.430999701178126,3,36
10,2,WEB,0,IAT,0.3001258566521076,0.0,-0.3001258566521076,0.3001258566521076,4,37
10,2,WEB,0,Number,0.04612712254112471,0.0,-0.04612712254112471,0.04612712254112471,9,38
10,2,WEB,0,Variance,0.5256317846157769,0.0,-0.5256317846157769,0.5256317846157769,2,39
10,3,WEB,1,Header_Length,0.0003170259327985837,0.0003463861988927449,2.936026609416122e-05,2.936026609416122e-05,18,18
10,3,WEB,1,Protocol Type,0.000135081729308112,0.0002169552532724971,8.187352396438508e-05,8.187352396438508e-05,21,20
10,3,WEB,1,Time_To_Live,0.09763508137906328,0.06812699723807716,-0.029508084140986116,0.029508084140986116,6,7
10,3,WEB,1,Rate,0.0001880327864921418,8.467239995420657e-05,-0.00010336038653793522,0.00010336038653793522,20,21
10,3,WEB,1,fin_flag_number,5.020200898926868e-05,4.415450424334343e-05,-6.04750474592525e-06,6.04750474592525e-06,25,26
10,3,WEB,1,syn_flag_number,0.007944776758181634,0.005258581152229019,-0.002686195605952615,0.002686195605952615,13,14
10,3,WEB,1,rst_flag_number,2.234735272092883e-05,3.5044279524773674e-05,1.2696926803844843e-05,1.2696926803844843e-05,28,27
10,3,WEB,1,psh_flag_number,7.777837982292543e-05,8.297006483285084e-05,5.191685009925409e-06,5.191685009925409e-06,22,22
10,3,WEB,1,ack_flag_number,0.009129931885545967,0.015355719162807025,0.006225787277261058,0.006225787277261058,12,10
10,3,WEB,1,ece_flag_number,0.0,0.0,0.0,0.0,34,34
10,3,WEB,1,cwr_flag_number,0.0,0.0,0.0,0.0,35,35
10,3,WEB,1,ack_count,0.0015707684847387682,0.002944572179074529,0.0013738036943357608,0.0013738036943357608,17,16
10,3,WEB,1,syn_count,0.010528488710015138,0.005770102271767194,-0.004758386438247944,0.004758386438247944,11,11
10,3,WEB,1,fin_count,0.0029501619200671915,0.0039710950687059715,0.00102093314863878,0.00102093314863878,16,15
10,3,WEB,1,rst_count,0.0034430331992835327,0.0026727108074195063,-0.0007703223918640264,0.0007703223918640264,15,17
10,3,WEB,1,HTTP,6.434767851866206e-05,1.30550127741649e-05,-5.129266574449716e-05,5.129266574449716e-05,24,28
10,3,WEB,1,HTTPS,3.5687733479902905e-05,4.459301725934349e-05,8.905283779440583e-06,8.905283779440583e-06,27,25
10,3,WEB,1,DNS,1.4366858900745818e-05,2.6048531312823925e-06,-1.1762005769463426e-05,1.1762005769463426e-05,30,32
10,3,WEB,1,Telnet,0.0,0.0,0.0,0.0,36,36
10,3,WEB,1,SMTP,0.0,0.0,0.0,0.0,37,37
10,3,WEB,1,SSH,8.891228361437814e-06,4.9620966764941325e-05,4.072973840350351e-05,4.072973840350351e-05,32,24
10,3,WEB,1,IRC,0.0,0.0,0.0,0.0,38,38
10,3,WEB,1,TCP,7.091003491115812e-05,7.56339642726091e-05,4.723929361450971e-06,4.723929361450971e-06,23,23
10,3,WEB,1,UDP,0.0038727827811756116,0.005317891086990359,0.0014451083058147477,0.0014451083058147477,14,12
10,3,WEB,1,DHCP,1.2387277302580997e-06,8.392502767401893e-07,-3.9947745351791046e-07,3.9947745351791046e-07,33,33
10,3,WEB,1,ARP,3.574517196707305e-05,7.687811436967024e-06,-2.8057360530106026e-05,2.8057360530106026e-05,26,29
10,3,WEB,1,ICMP,0.0001946257539461255,0.00026403986074529024,6.941410679916474e-05,6.941410679916474e-05,19,19
10,3,WEB,1,IGMP,0.0,0.0,0.0,0.0,39,39
10,3,WEB,1,IPv,1.1841329794726434e-05,3.7962316816429656e-06,-8.045098113083469e-06,8.045098113083469e-06,31,31
10,3,WEB,1,LLC,1.735479025698537e-05,5.8455773633068e-06,-1.1509212893678568e-05,1.1509212893678568e-05,29,30
10,3,WEB,1,Tot sum,0.6150216703187231,0.6572548927499458,0.04223322243122263,0.04223322243122263,1,1
10,3,WEB,1,Min,0.0549369466372689,0.005283225674034084,-0.04965372096323482,0.04965372096323482,8,13
10,3,WEB,1,Max,0.027973289092060517,0.028396809327020885,0.0004235202349603673,0.0004235202349603673,10,9
10,3,WEB,1,AVG,0.21613791878382643,0.16044992738606956,-0.055687991397756875,0.055687991397756875,5,4
10,3,WEB,1,Std,0.08456503350339206,0.11816084639001925,0.03359581288662719,0.03359581288662719,7,6
10,3,WEB,1,Tot size,0.430999701178126,0.1439771735802325,-0.28702252759789354,0.28702252759789354,3,5
10,3,WEB,1,IAT,0.3001258566521076,0.6206462307445338,0.32052037409242623,0.32052037409242623,4,2
10,3,WEB,1,Number,0.04612712254112471,0.030269940155848333,-0.015857182385276374,0.015857182385276374,9,8
10,3,WEB,1,Variance,0.5256317846157769,0.34004404101620533,-0.18558774359957153,0.18558774359957153,2,3
10,4,WEB,0,Header_Length,0.0003170259327985837,0.0,-0.0003170259327985837,0.0003170259327985837,18,1
10,4,WEB,0,Protocol Type,0.000135081729308112,0.0,-0.000135081729308112,0.000135081729308112,21,2
10,4,WEB,0,Time_To_Live,0.09763508137906328,0.0,-0.09763508137906328,0.09763508137906328,6,3
10,4,WEB,0,Rate,0.0001880327864921418,0.0,-0.0001880327864921418,0.0001880327864921418,20,4
10,4,WEB,0,fin_flag_number,5.020200898926868e-05,0.0,-5.020200898926868e-05,5.020200898926868e-05,25,5
10,4,WEB,0,syn_flag_number,0.007944776758181634,0.0,-0.007944776758181634,0.007944776758181634,13,6
10,4,WEB,0,rst_flag_number,2.234735272092883e-05,0.0,-2.234735272092883e-05,2.234735272092883e-05,28,7
10,4,WEB,0,psh_flag_number,7.777837982292543e-05,0.0,-7.777837982292543e-05,7.777837982292543e-05,22,8
10,4,WEB,0,ack_flag_number,0.009129931885545967,0.0,-0.009129931885545967,0.009129931885545967,12,9
10,4,WEB,0,ece_flag_number,0.0,0.0,0.0,0.0,34,10
10,4,WEB,0,cwr_flag_number,0.0,0.0,0.0,0.0,35,11
10,4,WEB,0,ack_count,0.0015707684847387682,0.0,-0.0015707684847387682,0.0015707684847387682,17,12
10,4,WEB,0,syn_count,0.010528488710015138,0.0,-0.010528488710015138,0.010528488710015138,11,13
10,4,WEB,0,fin_count,0.0029501619200671915,0.0,-0.0029501619200671915,0.0029501619200671915,16,14
10,4,WEB,0,rst_count,0.0034430331992835327,0.0,-0.0034430331992835327,0.0034430331992835327,15,15
10,4,WEB,0,HTTP,6.434767851866206e-05,0.0,-6.434767851866206e-05,6.434767851866206e-05,24,16
10,4,WEB,0,HTTPS,3.5687733479902905e-05,0.0,-3.5687733479902905e-05,3.5687733479902905e-05,27,17
10,4,WEB,0,DNS,1.4366858900745818e-05,0.0,-1.4366858900745818e-05,1.4366858900745818e-05,30,18
10,4,WEB,0,Telnet,0.0,0.0,0.0,0.0,36,19
10,4,WEB,0,SMTP,0.0,0.0,0.0,0.0,37,20
10,4,WEB,0,SSH,8.891228361437814e-06,0.0,-8.891228361437814e-06,8.891228361437814e-06,32,21
10,4,WEB,0,IRC,0.0,0.0,0.0,0.0,38,22
10,4,WEB,0,TCP,7.091003491115812e-05,0.0,-7.091003491115812e-05,7.091003491115812e-05,23,23
10,4,WEB,0,UDP,0.0038727827811756116,0.0,-0.0038727827811756116,0.0038727827811756116,14,24
10,4,WEB,0,DHCP,1.2387277302580997e-06,0.0,-1.2387277302580997e-06,1.2387277302580997e-06,33,25
10,4,WEB,0,ARP,3.574517196707305e-05,0.0,-3.574517196707305e-05,3.574517196707305e-05,26,26
10,4,WEB,0,ICMP,0.0001946257539461255,0.0,-0.0001946257539461255,0.0001946257539461255,19,27
10,4,WEB,0,IGMP,0.0,0.0,0.0,0.0,39,28
10,4,WEB,0,IPv,1.1841329794726434e-05,0.0,-1.1841329794726434e-05,1.1841329794726434e-05,31,29
10,4,WEB,0,LLC,1.735479025698537e-05,0.0,-1.735479025698537e-05,1.735479025698537e-05,29,30
10,4,WEB,0,Tot sum,0.6150216703187231,0.0,-0.6150216703187231,0.6150216703187231,1,31
10,4,WEB,0,Min,0.0549369466372689,0.0,-0.0549369466372689,0.0549369466372689,8,32
10,4,WEB,0,Max,0.027973289092060517,0.0,-0.027973289092060517,0.027973289092060517,10,33
10,4,WEB,0,AVG,0.21613791878382643,0.0,-0.21613791878382643,0.21613791878382643,5,34
10,4,WEB,0,Std,0.08456503350339206,0.0,-0.08456503350339206,0.08456503350339206,7,35
10,4,WEB,0,Tot size,0.430999701178126,0.0,-0.430999701178126,0.430999701178126,3,36
10,4,WEB,0,IAT,0.3001258566521076,0.0,-0.3001258566521076,0.3001258566521076,4,37
10,4,WEB,0,Number,0.04612712254112471,0.0,-0.04612712254112471,0.04612712254112471,9,38
10,4,WEB,0,Variance,0.5256317846157769,0.0,-0.5256317846157769,0.5256317846157769,2,39
10,5,WEB,0,Header_Length,0.0003170259327985837,0.0,-0.0003170259327985837,0.0003170259327985837,18,1
10,5,WEB,0,Protocol Type,0.000135081729308112,0.0,-0.000135081729308112,0.000135081729308112,21,2
10,5,WEB,0,Time_To_Live,0.09763508137906328,0.0,-0.09763508137906328,0.09763508137906328,6,3
10,5,WEB,0,Rate,0.0001880327864921418,0.0,-0.0001880327864921418,0.0001880327864921418,20,4
10,5,WEB,0,fin_flag_number,5.020200898926868e-05,0.0,-5.020200898926868e-05,5.020200898926868e-05,25,5
10,5,WEB,0,syn_flag_number,0.007944776758181634,0.0,-0.007944776758181634,0.007944776758181634,13,6
10,5,WEB,0,rst_flag_number,2.234735272092883e-05,0.0,-2.234735272092883e-05,2.234735272092883e-05,28,7
10,5,WEB,0,psh_flag_number,7.777837982292543e-05,0.0,-7.777837982292543e-05,7.777837982292543e-05,22,8
10,5,WEB,0,ack_flag_number,0.009129931885545967,0.0,-0.009129931885545967,0.009129931885545967,12,9
10,5,WEB,0,ece_flag_number,0.0,0.0,0.0,0.0,34,10
10,5,WEB,0,cwr_flag_number,0.0,0.0,0.0,0.0,35,11
10,5,WEB,0,ack_count,0.0015707684847387682,0.0,-0.0015707684847387682,0.0015707684847387682,17,12
10,5,WEB,0,syn_count,0.010528488710015138,0.0,-0.010528488710015138,0.010528488710015138,11,13
10,5,WEB,0,fin_count,0.0029501619200671915,0.0,-0.0029501619200671915,0.0029501619200671915,16,14
10,5,WEB,0,rst_count,0.0034430331992835327,0.0,-0.0034430331992835327,0.0034430331992835327,15,15
10,5,WEB,0,HTTP,6.434767851866206e-05,0.0,-6.434767851866206e-05,6.434767851866206e-05,24,16
10,5,WEB,0,HTTPS,3.5687733479902905e-05,0.0,-3.5687733479902905e-05,3.5687733479902905e-05,27,17
10,5,WEB,0,DNS,1.4366858900745818e-05,0.0,-1.4366858900745818e-05,1.4366858900745818e-05,30,18
10,5,WEB,0,Telnet,0.0,0.0,0.0,0.0,36,19
10,5,WEB,0,SMTP,0.0,0.0,0.0,0.0,37,20
10,5,WEB,0,SSH,8.891228361437814e-06,0.0,-8.891228361437814e-06,8.891228361437814e-06,32,21
10,5,WEB,0,IRC,0.0,0.0,0.0,0.0,38,22
10,5,WEB,0,TCP,7.091003491115812e-05,0.0,-7.091003491115812e-05,7.091003491115812e-05,23,23
10,5,WEB,0,UDP,0.0038727827811756116,0.0,-0.0038727827811756116,0.0038727827811756116,14,24
10,5,WEB,0,DHCP,1.2387277302580997e-06,0.0,-1.2387277302580997e-06,1.2387277302580997e-06,33,25
10,5,WEB,0,ARP,3.574517196707305e-05,0.0,-3.574517196707305e-05,3.574517196707305e-05,26,26
10,5,WEB,0,ICMP,0.0001946257539461255,0.0,-0.0001946257539461255,0.0001946257539461255,19,27
10,5,WEB,0,IGMP,0.0,0.0,0.0,0.0,39,28
10,5,WEB,0,IPv,1.1841329794726434e-05,0.0,-1.1841329794726434e-05,1.1841329794726434e-05,31,29
10,5,WEB,0,LLC,1.735479025698537e-05,0.0,-1.735479025698537e-05,1.735479025698537e-05,29,30
10,5,WEB,0,Tot sum,0.6150216703187231,0.0,-0.6150216703187231,0.6150216703187231,1,31
10,5,WEB,0,Min,0.0549369466372689,0.0,-0.0549369466372689,0.0549369466372689,8,32
10,5,WEB,0,Max,0.027973289092060517,0.0,-0.027973289092060517,0.027973289092060517,10,33
10,5,WEB,0,AVG,0.21613791878382643,0.0,-0.21613791878382643,0.21613791878382643,5,34
10,5,WEB,0,Std,0.08456503350339206,0.0,-0.08456503350339206,0.08456503350339206,7,35
10,5,WEB,0,Tot size,0.430999701178126,0.0,-0.430999701178126,0.430999701178126,3,36
10,5,WEB,0,IAT,0.3001258566521076,0.0,-0.3001258566521076,0.3001258566521076,4,37
10,5,WEB,0,Number,0.04612712254112471,0.0,-0.04612712254112471,0.04612712254112471,9,38
10,5,WEB,0,Variance,0.5256317846157769,0.0,-0.5256317846157769,0.5256317846157769,2,39
