round,client_id,class,feature,class_shap_value
1,1,BENIGN,Header_Length,9.903111762810114e-06
1,1,BENIGN,Protocol Type,8.087736732775852e-06
1,1,BENIGN,Time_To_Live,0.011053667295163905
1,1,BENIGN,Rate,0.00011623020167235154
1,1,BENIGN,fin_flag_number,1.3906275157182791e-06
1,1,BENIGN,syn_flag_number,0.0019064854208409089
1,1,BENIGN,rst_flag_number,6.220482375196567e-07
1,1,BENIGN,psh_flag_number,1.343085659755161e-06
1,1,BENIGN,ack_flag_number,0.003709160305561454
1,1,BENIGN,ece_flag_number,0.0
1,1,BENIGN,cwr_flag_number,0.0
1,1,BENIGN,ack_count,0.0006922457513155678
1,1,BENIGN,syn_count,0.0009955203771824018
1,1,BENIGN,fin_count,0.0008527286026946967
1,1,BENIGN,rst_count,0.0006670111424682545
1,1,BENIGN,HTTP,1.4916947156606853e-06
1,1,BENIGN,HTTPS,1.2546433565319148e-05
1,1,BENIGN,DNS,7.37396317895822e-09
1,1,BENIGN,Telnet,0.0
1,1,BENIGN,SMTP,0.0
1,1,BENIGN,SSH,0.0
1,1,BENIGN,IRC,0.0
1,1,BENIGN,TCP,4.510062136731108e-06
1,1,BENIGN,UDP,0.0010614164705657458
1,1,BENIGN,DHCP,0.0
1,1,BENIGN,ARP,3.333865006336367e-05
1,1,BENIGN,ICMP,8.355530227888153e-06
1,1,BENIGN,IGMP,1.1067714089652014e-07
1,1,BENIGN,IPv,4.854485079697213e-06
1,1,BENIGN,LLC,9.56972839900594e-06
1,1,BENIGN,Tot sum,0.04829132581362501
1,1,BENIGN,Min,0.001975787319815936
1,1,BENIGN,Max,0.0022379945614375172
1,1,BENIGN,AVG,0.015290343412198126
1,1,BENIGN,Std,0.013367945980280637
1,1,BENIGN,Tot size,0.006468299660991761
1,1,BENIGN,IAT,0.023210219634256644
1,1,BENIGN,Number,0.0050497143354732545
1,1,BENIGN,Variance,0.10105297658592463
1,2,BENIGN,Header_Length,4.142035482601614e-06
1,2,BENIGN,Protocol Type,1.693341776132229e-07
1,2,BENIGN,Time_To_Live,0.0002636791230770541
1,2,BENIGN,Rate,1.2884552196013033e-05
1,2,BENIGN,fin_flag_number,8.46919509189803e-08
1,2,BENIGN,syn_flag_number,1.6398058872368892e-05
1,2,BENIGN,rst_flag_number,1.871133257447255e-07
1,2,BENIGN,psh_flag_number,1.9654481282493918e-07
1,2,BENIGN,ack_flag_number,0.00019903799917528887
1,2,BENIGN,ece_flag_number,0.0
1,2,BENIGN,cwr_flag_number,0.0
1,2,BENIGN,ack_count,7.3684665338191735e-06
1,2,BENIGN,syn_count,2.3272268822438492e-05
1,2,BENIGN,fin_count,5.302860699973877e-06
1,2,BENIGN,rst_count,3.4996575499235406e-05
1,2,BENIGN,HTTP,1.543535490533543e-08
1,2,BENIGN,HTTPS,3.5768149723169886e-07
1,2,BENIGN,DNS,2.0198390070962427e-08
1,2,BENIGN,Telnet,0.0
1,2,BENIGN,SMTP,0.0
1,2,BENIGN,SSH,0.0
1,2,BENIGN,IRC,0.0
1,2,BENIGN,TCP,4.3955178629095927e-07
1,2,BENIGN,UDP,8.830906683326978e-06
1,2,BENIGN,DHCP,0.0
1,2,BENIGN,ARP,4.7499047479623856e-08
1,2,BENIGN,ICMP,5.123298456657932e-09
1,2,BENIGN,IGMP,0.0
1,2,BENIGN,IPv,2.059975842960693e-08
1,2,BENIGN,LLC,2.7977452274341453e-08
1,2,BENIGN,Tot sum,0.008019886431793567
1,2,BENIGN,Min,1.988874790868067e-05
1,2,BENIGN,Max,4.7560792063450207e-05
1,2,BENIGN,AVG,0.00035615400047390723
1,2,BENIGN,Std,0.00011025986536878918
1,2,BENIGN,Tot size,0.000587429069855716
1,2,BENIGN,IAT,0.00019911473433005257
1,2,BENIGN,Number,0.0001727731294977275
1,2,BENIGN,Variance,0.011124844301957638
1,3,BENIGN,Header_Length,0.00011620956978504182
1,3,BENIGN,Protocol Type,2.6498007088804342e-05
1,3,BENIGN,Time_To_Live,0.009236017554039222
1,3,BENIGN,Rate,9.319342466369562e-05
1,3,BENIGN,fin_flag_number,2.616161872204259e-06
1,3,BENIGN,syn_flag_number,0.0014696394426209735
1,3,BENIGN,rst_flag_number,6.9431821907883775e-06
1,3,BENIGN,psh_flag_number,1.0285438273172076e-05
1,3,BENIGN,ack_flag_number,0.0007348980562710494
1,3,BENIGN,ece_flag_number,0.0
1,3,BENIGN,cwr_flag_number,0.0
1,3,BENIGN,ack_count,0.00047143653509920116
1,3,BENIGN,syn_count,0.002563890812598402
1,3,BENIGN,fin_count,0.0009055471236933954
1,3,BENIGN,rst_count,0.0006191090641323171
1,3,BENIGN,HTTP,1.9060102204093709e-06
1,3,BENIGN,HTTPS,1.4360072157160176e-06
1,3,BENIGN,DNS,2.060361669226074e-06
1,3,BENIGN,Telnet,0.0
1,3,BENIGN,SMTP,0.0
1,3,BENIGN,SSH,0.0
1,3,BENIGN,IRC,0.0
1,3,BENIGN,TCP,9.320768484499808e-06
1,3,BENIGN,UDP,0.0010786415008624318
1,3,BENIGN,DHCP,0.0
1,3,BENIGN,ARP,2.9785507435486915e-09
1,3,BENIGN,ICMP,2.428725327376924e-05
1,3,BENIGN,IGMP,0.0
1,3,BENIGN,IPv,1.3951561516484246e-08
1,3,BENIGN,LLC,3.673967686329549e-09
1,3,BENIGN,Tot sum,0.170785009348765
1,3,BENIGN,Min,0.0005040484198843842
1,3,BENIGN,Max,0.0017937403346877546
1,3,BENIGN,AVG,0.006034935504430905
1,3,BENIGN,Std,0.015848256391473116
1,3,BENIGN,Tot size,0.015019517941982485
1,3,BENIGN,IAT,0.014099295958322955
1,3,BENIGN,Number,0.016060438608110416
1,3,BENIGN,Variance,0.5098953329492361
1,4,BENIGN,Header_Length,7.343372252677227e-05
1,4,BENIGN,Protocol Type,2.6279384027461107e-05
1,4,BENIGN,Time_To_Live,0.018234831540894447
1,4,BENIGN,Rate,8.120766266586087e-05
1,4,BENIGN,fin_flag_number,1.0032353771165237e-08
1,4,BENIGN,syn_flag_number,0.0011261519529853104
1,4,BENIGN,rst_flag_number,0.0
1,4,BENIGN,psh_flag_number,4.684039253533001e-06
1,4,BENIGN,ack_flag_number,0.007124439238214109
1,4,BENIGN,ece_flag_number,0.0
1,4,BENIGN,cwr_flag_number,0.0
1,4,BENIGN,ack_count,0.00023481215071115004
1,4,BENIGN,syn_count,0.002731235426108469
1,4,BENIGN,fin_count,2.127795446149605e-06
1,4,BENIGN,rst_count,0.0
1,4,BENIGN,HTTP,1.2409493739540256e-07
1,4,BENIGN,HTTPS,2.850137106338302e-05
1,4,BENIGN,DNS,2.6075172243622546e-09
1,4,BENIGN,Telnet,0.0
1,4,BENIGN,SMTP,0.0
1,4,BENIGN,SSH,0.0
1,4,BENIGN,IRC,0.0
1,4,BENIGN,TCP,1.5180241589973775e-05
1,4,BENIGN,UDP,0.001691004884924041
1,4,BENIGN,DHCP,0.0
1,4,BENIGN,ARP,1.081977734429529e-06
1,4,BENIGN,ICMP,6.775817722570743e-07
1,4,BENIGN,IGMP,0.0
1,4,BENIGN,IPv,1.8673281374503858e-06
1,4,BENIGN,LLC,1.9049755792366341e-06
1,4,BENIGN,Tot sum,0.1371324201580137
1,4,BENIGN,Min,0.0011010156371021652
1,4,BENIGN,Max,0.000650151893205475
1,4,BENIGN,AVG,0.006448371615260839
1,4,BENIGN,Std,0.002704975148662925
1,4,BENIGN,Tot size,0.020019479337497613
1,4,BENIGN,IAT,0.005556274760363067
1,4,BENIGN,Number,0.013567587689612992
1,4,BENIGN,Variance,0.32417194000445304
1,5,BENIGN,Header_Length,0.0006409527992019548
1,5,BENIGN,Protocol Type,3.6792670112717475e-05
1,5,BENIGN,Time_To_Live,0.17448898461625503
1,5,BENIGN,Rate,8.100220968856319e-05
1,5,BENIGN,fin_flag_number,1.2730624763790388e-05
1,5,BENIGN,syn_flag_number,0.0040822310255407505
1,5,BENIGN,rst_flag_number,3.3909269257392795e-06
1,5,BENIGN,psh_flag_number,1.4174073930028896e-05
1,5,BENIGN,ack_flag_number,0.03073397946773184
1,5,BENIGN,ece_flag_number,0.0
1,5,BENIGN,cwr_flag_number,0.0
1,5,BENIGN,ack_count,0.0007028455760519136
1,5,BENIGN,syn_count,0.002951371240601475
1,5,BENIGN,fin_count,0.0011579960688095526
1,5,BENIGN,rst_count,0.0004467696375286323
1,5,BENIGN,HTTP,3.714607554883287e-08
1,5,BENIGN,HTTPS,8.149047914756125e-05
1,5,BENIGN,DNS,5.322258034379246e-06
1,5,BENIGN,Telnet,0.0
1,5,BENIGN,SMTP,0.0
1,5,BENIGN,SSH,0.0
1,5,BENIGN,IRC,0.0
1,5,BENIGN,TCP,0.00021620430911184485
1,5,BENIGN,UDP,0.0012954920141908133
1,5,BENIGN,DHCP,0.0
1,5,BENIGN,ARP,8.473517562590516e-06
1,5,BENIGN,ICMP,2.622892284449563e-05
1,5,BENIGN,IGMP,0.0
1,5,BENIGN,IPv,3.66514628369341e-06
1,5,BENIGN,LLC,1.8388257190526947e-06
1,5,BENIGN,Tot sum,0.12979155968496342
1,5,BENIGN,Min,0.0017262218140558616
1,5,BENIGN,Max,0.0006589886106667109
1,5,BENIGN,AVG,0.009423864947166294
1,5,BENIGN,Std,0.005709673033561557
1,5,BENIGN,Tot size,0.010271762439515442
1,5,BENIGN,IAT,0.009629935101111186
1,5,BENIGN,Number,0.014289973652194022
1,5,BENIGN,Variance,0.16818739681039005
1,2,BRUTEFORCE,Header_Length,7.577578433171084e-06
1,2,BRUTEFORCE,Protocol Type,1.1637762763250236e-06
1,2,BRUTEFORCE,Time_To_Live,2.617184345456991e-05
1,2,BRUTEFORCE,Rate,5.601972879709649e-06
1,2,BRUTEFORCE,fin_flag_number,2.08167076086313e-06
1,2,BRUTEFORCE,syn_flag_number,9.054163694486306e-05
1,2,BRUTEFORCE,rst_flag_number,1.522714757840049e-07
1,2,BRUTEFORCE,psh_flag_number,2.3643220784269616e-06
1,2,BRUTEFORCE,ack_flag_number,0.0023885730332949607
1,2,BRUTEFORCE,ece_flag_number,0.0
1,2,BRUTEFORCE,cwr_flag_number,0.0
1,2,BRUTEFORCE,ack_count,2.7098644072509614e-05
1,2,BRUTEFORCE,syn_count,6.198614169363736e-05
1,2,BRUTEFORCE,fin_count,4.52357459550079e-05
1,2,BRUTEFORCE,rst_count,7.208091517441062e-05
1,2,BRUTEFORCE,HTTP,0.0
1,2,BRUTEFORCE,HTTPS,2.369254858747283e-06
1,2,BRUTEFORCE,DNS,9.134760688752491e-12
1,2,BRUTEFORCE,Telnet,0.0
1,2,BRUTEFORCE,SMTP,0.0
1,2,BRUTEFORCE,SSH,1.8514786361834013e-07
1,2,BRUTEFORCE,IRC,0.0
1,2,BRUTEFORCE,TCP,1.2461493468007844e-06
1,2,BRUTEFORCE,UDP,1.5275254186830623e-05
1,2,BRUTEFORCE,DHCP,0.0
1,2,BRUTEFORCE,ARP,1.0878207820988472e-07
1,2,BRUTEFORCE,ICMP,8.987163865707693e-09
1,2,BRUTEFORCE,IGMP,0.0
1,2,BRUTEFORCE,IPv,2.5725116366802358e-08
1,2,BRUTEFORCE,LLC,3.712941089393379e-08
1,2,BRUTEFORCE,Tot sum,0.01862021593647114
1,2,BRUTEFORCE,Min,2.699731999200594e-05
1,2,BRUTEFORCE,Max,4.5369953056706436e-05
1,2,BRUTEFORCE,AVG,0.0009290444060752634
1,2,BRUTEFORCE,Std,0.00033357405809510967
1,2,BRUTEFORCE,Tot size,0.0014518099123961292
1,2,BRUTEFORCE,IAT,0.0006334759466028572
1,2,BRUTEFORCE,Number,0.0011759279825156455
1,2,BRUTEFORCE,Variance,0.004714091811911203
1,3,BRUTEFORCE,Header_Length,3.5522594747305905e-05
1,3,BRUTEFORCE,Protocol Type,8.934711968722198e-07
1,3,BRUTEFORCE,Time_To_Live,0.0006275873660683828
1,3,BRUTEFORCE,Rate,4.948409370939544e-05
1,3,BRUTEFORCE,fin_flag_number,3.897942330205462e-06
1,3,BRUTEFORCE,syn_flag_number,0.0005776027264573713
1,3,BRUTEFORCE,rst_flag_number,1.115412045726849e-06
1,3,BRUTEFORCE,psh_flag_number,1.111320639732294e-06
1,3,BRUTEFORCE,ack_flag_number,0.004237439270764298
1,3,BRUTEFORCE,ece_flag_number,0.0
1,3,BRUTEFORCE,cwr_flag_number,0.0
1,3,BRUTEFORCE,ack_count,0.0005036781181352978
1,3,BRUTEFORCE,syn_count,0.0012392795070354623
1,3,BRUTEFORCE,fin_count,2.7978329179290107e-05
1,3,BRUTEFORCE,rst_count,0.0003761113376640424
1,3,BRUTEFORCE,HTTP,9.238738130079583e-09
1,3,BRUTEFORCE,HTTPS,5.560234806356589e-07
1,3,BRUTEFORCE,DNS,1.3196933632692032e-08
1,3,BRUTEFORCE,Telnet,0.0
1,3,BRUTEFORCE,SMTP,0.0
1,3,BRUTEFORCE,SSH,2.8095240850234403e-06
1,3,BRUTEFORCE,IRC,0.0
1,3,BRUTEFORCE,TCP,9.36366832944291e-06
1,3,BRUTEFORCE,UDP,7.446651715178331e-05
1,3,BRUTEFORCE,DHCP,0.0
1,3,BRUTEFORCE,ARP,7.83041618413749e-06
1,3,BRUTEFORCE,ICMP,2.1573954491405088e-05
1,3,BRUTEFORCE,IGMP,2.396691627382097e-08
1,3,BRUTEFORCE,IPv,1.0758692215201644e-06
1,3,BRUTEFORCE,LLC,3.5984227178037854e-06
1,3,BRUTEFORCE,Tot sum,0.04050350852376141
1,3,BRUTEFORCE,Min,0.00012137778229046604
1,3,BRUTEFORCE,Max,0.0003545228835719172
1,3,BRUTEFORCE,AVG,0.002657457423629239
1,3,BRUTEFORCE,Std,0.0026878602962824515
1,3,BRUTEFORCE,Tot size,0.002123618655605242
1,3,BRUTEFORCE,IAT,0.013368592543793056
1,3,BRUTEFORCE,Number,0.0029927924942967365
1,3,BRUTEFORCE,Variance,0.033030689822044226
1,4,BRUTEFORCE,Header_Length,2.6927150908306886e-05
1,4,BRUTEFORCE,Protocol Type,3.994443911796708e-05
1,4,BRUTEFORCE,Time_To_Live,0.0016724523256613833
1,4,BRUTEFORCE,Rate,4.132107851368971e-05
1,4,BRUTEFORCE,fin_flag_number,1.7374110659243158e-07
1,4,BRUTEFORCE,syn_flag_number,0.0003379383445803796
1,4,BRUTEFORCE,rst_flag_number,1.7857187231129502e-07
1,4,BRUTEFORCE,psh_flag_number,1.4816978575993289e-05
1,4,BRUTEFORCE,ack_flag_number,0.014560054823596147
1,4,BRUTEFORCE,ece_flag_number,0.0
1,4,BRUTEFORCE,cwr_flag_number,0.0
1,4,BRUTEFORCE,ack_count,0.00012900811892109233
1,4,BRUTEFORCE,syn_count,0.0004750277431128325
1,4,BRUTEFORCE,fin_count,3.3263447404299763e-06
1,4,BRUTEFORCE,rst_count,1.316591224167496e-05
1,4,BRUTEFORCE,HTTP,3.794118013018301e-08
1,4,BRUTEFORCE,HTTPS,1.7799519918426654e-05
1,4,BRUTEFORCE,DNS,7.62959971325472e-06
1,4,BRUTEFORCE,Telnet,0.0
1,4,BRUTEFORCE,SMTP,0.0
1,4,BRUTEFORCE,SSH,1.0758271139366116e-05
1,4,BRUTEFORCE,IRC,0.0
1,4,BRUTEFORCE,TCP,3.8504208278400395e-05
1,4,BRUTEFORCE,UDP,0.0004707713945094838
1,4,BRUTEFORCE,DHCP,0.0
1,4,BRUTEFORCE,ARP,4.301829449104844e-07
1,4,BRUTEFORCE,ICMP,8.446717198684617e-07
1,4,BRUTEFORCE,IGMP,0.0
1,4,BRUTEFORCE,IPv,7.625141051903483e-08
1,4,BRUTEFORCE,LLC,8.91887452780793e-08
1,4,BRUTEFORCE,Tot sum,0.03023439857061021
1,4,BRUTEFORCE,Min,0.00021169829362861493
1,4,BRUTEFORCE,Max,0.0006845870560937328
1,4,BRUTEFORCE,AVG,0.00781139130340307
1,4,BRUTEFORCE,Std,0.0036217551241861656
1,4,BRUTEFORCE,Tot size,0.0035627689445391296
1,4,BRUTEFORCE,IAT,0.04148474920289402
1,4,BRUTEFORCE,Number,0.014056768836621814
1,4,BRUTEFORCE,Variance,0.03676021668507019
1,5,BRUTEFORCE,Header_Length,2.7173582770956274e-05
1,5,BRUTEFORCE,Protocol Type,8.294126500452138e-06
1,5,BRUTEFORCE,Time_To_Live,0.00044853511014935065
1,5,BRUTEFORCE,Rate,2.6486773785450167e-05
1,5,BRUTEFORCE,fin_flag_number,1.636791315595687e-07
1,5,BRUTEFORCE,syn_flag_number,0.0005978798701562482
1,5,BRUTEFORCE,rst_flag_number,3.2015281450359365e-07
1,5,BRUTEFORCE,psh_flag_number,1.97758118654634e-06
1,5,BRUTEFORCE,ack_flag_number,0.0021311743140358884
1,5,BRUTEFORCE,ece_flag_number,0.0
1,5,BRUTEFORCE,cwr_flag_number,0.0
1,5,BRUTEFORCE,ack_count,2.4979320187412668e-05
1,5,BRUTEFORCE,syn_count,0.00040097646294725566
1,5,BRUTEFORCE,fin_count,5.37584617482878e-05
1,5,BRUTEFORCE,rst_count,0.00025101711496517965
1,5,BRUTEFORCE,HTTP,4.2293449031838295e-08
1,5,BRUTEFORCE,HTTPS,2.603097497910767e-06
1,5,BRUTEFORCE,DNS,1.9784358377683552e-07
1,5,BRUTEFORCE,Telnet,0.0
1,5,BRUTEFORCE,SMTP,0.0
1,5,BRUTEFORCE,SSH,5.9013433482135724e-06
1,5,BRUTEFORCE,IRC,0.0
1,5,BRUTEFORCE,TCP,1.3617341421312546e-05
1,5,BRUTEFORCE,UDP,0.00011223267737276998
1,5,BRUTEFORCE,DHCP,0.0
1,5,BRUTEFORCE,ARP,1.7378288624803062e-07
1,5,BRUTEFORCE,ICMP,1.024103364544171e-05
1,5,BRUTEFORCE,IGMP,0.0
1,5,BRUTEFORCE,IPv,5.9511241629062184e-08
1,5,BRUTEFORCE,LLC,7.101372179046938e-08
1,5,BRUTEFORCE,Tot sum,0.003064708567296748
1,5,BRUTEFORCE,Min,0.00018477791289868152
1,5,BRUTEFORCE,Max,0.00014657381798315327
1,5,BRUTEFORCE,AVG,0.002425708342343569
1,5,BRUTEFORCE,Std,0.00016080585337476804
1,5,BRUTEFORCE,Tot size,0.0014667025359813124
1,5,BRUTEFORCE,IAT,0.0015703334046293094
1,5,BRUTEFORCE,Number,0.0016465334940676257
1,5,BRUTEFORCE,Variance,0.014659611886600032
1,1,DDOS,Header_Length,0.002325317993563658
1,1,DDOS,Protocol Type,0.0008784669264969124
1,1,DDOS,Time_To_Live,0.0014097054173362266
1,1,DDOS,Rate,0.0014820042328210548
1,1,DDOS,fin_flag_number,4.70231863346271e-05
1,1,DDOS,syn_flag_number,0.0068924006074666975
1,1,DDOS,rst_flag_number,0.0001111522050905478
1,1,DDOS,psh_flag_number,3.708408848979161e-05
1,1,DDOS,ack_flag_number,0.0140105907805264
1,1,DDOS,ece_flag_number,0.0
1,1,DDOS,cwr_flag_number,0.0
1,1,DDOS,ack_count,0.011429687056079274
1,1,DDOS,syn_count,0.017213648778852075
1,1,DDOS,fin_count,0.006707435369025916
1,1,DDOS,rst_count,0.008820451574865728
1,1,DDOS,HTTP,4.3327257208147786e-05
1,1,DDOS,HTTPS,1.7202584058395586e-05
1,1,DDOS,DNS,1.7028967347343382e-08
1,1,DDOS,Telnet,0.0
1,1,DDOS,SMTP,0.0
1,1,DDOS,SSH,0.0
1,1,DDOS,IRC,0.0
1,1,DDOS,TCP,0.0003275071427196963
1,1,DDOS,UDP,0.0033585275927180192
1,1,DDOS,DHCP,0.0
1,1,DDOS,ARP,7.932607790195334e-06
1,1,DDOS,ICMP,0.0025858395571049186
1,1,DDOS,IGMP,9.68774500620384e-08
1,1,DDOS,IPv,5.07504918232371e-06
1,1,DDOS,LLC,3.052647190315838e-06
1,1,DDOS,Tot sum,0.11111209406517446
1,1,DDOS,Min,0.0003464955781964818
1,1,DDOS,Max,0.02136363985046046
1,1,DDOS,AVG,0.012158461287617684
1,1,DDOS,Std,0.025899918127106503
1,1,DDOS,Tot size,0.0073844230268150565
1,1,DDOS,IAT,0.001626578439027071
1,1,DDOS,Number,0.0008276576903881505
1,1,DDOS,Variance,0.16947045214474202
1,2,DDOS,Header_Length,0.048328572699028884
1,2,DDOS,Protocol Type,0.0027595832128099575
1,2,DDOS,Time_To_Live,0.0032278606519867024
1,2,DDOS,Rate,0.004833650778164156
1,2,DDOS,fin_flag_number,0.0006718786695330437
1,2,DDOS,syn_flag_number,0.015424620461271844
1,2,DDOS,rst_flag_number,0.0008740412236875273
1,2,DDOS,psh_flag_number,7.78008308816247e-05
1,2,DDOS,ack_flag_number,0.00979715455978294
1,2,DDOS,ece_flag_number,0.0
1,2,DDOS,cwr_flag_number,0.0
1,2,DDOS,ack_count,0.006464478722773492
1,2,DDOS,syn_count,0.021080829529455513
1,2,DDOS,fin_count,0.12180962325073778
1,2,DDOS,rst_count,0.040927651220408735
1,2,DDOS,HTTP,0.00011712640989571809
1,2,DDOS,HTTPS,0.0003528518565360628
1,2,DDOS,DNS,1.1155580015298483e-08
1,2,DDOS,Telnet,0.0
1,2,DDOS,SMTP,0.0
1,2,DDOS,SSH,0.0
1,2,DDOS,IRC,0.0
1,2,DDOS,TCP,0.013739825728680443
1,2,DDOS,UDP,0.0231975773407612
1,2,DDOS,DHCP,0.0
1,2,DDOS,ARP,4.2986116088883365e-08
1,2,DDOS,ICMP,0.010589039311642522
1,2,DDOS,IGMP,0.0
1,2,DDOS,IPv,2.4068436799140615e-09
1,2,DDOS,LLC,3.429814654509755e-08
1,2,DDOS,Tot sum,0.49618650749325754
1,2,DDOS,Min,0.004074222559574991
1,2,DDOS,Max,0.005925235769245774
1,2,DDOS,AVG,0.01999043539399281
1,2,DDOS,Std,0.013535411178600043
1,2,DDOS,Tot size,0.05459711991716176
1,2,DDOS,IAT,0.008855730106006376
1,2,DDOS,Number,0.003837944397855608
1,2,DDOS,Variance,0.04203712609014474
1,3,DDOS,Header_Length,0.010984397539868952
1,3,DDOS,Protocol Type,0.001023785982897607
1,3,DDOS,Time_To_Live,0.0006752659914127434
1,3,DDOS,Rate,0.0007879381808379548
1,3,DDOS,fin_flag_number,0.00010041525783890392
1,3,DDOS,syn_flag_number,0.012457209767308085
1,3,DDOS,rst_flag_number,0.00011696411147568141
1,3,DDOS,psh_flag_number,0.00013970511135994457
1,3,DDOS,ack_flag_number,0.005303529353113845
1,3,DDOS,ece_flag_number,0.0
1,3,DDOS,cwr_flag_number,0.0
1,3,DDOS,ack_count,0.005464401559584076
1,3,DDOS,syn_count,0.025571644050069155
1,3,DDOS,fin_count,0.024014248233288526
1,3,DDOS,rst_count,0.012140912120230496
1,3,DDOS,HTTP,3.4835227415896954e-05
1,3,DDOS,HTTPS,1.3703568583878223e-06
1,3,DDOS,DNS,6.748150178736978e-06
1,3,DDOS,Telnet,0.0
1,3,DDOS,SMTP,0.0
1,3,DDOS,SSH,0.0
1,3,DDOS,IRC,0.0
1,3,DDOS,TCP,0.004364204782177694
1,3,DDOS,UDP,0.026360155269503593
1,3,DDOS,DHCP,0.0
1,3,DDOS,ARP,5.432763263250873e-07
1,3,DDOS,ICMP,0.0006383374107826967
1,3,DDOS,IGMP,0.0
1,3,DDOS,IPv,2.364834858215037e-08
1,3,DDOS,LLC,6.27070740107788e-07
1,3,DDOS,Tot sum,0.07184044532477855
1,3,DDOS,Min,0.00117869199893903
1,3,DDOS,Max,0.0017579046412720344
1,3,DDOS,AVG,0.017849477112758905
1,3,DDOS,Std,0.008112622855696828
1,3,DDOS,Tot size,0.015859953430481254
1,3,DDOS,IAT,0.0009948359249392525
1,3,DDOS,Number,0.0
1,3,DDOS,Variance,0.022956603951752187
1,4,DDOS,Header_Length,0.047931641596369444
1,4,DDOS,Protocol Type,0.0013067002349998803
1,4,DDOS,Time_To_Live,0.010558599827345461
1,4,DDOS,Rate,0.0022005868508131244
1,4,DDOS,fin_flag_number,0.0005279582874891276
1,4,DDOS,syn_flag_number,0.031443354301154615
1,4,DDOS,rst_flag_number,9.171515994239598e-05
1,4,DDOS,psh_flag_number,0.0
1,4,DDOS,ack_flag_number,0.0021802352683153005
1,4,DDOS,ece_flag_number,0.0
1,4,DDOS,cwr_flag_number,0.0
1,4,DDOS,ack_count,0.0003120463072264101
1,4,DDOS,syn_count,0.049411867000162604
1,4,DDOS,fin_count,0.09369825994970142
1,4,DDOS,rst_count,0.007153267040848732
1,4,DDOS,HTTP,7.471000117220683e-07
1,4,DDOS,HTTPS,0.004830467441934161
1,4,DDOS,DNS,1.933445491886232e-06
1,4,DDOS,Telnet,0.0
1,4,DDOS,SMTP,0.0
1,4,DDOS,SSH,0.0
1,4,DDOS,IRC,0.0
1,4,DDOS,TCP,0.012870220839977265
1,4,DDOS,UDP,0.07317413524724543
1,4,DDOS,DHCP,0.0
1,4,DDOS,ARP,1.895062960102223e-05
1,4,DDOS,ICMP,0.008427487228618701
1,4,DDOS,IGMP,0.0
1,4,DDOS,IPv,5.422129470389337e-06
1,4,DDOS,LLC,2.9598149922094308e-06
1,4,DDOS,Tot sum,0.05891407188028097
1,4,DDOS,Min,0.0005781922904134262
1,4,DDOS,Max,0.0012397981881804299
1,4,DDOS,AVG,0.003960350769921206
1,4,DDOS,Std,0.003025753020483535
1,4,DDOS,Tot size,0.006890389102045447
1,4,DDOS,IAT,0.009001053733663866
1,4,DDOS,Number,0.00037239089547256297
1,4,DDOS,Variance,0.009290152677567675
1,5,DDOS,Header_Length,0.013041029395154169
1,5,DDOS,Protocol Type,0.00076943043767983
1,5,DDOS,Time_To_Live,0.003917672395687077
1,5,DDOS,Rate,0.0032795408239621794
1,5,DDOS,fin_flag_number,0.0001717130774395059
1,5,DDOS,syn_flag_number,0.031606457037196375
1,5,DDOS,rst_flag_number,0.0001750547498986066
1,5,DDOS,psh_flag_number,2.8518553685330515e-05
1,5,DDOS,ack_flag_number,0.011967865268888999
1,5,DDOS,ece_flag_number,0.0
1,5,DDOS,cwr_flag_number,0.0
1,5,DDOS,ack_count,0.003946554423600901
1,5,DDOS,syn_count,0.025370306424156296
1,5,DDOS,fin_count,0.026534725231613265
1,5,DDOS,rst_count,0.006433368344551127
1,5,DDOS,HTTP,2.4943987275705126e-08
1,5,DDOS,HTTPS,0.0019920132668197255
1,5,DDOS,DNS,5.374559680504376e-06
1,5,DDOS,Telnet,0.0
1,5,DDOS,SMTP,0.0
1,5,DDOS,SSH,0.0
1,5,DDOS,IRC,0.0
1,5,DDOS,TCP,0.004688220456341696
1,5,DDOS,UDP,0.02640540582710855
1,5,DDOS,DHCP,0.0
1,5,DDOS,ARP,6.08987847094955e-08
1,5,DDOS,ICMP,0.003576636950106149
1,5,DDOS,IGMP,0.0
1,5,DDOS,IPv,9.557159971751439e-08
1,5,DDOS,LLC,1.1868378964052795e-07
1,5,DDOS,Tot sum,0.19822121057659386
1,5,DDOS,Min,0.00027922919002776325
1,5,DDOS,Max,0.007351228065090254
1,5,DDOS,AVG,0.01957515734247863
1,5,DDOS,Std,0.014469217648729682
1,5,DDOS,Tot size,0.01387131258379668
1,5,DDOS,IAT,0.0013291665176438983
1,5,DDOS,Number,0.006403413493535482
1,5,DDOS,Variance,0.09330624998547137
1,1,DOS,Header_Length,0.0025691268281661907
1,1,DOS,Protocol Type,0.0012460064569495444
1,1,DOS,Time_To_Live,0.00034422723013562975
1,1,DOS,Rate,0.0012872800762124825
1,1,DOS,fin_flag_number,6.666072622465435e-05
1,1,DOS,syn_flag_number,0.0062804779736325145
1,1,DOS,rst_flag_number,4.6140804397509785e-05
1,1,DOS,psh_flag_number,1.1461226290521153e-05
1,1,DOS,ack_flag_number,0.005498190809157677
1,1,DOS,ece_flag_number,0.0
1,1,DOS,cwr_flag_number,0.0
1,1,DOS,ack_count,0.005082583986222744
1,1,DOS,syn_count,0.0098222349624848
1,1,DOS,fin_count,0.003815785958431661
1,1,DOS,rst_count,0.009413023455999791
1,1,DOS,HTTP,0.0001376418618747266
1,1,DOS,HTTPS,2.6840750513201785e-05
1,1,DOS,DNS,6.604334742282835e-10
1,1,DOS,Telnet,0.0
1,1,DOS,SMTP,0.0
1,1,DOS,SSH,0.0
1,1,DOS,IRC,0.0
1,1,DOS,TCP,0.000584514334332198
1,1,DOS,UDP,0.01914632153348066
1,1,DOS,DHCP,0.0
1,1,DOS,ARP,3.737273192427892e-06
1,1,DOS,ICMP,0.0004369757465610746
1,1,DOS,IGMP,2.1524827820140757e-08
1,1,DOS,IPv,2.878528924910029e-06
1,1,DOS,LLC,1.0536202395883264e-06
1,1,DOS,Tot sum,0.0034441692623659037
1,1,DOS,Min,0.0003837746615317883
1,1,DOS,Max,0.0008458468326352885
1,1,DOS,AVG,0.0011568006528250407
1,1,DOS,Std,0.0021339855731639544
1,1,DOS,Tot size,0.0027561157243326307
1,1,DOS,IAT,0.0018259998178109527
1,1,DOS,Number,7.420649226332898e-05
1,1,DOS,Variance,0.009148965517670148
1,2,DOS,Header_Length,0.00958182006579591
1,2,DOS,Protocol Type,0.00196778950485168
1,2,DOS,Time_To_Live,0.004482626446406357
1,2,DOS,Rate,0.003401017478608992
1,2,DOS,fin_flag_number,0.00013282441959745485
1,2,DOS,syn_flag_number,0.008698639099020512
1,2,DOS,rst_flag_number,0.0008540725575585384
1,2,DOS,psh_flag_number,5.992593560932847e-07
1,2,DOS,ack_flag_number,0.040816671957145445
1,2,DOS,ece_flag_number,0.0
1,2,DOS,cwr_flag_number,0.0
1,2,DOS,ack_count,0.023436245303673785
1,2,DOS,syn_count,0.010101472074165941
1,2,DOS,fin_count,0.0156766053638421
1,2,DOS,rst_count,0.04936552757862955
1,2,DOS,HTTP,0.0006518729205708951
1,2,DOS,HTTPS,0.00074660108707576
1,2,DOS,DNS,8.074290480664104e-09
1,2,DOS,Telnet,0.0
1,2,DOS,SMTP,0.0
1,2,DOS,SSH,0.0
1,2,DOS,IRC,0.0
1,2,DOS,TCP,0.003927949018543586
1,2,DOS,UDP,0.04856430292129517
1,2,DOS,DHCP,0.0
1,2,DOS,ARP,4.0257775495433635e-07
1,2,DOS,ICMP,1.4493465511122849e-05
1,2,DOS,IGMP,0.0
1,2,DOS,IPv,1.2498677826044968e-07
1,2,DOS,LLC,9.610401347615039e-07
1,2,DOS,Tot sum,0.2619079837721074
1,2,DOS,Min,0.02537822974845767
1,2,DOS,Max,0.018178863544017078
1,2,DOS,AVG,0.14667553566396235
1,2,DOS,Std,0.019688290246995165
1,2,DOS,Tot size,0.08634315170347691
1,2,DOS,IAT,0.005290363778476604
1,2,DOS,Number,0.0014734895838046213
1,2,DOS,Variance,0.17682693428359925
1,3,DOS,Header_Length,0.006871966088147019
1,3,DOS,Protocol Type,0.0012471691891732916
1,3,DOS,Time_To_Live,0.002357114065989663
1,3,DOS,Rate,0.0012526139643796342
1,3,DOS,fin_flag_number,7.75487319202739e-05
1,3,DOS,syn_flag_number,0.015602394021698274
1,3,DOS,rst_flag_number,9.558561273408373e-05
1,3,DOS,psh_flag_number,0.0001397229981108694
1,3,DOS,ack_flag_number,0.007564949725929182
1,3,DOS,ece_flag_number,0.0
1,3,DOS,cwr_flag_number,0.0
1,3,DOS,ack_count,0.008827384313917719
1,3,DOS,syn_count,0.02297534128301777
1,3,DOS,fin_count,0.017370246852442504
1,3,DOS,rst_count,0.0052889660582877696
1,3,DOS,HTTP,9.143167517322581e-07
1,3,DOS,HTTPS,4.775792526068301e-06
1,3,DOS,DNS,2.941014316415469e-06
1,3,DOS,Telnet,0.0
1,3,DOS,SMTP,0.0
1,3,DOS,SSH,0.0
1,3,DOS,IRC,0.0
1,3,DOS,TCP,0.0034526685403932335
1,3,DOS,UDP,0.03869080214644782
1,3,DOS,DHCP,0.0
1,3,DOS,ARP,2.0144998454096898e-09
1,3,DOS,ICMP,0.0010577190146136672
1,3,DOS,IGMP,0.0
1,3,DOS,IPv,7.1880161822690525e-09
1,3,DOS,LLC,8.7288724165413e-10
1,3,DOS,Tot sum,0.11890931464731694
1,3,DOS,Min,0.007376618802481971
1,3,DOS,Max,0.003867859242018312
1,3,DOS,AVG,0.06335397893562913
1,3,DOS,Std,0.006471325496750069
1,3,DOS,Tot size,0.0215062469127588
1,3,DOS,IAT,0.0009050108835367609
1,3,DOS,Number,0.0
1,3,DOS,Variance,0.17317519830539824
1,4,DOS,Header_Length,0.006887624676164705
1,4,DOS,Protocol Type,0.0017293123295530678
1,4,DOS,Time_To_Live,0.013844382183924609
1,4,DOS,Rate,0.0040527044460759495
1,4,DOS,fin_flag_number,1.1030300625769485e-06
1,4,DOS,syn_flag_number,0.005368684843415394
1,4,DOS,rst_flag_number,5.282223355607129e-07
1,4,DOS,psh_flag_number,0.0
1,4,DOS,ack_flag_number,0.0007232363671391794
1,4,DOS,ece_flag_number,0.0
1,4,DOS,cwr_flag_number,0.0
1,4,DOS,ack_count,0.0027000687005056534
1,4,DOS,syn_count,0.014267291303258389
1,4,DOS,fin_count,8.710289760074374e-05
1,4,DOS,rst_count,0.0009639713913202286
1,4,DOS,HTTP,2.0415843911791855e-05
1,4,DOS,HTTPS,0.0037573834786371663
1,4,DOS,DNS,0.0
1,4,DOS,Telnet,0.0
1,4,DOS,SMTP,0.0
1,4,DOS,SSH,0.0
1,4,DOS,IRC,0.0
1,4,DOS,TCP,0.002991196800940088
1,4,DOS,UDP,0.035947074415162206
1,4,DOS,DHCP,0.0
1,4,DOS,ARP,0.0
1,4,DOS,ICMP,9.280384835506084e-05
1,4,DOS,IGMP,0.0
1,4,DOS,IPv,0.0
1,4,DOS,LLC,0.0
1,4,DOS,Tot sum,0.1280951602384448
1,4,DOS,Min,0.025679041701368987
1,4,DOS,Max,0.01398397983284667
1,4,DOS,AVG,0.08375325994566082
1,4,DOS,Std,0.019859546410589245
1,4,DOS,Tot size,0.016142604264314287
1,4,DOS,IAT,0.0027218091943723268
1,4,DOS,Number,0.0010953689583402594
1,4,DOS,Variance,0.11729413007269614
1,5,DOS,Header_Length,0.008991460718971212
1,5,DOS,Protocol Type,0.00104048073044396
1,5,DOS,Time_To_Live,0.003079460351727903
1,5,DOS,Rate,0.0034029829068458637
1,5,DOS,fin_flag_number,9.121085799961293e-05
1,5,DOS,syn_flag_number,0.01678873811615631
1,5,DOS,rst_flag_number,5.991096957131958e-05
1,5,DOS,psh_flag_number,2.639200654925844e-05
1,5,DOS,ack_flag_number,0.007182600419037044
1,5,DOS,ece_flag_number,0.0
1,5,DOS,cwr_flag_number,0.0
1,5,DOS,ack_count,0.006553051446098834
1,5,DOS,syn_count,0.023739512264728545
1,5,DOS,fin_count,0.008478944713715464
1,5,DOS,rst_count,0.006168228678870946
1,5,DOS,HTTP,1.6497666652015575e-05
1,5,DOS,HTTPS,0.0029338578973693076
1,5,DOS,DNS,8.752752663099272e-07
1,5,DOS,Telnet,0.0
1,5,DOS,SMTP,0.0
1,5,DOS,SSH,0.0
1,5,DOS,IRC,0.0
1,5,DOS,TCP,0.004420068387116771
1,5,DOS,UDP,0.06221745467919391
1,5,DOS,DHCP,0.0
1,5,DOS,ARP,2.2616798709407248e-07
1,5,DOS,ICMP,0.0014289856731011241
1,5,DOS,IGMP,0.0
1,5,DOS,IPv,4.169656314445547e-07
1,5,DOS,LLC,1.0829534472789338e-07
1,5,DOS,Tot sum,0.12121016895398498
1,5,DOS,Min,0.0012775100964063312
1,5,DOS,Max,0.008594892593100667
1,5,DOS,AVG,0.0893774322932586
1,5,DOS,Std,0.01597218494862318
1,5,DOS,Tot size,0.12320750607177615
1,5,DOS,IAT,0.0023999904748052358
1,5,DOS,Number,0.0025811185070779173
1,5,DOS,Variance,0.14448370616883038
1,1,MIRAI,Header_Length,1.266214956103795e-05
1,1,MIRAI,Protocol Type,5.9132425712959956e-05
1,1,MIRAI,Time_To_Live,4.819312082418037e-05
1,1,MIRAI,Rate,0.0001144695132097695
1,1,MIRAI,fin_flag_number,4.064310661533454e-06
1,1,MIRAI,syn_flag_number,0.0029385935515165327
1,1,MIRAI,rst_flag_number,1.7042757576746225e-06
1,1,MIRAI,psh_flag_number,2.176583769042395e-06
1,1,MIRAI,ack_flag_number,0.002388080331729725
1,1,MIRAI,ece_flag_number,0.0
1,1,MIRAI,cwr_flag_number,0.0
1,1,MIRAI,ack_count,0.0012710252864053472
1,1,MIRAI,syn_count,0.006241113936994225
1,1,MIRAI,fin_count,0.0024546782718971373
1,1,MIRAI,rst_count,0.0008730882982490584
1,1,MIRAI,HTTP,1.877424995200272e-06
1,1,MIRAI,HTTPS,1.229853540962722e-06
1,1,MIRAI,DNS,3.708913133948499e-07
1,1,MIRAI,Telnet,0.0
1,1,MIRAI,SMTP,0.0
1,1,MIRAI,SSH,0.0
1,1,MIRAI,IRC,0.0
1,1,MIRAI,TCP,2.8220185595273505e-05
1,1,MIRAI,UDP,0.000914283574820729
1,1,MIRAI,DHCP,0.0
1,1,MIRAI,ARP,8.983022549813314e-07
1,1,MIRAI,ICMP,6.041872693458572e-05
1,1,MIRAI,IGMP,8.414191334793487e-08
1,1,MIRAI,IPv,2.2328722635300834e-07
1,1,MIRAI,LLC,5.939064230631175e-07
1,1,MIRAI,Tot sum,0.29771147915162144
1,1,MIRAI,Min,0.002485352594521828
1,1,MIRAI,Max,0.007946105836890639
1,1,MIRAI,AVG,0.26363638043403625
1,1,MIRAI,Std,0.012912260612938552
1,1,MIRAI,Tot size,0.20602672547101974
1,1,MIRAI,IAT,0.0001406387288341193
1,1,MIRAI,Number,3.8312628566927744e-05
1,1,MIRAI,Variance,0.35984680950641634
1,2,MIRAI,Header_Length,4.176229685981525e-05
1,2,MIRAI,Protocol Type,0.0001303625092987204
1,2,MIRAI,Time_To_Live,0.00014326493637781824
1,2,MIRAI,Rate,7.068886469596691e-05
1,2,MIRAI,fin_flag_number,9.187189846215916e-07
1,2,MIRAI,syn_flag_number,0.0021719691168982534
1,2,MIRAI,rst_flag_number,8.590494053350994e-06
1,2,MIRAI,psh_flag_number,2.822751452136174e-07
1,2,MIRAI,ack_flag_number,0.00015240643901961448
1,2,MIRAI,ece_flag_number,0.0
1,2,MIRAI,cwr_flag_number,0.0
1,2,MIRAI,ack_count,2.5567320494701563e-05
1,2,MIRAI,syn_count,0.004727958422154188
1,2,MIRAI,fin_count,0.0008317282146890648
1,2,MIRAI,rst_count,0.0007406437503959751
1,2,MIRAI,HTTP,0.0
1,2,MIRAI,HTTPS,2.1407678957530153e-06
1,2,MIRAI,DNS,8.285860397805322e-09
1,2,MIRAI,Telnet,0.0
1,2,MIRAI,SMTP,0.0
1,2,MIRAI,SSH,0.0
1,2,MIRAI,IRC,0.0
1,2,MIRAI,TCP,7.690012621424103e-05
1,2,MIRAI,UDP,0.010408335452666506
1,2,MIRAI,DHCP,0.0
1,2,MIRAI,ARP,2.551486380397705e-07
1,2,MIRAI,ICMP,3.9616538671793933e-07
1,2,MIRAI,IGMP,6.295314847193367e-08
1,2,MIRAI,IPv,1.4768447882396173e-07
1,2,MIRAI,LLC,1.859888048905134e-07
1,2,MIRAI,Tot sum,0.46269772537052634
1,2,MIRAI,Min,0.06446916175991646
1,2,MIRAI,Max,0.010234317975118756
1,2,MIRAI,AVG,0.3411341831088066
1,2,MIRAI,Std,0.01566117217298597
1,2,MIRAI,Tot size,0.20934826955199243
1,2,MIRAI,IAT,0.00023491397969337412
1,2,MIRAI,Number,0.0005216002646193374
1,2,MIRAI,Variance,0.22569371308491099
1,3,MIRAI,Header_Length,9.879497565634664e-06
1,3,MIRAI,Protocol Type,7.267441815201891e-05
1,3,MIRAI,Time_To_Live,0.000206097242062242
1,3,MIRAI,Rate,0.00011461812318884768
1,3,MIRAI,fin_flag_number,2.844983714567206e-06
1,3,MIRAI,syn_flag_number,0.006022908957675099
1,3,MIRAI,rst_flag_number,6.527787763843662e-06
1,3,MIRAI,psh_flag_number,6.14359379369489e-06
1,3,MIRAI,ack_flag_number,0.0021646449982654302
1,3,MIRAI,ece_flag_number,0.0
1,3,MIRAI,cwr_flag_number,0.0
1,3,MIRAI,ack_count,0.0010934167803497985
1,3,MIRAI,syn_count,0.014196313539287075
1,3,MIRAI,fin_count,0.0019847210962325333
1,3,MIRAI,rst_count,0.0005224664277193369
1,3,MIRAI,HTTP,0.0
1,3,MIRAI,HTTPS,1.4812971294020372e-09
1,3,MIRAI,DNS,7.699023050200537e-08
1,3,MIRAI,Telnet,0.0
1,3,MIRAI,SMTP,0.0
1,3,MIRAI,SSH,0.0
1,3,MIRAI,IRC,0.0
1,3,MIRAI,TCP,3.12525545268727e-05
1,3,MIRAI,UDP,0.010553964029531926
1,3,MIRAI,DHCP,0.0
1,3,MIRAI,ARP,1.74147124401558e-07
1,3,MIRAI,ICMP,2.5635549457092564e-05
1,3,MIRAI,IGMP,0.0
1,3,MIRAI,IPv,4.445191491113387e-08
1,3,MIRAI,LLC,1.5320293647730355e-07
1,3,MIRAI,Tot sum,0.35452579502016307
1,3,MIRAI,Min,0.05150268360885093
1,3,MIRAI,Max,0.013177385902963579
1,3,MIRAI,AVG,0.37796890959143636
1,3,MIRAI,Std,0.011745082458946853
1,3,MIRAI,Tot size,0.22653847485780715
1,3,MIRAI,IAT,0.000164495804665421
1,3,MIRAI,Number,0.0
1,3,MIRAI,Variance,0.32373062409460546
1,4,MIRAI,Header_Length,4.660880040319171e-05
1,4,MIRAI,Protocol Type,0.0001952077611349523
1,4,MIRAI,Time_To_Live,0.00020019890725961887
1,4,MIRAI,Rate,0.00011508606949064414
1,4,MIRAI,fin_flag_number,3.033431976717793e-08
1,4,MIRAI,syn_flag_number,0.0034955055452883244
1,4,MIRAI,rst_flag_number,0.0
1,4,MIRAI,psh_flag_number,2.4514162078048685e-07
1,4,MIRAI,ack_flag_number,0.00024340469790331553
1,4,MIRAI,ece_flag_number,0.0
1,4,MIRAI,cwr_flag_number,0.0
1,4,MIRAI,ack_count,3.1399938598042355e-05
1,4,MIRAI,syn_count,0.013382961880415678
1,4,MIRAI,fin_count,1.2770721332344692e-05
1,4,MIRAI,rst_count,0.0
1,4,MIRAI,HTTP,1.1649927778023539e-07
1,4,MIRAI,HTTPS,3.420480442173357e-06
1,4,MIRAI,DNS,3.0460494571116213e-09
1,4,MIRAI,Telnet,0.0
1,4,MIRAI,SMTP,0.0
1,4,MIRAI,SSH,0.0
1,4,MIRAI,IRC,0.0
1,4,MIRAI,TCP,5.618626673822291e-05
1,4,MIRAI,UDP,0.020756639167666437
1,4,MIRAI,DHCP,8.123426908923647e-09
1,4,MIRAI,ARP,1.2582657973325695e-07
1,4,MIRAI,ICMP,6.48443767659046e-07
1,4,MIRAI,IGMP,1.7776987988327163e-07
1,4,MIRAI,IPv,6.11585051046859e-08
1,4,MIRAI,LLC,1.4132372143649264e-07
1,4,MIRAI,Tot sum,0.6264990344643593
1,4,MIRAI,Min,0.08712506758165546
1,4,MIRAI,Max,0.01747976616024971
1,4,MIRAI,AVG,0.5462723523378372
1,4,MIRAI,Std,0.021251130470773205
1,4,MIRAI,Tot size,0.1823230989277363
1,4,MIRAI,IAT,0.0003004251631864463
1,4,MIRAI,Number,0.0006850469289929606
1,4,MIRAI,Variance,0.345636086165905
1,5,MIRAI,Header_Length,1.2284600620660057e-05
1,5,MIRAI,Protocol Type,8.301685056721908e-05
1,5,MIRAI,Time_To_Live,0.0009687934114481322
1,5,MIRAI,Rate,7.885082468419568e-05
1,5,MIRAI,fin_flag_number,9.950372685807451e-07
1,5,MIRAI,syn_flag_number,0.002385805989615619
1,5,MIRAI,rst_flag_number,5.646965041705698e-06
1,5,MIRAI,psh_flag_number,2.3713174641670776e-06
1,5,MIRAI,ack_flag_number,0.001520610356965335
1,5,MIRAI,ece_flag_number,0.0
1,5,MIRAI,cwr_flag_number,0.0
1,5,MIRAI,ack_count,0.0004511009916768671
1,5,MIRAI,syn_count,0.005595238124078606
1,5,MIRAI,fin_count,0.002086027021869086
1,5,MIRAI,rst_count,0.0005946217099335627
1,5,MIRAI,HTTP,2.865571421262203e-08
1,5,MIRAI,HTTPS,1.0209010724793188e-05
1,5,MIRAI,DNS,2.72343827845134e-07
1,5,MIRAI,Telnet,0.0
1,5,MIRAI,SMTP,0.0
1,5,MIRAI,SSH,0.0
1,5,MIRAI,IRC,0.0
1,5,MIRAI,TCP,3.3759247196485374e-05
1,5,MIRAI,UDP,0.005197100716759451
1,5,MIRAI,DHCP,0.0
1,5,MIRAI,ARP,3.2836586036921746e-07
1,5,MIRAI,ICMP,3.1632725767849476e-05
1,5,MIRAI,IGMP,0.0
1,5,MIRAI,IPv,6.54447366965627e-08
1,5,MIRAI,LLC,4.3460504635106644e-07
1,5,MIRAI,Tot sum,0.3916770849376917
1,5,MIRAI,Min,0.002342587782914052
1,5,MIRAI,Max,0.007544099725782872
1,5,MIRAI,AVG,0.16678958684206008
1,5,MIRAI,Std,0.008598272781819105
1,5,MIRAI,Tot size,0.2267223611474037
1,5,MIRAI,IAT,0.0016897345019970089
1,5,MIRAI,Number,0.0013384898707954561
1,5,MIRAI,Variance,0.36499446830712257
1,1,RECON,Header_Length,8.826113643181088e-05
1,1,RECON,Protocol Type,4.955214629518423e-05
1,1,RECON,Time_To_Live,0.004256149314073809
1,1,RECON,Rate,0.00027813216737513355
1,1,RECON,fin_flag_number,3.632856214463853e-06
1,1,RECON,syn_flag_number,0.0018598427517213523
1,1,RECON,rst_flag_number,1.8415306136887466e-05
1,1,RECON,psh_flag_number,1.383542085022782e-05
1,1,RECON,ack_flag_number,0.026211852788401303
1,1,RECON,ece_flag_number,0.0
1,1,RECON,cwr_flag_number,0.0
1,1,RECON,ack_count,0.0012239018076115825
1,1,RECON,syn_count,0.00465344801050378
1,1,RECON,fin_count,0.0014020793807503651
1,1,RECON,rst_count,0.0013419749979220797
1,1,RECON,HTTP,9.271683733658165e-06
1,1,RECON,HTTPS,2.7123078962887347e-05
1,1,RECON,DNS,2.0507514526491023e-05
1,1,RECON,Telnet,0.0
1,1,RECON,SMTP,0.0
1,1,RECON,SSH,0.0
1,1,RECON,IRC,0.0
1,1,RECON,TCP,6.276785713765776e-05
1,1,RECON,UDP,0.0012173471537678892
1,1,RECON,DHCP,0.0
1,1,RECON,ARP,2.5876034620608834e-05
1,1,RECON,ICMP,9.795260376677106e-05
1,1,RECON,IGMP,1.5915624389517547e-07
1,1,RECON,IPv,3.321710411263723e-06
1,1,RECON,LLC,7.245285889512232e-06
1,1,RECON,Tot sum,0.30344289052300155
1,1,RECON,Min,0.00023461657922325686
1,1,RECON,Max,0.0014543710894940887
1,1,RECON,AVG,0.008765692570887041
1,1,RECON,Std,0.009119738801382482
1,1,RECON,Tot size,0.02638398373965174
1,1,RECON,IAT,0.07635031233076006
1,1,RECON,Number,0.008272611070424318
1,1,RECON,Variance,0.14917423510923983
1,2,RECON,Header_Length,5.468588462349544e-05
1,2,RECON,Protocol Type,1.6911187972823428e-05
1,2,RECON,Time_To_Live,0.0023786926572029188
1,2,RECON,Rate,0.0001889462946905951
1,2,RECON,fin_flag_number,1.1986114780704327e-06
1,2,RECON,syn_flag_number,0.0014374622529658154
1,2,RECON,rst_flag_number,0.0001735042045452495
1,2,RECON,psh_flag_number,4.375011689472519e-06
1,2,RECON,ack_flag_number,0.03206087507496704
1,2,RECON,ece_flag_number,0.0
1,2,RECON,cwr_flag_number,0.0
1,2,RECON,ack_count,0.001066424750575834
1,2,RECON,syn_count,0.0017011334040944349
1,2,RECON,fin_count,0.0002602386693610015
1,2,RECON,rst_count,0.0007763004646903938
1,2,RECON,HTTP,1.5001543033577037e-06
1,2,RECON,HTTPS,6.688408393529244e-06
1,2,RECON,DNS,7.868983951109242e-08
1,2,RECON,Telnet,0.0
1,2,RECON,SMTP,0.0
1,2,RECON,SSH,0.0
1,2,RECON,IRC,0.0
1,2,RECON,TCP,3.95383502579616e-05
1,2,RECON,UDP,0.0009867924751119973
1,2,RECON,DHCP,0.0
1,2,RECON,ARP,3.458610746153168e-05
1,2,RECON,ICMP,4.3517165195239295e-07
1,2,RECON,IGMP,0.0
1,2,RECON,IPv,9.844258726099397e-06
1,2,RECON,LLC,2.3746380097736107e-06
1,2,RECON,Tot sum,0.1793159546433003
1,2,RECON,Min,0.0005076051993455621
1,2,RECON,Max,0.0009302725666202605
1,2,RECON,AVG,0.005620871491737489
1,2,RECON,Std,0.004501984943635762
1,2,RECON,Tot size,0.007416515373915899
1,2,RECON,IAT,0.0038971920359472277
1,2,RECON,Number,0.015022740726999472
1,2,RECON,Variance,0.18486334793269635
1,3,RECON,Header_Length,7.042886217334399e-05
1,3,RECON,Protocol Type,7.896268880802636e-06
1,3,RECON,Time_To_Live,0.009057605472509066
1,3,RECON,Rate,0.00015377198897112976
1,3,RECON,fin_flag_number,6.856439937541481e-06
1,3,RECON,syn_flag_number,0.005082328041790163
1,3,RECON,rst_flag_number,2.5312230722351893e-05
1,3,RECON,psh_flag_number,3.40367084046278e-06
1,3,RECON,ack_flag_number,0.015928515873974904
1,3,RECON,ece_flag_number,0.0
1,3,RECON,cwr_flag_number,0.0
1,3,RECON,ack_count,0.00029496844737195713
1,3,RECON,syn_count,0.005545164391571688
1,3,RECON,fin_count,0.0008772747588935203
1,3,RECON,rst_count,0.0009239670823447454
1,3,RECON,HTTP,2.5955201721217236e-07
1,3,RECON,HTTPS,1.2536567948728817e-05
1,3,RECON,DNS,2.4273264588231536e-05
1,3,RECON,Telnet,0.0
1,3,RECON,SMTP,0.0
1,3,RECON,SSH,0.0
1,3,RECON,IRC,0.0
1,3,RECON,TCP,4.579112515052941e-05
1,3,RECON,UDP,0.0012787953345242188
1,3,RECON,DHCP,0.0
1,3,RECON,ARP,5.741814845557254e-05
1,3,RECON,ICMP,2.8194837057515798e-05
1,3,RECON,IGMP,1.1374682799214498e-06
1,3,RECON,IPv,2.54588128988968e-05
1,3,RECON,LLC,2.9684875096937496e-06
1,3,RECON,Tot sum,0.1463962352645467
1,3,RECON,Min,0.0002410898550678553
1,3,RECON,Max,0.001208497655534302
1,3,RECON,AVG,0.007522470359072031
1,3,RECON,Std,0.008108475187327713
1,3,RECON,Tot size,0.005353420652681962
1,3,RECON,IAT,0.01734062766545321
1,3,RECON,Number,0.011237465552903813
1,3,RECON,Variance,0.042915016897313765
1,4,RECON,Header_Length,1.4292901285561931e-05
1,4,RECON,Protocol Type,5.3555550830086675e-06
1,4,RECON,Time_To_Live,0.015852899926788667
1,4,RECON,Rate,8.22153836965267e-05
1,4,RECON,fin_flag_number,8.748920672067817e-07
1,4,RECON,syn_flag_number,0.003227043118043582
1,4,RECON,rst_flag_number,4.948647401761264e-05
1,4,RECON,psh_flag_number,1.669325314423986e-07
1,4,RECON,ack_flag_number,0.016555286315212924
1,4,RECON,ece_flag_number,0.0
1,4,RECON,cwr_flag_number,0.0
1,4,RECON,ack_count,0.0002759254888076157
1,4,RECON,syn_count,0.0016703615175515552
1,4,RECON,fin_count,2.7331740634452262e-05
1,4,RECON,rst_count,0.0005230010719969869
1,4,RECON,HTTP,2.5395964429668177e-07
1,4,RECON,HTTPS,5.594876685099948e-06
1,4,RECON,DNS,1.9855537175317294e-06
1,4,RECON,Telnet,0.0
1,4,RECON,SMTP,0.0
1,4,RECON,SSH,0.0
1,4,RECON,IRC,0.0
1,4,RECON,TCP,3.870354714474722e-05
1,4,RECON,UDP,0.0010682029914697467
1,4,RECON,DHCP,0.0
1,4,RECON,ARP,1.4788277439947706e-05
1,4,RECON,ICMP,2.9217043494914053e-07
1,4,RECON,IGMP,0.0
1,4,RECON,IPv,4.647192713491677e-06
1,4,RECON,LLC,9.806240996113048e-07
1,4,RECON,Tot sum,0.06585305256448919
1,4,RECON,Min,7.916579719160488e-05
1,4,RECON,Max,0.00022609840843870188
1,4,RECON,AVG,0.0008087798174159389
1,4,RECON,Std,0.0014820976233750117
1,4,RECON,Tot size,0.0006475124348071404
1,4,RECON,IAT,0.007585947245876312
1,4,RECON,Number,0.014342166727072937
1,4,RECON,Variance,0.007476625205890741
1,5,RECON,Header_Length,5.8948090401145234e-05
1,5,RECON,Protocol Type,1.291132669223316e-05
1,5,RECON,Time_To_Live,0.01050428003673005
1,5,RECON,Rate,0.00022645232803597537
1,5,RECON,fin_flag_number,3.961662208107342e-06
1,5,RECON,syn_flag_number,0.0034206776481141787
1,5,RECON,rst_flag_number,2.12543343065974e-05
1,5,RECON,psh_flag_number,2.7946278322588114e-06
1,5,RECON,ack_flag_number,0.014391187897854252
1,5,RECON,ece_flag_number,0.0
1,5,RECON,cwr_flag_number,0.0
1,5,RECON,ack_count,0.00042437353844917427
1,5,RECON,syn_count,0.00245224862219402
1,5,RECON,fin_count,0.0003796778856212768
1,5,RECON,rst_count,0.0004801481382401107
1,5,RECON,HTTP,1.419773352984155e-06
1,5,RECON,HTTPS,2.2328830476681104e-05
1,5,RECON,DNS,9.573699654907842e-06
1,5,RECON,Telnet,0.0
1,5,RECON,SMTP,0.0
1,5,RECON,SSH,0.0
1,5,RECON,IRC,0.0
1,5,RECON,TCP,2.5547352873900308e-05
1,5,RECON,UDP,0.0004373445985493163
1,5,RECON,DHCP,0.0
1,5,RECON,ARP,2.744651651376273e-05
1,5,RECON,ICMP,4.820489883157197e-05
1,5,RECON,IGMP,0.0
1,5,RECON,IPv,9.036851600052742e-06
1,5,RECON,LLC,6.177846336963277e-06
1,5,RECON,Tot sum,0.1504853817401454
1,5,RECON,Min,0.00026933251492664565
1,5,RECON,Max,0.0012782993959262966
1,5,RECON,AVG,0.016890771011821924
1,5,RECON,Std,0.008961630973499269
1,5,RECON,Tot size,0.010468353002215736
1,5,RECON,IAT,0.0326357169644325
1,5,RECON,Number,0.0064949835033985435
1,5,RECON,Variance,0.06374073317274451
1,1,SPOOFING,Header_Length,1.983189274001873e-06
1,1,SPOOFING,Protocol Type,4.3864878543353746e-08
1,1,SPOOFING,Time_To_Live,3.926612349669511e-06
1,1,SPOOFING,Rate,6.78490648358121e-06
1,1,SPOOFING,fin_flag_number,1.0467214274778591e-07
1,1,SPOOFING,syn_flag_number,3.7926229818907586e-05
1,1,SPOOFING,rst_flag_number,2.5375462472387864e-07
1,1,SPOOFING,psh_flag_number,7.930382073806363e-08
1,1,SPOOFING,ack_flag_number,6.94859571282791e-05
1,1,SPOOFING,ece_flag_number,0.0
1,1,SPOOFING,cwr_flag_number,0.0
1,1,SPOOFING,ack_count,1.276182801355219e-05
1,1,SPOOFING,syn_count,2.5904268601095736e-05
1,1,SPOOFING,fin_count,1.8373139748284472e-06
1,1,SPOOFING,rst_count,3.1430348164462886e-05
1,1,SPOOFING,HTTP,4.901974451267804e-08
1,1,SPOOFING,HTTPS,4.6048489074079766e-07
1,1,SPOOFING,DNS,2.2132892628021205e-10
1,1,SPOOFING,Telnet,0.0
1,1,SPOOFING,SMTP,0.0
1,1,SPOOFING,SSH,0.0
1,1,SPOOFING,IRC,0.0
1,1,SPOOFING,TCP,2.486444770077867e-07
1,1,SPOOFING,UDP,1.0834522007563408e-06
1,1,SPOOFING,DHCP,0.0
1,1,SPOOFING,ARP,1.0023710201451098e-08
1,1,SPOOFING,ICMP,1.4077246341948068e-07
1,1,SPOOFING,IGMP,2.3260632959695714e-11
1,1,SPOOFING,IPv,9.248242992775103e-09
1,1,SPOOFING,LLC,4.985910011245931e-09
1,1,SPOOFING,Tot sum,0.0001888735740294578
1,1,SPOOFING,Min,6.579607756262984e-06
1,1,SPOOFING,Max,7.6158029060025e-06
1,1,SPOOFING,AVG,5.019217501285311e-05
1,1,SPOOFING,Std,2.966868895555308e-05
1,1,SPOOFING,Tot size,5.694127589777054e-05
1,1,SPOOFING,IAT,5.064395995297843e-05
1,1,SPOOFING,Number,4.904292670175892e-05
1,1,SPOOFING,Variance,0.0002166005397157278
1,2,SPOOFING,Header_Length,6.988717236708908e-05
1,2,SPOOFING,Protocol Type,1.5052587491481972e-05
1,2,SPOOFING,Time_To_Live,0.0013362136082832876
1,2,SPOOFING,Rate,0.0001449317969843378
1,2,SPOOFING,fin_flag_number,1.8042497877956976e-06
1,2,SPOOFING,syn_flag_number,0.0010060452168545453
1,2,SPOOFING,rst_flag_number,1.088447697554784e-05
1,2,SPOOFING,psh_flag_number,1.2294996042250262e-05
1,2,SPOOFING,ack_flag_number,0.013382169638134656
1,2,SPOOFING,ece_flag_number,5.308680192683823e-06
1,2,SPOOFING,cwr_flag_number,4.3602391087915745e-06
1,2,SPOOFING,ack_count,0.00038691634335918934
1,2,SPOOFING,syn_count,0.0035411622156971134
1,2,SPOOFING,fin_count,0.0004315826517085952
1,2,SPOOFING,rst_count,0.0006480141144493245
1,2,SPOOFING,HTTP,0.0
1,2,SPOOFING,HTTPS,1.9863265846709056e-05
1,2,SPOOFING,DNS,7.4720790703738936e-06
1,2,SPOOFING,Telnet,0.0
1,2,SPOOFING,SMTP,0.0
1,2,SPOOFING,SSH,0.0
1,2,SPOOFING,IRC,0.0
1,2,SPOOFING,TCP,3.34842173026928e-05
1,2,SPOOFING,UDP,0.001155368700347026
1,2,SPOOFING,DHCP,0.0
1,2,SPOOFING,ARP,1.663206189518873e-05
1,2,SPOOFING,ICMP,3.397341008950505e-05
1,2,SPOOFING,IGMP,0.0
1,2,SPOOFING,IPv,1.3066077509504837e-06
1,2,SPOOFING,LLC,4.590863726561094e-07
1,2,SPOOFING,Tot sum,0.10715228085173294
1,2,SPOOFING,Min,0.004308934737673553
1,2,SPOOFING,Max,0.005869702564086765
1,2,SPOOFING,AVG,0.07074599738698453
1,2,SPOOFING,Std,0.024542835913598536
1,2,SPOOFING,Tot size,0.03968370571092237
1,2,SPOOFING,IAT,0.0394310114549171
1,2,SPOOFING,Number,0.019753292403765953
1,2,SPOOFING,Variance,0.14634912442415954
1,3,SPOOFING,Header_Length,0.0002103220363778746
1,3,SPOOFING,Protocol Type,6.178717561766689e-05
1,3,SPOOFING,Time_To_Live,0.0003045179959372035
1,3,SPOOFING,Rate,0.00025111472670005244
1,3,SPOOFING,fin_flag_number,5.363928238466542e-06
1,3,SPOOFING,syn_flag_number,0.00401424757874338
1,3,SPOOFING,rst_flag_number,2.16695348044027e-05
1,3,SPOOFING,psh_flag_number,9.61819422826693e-06
1,3,SPOOFING,ack_flag_number,0.002445933474507456
1,3,SPOOFING,ece_flag_number,0.0
1,3,SPOOFING,cwr_flag_number,0.0
1,3,SPOOFING,ack_count,0.0006053383844687232
1,3,SPOOFING,syn_count,0.013038680286263116
1,3,SPOOFING,fin_count,0.001848915538903384
1,3,SPOOFING,rst_count,0.0011414458469062084
1,3,SPOOFING,HTTP,6.784620381949935e-07
1,3,SPOOFING,HTTPS,1.0594615423542563e-05
1,3,SPOOFING,DNS,4.3332520758276873e-07
1,3,SPOOFING,Telnet,0.0
1,3,SPOOFING,SMTP,0.0
1,3,SPOOFING,SSH,0.0
1,3,SPOOFING,IRC,0.0
1,3,SPOOFING,TCP,0.00013249825705656803
1,3,SPOOFING,UDP,0.00049781394754973
1,3,SPOOFING,DHCP,0.0
1,3,SPOOFING,ARP,9.758100352613708e-07
1,3,SPOOFING,ICMP,0.00012995386027796484
1,3,SPOOFING,IGMP,0.0
1,3,SPOOFING,IPv,2.1981335776605217e-06
1,3,SPOOFING,LLC,1.3889592872847605e-07
1,3,SPOOFING,Tot sum,0.0896987799089402
1,3,SPOOFING,Min,0.002240525514730507
1,3,SPOOFING,Max,0.003549415909219533
1,3,SPOOFING,AVG,0.04937202446162701
1,3,SPOOFING,Std,0.015350152144674212
1,3,SPOOFING,Tot size,0.03029825435951352
1,3,SPOOFING,IAT,0.0013344856081943135
1,3,SPOOFING,Number,0.021368176641408353
1,3,SPOOFING,Variance,0.07866867962293327
1,4,SPOOFING,Header_Length,3.2538709245955036e-05
1,4,SPOOFING,Protocol Type,6.4020979263546e-05
1,4,SPOOFING,Time_To_Live,0.019871698412430305
1,4,SPOOFING,Rate,0.0013589538389055633
1,4,SPOOFING,fin_flag_number,8.638320019571654e-08
1,4,SPOOFING,syn_flag_number,0.002854710203973809
1,4,SPOOFING,rst_flag_number,1.3027847671764903e-06
1,4,SPOOFING,psh_flag_number,3.336504210977864e-05
1,4,SPOOFING,ack_flag_number,0.008724448952852982
1,4,SPOOFING,ece_flag_number,0.0
1,4,SPOOFING,cwr_flag_number,0.0
1,4,SPOOFING,ack_count,0.001140514421967964
1,4,SPOOFING,syn_count,0.010167145330342464
1,4,SPOOFING,fin_count,4.934708962878176e-06
1,4,SPOOFING,rst_count,2.541160210967064e-06
1,4,SPOOFING,HTTP,4.80991998064173e-06
1,4,SPOOFING,HTTPS,5.375115185515256e-05
1,4,SPOOFING,DNS,2.6905824967116133e-06
1,4,SPOOFING,Telnet,0.0
1,4,SPOOFING,SMTP,0.0
1,4,SPOOFING,SSH,0.0
1,4,SPOOFING,IRC,0.0
1,4,SPOOFING,TCP,0.00017655366476105884
1,4,SPOOFING,UDP,0.004193148321064655
1,4,SPOOFING,DHCP,0.0
1,4,SPOOFING,ARP,5.4780055506853385e-06
1,4,SPOOFING,ICMP,3.2886420537892036e-06
1,4,SPOOFING,IGMP,0.0
1,4,SPOOFING,IPv,2.414057689748006e-06
1,4,SPOOFING,LLC,3.655259024526458e-06
1,4,SPOOFING,Tot sum,0.1766083068854641
1,4,SPOOFING,Min,0.020806138684838514
1,4,SPOOFING,Max,0.007778386934660375
1,4,SPOOFING,AVG,0.14409199925139546
1,4,SPOOFING,Std,0.03019113321788609
1,4,SPOOFING,Tot size,0.10916482331231236
1,4,SPOOFING,IAT,0.055297856335891994
1,4,SPOOFING,Number,0.04278566856810358
1,4,SPOOFING,Variance,0.23590725143440067
1,5,SPOOFING,Header_Length,0.00028875955988496573
1,5,SPOOFING,Protocol Type,7.3505415474350855e-06
1,5,SPOOFING,Time_To_Live,0.0006307550939368411
1,5,SPOOFING,Rate,0.0007721892577364997
1,5,SPOOFING,fin_flag_number,1.3280826379968858e-06
1,5,SPOOFING,syn_flag_number,0.000386692442043568
1,5,SPOOFING,rst_flag_number,1.2759851060195615e-05
1,5,SPOOFING,psh_flag_number,3.3643190016530157e-06
1,5,SPOOFING,ack_flag_number,0.007170713358573266
1,5,SPOOFING,ece_flag_number,0.0
1,5,SPOOFING,cwr_flag_number,0.0
1,5,SPOOFING,ack_count,0.0008122369476950553
1,5,SPOOFING,syn_count,0.004423365120237577
1,5,SPOOFING,fin_count,0.0009854178786554257
1,5,SPOOFING,rst_count,0.0007843659289392235
1,5,SPOOFING,HTTP,3.2800064717397603e-06
1,5,SPOOFING,HTTPS,3.389981622072824e-05
1,5,SPOOFING,DNS,1.054421796453653e-06
1,5,SPOOFING,Telnet,0.0
1,5,SPOOFING,SMTP,0.0
1,5,SPOOFING,SSH,0.0
1,5,SPOOFING,IRC,0.0
1,5,SPOOFING,TCP,0.0001288107871815214
1,5,SPOOFING,UDP,0.00018025202930402884
1,5,SPOOFING,DHCP,0.0
1,5,SPOOFING,ARP,6.878779802654833e-07
1,5,SPOOFING,ICMP,7.967626598883725e-05
1,5,SPOOFING,IGMP,0.0
1,5,SPOOFING,IPv,1.760068277678606e-07
1,5,SPOOFING,LLC,1.5707853839863617e-07
1,5,SPOOFING,Tot sum,0.028442750446265562
1,5,SPOOFING,Min,0.0006960324815736385
1,5,SPOOFING,Max,0.0011768696596845985
1,5,SPOOFING,AVG,0.011091573499288642
1,5,SPOOFING,Std,0.006620324729010463
1,5,SPOOFING,Tot size,0.01055854051373899
1,5,SPOOFING,IAT,0.00794295473897364
1,5,SPOOFING,Number,0.012819492541534316
1,5,SPOOFING,Variance,0.01637194076902233
1,1,WEB,Header_Length,3.171585648242825e-06
1,1,WEB,Protocol Type,7.621115560740854e-07
1,1,WEB,Time_To_Live,2.0044785622985727e-05
1,1,WEB,Rate,2.941145971799841e-05
1,1,WEB,fin_flag_number,2.2022115216194237e-07
1,1,WEB,syn_flag_number,0.0009114897230460883
1,1,WEB,rst_flag_number,8.30279049717636e-07
1,1,WEB,psh_flag_number,4.466467834707277e-06
1,1,WEB,ack_flag_number,0.002251250099988056
1,1,WEB,ece_flag_number,0.0
1,1,WEB,cwr_flag_number,0.0
1,1,WEB,ack_count,0.00020363582693079253
1,1,WEB,syn_count,0.00033632874186082515
1,1,WEB,fin_count,0.00031317118381366524
1,1,WEB,rst_count,8.972561722870864e-05
1,1,WEB,HTTP,1.674100313434762e-06
1,1,WEB,HTTPS,3.780578100576193e-07
1,1,WEB,DNS,4.914594396113886e-09
1,1,WEB,Telnet,0.0
1,1,WEB,SMTP,0.0
1,1,WEB,SSH,0.0
1,1,WEB,IRC,0.0
1,1,WEB,TCP,1.2133795111024525e-05
1,1,WEB,UDP,2.8893316302755488e-05
1,1,WEB,DHCP,0.0
1,1,WEB,ARP,2.249256565670793e-08
1,1,WEB,ICMP,1.578743659602644e-05
1,1,WEB,IGMP,4.0642787270221695e-09
1,1,WEB,IPv,2.0384248979668508e-07
1,1,WEB,LLC,3.06839084002631e-08
1,1,WEB,Tot sum,0.0394250675272815
1,1,WEB,Min,0.04485659194294263
1,1,WEB,Max,0.004419275562073288
1,1,WEB,AVG,0.03143506765518396
1,1,WEB,Std,4.110067470719514e-05
1,1,WEB,Tot size,0.06225491324767063
1,1,WEB,IAT,0.00013183874821223184
1,1,WEB,Number,0.003116123942322702
1,1,WEB,Variance,0.007107244222424924
1,2,WEB,Header_Length,1.5087679764747009e-05
1,2,WEB,Protocol Type,1.8371014820672827e-05
1,2,WEB,Time_To_Live,0.005771114237359143
1,2,WEB,Rate,9.223680406194035e-05
1,2,WEB,fin_flag_number,1.3364177843477877e-06
1,2,WEB,syn_flag_number,0.0008463406165901688
1,2,WEB,rst_flag_number,2.6913521431026764e-06
1,2,WEB,psh_flag_number,2.6604343927161268e-05
1,2,WEB,ack_flag_number,0.006824487296398729
1,2,WEB,ece_flag_number,0.0
1,2,WEB,cwr_flag_number,0.0
1,2,WEB,ack_count,0.000525446143183217
1,2,WEB,syn_count,0.0004643715254132985
1,2,WEB,fin_count,0.00039892460763439884
1,2,WEB,rst_count,0.0003717455966580019
1,2,WEB,HTTP,6.236755467625699e-09
1,2,WEB,HTTPS,6.391423898577386e-06
1,2,WEB,DNS,1.4772959803050628e-05
1,2,WEB,Telnet,0.0
1,2,WEB,SMTP,0.0
1,2,WEB,SSH,0.0
1,2,WEB,IRC,0.0
1,2,WEB,TCP,2.4346374399897285e-05
1,2,WEB,UDP,0.000513034562482062
1,2,WEB,DHCP,0.0
1,2,WEB,ARP,3.9961788077441666e-06
1,2,WEB,ICMP,1.7208794674239412e-05
1,2,WEB,IGMP,0.0
1,2,WEB,IPv,5.755961608299581e-06
1,2,WEB,LLC,3.5488319510504177e-06
1,2,WEB,Tot sum,0.06162206563167274
1,2,WEB,Min,0.002640471631275432
1,2,WEB,Max,0.0014656332496087998
1,2,WEB,AVG,0.03534925759304315
1,2,WEB,Std,0.006326086155604571
1,2,WEB,Tot size,0.050858345325104894
1,2,WEB,IAT,0.11948157229926437
1,2,WEB,Number,0.009440119903977973
1,2,WEB,Variance,0.1518546213861555
1,3,WEB,Header_Length,2.9907672751683376e-07
1,3,WEB,Protocol Type,2.185232095108791e-07
1,3,WEB,Time_To_Live,5.410009865158827e-05
1,3,WEB,Rate,6.032631307079095e-07
1,3,WEB,fin_flag_number,7.246809254762843e-09
1,3,WEB,syn_flag_number,1.032267945610954e-05
1,3,WEB,rst_flag_number,4.8328155421994975e-09
1,3,WEB,psh_flag_number,3.9075538380266975e-08
1,3,WEB,ack_flag_number,5.004590545922838e-05
1,3,WEB,ece_flag_number,0.0
1,3,WEB,cwr_flag_number,0.0
1,3,WEB,ack_count,2.064631806577566e-05
1,3,WEB,syn_count,1.300201057574668e-05
1,3,WEB,fin_count,2.883939531983515e-06
1,3,WEB,rst_count,5.386247643457409e-07
1,3,WEB,HTTP,4.3109680092356936e-08
1,3,WEB,HTTPS,2.7848212198477994e-07
1,3,WEB,DNS,3.808478812601223e-09
1,3,WEB,Telnet,0.0
1,3,WEB,SMTP,0.0
1,3,WEB,SSH,0.0
1,3,WEB,IRC,0.0
1,3,WEB,TCP,9.478802845963585e-08
1,3,WEB,UDP,7.464455106642731e-06
1,3,WEB,DHCP,0.0
1,3,WEB,ARP,1.1077396696709189e-08
1,3,WEB,ICMP,1.5742266564755525e-07
1,3,WEB,IGMP,0.0
1,3,WEB,IPv,2.3281662032330428e-08
1,3,WEB,LLC,1.9879911189494913e-09
1,3,WEB,Tot sum,0.00018400163343130772
1,3,WEB,Min,2.7219189320248914e-07
1,3,WEB,Max,5.6068325136493515e-06
1,3,WEB,AVG,8.149465265887557e-05
1,3,WEB,Std,4.4027312605976475e-05
1,3,WEB,Tot size,0.0002032164333286346
1,3,WEB,IAT,0.00024268060228678224
1,3,WEB,Number,0.00011905348559366757
1,3,WEB,Variance,0.0002782942221529083
1,4,WEB,Header_Length,6.891635387233919e-05
1,4,WEB,Protocol Type,3.7453001178100466e-05
1,4,WEB,Time_To_Live,0.0016487619660665587
1,4,WEB,Rate,8.786185516775901e-05
1,4,WEB,fin_flag_number,1.987002741172389e-06
1,4,WEB,syn_flag_number,0.001274102472461891
1,4,WEB,rst_flag_number,0.0
1,4,WEB,psh_flag_number,2.6842658664349982e-05
1,4,WEB,ack_flag_number,0.005507498108090658
1,4,WEB,ece_flag_number,0.0
1,4,WEB,cwr_flag_number,0.0
1,4,WEB,ack_count,0.0005901427597564179
1,4,WEB,syn_count,0.0010308543331696285
1,4,WEB,fin_count,7.415835563229223e-05
1,4,WEB,rst_count,0.0
1,4,WEB,HTTP,1.4170248443320932e-05
1,4,WEB,HTTPS,1.7517026345004183e-05
1,4,WEB,DNS,9.439524751542194e-06
1,4,WEB,Telnet,0.0
1,4,WEB,SMTP,0.0
1,4,WEB,SSH,0.0
1,4,WEB,IRC,0.0
1,4,WEB,TCP,2.6905628979889684e-05
1,4,WEB,UDP,0.0005379474105183136
1,4,WEB,DHCP,0.0
1,4,WEB,ARP,6.818190104240784e-06
1,4,WEB,ICMP,5.098278888682195e-06
1,4,WEB,IGMP,0.0
1,4,WEB,IPv,1.1562030704226344e-05
1,4,WEB,LLC,2.216684688960413e-06
1,4,WEB,Tot sum,0.03653201643119246
1,4,WEB,Min,0.008314088542380915
1,4,WEB,Max,0.0018642531391378724
1,4,WEB,AVG,0.02856796185078565
1,4,WEB,Std,0.009002897826576373
1,4,WEB,Tot size,0.03995364272268489
1,4,WEB,IAT,0.062377275690755594
1,4,WEB,Number,0.017494930997509074
1,4,WEB,Variance,0.06047342777019367
1,5,WEB,Header_Length,1.9300049913795192e-05
1,5,WEB,Protocol Type,4.845023465804843e-06
1,5,WEB,Time_To_Live,0.004081077431146695
1,5,WEB,Rate,2.0027915039344534e-05
1,5,WEB,fin_flag_number,1.3724023500749637e-06
1,5,WEB,syn_flag_number,0.0002166514193788771
1,5,WEB,rst_flag_number,1.262990096151384e-06
1,5,WEB,psh_flag_number,3.310423964020259e-06
1,5,WEB,ack_flag_number,0.002437934500630945
1,5,WEB,ece_flag_number,0.0
1,5,WEB,cwr_flag_number,0.0
1,5,WEB,ack_count,9.281073364491022e-05
1,5,WEB,syn_count,0.00022784950522236613
1,5,WEB,fin_count,0.00013251120612949306
1,5,WEB,rst_count,0.00012231883767981343
1,5,WEB,HTTP,4.36289239402754e-08
1,5,WEB,HTTPS,8.387288283984163e-06
1,5,WEB,DNS,5.530838936840254e-06
1,5,WEB,Telnet,0.0
1,5,WEB,SMTP,0.0
1,5,WEB,SSH,0.0
1,5,WEB,IRC,0.0
1,5,WEB,TCP,4.083800198628751e-06
1,5,WEB,UDP,9.625976175016149e-05
1,5,WEB,DHCP,0.0
1,5,WEB,ARP,4.30470607442994e-07
1,5,WEB,ICMP,3.215677402668149e-06
1,5,WEB,IGMP,0.0
1,5,WEB,IPv,2.167657823820557e-06
1,5,WEB,LLC,1.2915144049052696e-06
1,5,WEB,Tot sum,0.018312374758352234
1,5,WEB,Min,6.074134722666713e-06
1,5,WEB,Max,0.00031055441868375053
1,5,WEB,AVG,0.008396019239444285
1,5,WEB,Std,0.0004509079257786652
1,5,WEB,Tot size,0.015146104211453348
1,5,WEB,IAT,0.0436316670908127
1,5,WEB,Number,0.004769576424405386
1,5,WEB,Variance,0.05039097601547837
2,1,BENIGN,Header_Length,4.6613968950737214e-05
2,1,BENIGN,Protocol Type,3.312414971870653e-05
2,1,BENIGN,Time_To_Live,0.022995583946794795
2,1,BENIGN,Rate,0.0001277075590564891
2,1,BENIGN,fin_flag_number,1.28784147442218e-05
2,1,BENIGN,syn_flag_number,0.0028457922267989487
2,1,BENIGN,rst_flag_number,3.6450500954243736e-06
2,1,BENIGN,psh_flag_number,3.4846461474558056e-06
2,1,BENIGN,ack_flag_number,0.007312250040740764
2,1,BENIGN,ece_flag_number,0.0
2,1,BENIGN,cwr_flag_number,0.0
2,1,BENIGN,ack_count,0.0004999862968134039
2,1,BENIGN,syn_count,0.0025071091407880886
2,1,BENIGN,fin_count,0.0014985972955400939
2,1,BENIGN,rst_count,0.0011671991361708934
2,1,BENIGN,HTTP,3.966539405197978e-06
2,1,BENIGN,HTTPS,1.7077779447305374e-05
2,1,BENIGN,DNS,1.2828884582427592e-08
2,1,BENIGN,Telnet,0.0
2,1,BENIGN,SMTP,0.0
2,1,BENIGN,SSH,0.0
2,1,BENIGN,IRC,0.0
2,1,BENIGN,TCP,8.943319880216904e-06
2,1,BENIGN,UDP,0.0018286188291767758
2,1,BENIGN,DHCP,0.0
2,1,BENIGN,ARP,3.270740307668163e-05
2,1,BENIGN,ICMP,2.2198124241867845e-05
2,1,BENIGN,IGMP,1.3076221914154473e-07
2,1,BENIGN,IPv,3.4409274482172237e-06
2,1,BENIGN,LLC,5.130876985015575e-06
2,1,BENIGN,Tot sum,0.06185505128232762
2,1,BENIGN,Min,0.004104867958494652
2,1,BENIGN,Max,0.005734148464398459
2,1,BENIGN,AVG,0.06186577291227877
2,1,BENIGN,Std,0.03310572416521609
2,1,BENIGN,Tot size,0.01939944727346301
2,1,BENIGN,IAT,0.03788507675908477
2,1,BENIGN,Number,0.00924919416574994
2,1,BENIGN,Variance,0.560521726985462
2,2,BENIGN,Header_Length,1.622789040460759e-05
2,2,BENIGN,Protocol Type,1.3961013016761115e-06
2,2,BENIGN,Time_To_Live,0.005601579511878185
2,2,BENIGN,Rate,1.065013101286816e-06
2,2,BENIGN,fin_flag_number,8.1470173770074e-08
2,2,BENIGN,syn_flag_number,3.590591734905502e-05
2,2,BENIGN,rst_flag_number,2.8914566849724823e-07
2,2,BENIGN,psh_flag_number,3.054836930915794e-07
2,2,BENIGN,ack_flag_number,0.0008162910939660151
2,2,BENIGN,ece_flag_number,0.0
2,2,BENIGN,cwr_flag_number,0.0
2,2,BENIGN,ack_count,1.3008539801884212e-05
2,2,BENIGN,syn_count,2.909398486807824e-05
2,2,BENIGN,fin_count,4.87825390504959e-06
2,2,BENIGN,rst_count,6.717213572859926e-06
2,2,BENIGN,HTTP,1.4577299195517313e-07
2,2,BENIGN,HTTPS,8.458990070099592e-06
2,2,BENIGN,DNS,2.104503862257641e-08
2,2,BENIGN,Telnet,0.0
2,2,BENIGN,SMTP,0.0
2,2,BENIGN,SSH,0.0
2,2,BENIGN,IRC,0.0
2,2,BENIGN,TCP,3.126342555821726e-06
2,2,BENIGN,UDP,6.596115575518979e-05
2,2,BENIGN,DHCP,0.0
2,2,BENIGN,ARP,2.0355213803738282e-08
2,2,BENIGN,ICMP,1.921839990890237e-08
2,2,BENIGN,IGMP,0.0
2,2,BENIGN,IPv,2.0444931218138727e-08
2,2,BENIGN,LLC,1.0476770757623238e-08
2,2,BENIGN,Tot sum,0.005433820290954827
2,2,BENIGN,Min,6.978550799772166e-05
2,2,BENIGN,Max,1.5817895018699346e-05
2,2,BENIGN,AVG,0.0004807501652976498
2,2,BENIGN,Std,0.0002771577388557489
2,2,BENIGN,Tot size,0.0005631658641505055
2,2,BENIGN,IAT,0.0003394224304415161
2,2,BENIGN,Number,0.0004568949684426116
2,2,BENIGN,Variance,0.003861256845993921
2,3,BENIGN,Header_Length,0.00010644124979535264
2,3,BENIGN,Protocol Type,1.8944038838419887e-05
2,3,BENIGN,Time_To_Live,0.013454187772318705
2,3,BENIGN,Rate,0.00010562707016674722
2,3,BENIGN,fin_flag_number,8.679169507175289e-06
2,3,BENIGN,syn_flag_number,0.004714150015297491
2,3,BENIGN,rst_flag_number,1.4419454764880158e-06
2,3,BENIGN,psh_flag_number,6.404471344190199e-06
2,3,BENIGN,ack_flag_number,0.0010788929384034419
2,3,BENIGN,ece_flag_number,0.0
2,3,BENIGN,cwr_flag_number,0.0
2,3,BENIGN,ack_count,0.0008351570592253666
2,3,BENIGN,syn_count,0.0038727372969333375
2,3,BENIGN,fin_count,0.0006152236849061409
2,3,BENIGN,rst_count,0.00036229774618732333
2,3,BENIGN,HTTP,8.500672606714943e-07
2,3,BENIGN,HTTPS,1.276220614840895e-05
2,3,BENIGN,DNS,9.871085479590258e-07
2,3,BENIGN,Telnet,0.0
2,3,BENIGN,SMTP,0.0
2,3,BENIGN,SSH,0.0
2,3,BENIGN,IRC,0.0
2,3,BENIGN,TCP,3.3205305618011494e-05
2,3,BENIGN,UDP,0.0015288382997823645
2,3,BENIGN,DHCP,0.0
2,3,BENIGN,ARP,1.5993357159460597e-10
2,3,BENIGN,ICMP,6.117850250136892e-06
2,3,BENIGN,IGMP,0.0
2,3,BENIGN,IPv,1.0143419880079274e-09
2,3,BENIGN,LLC,5.578137857176202e-09
2,3,BENIGN,Tot sum,0.10708509470568969
2,3,BENIGN,Min,0.0005850396426467341
2,3,BENIGN,Max,0.0017430312625947408
2,3,BENIGN,AVG,0.0031192693480988965
2,3,BENIGN,Std,0.017559931869618593
2,3,BENIGN,Tot size,0.031244576489552856
2,3,BENIGN,IAT,0.0667612840026834
2,3,BENIGN,Number,0.009450442135857884
2,3,BENIGN,Variance,0.2706250172108412
2,4,BENIGN,Header_Length,5.842093735779486e-05
2,4,BENIGN,Protocol Type,5.0399280600288424e-05
2,4,BENIGN,Time_To_Live,0.031423577181340076
2,4,BENIGN,Rate,8.846607811960894e-05
2,4,BENIGN,fin_flag_number,2.6635047309375715e-08
2,4,BENIGN,syn_flag_number,0.0019819012414245664
2,4,BENIGN,rst_flag_number,0.0
2,4,BENIGN,psh_flag_number,7.62869582153769e-06
2,4,BENIGN,ack_flag_number,0.002992763566726353
2,4,BENIGN,ece_flag_number,0.0
2,4,BENIGN,cwr_flag_number,0.0
2,4,BENIGN,ack_count,0.0005353194207145861
2,4,BENIGN,syn_count,0.0025749344529685915
2,4,BENIGN,fin_count,1.0768436937702575e-06
2,4,BENIGN,rst_count,0.0
2,4,BENIGN,HTTP,1.3886959210340777e-07
2,4,BENIGN,HTTPS,1.3948094073845674e-05
2,4,BENIGN,DNS,6.573027899747786e-10
2,4,BENIGN,Telnet,0.0
2,4,BENIGN,SMTP,0.0
2,4,BENIGN,SSH,0.0
2,4,BENIGN,IRC,0.0
2,4,BENIGN,TCP,4.72095084523505e-05
2,4,BENIGN,UDP,0.002343133432441391
2,4,BENIGN,DHCP,0.0
2,4,BENIGN,ARP,3.3966068713198183e-07
2,4,BENIGN,ICMP,5.47978828846496e-07
2,4,BENIGN,IGMP,0.0
2,4,BENIGN,IPv,5.945190423517488e-07
2,4,BENIGN,LLC,1.8199467376689427e-06
2,4,BENIGN,Tot sum,0.12609372640727087
2,4,BENIGN,Min,0.0011643133691052298
2,4,BENIGN,Max,0.0006924564149812795
2,4,BENIGN,AVG,0.007167608523741364
2,4,BENIGN,Std,0.0030731543607544153
2,4,BENIGN,Tot size,0.01936153912974987
2,4,BENIGN,IAT,0.013740767826107003
2,4,BENIGN,Number,0.017833566771878397
2,4,BENIGN,Variance,0.07576389955356717
2,5,BENIGN,Header_Length,0.0004055913892074159
2,5,BENIGN,Protocol Type,1.5650938251710043e-05
2,5,BENIGN,Time_To_Live,0.15305427594321372
2,5,BENIGN,Rate,0.0002086241344272821
2,5,BENIGN,fin_flag_number,1.861576615880267e-05
2,5,BENIGN,syn_flag_number,0.00530566486479529
2,5,BENIGN,rst_flag_number,1.0545268658912477e-05
2,5,BENIGN,psh_flag_number,1.1976623173737267e-05
2,5,BENIGN,ack_flag_number,0.020891487832886923
2,5,BENIGN,ece_flag_number,0.0
2,5,BENIGN,cwr_flag_number,0.0
2,5,BENIGN,ack_count,0.00032610349156811933
2,5,BENIGN,syn_count,0.004470111882301353
2,5,BENIGN,fin_count,0.0007549759688686208
2,5,BENIGN,rst_count,0.0007697033330714475
2,5,BENIGN,HTTP,4.103386253007102e-08
2,5,BENIGN,HTTPS,7.383366178643768e-05
2,5,BENIGN,DNS,5.129291998473562e-06
2,5,BENIGN,Telnet,0.0
2,5,BENIGN,SMTP,0.0
2,5,BENIGN,SSH,0.0
2,5,BENIGN,IRC,0.0
2,5,BENIGN,TCP,0.00011560166832236263
2,5,BENIGN,UDP,0.0011171251507676061
2,5,BENIGN,DHCP,0.0
2,5,BENIGN,ARP,7.7217806989216e-06
2,5,BENIGN,ICMP,2.7646539269632343e-05
2,5,BENIGN,IGMP,0.0
2,5,BENIGN,IPv,2.7781333725940272e-06
2,5,BENIGN,LLC,3.439999001697558e-06
2,5,BENIGN,Tot sum,0.09365406877768692
2,5,BENIGN,Min,0.0014348038481102777
2,5,BENIGN,Max,0.0011825799039797858
2,5,BENIGN,AVG,0.01883497664821334
2,5,BENIGN,Std,0.012269655847921968
2,5,BENIGN,Tot size,0.017015670938417316
2,5,BENIGN,IAT,0.01930716230854159
2,5,BENIGN,Number,0.013561333679172094
2,5,BENIGN,Variance,0.20171255636960267
2,2,BRUTEFORCE,Header_Length,1.771372423036155e-05
2,2,BRUTEFORCE,Protocol Type,4.44225680666932e-06
2,2,BRUTEFORCE,Time_To_Live,5.0762895036982056e-05
2,2,BRUTEFORCE,Rate,2.217989468675796e-05
2,2,BRUTEFORCE,fin_flag_number,5.706921747812565e-06
2,2,BRUTEFORCE,syn_flag_number,0.00022939305067666283
2,2,BRUTEFORCE,rst_flag_number,1.019237157739994e-06
2,2,BRUTEFORCE,psh_flag_number,4.180098706186783e-07
2,2,BRUTEFORCE,ack_flag_number,0.008013322520673683
2,2,BRUTEFORCE,ece_flag_number,0.0
2,2,BRUTEFORCE,cwr_flag_number,0.0
2,2,BRUTEFORCE,ack_count,6.433406442738488e-05
2,2,BRUTEFORCE,syn_count,0.00021348066911741626
2,2,BRUTEFORCE,fin_count,0.00011201038449613066
2,2,BRUTEFORCE,rst_count,0.00046311222865824675
2,2,BRUTEFORCE,HTTP,0.0
2,2,BRUTEFORCE,HTTPS,4.482487053181217e-06
2,2,BRUTEFORCE,DNS,1.1800246543791637e-10
2,2,BRUTEFORCE,Telnet,0.0
2,2,BRUTEFORCE,SMTP,0.0
2,2,BRUTEFORCE,SSH,2.487968617970182e-06
2,2,BRUTEFORCE,IRC,0.0
2,2,BRUTEFORCE,TCP,6.137892918189891e-06
2,2,BRUTEFORCE,UDP,0.00010036390786467564
2,2,BRUTEFORCE,DHCP,0.0
2,2,BRUTEFORCE,ARP,3.4430558885217843e-07
2,2,BRUTEFORCE,ICMP,5.83740596575566e-08
2,2,BRUTEFORCE,IGMP,0.0
2,2,BRUTEFORCE,IPv,5.16872236918319e-08
2,2,BRUTEFORCE,LLC,1.3901675405561747e-07
2,2,BRUTEFORCE,Tot sum,0.013598774359343225
2,2,BRUTEFORCE,Min,6.337101258395706e-05
2,2,BRUTEFORCE,Max,0.00022597988572670147
2,2,BRUTEFORCE,AVG,0.0013689045248611365
2,2,BRUTEFORCE,Std,0.0009514334080449772
2,2,BRUTEFORCE,Tot size,0.0013809212312480667
2,2,BRUTEFORCE,IAT,0.004403331225967122
2,2,BRUTEFORCE,Number,0.0022231550886317565
2,2,BRUTEFORCE,Variance,0.013952864832208433
2,3,BRUTEFORCE,Header_Length,5.058341176038539e-05
2,3,BRUTEFORCE,Protocol Type,3.4532677998799777e-06
2,3,BRUTEFORCE,Time_To_Live,0.0019729029262407494
2,3,BRUTEFORCE,Rate,5.2356137638298604e-05
2,3,BRUTEFORCE,fin_flag_number,7.508404288236737e-06
2,3,BRUTEFORCE,syn_flag_number,0.0014774486193346093
2,3,BRUTEFORCE,rst_flag_number,1.0368456693665706e-06
2,3,BRUTEFORCE,psh_flag_number,3.129076570040912e-06
2,3,BRUTEFORCE,ack_flag_number,0.006230554411376943
2,3,BRUTEFORCE,ece_flag_number,0.0
2,3,BRUTEFORCE,cwr_flag_number,0.0
2,3,BRUTEFORCE,ack_count,0.0003584402268472786
2,3,BRUTEFORCE,syn_count,0.0018186940114901518
2,3,BRUTEFORCE,fin_count,0.00021652356889489965
2,3,BRUTEFORCE,rst_count,0.00038695707584111003
2,3,BRUTEFORCE,HTTP,4.447544483809907e-08
2,3,BRUTEFORCE,HTTPS,5.497751964789188e-07
2,3,BRUTEFORCE,DNS,2.062305861603997e-08
2,3,BRUTEFORCE,Telnet,0.0
2,3,BRUTEFORCE,SMTP,0.0
2,3,BRUTEFORCE,SSH,3.5589902836363764e-06
2,3,BRUTEFORCE,IRC,0.0
2,3,BRUTEFORCE,TCP,3.6519332809958894e-06
2,3,BRUTEFORCE,UDP,0.0001200010789773387
2,3,BRUTEFORCE,DHCP,0.0
2,3,BRUTEFORCE,ARP,8.80388285871246e-06
2,3,BRUTEFORCE,ICMP,2.320870545187148e-05
2,3,BRUTEFORCE,IGMP,3.6841959172306814e-08
2,3,BRUTEFORCE,IPv,7.0316782067089e-07
2,3,BRUTEFORCE,LLC,6.209729066956361e-06
2,3,BRUTEFORCE,Tot sum,0.05987867302610539
2,3,BRUTEFORCE,Min,0.0001348706260500876
2,3,BRUTEFORCE,Max,0.0009092298434552504
2,3,BRUTEFORCE,AVG,0.006515486651915125
2,3,BRUTEFORCE,Std,0.007912410283461213
2,3,BRUTEFORCE,Tot size,0.007712428411468864
2,3,BRUTEFORCE,IAT,0.036547958667506465
2,3,BRUTEFORCE,Number,0.004465347798395669
2,3,BRUTEFORCE,Variance,0.09057151192700985
2,4,BRUTEFORCE,Header_Length,1.2361830964646714e-05
2,4,BRUTEFORCE,Protocol Type,1.814972325160369e-05
2,4,BRUTEFORCE,Time_To_Live,0.0016187770213960007
2,4,BRUTEFORCE,Rate,2.5789076381776965e-05
2,4,BRUTEFORCE,fin_flag_number,1.2844642026618204e-07
2,4,BRUTEFORCE,syn_flag_number,0.0003378938589889913
2,4,BRUTEFORCE,rst_flag_number,1.2062919267918916e-07
2,4,BRUTEFORCE,psh_flag_number,6.520195140780061e-06
2,4,BRUTEFORCE,ack_flag_number,0.009438670102827017
2,4,BRUTEFORCE,ece_flag_number,0.0
2,4,BRUTEFORCE,cwr_flag_number,0.0
2,4,BRUTEFORCE,ack_count,0.00018546930748115643
2,4,BRUTEFORCE,syn_count,0.000658830255781595
2,4,BRUTEFORCE,fin_count,3.909427501092022e-06
2,4,BRUTEFORCE,rst_count,7.128097786335275e-06
2,4,BRUTEFORCE,HTTP,5.339586330536245e-08
2,4,BRUTEFORCE,HTTPS,1.0434828283267805e-05
2,4,BRUTEFORCE,DNS,3.773452408495359e-06
2,4,BRUTEFORCE,Telnet,0.0
2,4,BRUTEFORCE,SMTP,0.0
2,4,BRUTEFORCE,SSH,7.448942596965935e-06
2,4,BRUTEFORCE,IRC,0.0
2,4,BRUTEFORCE,TCP,2.016729844256382e-05
2,4,BRUTEFORCE,UDP,0.0005133064035533153
2,4,BRUTEFORCE,DHCP,0.0
2,4,BRUTEFORCE,ARP,8.90430874278536e-07
2,4,BRUTEFORCE,ICMP,6.630610341274573e-07
2,4,BRUTEFORCE,IGMP,0.0
2,4,BRUTEFORCE,IPv,1.691665403313891e-08
2,4,BRUTEFORCE,LLC,3.2178161291085416e-07
2,4,BRUTEFORCE,Tot sum,0.03148133843642427
2,4,BRUTEFORCE,Min,0.00020613092037820026
2,4,BRUTEFORCE,Max,0.0005235032921973471
2,4,BRUTEFORCE,AVG,0.007116038747881248
2,4,BRUTEFORCE,Std,0.0026406799532310288
2,4,BRUTEFORCE,Tot size,0.0042240497979946666
2,4,BRUTEFORCE,IAT,0.03762286598923481
2,4,BRUTEFORCE,Number,0.01068415436457144
2,4,BRUTEFORCE,Variance,0.03036098194133956
2,5,BRUTEFORCE,Header_Length,1.4509588731215217e-05
2,5,BRUTEFORCE,Protocol Type,4.145299434599181e-06
2,5,BRUTEFORCE,Time_To_Live,0.0008398632473699763
2,5,BRUTEFORCE,Rate,2.3528732581468147e-05
2,5,BRUTEFORCE,fin_flag_number,1.2883725680201685e-06
2,5,BRUTEFORCE,syn_flag_number,0.0004840740609211025
2,5,BRUTEFORCE,rst_flag_number,1.2052924124317245e-07
2,5,BRUTEFORCE,psh_flag_number,1.2442077784072248e-06
2,5,BRUTEFORCE,ack_flag_number,0.0024182664236377604
2,5,BRUTEFORCE,ece_flag_number,0.0
2,5,BRUTEFORCE,cwr_flag_number,0.0
2,5,BRUTEFORCE,ack_count,2.990608288993002e-05
2,5,BRUTEFORCE,syn_count,0.0006216624444846275
2,5,BRUTEFORCE,fin_count,0.0001219116357049188
2,5,BRUTEFORCE,rst_count,0.00031866346437254834
2,5,BRUTEFORCE,HTTP,3.77116750882589e-08
2,5,BRUTEFORCE,HTTPS,6.998639239697013e-07
2,5,BRUTEFORCE,DNS,1.5378180110159346e-07
2,5,BRUTEFORCE,Telnet,0.0
2,5,BRUTEFORCE,SMTP,0.0
2,5,BRUTEFORCE,SSH,8.415191210531248e-06
2,5,BRUTEFORCE,IRC,0.0
2,5,BRUTEFORCE,TCP,7.144903202771502e-06
2,5,BRUTEFORCE,UDP,0.00014882958837318937
2,5,BRUTEFORCE,DHCP,0.0
2,5,BRUTEFORCE,ARP,2.6022326005126217e-07
2,5,BRUTEFORCE,ICMP,8.679429052627085e-06
2,5,BRUTEFORCE,IGMP,0.0
2,5,BRUTEFORCE,IPv,6.754719208135195e-08
2,5,BRUTEFORCE,LLC,1.20818041790538e-07
2,5,BRUTEFORCE,Tot sum,0.018803595979204602
2,5,BRUTEFORCE,Min,0.0001763789309045194
2,5,BRUTEFORCE,Max,0.0001667051594267832
2,5,BRUTEFORCE,AVG,0.002979836711892858
2,5,BRUTEFORCE,Std,0.0008909266733098775
2,5,BRUTEFORCE,Tot size,0.001701044657966122
2,5,BRUTEFORCE,IAT,0.005509691448241938
2,5,BRUTEFORCE,Number,0.0012111539622310374
2,5,BRUTEFORCE,Variance,0.009095392428571358
2,1,DDOS,Header_Length,0.0036283754583564588
2,1,DDOS,Protocol Type,0.0007179315244684404
2,1,DDOS,Time_To_Live,0.001393611091953062
2,1,DDOS,Rate,0.001601301298853741
2,1,DDOS,fin_flag_number,1.5497513470563717e-05
2,1,DDOS,syn_flag_number,0.003591361292637885
2,1,DDOS,rst_flag_number,2.4605537544175603e-05
2,1,DDOS,psh_flag_number,3.530167603003065e-05
2,1,DDOS,ack_flag_number,0.0019398547316086478
2,1,DDOS,ece_flag_number,0.0
2,1,DDOS,cwr_flag_number,0.0
2,1,DDOS,ack_count,0.0028884351544547827
2,1,DDOS,syn_count,0.010888703519594856
2,1,DDOS,fin_count,0.0024459485022816805
2,1,DDOS,rst_count,0.0017194407642818987
2,1,DDOS,HTTP,1.4329698478832142e-05
2,1,DDOS,HTTPS,8.753254786597608e-06
2,1,DDOS,DNS,2.072536515740353e-08
2,1,DDOS,Telnet,0.0
2,1,DDOS,SMTP,0.0
2,1,DDOS,SSH,0.0
2,1,DDOS,IRC,0.0
2,1,DDOS,TCP,0.0012796645340131362
2,1,DDOS,UDP,0.007611536413969588
2,1,DDOS,DHCP,0.0
2,1,DDOS,ARP,9.846181342254567e-07
2,1,DDOS,ICMP,0.0016519576337486797
2,1,DDOS,IGMP,2.5264328291640935e-07
2,1,DDOS,IPv,1.5985476530033792e-06
2,1,DDOS,LLC,1.737427925263546e-06
2,1,DDOS,Tot sum,0.0767833202611655
2,1,DDOS,Min,0.002471283756312914
2,1,DDOS,Max,0.008543811282652313
2,1,DDOS,AVG,0.02062958781607449
2,1,DDOS,Std,0.01310521582927322
2,1,DDOS,Tot size,0.009383463324047625
2,1,DDOS,IAT,0.0008828091842588038
2,1,DDOS,Number,0.0008416816777753411
2,1,DDOS,Variance,0.05305492195766419
2,2,DDOS,Header_Length,0.050540679555706444
2,2,DDOS,Protocol Type,0.0029224848366538937
2,2,DDOS,Time_To_Live,0.0021510090390620463
2,2,DDOS,Rate,0.003501455397781683
2,2,DDOS,fin_flag_number,0.00032375224851648453
2,2,DDOS,syn_flag_number,0.014878097234759479
2,2,DDOS,rst_flag_number,0.0003328380323637248
2,2,DDOS,psh_flag_number,0.00022517381980213802
2,2,DDOS,ack_flag_number,0.010713815834606066
2,2,DDOS,ece_flag_number,0.0
2,2,DDOS,cwr_flag_number,0.0
2,2,DDOS,ack_count,0.006874966935902194
2,2,DDOS,syn_count,0.023230244976002724
2,2,DDOS,fin_count,0.12067977715050801
2,2,DDOS,rst_count,0.07291687183897011
2,2,DDOS,HTTP,1.2214912567287684e-05
2,2,DDOS,HTTPS,0.0003472905458611564
2,2,DDOS,DNS,6.788392670209475e-09
2,2,DDOS,Telnet,0.0
2,2,DDOS,SMTP,0.0
2,2,DDOS,SSH,0.0
2,2,DDOS,IRC,0.0
2,2,DDOS,TCP,0.021514310269958516
2,2,DDOS,UDP,0.0464619594567921
2,2,DDOS,DHCP,0.0
2,2,DDOS,ARP,2.125890321558188e-08
2,2,DDOS,ICMP,0.004098247907191421
2,2,DDOS,IGMP,0.0
2,2,DDOS,IPv,8.495830305932373e-09
2,2,DDOS,LLC,1.5316042256685592e-08
2,2,DDOS,Tot sum,0.09103449103422463
2,2,DDOS,Min,0.0016691544587956741
2,2,DDOS,Max,0.008522120851557702
2,2,DDOS,AVG,0.01773186819627881
2,2,DDOS,Std,0.021127856062958018
2,2,DDOS,Tot size,0.022409920440986754
2,2,DDOS,IAT,0.008605296672430995
2,2,DDOS,Number,0.0001377999780515893
2,2,DDOS,Variance,0.05032682775054127
2,3,DDOS,Header_Length,0.010811214079149067
2,3,DDOS,Protocol Type,0.0007244957185321254
2,3,DDOS,Time_To_Live,0.00026278356617694956
2,3,DDOS,Rate,0.00033540379990881775
2,3,DDOS,fin_flag_number,7.282027549990744e-05
2,3,DDOS,syn_flag_number,0.02526550889015198
2,3,DDOS,rst_flag_number,3.328516327201214e-05
2,3,DDOS,psh_flag_number,0.000194907372497255
2,3,DDOS,ack_flag_number,0.006757146993186325
2,3,DDOS,ece_flag_number,0.0
2,3,DDOS,cwr_flag_number,0.0
2,3,DDOS,ack_count,0.00827248563291505
2,3,DDOS,syn_count,0.03990173446945846
2,3,DDOS,fin_count,0.04107137937098741
2,3,DDOS,rst_count,0.024213992175646126
2,3,DDOS,HTTP,1.8387781165074556e-05
2,3,DDOS,HTTPS,1.8585473299026488e-06
2,3,DDOS,DNS,9.821533058129717e-06
2,3,DDOS,Telnet,0.0
2,3,DDOS,SMTP,0.0
2,3,DDOS,SSH,0.0
2,3,DDOS,IRC,0.0
2,3,DDOS,TCP,0.0044954737066291274
2,3,DDOS,UDP,0.022976683918386698
2,3,DDOS,DHCP,0.0
2,3,DDOS,ARP,2.754522892712413e-07
2,3,DDOS,ICMP,0.0006046874597814167
2,3,DDOS,IGMP,0.0
2,3,DDOS,IPv,1.0588489482987739e-07
2,3,DDOS,LLC,5.987057350886893e-07
2,3,DDOS,Tot sum,0.07094788663089276
2,3,DDOS,Min,0.0010746334490249864
2,3,DDOS,Max,0.0016761822160333395
2,3,DDOS,AVG,0.015572907915338875
2,3,DDOS,Std,0.006238936440786347
2,3,DDOS,Tot size,0.013918575923889875
2,3,DDOS,IAT,0.0006719752214848995
2,3,DDOS,Number,0.0
2,3,DDOS,Variance,0.049218460265547034
2,4,DDOS,Header_Length,0.04827843742677942
2,4,DDOS,Protocol Type,0.0013924258542829192
2,4,DDOS,Time_To_Live,0.008502329216571524
2,4,DDOS,Rate,0.002061443909224181
2,4,DDOS,fin_flag_number,0.00013746305812816216
2,4,DDOS,syn_flag_number,0.03171820227289572
2,4,DDOS,rst_flag_number,0.00010153916518902406
2,4,DDOS,psh_flag_number,0.0
2,4,DDOS,ack_flag_number,0.0026629344809407486
2,4,DDOS,ece_flag_number,0.0
2,4,DDOS,cwr_flag_number,0.0
2,4,DDOS,ack_count,0.0012640500873203563
2,4,DDOS,syn_count,0.0463101064786315
2,4,DDOS,fin_count,0.11196330291761569
2,4,DDOS,rst_count,0.03225646913051605
2,4,DDOS,HTTP,9.887678437792147e-07
2,4,DDOS,HTTPS,0.0023957355530001222
2,4,DDOS,DNS,1.857387542258948e-06
2,4,DDOS,Telnet,0.0
2,4,DDOS,SMTP,0.0
2,4,DDOS,SSH,0.0
2,4,DDOS,IRC,0.0
2,4,DDOS,TCP,0.01945478874258697
2,4,DDOS,UDP,0.09072815151885152
2,4,DDOS,DHCP,0.0
2,4,DDOS,ARP,1.7391511391906533e-06
2,4,DDOS,ICMP,0.00214684708716959
2,4,DDOS,IGMP,0.0
2,4,DDOS,IPv,5.233886440692004e-06
2,4,DDOS,LLC,1.9836110004689546e-05
2,4,DDOS,Tot sum,0.03262263634242117
2,4,DDOS,Min,0.00064255649340339
2,4,DDOS,Max,0.0018943086382932962
2,4,DDOS,AVG,0.006139423116110265
2,4,DDOS,Std,0.003813175455434248
2,4,DDOS,Tot size,0.008125349460169674
2,4,DDOS,IAT,0.011956642422592267
2,4,DDOS,Number,0.00048238744402624435
2,4,DDOS,Variance,0.012834854089305736
2,5,DDOS,Header_Length,0.016634385991915225
2,5,DDOS,Protocol Type,0.001091676871033087
2,5,DDOS,Time_To_Live,0.0018249238990392768
2,5,DDOS,Rate,0.004461378830956164
2,5,DDOS,fin_flag_number,6.423687199230699e-05
2,5,DDOS,syn_flag_number,0.01679498094090377
2,5,DDOS,rst_flag_number,0.00011483930519915476
2,5,DDOS,psh_flag_number,4.65843803972632e-05
2,5,DDOS,ack_flag_number,0.0024756444229751652
2,5,DDOS,ece_flag_number,0.0
2,5,DDOS,cwr_flag_number,0.0
2,5,DDOS,ack_count,0.002450663855597668
2,5,DDOS,syn_count,0.02244274108088575
2,5,DDOS,fin_count,0.040796944141038696
2,5,DDOS,rst_count,0.015297495421691565
2,5,DDOS,HTTP,1.0349190864289426e-07
2,5,DDOS,HTTPS,0.0024227365368602706
2,5,DDOS,DNS,3.413993442791252e-06
2,5,DDOS,Telnet,0.0
2,5,DDOS,SMTP,0.0
2,5,DDOS,SSH,0.0
2,5,DDOS,IRC,0.0
2,5,DDOS,TCP,0.007260998248500528
2,5,DDOS,UDP,0.017149776746737188
2,5,DDOS,DHCP,0.0
2,5,DDOS,ARP,5.6087540384330835e-08
2,5,DDOS,ICMP,0.0027194467249046284
2,5,DDOS,IGMP,0.0
2,5,DDOS,IPv,1.8685521219197199e-07
2,5,DDOS,LLC,1.0564036920790442e-07
2,5,DDOS,Tot sum,0.06764615699648857
2,5,DDOS,Min,8.909160949315265e-05
2,5,DDOS,Max,0.01677712919190526
2,5,DDOS,AVG,0.020270456839352847
2,5,DDOS,Std,0.032240974623709916
2,5,DDOS,Tot size,0.018026509881019594
2,5,DDOS,IAT,0.003710423709162569
2,5,DDOS,Number,0.001832271121747908
2,5,DDOS,Variance,0.1657553874887526
2,1,DOS,Header_Length,0.002788235040497966
2,1,DOS,Protocol Type,0.001342574178306677
2,1,DOS,Time_To_Live,0.00018253795551572693
2,1,DOS,Rate,0.0019447288710125576
2,1,DOS,fin_flag_number,2.407953993497358e-05
2,1,DOS,syn_flag_number,0.004357445135246963
2,1,DOS,rst_flag_number,2.1264619499561376e-05
2,1,DOS,psh_flag_number,8.595832714490826e-05
2,1,DOS,ack_flag_number,0.0034137462120270357
2,1,DOS,ece_flag_number,0.0
2,1,DOS,cwr_flag_number,0.0
2,1,DOS,ack_count,0.0137185271945782
2,1,DOS,syn_count,0.01882708942866884
2,1,DOS,fin_count,0.0037058982910821215
2,1,DOS,rst_count,0.0021803764706419316
2,1,DOS,HTTP,3.371360996879957e-05
2,1,DOS,HTTPS,4.006351285568144e-06
2,1,DOS,DNS,4.549582079127479e-10
2,1,DOS,Telnet,0.0
2,1,DOS,SMTP,0.0
2,1,DOS,SSH,0.0
2,1,DOS,IRC,0.0
2,1,DOS,TCP,0.0010469433858816047
2,1,DOS,UDP,0.02648934741737321
2,1,DOS,DHCP,0.0
2,1,DOS,ARP,6.70312975259435e-07
2,1,DOS,ICMP,0.001513249305617137
2,1,DOS,IGMP,4.860407644136089e-08
2,1,DOS,IPv,1.6711745743691608e-06
2,1,DOS,LLC,1.3341366894792373e-06
2,1,DOS,Tot sum,0.003966723463963717
2,1,DOS,Min,0.00016484912011947018
2,1,DOS,Max,0.0005496950099768583
2,1,DOS,AVG,0.00207286654622294
2,1,DOS,Std,0.0016456857338653208
2,1,DOS,Tot size,0.0006665381122729741
2,1,DOS,IAT,0.0009672200935710862
2,1,DOS,Number,0.00013574963809332986
2,1,DOS,Variance,0.012341879060477368
2,2,DOS,Header_Length,0.009373409108957276
2,2,DOS,Protocol Type,0.0016830957123602276
2,2,DOS,Time_To_Live,0.0023508058016886934
2,2,DOS,Rate,0.005720932282565627
2,2,DOS,fin_flag_number,4.9391544052923564e-05
2,2,DOS,syn_flag_number,0.008171668578870594
2,2,DOS,rst_flag_number,0.00043039291340392084
2,2,DOS,psh_flag_number,1.4650842860675084e-06
2,2,DOS,ack_flag_number,0.04581794588848424
2,2,DOS,ece_flag_number,0.0
2,2,DOS,cwr_flag_number,0.0
2,2,DOS,ack_count,0.024032224519760347
2,2,DOS,syn_count,0.017911818576976657
2,2,DOS,fin_count,0.013004827860277146
2,2,DOS,rst_count,0.06336797336116433
2,2,DOS,HTTP,0.0008411365561187267
2,2,DOS,HTTPS,0.0009642172120038594
2,2,DOS,DNS,7.860924933211777e-09
2,2,DOS,Telnet,0.0
2,2,DOS,SMTP,0.0
2,2,DOS,SSH,0.0
2,2,DOS,IRC,0.0
2,2,DOS,TCP,0.006730616651475429
2,2,DOS,UDP,0.06224565668962896
2,2,DOS,DHCP,0.0
2,2,DOS,ARP,1.1559195403521016e-06
2,2,DOS,ICMP,8.999060948156058e-06
2,2,DOS,IGMP,0.0
2,2,DOS,IPv,1.202704306990654e-06
2,2,DOS,LLC,1.8784065930768646e-06
2,2,DOS,Tot sum,0.11188494502566755
2,2,DOS,Min,0.019437953364104033
2,2,DOS,Max,0.016694350424222647
2,2,DOS,AVG,0.309483253583312
2,2,DOS,Std,0.02714946202468127
2,2,DOS,Tot size,0.09036978026852012
2,2,DOS,IAT,0.003029904325376265
2,2,DOS,Number,0.00018713075060077243
2,2,DOS,Variance,0.18047735169529916
2,3,DOS,Header_Length,0.009259481444428275
2,3,DOS,Protocol Type,0.0011885400622645647
2,3,DOS,Time_To_Live,0.0020050139887644036
2,3,DOS,Rate,0.001851881745733408
2,3,DOS,fin_flag_number,6.426324653858728e-05
2,3,DOS,syn_flag_number,0.01011564858345082
2,3,DOS,rst_flag_number,4.211861625051938e-05
2,3,DOS,psh_flag_number,0.00017007887306981219
2,3,DOS,ack_flag_number,0.006946778851624913
2,3,DOS,ece_flag_number,0.0
2,3,DOS,cwr_flag_number,0.0
2,3,DOS,ack_count,0.012903470821220253
2,3,DOS,syn_count,0.01233054674230516
2,3,DOS,fin_count,0.03610018896524707
2,3,DOS,rst_count,0.009208254809709614
2,3,DOS,HTTP,5.917820544709684e-07
2,3,DOS,HTTPS,4.473840986563005e-06
2,3,DOS,DNS,3.5283617400683196e-06
2,3,DOS,Telnet,0.0
2,3,DOS,SMTP,0.0
2,3,DOS,SSH,0.0
2,3,DOS,IRC,0.0
2,3,DOS,TCP,0.0048291854741489
2,3,DOS,UDP,0.03556797202036251
2,3,DOS,DHCP,0.0
2,3,DOS,ARP,1.721566462303814e-10
2,3,DOS,ICMP,0.000538274586318721
2,3,DOS,IGMP,0.0
2,3,DOS,IPv,7.2004304782491426e-09
2,3,DOS,LLC,1.1768122648234125e-09
2,3,DOS,Tot sum,0.16452779003884643
2,3,DOS,Min,0.010699433301851968
2,3,DOS,Max,0.005030594338313677
2,3,DOS,AVG,0.10507639560382813
2,3,DOS,Std,0.009805004514055327
2,3,DOS,Tot size,0.02580680401879363
2,3,DOS,IAT,0.0010386690279005962
2,3,DOS,Number,0.0
2,3,DOS,Variance,0.2380658676382154
2,4,DOS,Header_Length,0.00707145960732305
2,4,DOS,Protocol Type,0.00142300351508311
2,4,DOS,Time_To_Live,0.01338066599200829
2,4,DOS,Rate,0.00285867071870598
2,4,DOS,fin_flag_number,1.2988970894411976e-07
2,4,DOS,syn_flag_number,0.031835640728240834
2,4,DOS,rst_flag_number,6.584720267710509e-07
2,4,DOS,psh_flag_number,0.0
2,4,DOS,ack_flag_number,0.0008990403384814272
2,4,DOS,ece_flag_number,0.0
2,4,DOS,cwr_flag_number,0.0
2,4,DOS,ack_count,0.0024998721652082167
2,4,DOS,syn_count,0.024203253956511617
2,4,DOS,fin_count,8.65807248260353e-05
2,4,DOS,rst_count,0.0012989725917577743
2,4,DOS,HTTP,4.7768570649964206e-05
2,4,DOS,HTTPS,0.0016428680449280364
2,4,DOS,DNS,0.0
2,4,DOS,Telnet,0.0
2,4,DOS,SMTP,0.0
2,4,DOS,SSH,0.0
2,4,DOS,IRC,0.0
2,4,DOS,TCP,0.0042852974488141625
2,4,DOS,UDP,0.02271960969083011
2,4,DOS,DHCP,0.0
2,4,DOS,ARP,0.0
2,4,DOS,ICMP,9.114194078847504e-05
2,4,DOS,IGMP,0.0
2,4,DOS,IPv,0.0
2,4,DOS,LLC,0.0
2,4,DOS,Tot sum,0.10258094070013613
2,4,DOS,Min,0.01939309013541788
2,4,DOS,Max,0.011637652998615522
2,4,DOS,AVG,0.06480010533705353
2,4,DOS,Std,0.021653103263815865
2,4,DOS,Tot size,0.010647289661574178
2,4,DOS,IAT,0.0016916104004735643
2,4,DOS,Number,0.0005829069281162447
2,4,DOS,Variance,0.06346649733168305
2,5,DOS,Header_Length,0.008194333754363469
2,5,DOS,Protocol Type,0.0013826813279592897
2,5,DOS,Time_To_Live,0.0055907254543853925
2,5,DOS,Rate,0.004683052345899341
2,5,DOS,fin_flag_number,7.653835255041485e-05
2,5,DOS,syn_flag_number,0.010247790976427496
2,5,DOS,rst_flag_number,0.00010431840400997317
2,5,DOS,psh_flag_number,5.710187379008858e-05
2,5,DOS,ack_flag_number,0.006988116260617972
2,5,DOS,ece_flag_number,0.0
2,5,DOS,cwr_flag_number,0.0
2,5,DOS,ack_count,0.004192577330104541
2,5,DOS,syn_count,0.015839208476245405
2,5,DOS,fin_count,0.021336635865736753
2,5,DOS,rst_count,0.009870864369440823
2,5,DOS,HTTP,8.217143977073959e-06
2,5,DOS,HTTPS,0.0008342788738445961
2,5,DOS,DNS,9.839755534812866e-07
2,5,DOS,Telnet,0.0
2,5,DOS,SMTP,0.0
2,5,DOS,SSH,0.0
2,5,DOS,IRC,0.0
2,5,DOS,TCP,0.004933160361542832
2,5,DOS,UDP,0.037041707593016324
2,5,DOS,DHCP,0.0
2,5,DOS,ARP,9.30173950974833e-08
2,5,DOS,ICMP,0.0008198833551432472
2,5,DOS,IGMP,0.0
2,5,DOS,IPv,2.492473377913029e-07
2,5,DOS,LLC,8.639360498108317e-08
2,5,DOS,Tot sum,0.17807793968822808
2,5,DOS,Min,0.009690049500204623
2,5,DOS,Max,0.008167186635546386
2,5,DOS,AVG,0.08237490123137832
2,5,DOS,Std,0.017541973385959864
2,5,DOS,Tot size,0.026475162710994482
2,5,DOS,IAT,0.004197639261838049
2,5,DOS,Number,0.005523807147983462
2,5,DOS,Variance,0.11398762576282025
2,1,MIRAI,Header_Length,0.00010230331099592149
2,1,MIRAI,Protocol Type,0.00020329848557594233
2,1,MIRAI,Time_To_Live,5.94112478097486e-05
2,1,MIRAI,Rate,8.244504460890312e-05
2,1,MIRAI,fin_flag_number,5.657685829874026e-06
2,1,MIRAI,syn_flag_number,0.004843987943604589
2,1,MIRAI,rst_flag_number,7.792563246766804e-06
2,1,MIRAI,psh_flag_number,1.98443178760499e-06
2,1,MIRAI,ack_flag_number,0.0020065951684955508
2,1,MIRAI,ece_flag_number,0.0
2,1,MIRAI,cwr_flag_number,0.0
2,1,MIRAI,ack_count,0.0013451814564177766
2,1,MIRAI,syn_count,0.007714036107063294
2,1,MIRAI,fin_count,0.0036952974973246456
2,1,MIRAI,rst_count,0.0012757656782923731
2,1,MIRAI,HTTP,5.769342033090652e-06
2,1,MIRAI,HTTPS,9.938325572278472e-07
2,1,MIRAI,DNS,6.715307947491311e-07
2,1,MIRAI,Telnet,0.0
2,1,MIRAI,SMTP,0.0
2,1,MIRAI,SSH,0.0
2,1,MIRAI,IRC,0.0
2,1,MIRAI,TCP,1.2847619234435115e-05
2,1,MIRAI,UDP,0.003940294148196699
2,1,MIRAI,DHCP,0.0
2,1,MIRAI,ARP,1.928406232565294e-06
2,1,MIRAI,ICMP,5.1890277973143384e-05
2,1,MIRAI,IGMP,2.1117768476131004e-07
2,1,MIRAI,IPv,2.673654961427019e-07
2,1,MIRAI,LLC,1.1075504787072532e-06
2,1,MIRAI,Tot sum,0.7842770293354988
2,1,MIRAI,Min,0.028087344097730237
2,1,MIRAI,Max,0.013825180614367128
2,1,MIRAI,AVG,0.5263475894927978
2,1,MIRAI,Std,0.028070033685071393
2,1,MIRAI,Tot size,0.30954481065273287
2,1,MIRAI,IAT,0.00024959710081020605
2,1,MIRAI,Number,0.00014280636642070022
2,1,MIRAI,Variance,0.6510688492096961
2,2,MIRAI,Header_Length,1.2474563504838443e-05
2,2,MIRAI,Protocol Type,0.00010586599419184494
2,2,MIRAI,Time_To_Live,0.00016809407752589324
2,2,MIRAI,Rate,0.00012217191106174142
2,2,MIRAI,fin_flag_number,2.0892703332719974e-06
2,2,MIRAI,syn_flag_number,0.002333024563267827
2,2,MIRAI,rst_flag_number,9.919302578964562e-06
2,2,MIRAI,psh_flag_number,1.985587473218864e-07
2,2,MIRAI,ack_flag_number,6.798816611990333e-05
2,2,MIRAI,ece_flag_number,0.0
2,2,MIRAI,cwr_flag_number,0.0
2,2,MIRAI,ack_count,6.644726491344954e-05
2,2,MIRAI,syn_count,0.004580550838727504
2,2,MIRAI,fin_count,0.0008626212758827024
2,2,MIRAI,rst_count,0.0005455104841701087
2,2,MIRAI,HTTP,0.0
2,2,MIRAI,HTTPS,1.8893119978713458e-06
2,2,MIRAI,DNS,6.44659829962535e-09
2,2,MIRAI,Telnet,0.0
2,2,MIRAI,SMTP,0.0
2,2,MIRAI,SSH,0.0
2,2,MIRAI,IRC,0.0
2,2,MIRAI,TCP,5.1572616757766807e-05
2,2,MIRAI,UDP,0.013612028828356415
2,2,MIRAI,DHCP,0.0
2,2,MIRAI,ARP,2.4880892319778524e-07
2,2,MIRAI,ICMP,2.622249802186616e-07
2,2,MIRAI,IGMP,1.2569742011692142e-07
2,2,MIRAI,IPv,1.3950246371963182e-07
2,2,MIRAI,LLC,8.470290463469254e-08
2,2,MIRAI,Tot sum,0.5229224365204572
2,2,MIRAI,Min,0.07932096787553747
2,2,MIRAI,Max,0.014239985635504127
2,2,MIRAI,AVG,0.48736547231674193
2,2,MIRAI,Std,0.02146826437674463
2,2,MIRAI,Tot size,0.17674567848443984
2,2,MIRAI,IAT,0.0003036053710275155
2,2,MIRAI,Number,0.00036821154062636194
2,2,MIRAI,Variance,0.21151732029393316
2,3,MIRAI,Header_Length,2.9806599059156724e-05
2,3,MIRAI,Protocol Type,0.00012758478878822644
2,3,MIRAI,Time_To_Live,0.0002454583749567973
2,3,MIRAI,Rate,9.416851153218886e-05
2,3,MIRAI,fin_flag_number,6.4781303535710325e-06
2,3,MIRAI,syn_flag_number,0.008767841919325291
2,3,MIRAI,rst_flag_number,8.039571412155055e-06
2,3,MIRAI,psh_flag_number,2.8904408395646897e-06
2,3,MIRAI,ack_flag_number,0.0021918492449913172
2,3,MIRAI,ece_flag_number,0.0
2,3,MIRAI,cwr_flag_number,0.0
2,3,MIRAI,ack_count,0.001542635288205929
2,3,MIRAI,syn_count,0.016077198623679578
2,3,MIRAI,fin_count,0.0022053009597584605
2,3,MIRAI,rst_count,0.0008259475318482146
2,3,MIRAI,HTTP,0.0
2,3,MIRAI,HTTPS,2.727138337377255e-08
2,3,MIRAI,DNS,6.611223870578443e-08
2,3,MIRAI,Telnet,0.0
2,3,MIRAI,SMTP,0.0
2,3,MIRAI,SSH,0.0
2,3,MIRAI,IRC,0.0
2,3,MIRAI,TCP,2.960111141874222e-05
2,3,MIRAI,UDP,0.012371091498062014
2,3,MIRAI,DHCP,0.0
2,3,MIRAI,ARP,2.1671668964384772e-07
2,3,MIRAI,ICMP,2.424907021350009e-05
2,3,MIRAI,IGMP,0.0
2,3,MIRAI,IPv,5.9188625375905524e-08
2,3,MIRAI,LLC,1.2547732743404051e-07
2,3,MIRAI,Tot sum,0.479560450091958
2,3,MIRAI,Min,0.07249754722288344
2,3,MIRAI,Max,0.015709104342386128
2,3,MIRAI,AVG,0.495327590405941
2,3,MIRAI,Std,0.017943780042696745
2,3,MIRAI,Tot size,0.22699860334396363
2,3,MIRAI,IAT,0.0002284619781676156
2,3,MIRAI,Number,0.0
2,3,MIRAI,Variance,0.38217011218657715
2,4,MIRAI,Header_Length,7.055830312197031e-06
2,4,MIRAI,Protocol Type,0.00012648359079321382
2,4,MIRAI,Time_To_Live,0.00029180982382968066
2,4,MIRAI,Rate,8.977776960819028e-05
2,4,MIRAI,fin_flag_number,2.1655305459944428e-08
2,4,MIRAI,syn_flag_number,0.005260548484511673
2,4,MIRAI,rst_flag_number,0.0
2,4,MIRAI,psh_flag_number,1.1915446975763189e-07
2,4,MIRAI,ack_flag_number,0.00013715758250327782
2,4,MIRAI,ece_flag_number,0.0
2,4,MIRAI,cwr_flag_number,0.0
2,4,MIRAI,ack_count,4.2254747859260534e-05
2,4,MIRAI,syn_count,0.011225675698369741
2,4,MIRAI,fin_count,1.3135101289662998e-05
2,4,MIRAI,rst_count,0.0
2,4,MIRAI,HTTP,1.756768298832867e-07
2,4,MIRAI,HTTPS,9.882504627967137e-06
2,4,MIRAI,DNS,3.109400950052077e-08
2,4,MIRAI,Telnet,0.0
2,4,MIRAI,SMTP,0.0
2,4,MIRAI,SSH,0.0
2,4,MIRAI,IRC,0.0
2,4,MIRAI,TCP,2.768438357634295e-05
2,4,MIRAI,UDP,0.01603481313213706
2,4,MIRAI,DHCP,1.3386855357566673e-08
2,4,MIRAI,ARP,1.1746390100597637e-07
2,4,MIRAI,ICMP,6.980133690603907e-07
2,4,MIRAI,IGMP,1.9707761111931177e-07
2,4,MIRAI,IPv,1.2449132213987469e-08
2,4,MIRAI,LLC,9.182099347526673e-08
2,4,MIRAI,Tot sum,0.5716631025075912
2,4,MIRAI,Min,0.07344992364523932
2,4,MIRAI,Max,0.01655380632728338
2,4,MIRAI,AVG,0.4962845414876938
2,4,MIRAI,Std,0.023591030354145913
2,4,MIRAI,Tot size,0.1283551190048456
2,4,MIRAI,IAT,0.0002526568849134492
2,4,MIRAI,Number,0.0005230909067904576
2,4,MIRAI,Variance,0.2741055700695142
2,5,MIRAI,Header_Length,1.0019035829600399e-05
2,5,MIRAI,Protocol Type,0.00014098899428063305
2,5,MIRAI,Time_To_Live,0.00116725129482802
2,5,MIRAI,Rate,9.830449380388018e-05
2,5,MIRAI,fin_flag_number,5.225884467563446e-06
2,5,MIRAI,syn_flag_number,0.003477695235051215
2,5,MIRAI,rst_flag_number,7.305149847525172e-06
2,5,MIRAI,psh_flag_number,2.5523914942482405e-06
2,5,MIRAI,ack_flag_number,0.0013471624173689634
2,5,MIRAI,ece_flag_number,0.0
2,5,MIRAI,cwr_flag_number,0.0
2,5,MIRAI,ack_count,0.0004660507122025592
2,5,MIRAI,syn_count,0.0065583918476477265
2,5,MIRAI,fin_count,0.0018951341859064995
2,5,MIRAI,rst_count,0.0002682267135242
2,5,MIRAI,HTTP,3.055098043436288e-08
2,5,MIRAI,HTTPS,2.4703419114757708e-06
2,5,MIRAI,DNS,3.118124084267038e-07
2,5,MIRAI,Telnet,0.0
2,5,MIRAI,SMTP,0.0
2,5,MIRAI,SSH,0.0
2,5,MIRAI,IRC,0.0
2,5,MIRAI,TCP,2.746495212022637e-05
2,5,MIRAI,UDP,0.007866803905926645
2,5,MIRAI,DHCP,0.0
2,5,MIRAI,ARP,3.838593883642716e-07
2,5,MIRAI,ICMP,3.4753284126054496e-05
2,5,MIRAI,IGMP,0.0
2,5,MIRAI,IPv,1.3577489137439614e-07
2,5,MIRAI,LLC,2.6092179865599975e-07
2,5,MIRAI,Tot sum,0.4039084710180759
2,5,MIRAI,Min,0.041585758628934856
2,5,MIRAI,Max,0.012598906923085452
2,5,MIRAI,AVG,0.36486882120370867
2,5,MIRAI,Std,0.021096546202898026
2,5,MIRAI,Tot size,0.200253227353096
2,5,MIRAI,IAT,0.0026231841766275465
2,5,MIRAI,Number,0.0014103169698501006
2,5,MIRAI,Variance,0.29376787431538104
2,1,RECON,Header_Length,7.854875863131384e-05
2,1,RECON,Protocol Type,3.3093647539317315e-05
2,1,RECON,Time_To_Live,0.010430298854453212
2,1,RECON,Rate,0.0012735166701446587
2,1,RECON,fin_flag_number,1.3754108006480693e-05
2,1,RECON,syn_flag_number,0.004216355839344032
2,1,RECON,rst_flag_number,7.78480127493708e-05
2,1,RECON,psh_flag_number,1.6157651470294355e-05
2,1,RECON,ack_flag_number,0.03457290120713878
2,1,RECON,ece_flag_number,0.0
2,1,RECON,cwr_flag_number,0.0
2,1,RECON,ack_count,0.0007832007523632001
2,1,RECON,syn_count,0.005572056016535498
2,1,RECON,fin_count,0.0007993883863491646
2,1,RECON,rst_count,0.0006987042576838576
2,1,RECON,HTTP,5.902995807360867e-06
2,1,RECON,HTTPS,2.332073163131554e-05
2,1,RECON,DNS,1.0065544446913322e-05
2,1,RECON,Telnet,0.0
2,1,RECON,SMTP,0.0
2,1,RECON,SSH,0.0
2,1,RECON,IRC,0.0
2,1,RECON,TCP,2.7328050711616926e-05
2,1,RECON,UDP,0.001207733171122527
2,1,RECON,DHCP,0.0
2,1,RECON,ARP,2.36586924270199e-05
2,1,RECON,ICMP,6.66778131517276e-05
2,1,RECON,IGMP,2.663333708241566e-07
2,1,RECON,IPv,2.505459719664982e-06
2,1,RECON,LLC,2.444893694608652e-06
2,1,RECON,Tot sum,0.26537994663231074
2,1,RECON,Min,0.0003179292917311116
2,1,RECON,Max,0.0025681389735837
2,1,RECON,AVG,0.027190184238133953
2,1,RECON,Std,0.019012409252900396
2,1,RECON,Tot size,0.015761399548500775
2,1,RECON,IAT,0.06819568388164043
2,1,RECON,Number,0.011391227651620284
2,1,RECON,Variance,0.18007861012592913
2,2,RECON,Header_Length,6.92934091830466e-05
2,2,RECON,Protocol Type,6.512911281788547e-05
2,2,RECON,Time_To_Live,0.002781253829061825
2,2,RECON,Rate,0.00023117638939993413
2,2,RECON,fin_flag_number,9.526790313962863e-07
2,2,RECON,syn_flag_number,0.009963758424646585
2,2,RECON,rst_flag_number,0.00019730762812133484
2,2,RECON,psh_flag_number,1.5380300305123385e-06
2,2,RECON,ack_flag_number,0.04263358090975089
2,2,RECON,ece_flag_number,0.0
2,2,RECON,cwr_flag_number,0.0
2,2,RECON,ack_count,0.0017748807764291995
2,2,RECON,syn_count,0.002330307250667829
2,2,RECON,fin_count,0.00028220931830560405
2,2,RECON,rst_count,0.0008576278636610368
2,2,RECON,HTTP,2.7216922262596197e-07
2,2,RECON,HTTPS,1.8755363515765567e-05
2,2,RECON,DNS,1.4774471453482542e-07
2,2,RECON,Telnet,0.0
2,2,RECON,SMTP,0.0
2,2,RECON,SSH,0.0
2,2,RECON,IRC,0.0
2,2,RECON,TCP,2.4037505802976255e-05
2,2,RECON,UDP,0.0015372437610494671
2,2,RECON,DHCP,0.0
2,2,RECON,ARP,7.175191506769707e-05
2,2,RECON,ICMP,6.542795739861162e-07
2,2,RECON,IGMP,0.0
2,2,RECON,IPv,2.1297978664325255e-05
2,2,RECON,LLC,4.8076205339975255e-06
2,2,RECON,Tot sum,0.3723440782749094
2,2,RECON,Min,0.0002642399195110556
2,2,RECON,Max,0.0026392786981887183
2,2,RECON,AVG,0.026149435248225928
2,2,RECON,Std,0.026362356496974826
2,2,RECON,Tot size,0.020257466938346624
2,2,RECON,IAT,0.012609270267421379
2,2,RECON,Number,0.018351446322049013
2,2,RECON,Variance,0.15425839440431446
2,3,RECON,Header_Length,6.88457346701199e-05
2,3,RECON,Protocol Type,1.7508524689580086e-05
2,3,RECON,Time_To_Live,0.015440613790678981
2,3,RECON,Rate,8.23989177527018e-05
2,3,RECON,fin_flag_number,6.809156235232372e-06
2,3,RECON,syn_flag_number,0.005849303071471468
2,3,RECON,rst_flag_number,3.954085339338553e-05
2,3,RECON,psh_flag_number,1.8059686432181364e-05
2,3,RECON,ack_flag_number,0.022275905286483065
2,3,RECON,ece_flag_number,0.0
2,3,RECON,cwr_flag_number,0.0
2,3,RECON,ack_count,0.00084139357939641
2,3,RECON,syn_count,0.00527855730388751
2,3,RECON,fin_count,0.0006058848733971444
2,3,RECON,rst_count,0.0010661289700671262
2,3,RECON,HTTP,1.264380327370418e-06
2,3,RECON,HTTPS,2.2983733003911766e-05
2,3,RECON,DNS,2.2057833147992588e-05
2,3,RECON,Telnet,0.0
2,3,RECON,SMTP,0.0
2,3,RECON,SSH,0.0
2,3,RECON,IRC,0.0
2,3,RECON,TCP,1.754977349106568e-05
2,3,RECON,UDP,0.0013143336006564254
2,3,RECON,DHCP,0.0
2,3,RECON,ARP,5.875669752639715e-05
2,3,RECON,ICMP,3.404546082967919e-05
2,3,RECON,IGMP,1.707810406514909e-06
2,3,RECON,IPv,3.261896199594147e-05
2,3,RECON,LLC,4.276225129728247e-06
2,3,RECON,Tot sum,0.1888516584125682
2,3,RECON,Min,0.000108540386901268
2,3,RECON,Max,0.0014340711328259203
2,3,RECON,AVG,0.012375230301404371
2,3,RECON,Std,0.012215818234835751
2,3,RECON,Tot size,0.008334217256197008
2,3,RECON,IAT,0.06867794226145633
2,3,RECON,Number,0.008350965146530599
2,3,RECON,Variance,0.07893535062903538
2,4,RECON,Header_Length,1.4584527238303836e-05
2,4,RECON,Protocol Type,2.4849704752227807e-05
2,4,RECON,Time_To_Live,0.03064391579631618
2,4,RECON,Rate,6.422493430005005e-05
2,4,RECON,fin_flag_number,2.581893987089383e-06
2,4,RECON,syn_flag_number,0.005650712995358731
2,4,RECON,rst_flag_number,4.896065547654871e-05
2,4,RECON,psh_flag_number,1.6971961375844558e-06
2,4,RECON,ack_flag_number,0.02429621717124064
2,4,RECON,ece_flag_number,0.0
2,4,RECON,cwr_flag_number,0.0
2,4,RECON,ack_count,0.001034576634205564
2,4,RECON,syn_count,0.0027621116890259147
2,4,RECON,fin_count,4.227140236795768e-05
2,4,RECON,rst_count,0.0007186128990724683
2,4,RECON,HTTP,1.1331663365739784e-06
2,4,RECON,HTTPS,3.244647338860318e-05
2,4,RECON,DNS,2.5423413148928375e-06
2,4,RECON,Telnet,0.0
2,4,RECON,SMTP,0.0
2,4,RECON,SSH,0.0
2,4,RECON,IRC,0.0
2,4,RECON,TCP,3.457896551166684e-05
2,4,RECON,UDP,0.0011567774594766433
2,4,RECON,DHCP,0.0
2,4,RECON,ARP,1.4348202421388124e-05
2,4,RECON,ICMP,1.4030796613218043e-06
2,4,RECON,IGMP,0.0
2,4,RECON,IPv,7.873326012486359e-06
2,4,RECON,LLC,1.3540615327656268e-06
2,4,RECON,Tot sum,0.21490496947226348
2,4,RECON,Min,0.00013866006018465883
2,4,RECON,Max,0.00035926931777225947
2,4,RECON,AVG,0.003644784301468462
2,4,RECON,Std,0.002721273235511035
2,4,RECON,Tot size,0.0025789939107198736
2,4,RECON,IAT,0.016437907849142164
2,4,RECON,Number,0.009251500854270489
2,4,RECON,Variance,0.019056463782908394
2,5,RECON,Header_Length,5.402224769994746e-05
2,5,RECON,Protocol Type,1.4794841849352647e-05
2,5,RECON,Time_To_Live,0.011666262956350693
2,5,RECON,Rate,9.428621999347797e-05
2,5,RECON,fin_flag_number,5.561094414296974e-06
2,5,RECON,syn_flag_number,0.015930371252034094
2,5,RECON,rst_flag_number,1.0596431902953895e-05
2,5,RECON,psh_flag_number,2.799960234156629e-06
2,5,RECON,ack_flag_number,0.009021678516728571
2,5,RECON,ece_flag_number,0.0
2,5,RECON,cwr_flag_number,0.0
2,5,RECON,ack_count,0.0003482976494524337
2,5,RECON,syn_count,0.005460802385823626
2,5,RECON,fin_count,0.00036397247310162586
2,5,RECON,rst_count,0.0005279759546908735
2,5,RECON,HTTP,1.8625921584858317e-06
2,5,RECON,HTTPS,1.776255449499331e-05
2,5,RECON,DNS,8.067745785922397e-06
2,5,RECON,Telnet,0.0
2,5,RECON,SMTP,0.0
2,5,RECON,SSH,0.0
2,5,RECON,IRC,0.0
2,5,RECON,TCP,4.4761433315443355e-06
2,5,RECON,UDP,0.0005990649752584786
2,5,RECON,DHCP,0.0
2,5,RECON,ARP,1.749106781121501e-05
2,5,RECON,ICMP,2.4369390627043685e-05
2,5,RECON,IGMP,0.0
2,5,RECON,IPv,5.725457825278557e-06
2,5,RECON,LLC,1.6813132265702802e-06
2,5,RECON,Tot sum,0.12405280731618404
2,5,RECON,Min,0.00020440380976651795
2,5,RECON,Max,0.0008421254016866442
2,5,RECON,AVG,0.018333027977496384
2,5,RECON,Std,0.009132449515163898
2,5,RECON,Tot size,0.008312105078948662
2,5,RECON,IAT,0.030822002999775576
2,5,RECON,Number,0.00703986901735334
2,5,RECON,Variance,0.046350979921408
2,1,SPOOFING,Header_Length,4.330933034246698e-06
2,1,SPOOFING,Protocol Type,1.846873227684398e-07
2,1,SPOOFING,Time_To_Live,2.476504416115688e-06
2,1,SPOOFING,Rate,1.0367578454761883e-05
2,1,SPOOFING,fin_flag_number,2.0872190698573156e-07
2,1,SPOOFING,syn_flag_number,1.2864807880674789e-05
2,1,SPOOFING,rst_flag_number,4.2832896854916316e-07
2,1,SPOOFING,psh_flag_number,2.129775237915549e-07
2,1,SPOOFING,ack_flag_number,0.00016643683355823668
2,1,SPOOFING,ece_flag_number,0.0
2,1,SPOOFING,cwr_flag_number,0.0
2,1,SPOOFING,ack_count,9.298657101197705e-07
2,1,SPOOFING,syn_count,1.6290391077689036e-05
2,1,SPOOFING,fin_count,1.4944660911231367e-06
2,1,SPOOFING,rst_count,3.6351173705284624e-05
2,1,SPOOFING,HTTP,1.0917723740760943e-07
2,1,SPOOFING,HTTPS,8.270885395622595e-07
2,1,SPOOFING,DNS,1.2580319711311129e-10
2,1,SPOOFING,Telnet,0.0
2,1,SPOOFING,SMTP,0.0
2,1,SPOOFING,SSH,0.0
2,1,SPOOFING,IRC,0.0
2,1,SPOOFING,TCP,8.968599015779511e-07
2,1,SPOOFING,UDP,5.136224719504145e-06
2,1,SPOOFING,DHCP,0.0
2,1,SPOOFING,ARP,1.217907348929903e-08
2,1,SPOOFING,ICMP,4.726105156116489e-07
2,1,SPOOFING,IGMP,8.735012929986241e-12
2,1,SPOOFING,IPv,4.885714043165353e-09
2,1,SPOOFING,LLC,3.581090118887076e-09
2,1,SPOOFING,Tot sum,0.00010464318695539987
2,1,SPOOFING,Min,7.869047615827185e-06
2,1,SPOOFING,Max,1.9119650482934956e-05
2,1,SPOOFING,AVG,5.522309883190246e-05
2,1,SPOOFING,Std,9.140144452430831e-05
2,1,SPOOFING,Tot size,4.785096771229291e-05
2,1,SPOOFING,IAT,1.830246507239508e-05
2,1,SPOOFING,Number,0.0001238895845517618
2,1,SPOOFING,Variance,0.0002665073050593492
2,2,SPOOFING,Header_Length,4.622133618568114e-05
2,2,SPOOFING,Protocol Type,1.0278089484927478e-05
2,2,SPOOFING,Time_To_Live,0.0007378142159723211
2,2,SPOOFING,Rate,8.625199500897907e-05
2,2,SPOOFING,fin_flag_number,2.528909813293012e-06
2,2,SPOOFING,syn_flag_number,0.0025770642954739743
2,2,SPOOFING,rst_flag_number,2.2286886976985443e-05
2,2,SPOOFING,psh_flag_number,1.1559644161796e-05
2,2,SPOOFING,ack_flag_number,0.00782736726978328
2,2,SPOOFING,ece_flag_number,1.850998705776874e-06
2,2,SPOOFING,cwr_flag_number,4.529434590949677e-06
2,2,SPOOFING,ack_count,0.0005207329526456306
2,2,SPOOFING,syn_count,0.0026107410245458595
2,2,SPOOFING,fin_count,0.00041810676812019664
2,2,SPOOFING,rst_count,0.000532764623494586
2,2,SPOOFING,HTTP,0.0
2,2,SPOOFING,HTTPS,1.021331422350613e-05
2,2,SPOOFING,DNS,8.37379432834101e-06
2,2,SPOOFING,Telnet,0.0
2,2,SPOOFING,SMTP,0.0
2,2,SPOOFING,SSH,0.0
2,2,SPOOFING,IRC,0.0
2,2,SPOOFING,TCP,2.744107320893363e-05
2,2,SPOOFING,UDP,0.0008949025024776347
2,2,SPOOFING,DHCP,0.0
2,2,SPOOFING,ARP,1.4570966508742344e-05
2,2,SPOOFING,ICMP,1.5411799979592188e-05
2,2,SPOOFING,IGMP,0.0
2,2,SPOOFING,IPv,8.254474603064388e-07
2,2,SPOOFING,LLC,1.5148473137271967e-06
2,2,SPOOFING,Tot sum,0.051604971101915
2,2,SPOOFING,Min,0.003090214552503312
2,2,SPOOFING,Max,0.006241876119747758
2,2,SPOOFING,AVG,0.09650305500254035
2,2,SPOOFING,Std,0.037274986924603584
2,2,SPOOFING,Tot size,0.033182084994041364
2,2,SPOOFING,IAT,0.03301835100246535
2,2,SPOOFING,Number,0.0056648537181899885
2,2,SPOOFING,Variance,0.13168332139030098
2,3,SPOOFING,Header_Length,0.00046230533628204283
2,3,SPOOFING,Protocol Type,3.641745494427084e-05
2,3,SPOOFING,Time_To_Live,0.00122120922387694
2,3,SPOOFING,Rate,0.00014846902356566716
2,3,SPOOFING,fin_flag_number,3.3652587930532717e-06
2,3,SPOOFING,syn_flag_number,0.004454743743553991
2,3,SPOOFING,rst_flag_number,1.050767085146731e-05
2,3,SPOOFING,psh_flag_number,1.2852106118543816e-05
2,3,SPOOFING,ack_flag_number,0.0019137189727189252
2,3,SPOOFING,ece_flag_number,0.0
2,3,SPOOFING,cwr_flag_number,0.0
2,3,SPOOFING,ack_count,0.0009695450809886097
2,3,SPOOFING,syn_count,0.012000199616886675
2,3,SPOOFING,fin_count,0.0013681171713869843
2,3,SPOOFING,rst_count,0.0007523525697706645
2,3,SPOOFING,HTTP,1.123866013585939e-06
2,3,SPOOFING,HTTPS,2.4187196459024563e-05
2,3,SPOOFING,DNS,2.0992198452307597e-07
2,3,SPOOFING,Telnet,0.0
2,3,SPOOFING,SMTP,0.0
2,3,SPOOFING,SSH,0.0
2,3,SPOOFING,IRC,0.0
2,3,SPOOFING,TCP,0.00013599202733303173
2,3,SPOOFING,UDP,0.007228507176233734
2,3,SPOOFING,DHCP,0.0
2,3,SPOOFING,ARP,1.677580392242528e-06
2,3,SPOOFING,ICMP,0.0002795665690655369
2,3,SPOOFING,IGMP,0.0
2,3,SPOOFING,IPv,2.316673614538578e-06
2,3,SPOOFING,LLC,7.922868561417717e-07
2,3,SPOOFING,Tot sum,0.4129026799593703
2,3,SPOOFING,Min,0.0031848576448282985
2,3,SPOOFING,Max,0.005006599536864087
2,3,SPOOFING,AVG,0.09988059867173434
2,3,SPOOFING,Std,0.02205055790836923
2,3,SPOOFING,Tot size,0.07963727172464133
2,3,SPOOFING,IAT,0.0011268740461900962
2,3,SPOOFING,Number,0.03560355165882356
2,3,SPOOFING,Variance,0.693529407447204
2,4,SPOOFING,Header_Length,8.761500833713854e-05
2,4,SPOOFING,Protocol Type,5.3937841676088284e-05
2,4,SPOOFING,Time_To_Live,0.02618699019521955
2,4,SPOOFING,Rate,0.0006675062420981703
2,4,SPOOFING,fin_flag_number,9.730249488359987e-08
2,4,SPOOFING,syn_flag_number,0.004896992460999172
2,4,SPOOFING,rst_flag_number,1.332610372628551e-06
2,4,SPOOFING,psh_flag_number,3.1111756962332036e-05
2,4,SPOOFING,ack_flag_number,0.008221197424427373
2,4,SPOOFING,ece_flag_number,0.0
2,4,SPOOFING,cwr_flag_number,0.0
2,4,SPOOFING,ack_count,0.000849597622800502
2,4,SPOOFING,syn_count,0.01155576859600842
2,4,SPOOFING,fin_count,1.6777439654447336e-06
2,4,SPOOFING,rst_count,3.2715372071834283e-06
2,4,SPOOFING,HTTP,6.925761186593604e-06
2,4,SPOOFING,HTTPS,2.693784874097105e-05
2,4,SPOOFING,DNS,1.3104963812793357e-06
2,4,SPOOFING,Telnet,0.0
2,4,SPOOFING,SMTP,0.0
2,4,SPOOFING,SSH,0.0
2,4,SPOOFING,IRC,0.0
2,4,SPOOFING,TCP,0.00012442372119494393
2,4,SPOOFING,UDP,0.0018329549828195013
2,4,SPOOFING,DHCP,0.0
2,4,SPOOFING,ARP,6.919451152498368e-06
2,4,SPOOFING,ICMP,1.5775699374387385e-06
2,4,SPOOFING,IGMP,0.0
2,4,SPOOFING,IPv,2.2590642402064986e-06
2,4,SPOOFING,LLC,1.294710136789945e-06
2,4,SPOOFING,Tot sum,0.13469872826244683
2,4,SPOOFING,Min,0.016761574114116228
2,4,SPOOFING,Max,0.006348691956372931
2,4,SPOOFING,AVG,0.10113431308418512
2,4,SPOOFING,Std,0.029228852048981936
2,4,SPOOFING,Tot size,0.0779349833726883
2,4,SPOOFING,IAT,0.0830916990969854
2,4,SPOOFING,Number,0.02295345129678026
2,4,SPOOFING,Variance,0.22049263636290561
2,5,SPOOFING,Header_Length,0.00014146456642265547
2,5,SPOOFING,Protocol Type,4.345570541985921e-06
2,5,SPOOFING,Time_To_Live,0.0008326808896526927
2,5,SPOOFING,Rate,0.0006195951053769022
2,5,SPOOFING,fin_flag_number,1.2572530433629937e-06
2,5,SPOOFING,syn_flag_number,0.0013639915312523953
2,5,SPOOFING,rst_flag_number,1.3098008690803908e-05
2,5,SPOOFING,psh_flag_number,3.2518602921527417e-06
2,5,SPOOFING,ack_flag_number,0.009947277617902728
2,5,SPOOFING,ece_flag_number,0.0
2,5,SPOOFING,cwr_flag_number,0.0
2,5,SPOOFING,ack_count,0.0008116174875681282
2,5,SPOOFING,syn_count,0.0034434291192155797
2,5,SPOOFING,fin_count,0.0007246841098549339
2,5,SPOOFING,rst_count,0.0006863455367238202
2,5,SPOOFING,HTTP,3.995015780322575e-06
2,5,SPOOFING,HTTPS,1.0450499998349017e-05
2,5,SPOOFING,DNS,4.18355874354237e-07
2,5,SPOOFING,Telnet,0.0
2,5,SPOOFING,SMTP,0.0
2,5,SPOOFING,SSH,0.0
2,5,SPOOFING,IRC,0.0
2,5,SPOOFING,TCP,8.583740278140794e-05
2,5,SPOOFING,UDP,0.000803402112254048
2,5,SPOOFING,DHCP,0.0
2,5,SPOOFING,ARP,1.4420361760691946e-06
2,5,SPOOFING,ICMP,4.294387256322807e-05
2,5,SPOOFING,IGMP,0.0
2,5,SPOOFING,IPv,1.5986426002978504e-07
2,5,SPOOFING,LLC,2.4059482965355094e-07
2,5,SPOOFING,Tot sum,0.01557376620476134
2,5,SPOOFING,Min,0.00026448545827406633
2,5,SPOOFING,Max,0.0013870615453924983
2,5,SPOOFING,AVG,0.018504094192758204
2,5,SPOOFING,Std,0.009052224992774426
2,5,SPOOFING,Tot size,0.017168016009964048
2,5,SPOOFING,IAT,0.008743948067422024
2,5,SPOOFING,Number,0.015131275839894442
2,5,SPOOFING,Variance,0.04728079661726951
2,1,WEB,Header_Length,7.229011514731099e-07
2,1,WEB,Protocol Type,6.846599882565086e-07
2,1,WEB,Time_To_Live,2.39668061226439e-05
2,1,WEB,Rate,2.171330422923168e-06
2,1,WEB,fin_flag_number,5.513942494591445e-08
2,1,WEB,syn_flag_number,0.00012435355789786607
2,1,WEB,rst_flag_number,7.075927020219752e-08
2,1,WEB,psh_flag_number,1.0477110348738883e-06
2,1,WEB,ack_flag_number,9.960756012787897e-05
2,1,WEB,ece_flag_number,0.0
2,1,WEB,cwr_flag_number,0.0
2,1,WEB,ack_count,2.517228874054922e-05
2,1,WEB,syn_count,1.9224107124671263e-05
2,1,WEB,fin_count,1.725353940145169e-05
2,1,WEB,rst_count,2.7877547138288604e-06
2,1,WEB,HTTP,1.4916651900620526e-07
2,1,WEB,HTTPS,1.1345298995824038e-07
2,1,WEB,DNS,1.733770004189606e-08
2,1,WEB,Telnet,0.0
2,1,WEB,SMTP,0.0
2,1,WEB,SSH,0.0
2,1,WEB,IRC,0.0
2,1,WEB,TCP,1.7722106001039073e-06
2,1,WEB,UDP,2.691460873236462e-05
2,1,WEB,DHCP,0.0
2,1,WEB,ARP,2.983024796445518e-08
2,1,WEB,ICMP,2.471120412989025e-06
2,1,WEB,IGMP,8.596895724162848e-10
2,1,WEB,IPv,1.793314107607913e-07
2,1,WEB,LLC,3.963996678526334e-08
2,1,WEB,Tot sum,0.006479468095471929
2,1,WEB,Min,0.006054856839614597
2,1,WEB,Max,0.0002792424588079712
2,1,WEB,AVG,0.01041138712373595
2,1,WEB,Std,3.155413757980341e-05
2,1,WEB,Tot size,0.01231406989891184
2,1,WEB,IAT,0.0007411251925418582
2,1,WEB,Number,0.0003862323790258415
2,1,WEB,Variance,0.0013008883900511136
2,2,WEB,Header_Length,2.217444948087177e-05
2,2,WEB,Protocol Type,1.850686611994945e-05
2,2,WEB,Time_To_Live,0.0066421699747479575
2,2,WEB,Rate,7.208523455233262e-05
2,2,WEB,fin_flag_number,8.13539321442569e-07
2,2,WEB,syn_flag_number,0.0005262775005121512
2,2,WEB,rst_flag_number,4.601888774402596e-06
2,2,WEB,psh_flag_number,3.119212461228926e-05
2,2,WEB,ack_flag_number,0.009748473210493103
2,2,WEB,ece_flag_number,0.0
2,2,WEB,cwr_flag_number,0.0
2,2,WEB,ack_count,0.0006210128623933997
2,2,WEB,syn_count,0.0005513392718427213
2,2,WEB,fin_count,0.0004513852566105925
2,2,WEB,rst_count,0.0001982791873047063
2,2,WEB,HTTP,5.313057158673473e-08
2,2,WEB,HTTPS,1.509354235551541e-05
2,2,WEB,DNS,1.9862527531530615e-05
2,2,WEB,Telnet,0.0
2,2,WEB,SMTP,0.0
2,2,WEB,SSH,0.0
2,2,WEB,IRC,0.0
2,2,WEB,TCP,2.9799607986880083e-05
2,2,WEB,UDP,0.00024491960970181027
2,2,WEB,DHCP,0.0
2,2,WEB,ARP,9.778165771365949e-06
2,2,WEB,ICMP,2.3297242338948114e-05
2,2,WEB,IGMP,0.0
2,2,WEB,IPv,9.597077420419112e-06
2,2,WEB,LLC,2.4000003434664593e-06
2,2,WEB,Tot sum,0.06651709617581218
2,2,WEB,Min,0.004834427022888122
2,2,WEB,Max,0.0011292510122075327
2,2,WEB,AVG,0.05039468798786402
2,2,WEB,Std,0.013343011937104165
2,2,WEB,Tot size,0.09860987386200577
2,2,WEB,IAT,0.20533541351614987
2,2,WEB,Number,0.00502540351371863
2,2,WEB,Variance,0.33642322443192824
2,3,WEB,Header_Length,6.2519040948672e-07
2,3,WEB,Protocol Type,1.8995869550397782e-07
2,3,WEB,Time_To_Live,9.509616285185984e-05
2,3,WEB,Rate,1.6280098848076019e-06
2,3,WEB,fin_flag_number,1.9391280520197894e-08
2,3,WEB,syn_flag_number,2.3617394741393128e-05
2,3,WEB,rst_flag_number,8.106932893048312e-09
2,3,WEB,psh_flag_number,1.3590752456771327e-07
2,3,WEB,ack_flag_number,9.070893769376198e-05
2,3,WEB,ece_flag_number,0.0
2,3,WEB,cwr_flag_number,0.0
2,3,WEB,ack_count,2.4170846988624816e-05
2,3,WEB,syn_count,2.8274840070707795e-05
2,3,WEB,fin_count,5.225555879562194e-06
2,3,WEB,rst_count,1.7551222665446176e-06
2,3,WEB,HTTP,4.080758806424001e-08
2,3,WEB,HTTPS,2.8676603580635174e-07
2,3,WEB,DNS,2.989263584341102e-09
2,3,WEB,Telnet,0.0
2,3,WEB,SMTP,0.0
2,3,WEB,SSH,0.0
2,3,WEB,IRC,0.0
2,3,WEB,TCP,3.608407852073725e-07
2,3,WEB,UDP,1.3538765657283846e-05
2,3,WEB,DHCP,0.0
2,3,WEB,ARP,6.117595957271632e-09
2,3,WEB,ICMP,1.0498067100073172e-07
2,3,WEB,IGMP,0.0
2,3,WEB,IPv,2.5272380186949752e-08
2,3,WEB,LLC,2.7806672238191203e-09
2,3,WEB,Tot sum,0.0015235204177770356
2,3,WEB,Min,1.2412321619414968e-06
2,3,WEB,Max,8.591217954290186e-06
2,3,WEB,AVG,0.0001556064556552883
2,3,WEB,Std,0.00010460642570251367
2,3,WEB,Tot size,0.000459711131225049
2,3,WEB,IAT,0.0017707659185134616
2,3,WEB,Number,0.00014907236110275334
2,3,WEB,Variance,0.0022464660381956492
2,4,WEB,Header_Length,6.555959429377367e-05
2,4,WEB,Protocol Type,8.948317022228203e-05
2,4,WEB,Time_To_Live,0.0011860194620794573
2,4,WEB,Rate,0.0001493343693056204
2,4,WEB,fin_flag_number,2.3476161010065773e-06
2,4,WEB,syn_flag_number,0.0009082339732856326
2,4,WEB,rst_flag_number,0.0
2,4,WEB,psh_flag_number,2.3220698633963365e-05
2,4,WEB,ack_flag_number,0.003442067644573399
2,4,WEB,ece_flag_number,0.0
2,4,WEB,cwr_flag_number,0.0
2,4,WEB,ack_count,0.00032264860528812277
2,4,WEB,syn_count,0.0006786073868852327
2,4,WEB,fin_count,6.145588459529616e-05
2,4,WEB,rst_count,0.0
2,4,WEB,HTTP,1.8239072740930483e-05
2,4,WEB,HTTPS,8.898250530009477e-06
2,4,WEB,DNS,4.637907318283397e-06
2,4,WEB,Telnet,0.0
2,4,WEB,SMTP,0.0
2,4,WEB,SSH,0.0
2,4,WEB,IRC,0.0
2,4,WEB,TCP,3.994885572442541e-05
2,4,WEB,UDP,0.000869238150687579
2,4,WEB,DHCP,0.0
2,4,WEB,ARP,1.9055807342738263e-06
2,4,WEB,ICMP,4.574434920993561e-06
2,4,WEB,IGMP,0.0
2,4,WEB,IPv,2.3866354490564844e-05
2,4,WEB,LLC,2.111091555434541e-06
2,4,WEB,Tot sum,0.040174528809166075
2,4,WEB,Min,0.004418582510533398
2,4,WEB,Max,0.0027863681596500102
2,4,WEB,AVG,0.03613322506716941
2,4,WEB,Std,0.008089528540676839
2,4,WEB,Tot size,0.04886890173656866
2,4,WEB,IAT,0.13800920422122545
2,4,WEB,Number,0.018278086565544527
2,4,WEB,Variance,0.04986424688831903
2,5,WEB,Header_Length,4.960883331932564e-05
2,5,WEB,Protocol Type,4.7534842029683945e-06
2,5,WEB,Time_To_Live,0.0074153073081106415
2,5,WEB,Rate,1.2810048735190094e-05
2,5,WEB,fin_flag_number,1.8535429397559256e-06
2,5,WEB,syn_flag_number,0.0003633942812484747
2,5,WEB,rst_flag_number,8.609334936071633e-07
2,5,WEB,psh_flag_number,8.867507374077377e-06
2,5,WEB,ack_flag_number,0.001671523362165317
2,5,WEB,ece_flag_number,0.0
2,5,WEB,cwr_flag_number,0.0
2,5,WEB,ack_count,0.0002246774212295577
2,5,WEB,syn_count,0.00029088057328863215
2,5,WEB,fin_count,0.00034831787806979266
2,5,WEB,rst_count,5.994392906814028e-05
2,5,WEB,HTTP,1.2610639079646547e-07
2,5,WEB,HTTPS,1.3722800371596122e-05
2,5,WEB,DNS,6.333360988319825e-06
2,5,WEB,Telnet,0.0
2,5,WEB,SMTP,0.0
2,5,WEB,SSH,0.0
2,5,WEB,IRC,0.0
2,5,WEB,TCP,1.2228505286770997e-05
2,5,WEB,UDP,0.0003683044314698236
2,5,WEB,DHCP,0.0
2,5,WEB,ARP,6.564228635541624e-07
2,5,WEB,ICMP,1.1362076002185972e-05
2,5,WEB,IGMP,0.0
2,5,WEB,IPv,3.241016074914671e-06
2,5,WEB,LLC,1.7920198084747652e-06
2,5,WEB,Tot sum,0.011901539812606643
2,5,WEB,Min,4.434549015996936e-06
2,5,WEB,Max,0.00014903181420322653
2,5,WEB,AVG,0.010590429441072047
2,5,WEB,Std,0.0037023175071226435
2,5,WEB,Tot size,0.030381772480905057
2,5,WEB,IAT,0.08382383214593574
2,5,WEB,Number,0.006963517591066193
2,5,WEB,Variance,0.07066993832413573
3,1,BENIGN,Header_Length,3.6341426971375766e-05
3,1,BENIGN,Protocol Type,2.429517690956118e-05
3,1,BENIGN,Time_To_Live,0.021798756351745396
3,1,BENIGN,Rate,8.490688730944385e-05
3,1,BENIGN,fin_flag_number,1.1080017628728456e-05
3,1,BENIGN,syn_flag_number,0.0035790497360721927
3,1,BENIGN,rst_flag_number,3.0870822618211946e-06
3,1,BENIGN,psh_flag_number,9.24498610768154e-06
3,1,BENIGN,ack_flag_number,0.006897876805669512
3,1,BENIGN,ece_flag_number,0.0
3,1,BENIGN,cwr_flag_number,0.0
3,1,BENIGN,ack_count,0.0009659544795056263
3,1,BENIGN,syn_count,0.002443329250309034
3,1,BENIGN,fin_count,0.0008410834233472997
3,1,BENIGN,rst_count,0.0011298292869469152
3,1,BENIGN,HTTP,3.0812058290585754e-06
3,1,BENIGN,HTTPS,1.361001349948765e-05
3,1,BENIGN,DNS,1.5287702415101025e-08
3,1,BENIGN,Telnet,0.0
3,1,BENIGN,SMTP,0.0
3,1,BENIGN,SSH,0.0
3,1,BENIGN,IRC,0.0
3,1,BENIGN,TCP,1.5572400917029938e-05
3,1,BENIGN,UDP,0.0011731295066738311
3,1,BENIGN,DHCP,0.0
3,1,BENIGN,ARP,3.605204957821684e-05
3,1,BENIGN,ICMP,3.53093511467506e-05
3,1,BENIGN,IGMP,1.1557243206894441e-07
3,1,BENIGN,IPv,1.0338637113060934e-05
3,1,BENIGN,LLC,1.8846410868356145e-05
3,1,BENIGN,Tot sum,0.037354004464577886
3,1,BENIGN,Min,0.006557173637520464
3,1,BENIGN,Max,0.004425943596288562
3,1,BENIGN,AVG,0.058062588516622785
3,1,BENIGN,Std,0.03128006430342793
3,1,BENIGN,Tot size,0.00867222261003917
3,1,BENIGN,IAT,0.028887781259072653
3,1,BENIGN,Number,0.005059840832836926
3,1,BENIGN,Variance,0.1202709574252367
3,2,BENIGN,Header_Length,2.264138036789376e-05
3,2,BENIGN,Protocol Type,2.8046178524476774e-06
3,2,BENIGN,Time_To_Live,0.014526783115275065
3,2,BENIGN,Rate,1.573667082368502e-05
3,2,BENIGN,fin_flag_number,5.630018278357519e-07
3,2,BENIGN,syn_flag_number,0.00020516969095751847
3,2,BENIGN,rst_flag_number,4.7335651028324045e-07
3,2,BENIGN,psh_flag_number,4.2389101316819834e-07
3,2,BENIGN,ack_flag_number,0.000895416938847493
3,2,BENIGN,ece_flag_number,0.0
3,2,BENIGN,cwr_flag_number,0.0
3,2,BENIGN,ack_count,2.6695402087284493e-05
3,2,BENIGN,syn_count,8.239681362738338e-05
3,2,BENIGN,fin_count,6.624038771718688e-06
3,2,BENIGN,rst_count,7.604113615506946e-05
3,2,BENIGN,HTTP,4.023750912907076e-07
3,2,BENIGN,HTTPS,1.1622326562488183e-05
3,2,BENIGN,DNS,1.9353254961588898e-07
3,2,BENIGN,Telnet,0.0
3,2,BENIGN,SMTP,0.0
3,2,BENIGN,SSH,0.0
3,2,BENIGN,IRC,0.0
3,2,BENIGN,TCP,6.920566526791294e-06
3,2,BENIGN,UDP,0.0002461418262868165
3,2,BENIGN,DHCP,0.0
3,2,BENIGN,ARP,3.0204511877046644e-08
3,2,BENIGN,ICMP,3.828082756826556e-08
3,2,BENIGN,IGMP,0.0
3,2,BENIGN,IPv,2.7053301307998488e-08
3,2,BENIGN,LLC,3.2481316666541085e-08
3,2,BENIGN,Tot sum,0.015898205297253297
3,2,BENIGN,Min,0.00012187965126031486
3,2,BENIGN,Max,8.204977184504969e-05
3,2,BENIGN,AVG,0.0005707561660528882
3,2,BENIGN,Std,0.0006963437823287677
3,2,BENIGN,Tot size,0.0013660346317919902
3,2,BENIGN,IAT,0.0013010098251264423
3,2,BENIGN,Number,0.0016667236058765412
3,2,BENIGN,Variance,0.0044413038471248
3,3,BENIGN,Header_Length,0.0001066567904757676
3,3,BENIGN,Protocol Type,8.714481481320036e-06
3,3,BENIGN,Time_To_Live,0.019754951721120052
3,3,BENIGN,Rate,0.00011108958424301817
3,3,BENIGN,fin_flag_number,7.55894450037431e-06
3,3,BENIGN,syn_flag_number,0.0054803285285743185
3,3,BENIGN,rst_flag_number,1.913766942396311e-06
3,3,BENIGN,psh_flag_number,7.224914327497167e-06
3,3,BENIGN,ack_flag_number,0.0015409207474476716
3,3,BENIGN,ece_flag_number,0.0
3,3,BENIGN,cwr_flag_number,0.0
3,3,BENIGN,ack_count,0.00033629741194545203
3,3,BENIGN,syn_count,0.0017337067918560933
3,3,BENIGN,fin_count,0.000833193482230854
3,3,BENIGN,rst_count,0.00039748409944877493
3,3,BENIGN,HTTP,1.860193606262328e-06
3,3,BENIGN,HTTPS,1.367733478545574e-05
3,3,BENIGN,DNS,5.340743533715705e-06
3,3,BENIGN,Telnet,0.0
3,3,BENIGN,SMTP,0.0
3,3,BENIGN,SSH,0.0
3,3,BENIGN,IRC,0.0
3,3,BENIGN,TCP,2.6976319072424813e-05
3,3,BENIGN,UDP,0.0014076781969833974
3,3,BENIGN,DHCP,0.0
3,3,BENIGN,ARP,1.961320920257359e-09
3,3,BENIGN,ICMP,7.0461119491938005e-06
3,3,BENIGN,IGMP,0.0
3,3,BENIGN,IPv,5.872626138159198e-09
3,3,BENIGN,LLC,9.974664139100754e-09
3,3,BENIGN,Tot sum,0.09909235388040542
3,3,BENIGN,Min,0.002227464119641809
3,3,BENIGN,Max,0.004270879761315882
3,3,BENIGN,AVG,0.023636744124814868
3,3,BENIGN,Std,0.029661423712968826
3,3,BENIGN,Tot size,0.01911305319517851
3,3,BENIGN,IAT,0.07037982519885873
3,3,BENIGN,Number,0.005701155825227034
3,3,BENIGN,Variance,0.35085217393934726
3,4,BENIGN,Header_Length,0.00014873237783490366
3,4,BENIGN,Protocol Type,3.339771517403278e-05
3,4,BENIGN,Time_To_Live,0.04263437163644994
3,4,BENIGN,Rate,0.00013640462553894396
3,4,BENIGN,fin_flag_number,2.6054711189937852e-08
3,4,BENIGN,syn_flag_number,0.0023111214557502537
3,4,BENIGN,rst_flag_number,0.0
3,4,BENIGN,psh_flag_number,6.266617991101952e-06
3,4,BENIGN,ack_flag_number,0.004696702892488247
3,4,BENIGN,ece_flag_number,0.0
3,4,BENIGN,cwr_flag_number,0.0
3,4,BENIGN,ack_count,0.00015147378289839252
3,4,BENIGN,syn_count,0.0033266281316173263
3,4,BENIGN,fin_count,3.4294924569522324e-06
3,4,BENIGN,rst_count,0.0
3,4,BENIGN,HTTP,4.3838306026944274e-07
3,4,BENIGN,HTTPS,7.589069010438543e-06
3,4,BENIGN,DNS,6.4351823425568e-09
3,4,BENIGN,Telnet,0.0
3,4,BENIGN,SMTP,0.0
3,4,BENIGN,SSH,0.0
3,4,BENIGN,IRC,0.0
3,4,BENIGN,TCP,4.006419110549331e-05
3,4,BENIGN,UDP,0.0028496521947090512
3,4,BENIGN,DHCP,0.0
3,4,BENIGN,ARP,1.159703970188275e-06
3,4,BENIGN,ICMP,2.0016865869720847e-06
3,4,BENIGN,IGMP,0.0
3,4,BENIGN,IPv,5.310006145009538e-07
3,4,BENIGN,LLC,2.6093564883922225e-06
3,4,BENIGN,Tot sum,0.06650003732647747
3,4,BENIGN,Min,0.004330307031250413
3,4,BENIGN,Max,0.0025512635766062886
3,4,BENIGN,AVG,0.030295088561251758
3,4,BENIGN,Std,0.010138664545956999
3,4,BENIGN,Tot size,0.027457987307570875
3,4,BENIGN,IAT,0.030718377614175552
3,4,BENIGN,Number,0.011167783345445059
3,4,BENIGN,Variance,0.12281178440898657
3,5,BENIGN,Header_Length,0.00044360111945138667
3,5,BENIGN,Protocol Type,1.0990299234947542e-05
3,5,BENIGN,Time_To_Live,0.1726299413797278
3,5,BENIGN,Rate,0.00024347484593363334
3,5,BENIGN,fin_flag_number,2.0766089610901874e-05
3,5,BENIGN,syn_flag_number,0.006028287121898757
3,5,BENIGN,rst_flag_number,2.9552938389798555e-06
3,5,BENIGN,psh_flag_number,1.3840220459826469e-05
3,5,BENIGN,ack_flag_number,0.022937365290454183
3,5,BENIGN,ece_flag_number,0.0
3,5,BENIGN,cwr_flag_number,0.0
3,5,BENIGN,ack_count,0.0007909796654075763
3,5,BENIGN,syn_count,0.002754470536183362
3,5,BENIGN,fin_count,0.0012825531881389906
3,5,BENIGN,rst_count,0.0010135307060409105
3,5,BENIGN,HTTP,6.150232785273602e-08
3,5,BENIGN,HTTPS,5.271801947611676e-05
3,5,BENIGN,DNS,4.358460929432262e-06
3,5,BENIGN,Telnet,0.0
3,5,BENIGN,SMTP,0.0
3,5,BENIGN,SSH,0.0
3,5,BENIGN,IRC,0.0
3,5,BENIGN,TCP,7.473948078202674e-05
3,5,BENIGN,UDP,0.001966564477834254
3,5,BENIGN,DHCP,0.0
3,5,BENIGN,ARP,8.835050456729165e-06
3,5,BENIGN,ICMP,1.5186266043798469e-05
3,5,BENIGN,IGMP,0.0
3,5,BENIGN,IPv,4.112074350851036e-06
3,5,BENIGN,LLC,5.180348673156088e-06
3,5,BENIGN,Tot sum,0.1231925936852349
3,5,BENIGN,Min,0.001312469088634316
3,5,BENIGN,Max,0.0012601938967236493
3,5,BENIGN,AVG,0.018022558535449207
3,5,BENIGN,Std,0.015008783992379903
3,5,BENIGN,Tot size,0.026603611349128187
3,5,BENIGN,IAT,0.023480204020961536
3,5,BENIGN,Number,0.012454030723893084
3,5,BENIGN,Variance,0.0715443329885602
3,2,BRUTEFORCE,Header_Length,8.237517010911689e-06
3,2,BRUTEFORCE,Protocol Type,9.780224770494783e-07
3,2,BRUTEFORCE,Time_To_Live,1.544412029126363e-05
3,2,BRUTEFORCE,Rate,1.5172035566379804e-05
3,2,BRUTEFORCE,fin_flag_number,2.1008070755057505e-06
3,2,BRUTEFORCE,syn_flag_number,5.530300283567158e-05
3,2,BRUTEFORCE,rst_flag_number,4.6681401995041226e-07
3,2,BRUTEFORCE,psh_flag_number,1.5577078712469828e-07
3,2,BRUTEFORCE,ack_flag_number,0.004399061142339633
3,2,BRUTEFORCE,ece_flag_number,0.0
3,2,BRUTEFORCE,cwr_flag_number,0.0
3,2,BRUTEFORCE,ack_count,3.597555500149952e-05
3,2,BRUTEFORCE,syn_count,0.00016650760180709768
3,2,BRUTEFORCE,fin_count,4.237793779253707e-05
3,2,BRUTEFORCE,rst_count,0.00021072563083635032
3,2,BRUTEFORCE,HTTP,0.0
3,2,BRUTEFORCE,HTTPS,3.777564025408964e-06
3,2,BRUTEFORCE,DNS,9.175415045803437e-11
3,2,BRUTEFORCE,Telnet,0.0
3,2,BRUTEFORCE,SMTP,0.0
3,2,BRUTEFORCE,SSH,2.0258475402101796e-06
3,2,BRUTEFORCE,IRC,0.0
3,2,BRUTEFORCE,TCP,3.107490015219483e-06
3,2,BRUTEFORCE,UDP,0.00010625652637230587
3,2,BRUTEFORCE,DHCP,0.0
3,2,BRUTEFORCE,ARP,1.2967008632056022e-07
3,2,BRUTEFORCE,ICMP,4.087480492435611e-08
3,2,BRUTEFORCE,IGMP,0.0
3,2,BRUTEFORCE,IPv,1.6911908621436432e-08
3,2,BRUTEFORCE,LLC,5.634599620617936e-08
3,2,BRUTEFORCE,Tot sum,0.011055750836476363
3,2,BRUTEFORCE,Min,4.68881931510623e-05
3,2,BRUTEFORCE,Max,0.00011018514560419135
3,2,BRUTEFORCE,AVG,0.0014015410593856358
3,2,BRUTEFORCE,Std,0.0006057169986888767
3,2,BRUTEFORCE,Tot size,0.0003503849958178762
3,2,BRUTEFORCE,IAT,0.004408224679582418
3,2,BRUTEFORCE,Number,0.0012763973563778563
3,2,BRUTEFORCE,Variance,0.011872231488814578
3,3,BRUTEFORCE,Header_Length,3.295498576534328e-05
3,3,BRUTEFORCE,Protocol Type,1.5957819802014938e-06
3,3,BRUTEFORCE,Time_To_Live,0.004844623599774422
3,3,BRUTEFORCE,Rate,2.914800323878808e-05
3,3,BRUTEFORCE,fin_flag_number,1.0566944459400319e-05
3,3,BRUTEFORCE,syn_flag_number,0.002110430391439877
3,3,BRUTEFORCE,rst_flag_number,3.5487350441343323e-06
3,3,BRUTEFORCE,psh_flag_number,3.750557915355168e-06
3,3,BRUTEFORCE,ack_flag_number,0.006695449559083499
3,3,BRUTEFORCE,ece_flag_number,0.0
3,3,BRUTEFORCE,cwr_flag_number,0.0
3,3,BRUTEFORCE,ack_count,0.00038158616517876
3,3,BRUTEFORCE,syn_count,0.0028455616811697837
3,3,BRUTEFORCE,fin_count,0.00019498171841405564
3,3,BRUTEFORCE,rst_count,0.0006801859413826606
3,3,BRUTEFORCE,HTTP,2.5482470391580134e-07
3,3,BRUTEFORCE,HTTPS,2.456491810676198e-06
3,3,BRUTEFORCE,DNS,1.649841059186974e-08
3,3,BRUTEFORCE,Telnet,0.0
3,3,BRUTEFORCE,SMTP,0.0
3,3,BRUTEFORCE,SSH,8.42083536554128e-06
3,3,BRUTEFORCE,IRC,0.0
3,3,BRUTEFORCE,TCP,2.5490056633437065e-06
3,3,BRUTEFORCE,UDP,0.00017576427662788774
3,3,BRUTEFORCE,DHCP,0.0
3,3,BRUTEFORCE,ARP,1.4958231631442137e-05
3,3,BRUTEFORCE,ICMP,4.428426345626235e-05
3,3,BRUTEFORCE,IGMP,1.0911783192568691e-07
3,3,BRUTEFORCE,IPv,1.8317792753491657e-06
3,3,BRUTEFORCE,LLC,1.1497636694291977e-05
3,3,BRUTEFORCE,Tot sum,0.06893849964762921
3,3,BRUTEFORCE,Min,0.00023828044418223727
3,3,BRUTEFORCE,Max,0.0013416698029686813
3,3,BRUTEFORCE,AVG,0.007825604969548294
3,3,BRUTEFORCE,Std,0.010224201422533951
3,3,BRUTEFORCE,Tot size,0.005928105709608644
3,3,BRUTEFORCE,IAT,0.06309072233016196
3,3,BRUTEFORCE,Number,0.003718004879556247
3,3,BRUTEFORCE,Variance,0.12155146305449308
3,4,BRUTEFORCE,Header_Length,2.5551518496413905e-05
3,4,BRUTEFORCE,Protocol Type,8.90109655271587e-06
3,4,BRUTEFORCE,Time_To_Live,0.0012137387718924252
3,4,BRUTEFORCE,Rate,1.4763715395815779e-05
3,4,BRUTEFORCE,fin_flag_number,3.348344242920284e-07
3,4,BRUTEFORCE,syn_flag_number,0.0003110521855447246
3,4,BRUTEFORCE,rst_flag_number,5.9505788385649795e-08
3,4,BRUTEFORCE,psh_flag_number,1.0907156196893197e-05
3,4,BRUTEFORCE,ack_flag_number,0.004620692625803713
3,4,BRUTEFORCE,ece_flag_number,0.0
3,4,BRUTEFORCE,cwr_flag_number,0.0
3,4,BRUTEFORCE,ack_count,0.00026434882337156296
3,4,BRUTEFORCE,syn_count,0.00040873191716173096
3,4,BRUTEFORCE,fin_count,2.0065725327575446e-06
3,4,BRUTEFORCE,rst_count,6.97752257110551e-06
3,4,BRUTEFORCE,HTTP,4.12913076784302e-08
3,4,BRUTEFORCE,HTTPS,5.596835179083603e-06
3,4,BRUTEFORCE,DNS,2.837046304193791e-06
3,4,BRUTEFORCE,Telnet,0.0
3,4,BRUTEFORCE,SMTP,0.0
3,4,BRUTEFORCE,SSH,7.450063264968776e-06
3,4,BRUTEFORCE,IRC,0.0
3,4,BRUTEFORCE,TCP,1.1595894402260943e-05
3,4,BRUTEFORCE,UDP,0.0003010455105709298
3,4,BRUTEFORCE,DHCP,0.0
3,4,BRUTEFORCE,ARP,1.9766173409152543e-07
3,4,BRUTEFORCE,ICMP,5.005962862155224e-07
3,4,BRUTEFORCE,IGMP,0.0
3,4,BRUTEFORCE,IPv,2.40673244888967e-08
3,4,BRUTEFORCE,LLC,8.697269322510693e-08
3,4,BRUTEFORCE,Tot sum,0.027086759236408398
3,4,BRUTEFORCE,Min,0.00020314389716986626
3,4,BRUTEFORCE,Max,0.00038851927215546314
3,4,BRUTEFORCE,AVG,0.00628697444772115
3,4,BRUTEFORCE,Std,0.00265949250315316
3,4,BRUTEFORCE,Tot size,0.002622446637178655
3,4,BRUTEFORCE,IAT,0.032177180787903124
3,4,BRUTEFORCE,Number,0.006022270137691521
3,4,BRUTEFORCE,Variance,0.038668582803802566
3,5,BRUTEFORCE,Header_Length,8.015173743558535e-06
3,5,BRUTEFORCE,Protocol Type,2.6420341910693423e-06
3,5,BRUTEFORCE,Time_To_Live,0.0003947650344713338
3,5,BRUTEFORCE,Rate,1.8100201448412177e-05
3,5,BRUTEFORCE,fin_flag_number,2.4499773886299537e-07
3,5,BRUTEFORCE,syn_flag_number,0.00018902098698561076
3,5,BRUTEFORCE,rst_flag_number,8.676165920429302e-08
3,5,BRUTEFORCE,psh_flag_number,3.6330952402352513e-07
3,5,BRUTEFORCE,ack_flag_number,0.0014636697046626068
3,5,BRUTEFORCE,ece_flag_number,0.0
3,5,BRUTEFORCE,cwr_flag_number,0.0
3,5,BRUTEFORCE,ack_count,2.040662570337304e-05
3,5,BRUTEFORCE,syn_count,0.0001842382903987527
3,5,BRUTEFORCE,fin_count,5.264519333110229e-05
3,5,BRUTEFORCE,rst_count,0.00016279176546731832
3,5,BRUTEFORCE,HTTP,1.0089622146450261e-08
3,5,BRUTEFORCE,HTTPS,1.1252136470574215e-06
3,5,BRUTEFORCE,DNS,5.178859662002822e-07
3,5,BRUTEFORCE,Telnet,0.0
3,5,BRUTEFORCE,SMTP,0.0
3,5,BRUTEFORCE,SSH,2.807650036551479e-06
3,5,BRUTEFORCE,IRC,0.0
3,5,BRUTEFORCE,TCP,3.1949830891608853e-06
3,5,BRUTEFORCE,UDP,2.9464450359673044e-05
3,5,BRUTEFORCE,DHCP,0.0
3,5,BRUTEFORCE,ARP,1.251097883847585e-07
3,5,BRUTEFORCE,ICMP,4.783508029615469e-06
3,5,BRUTEFORCE,IGMP,0.0
3,5,BRUTEFORCE,IPv,6.0538878722538044e-09
3,5,BRUTEFORCE,LLC,5.627558256129927e-08
3,5,BRUTEFORCE,Tot sum,0.013362830000028225
3,5,BRUTEFORCE,Min,0.00012775472828518986
3,5,BRUTEFORCE,Max,8.155414173387499e-05
3,5,BRUTEFORCE,AVG,0.0016945816973020556
3,5,BRUTEFORCE,Std,0.0006093432733905501
3,5,BRUTEFORCE,Tot size,0.0006005783841828815
3,5,BRUTEFORCE,IAT,0.0034341755145760543
3,5,BRUTEFORCE,Number,0.0012148343098488112
3,5,BRUTEFORCE,Variance,0.016778902837540955
3,1,DDOS,Header_Length,0.009933424013433978
3,1,DDOS,Protocol Type,0.0006865915462753947
3,1,DDOS,Time_To_Live,0.00039656029439356645
3,1,DDOS,Rate,0.0022924412605789257
3,1,DDOS,fin_flag_number,3.604717221605824e-05
3,1,DDOS,syn_flag_number,0.009529682865832001
3,1,DDOS,rst_flag_number,2.8687093163171085e-05
3,1,DDOS,psh_flag_number,0.0002816162377712317
3,1,DDOS,ack_flag_number,0.009230218545053504
3,1,DDOS,ece_flag_number,0.0
3,1,DDOS,cwr_flag_number,0.0
3,1,DDOS,ack_count,0.009387221596261952
3,1,DDOS,syn_count,0.016201867791824042
3,1,DDOS,fin_count,0.006853488762862981
3,1,DDOS,rst_count,0.005277945974376053
3,1,DDOS,HTTP,3.960312039907876e-06
3,1,DDOS,HTTPS,6.857110452074267e-05
3,1,DDOS,DNS,1.4164074499944945e-07
3,1,DDOS,Telnet,0.0
3,1,DDOS,SMTP,0.0
3,1,DDOS,SSH,0.0
3,1,DDOS,IRC,0.0
3,1,DDOS,TCP,0.0053484366129850965
3,1,DDOS,UDP,0.00488703208102379
3,1,DDOS,DHCP,0.0
3,1,DDOS,ARP,1.0693526675709108e-06
3,1,DDOS,ICMP,0.0010821469499205706
3,1,DDOS,IGMP,1.0720100140915179e-08
3,1,DDOS,IPv,1.2718407870870863e-06
3,1,DDOS,LLC,1.8981252139838033e-06
3,1,DDOS,Tot sum,0.05109620724106208
3,1,DDOS,Min,0.0016132742719491943
3,1,DDOS,Max,0.006936133273120504
3,1,DDOS,AVG,0.00943908104673028
3,1,DDOS,Std,0.02154505419603083
3,1,DDOS,Tot size,0.008849490981083364
3,1,DDOS,IAT,0.0012637860858376372
3,1,DDOS,Number,0.0005182638407859486
3,1,DDOS,Variance,0.1058619232615456
3,2,DDOS,Header_Length,0.0593377524150128
3,2,DDOS,Protocol Type,0.0024872850919337
3,2,DDOS,Time_To_Live,0.0018414446944007069
3,2,DDOS,Rate,0.002724402974854456
3,2,DDOS,fin_flag_number,0.00027233792592369356
3,2,DDOS,syn_flag_number,0.013233542104717343
3,2,DDOS,rst_flag_number,0.00015851367397772264
3,2,DDOS,psh_flag_number,0.0005099592372543548
3,2,DDOS,ack_flag_number,0.012766246300452621
3,2,DDOS,ece_flag_number,0.0
3,2,DDOS,cwr_flag_number,0.0
3,2,DDOS,ack_count,0.0089373784034251
3,2,DDOS,syn_count,0.023564993077889083
3,2,DDOS,fin_count,0.14324022008804604
3,2,DDOS,rst_count,0.0812600438541267
3,2,DDOS,HTTP,0.0001774553908035159
3,2,DDOS,HTTPS,0.00019925262365205754
3,2,DDOS,DNS,1.0191968558004304e-08
3,2,DDOS,Telnet,0.0
3,2,DDOS,SMTP,0.0
3,2,DDOS,SSH,0.0
3,2,DDOS,IRC,0.0
3,2,DDOS,TCP,0.02390112804423552
3,2,DDOS,UDP,0.03429180406965315
3,2,DDOS,DHCP,0.0
3,2,DDOS,ARP,1.660766182354223e-08
3,2,DDOS,ICMP,0.0031507639498698837
3,2,DDOS,IGMP,0.0
3,2,DDOS,IPv,4.647134413393594e-09
3,2,DDOS,LLC,1.1157396950789433e-08
3,2,DDOS,Tot sum,0.022007256594952194
3,2,DDOS,Min,0.0007789169962052256
3,2,DDOS,Max,0.003872419986873865
3,2,DDOS,AVG,0.016306586749851703
3,2,DDOS,Std,0.011518026440171525
3,2,DDOS,Tot size,0.018271649861708282
3,2,DDOS,IAT,0.008734363794064847
3,2,DDOS,Number,7.209807904473564e-05
3,2,DDOS,Variance,0.030820582411251962
3,3,DDOS,Header_Length,0.008797674661036581
3,3,DDOS,Protocol Type,0.00040626029312988975
3,3,DDOS,Time_To_Live,0.0008112510331557132
3,3,DDOS,Rate,0.0009251805508029065
3,3,DDOS,fin_flag_number,9.73946581780183e-05
3,3,DDOS,syn_flag_number,0.02888791006989777
3,3,DDOS,rst_flag_number,5.4921074070080064e-05
3,3,DDOS,psh_flag_number,0.00022913966422493103
3,3,DDOS,ack_flag_number,0.009504514071159065
3,3,DDOS,ece_flag_number,0.0
3,3,DDOS,cwr_flag_number,0.0
3,3,DDOS,ack_count,0.006177213659975677
3,3,DDOS,syn_count,0.03230110751464963
3,3,DDOS,fin_count,0.03548553390428424
3,3,DDOS,rst_count,0.021058196481317282
3,3,DDOS,HTTP,4.677394463215023e-05
3,3,DDOS,HTTPS,1.0555785593169275e-06
3,3,DDOS,DNS,1.0276779408968651e-05
3,3,DDOS,Telnet,0.0
3,3,DDOS,SMTP,0.0
3,3,DDOS,SSH,0.0
3,3,DDOS,IRC,0.0
3,3,DDOS,TCP,0.0040435128612443805
3,3,DDOS,UDP,0.02301818490959704
3,3,DDOS,DHCP,0.0
3,3,DDOS,ARP,1.7505512345597496e-07
3,3,DDOS,ICMP,0.0008891945428331383
3,3,DDOS,IGMP,0.0
3,3,DDOS,IPv,2.548963837889495e-07
3,3,DDOS,LLC,5.636740029207887e-07
3,3,DDOS,Tot sum,0.152625822275877
3,3,DDOS,Min,0.0019668480847030876
3,3,DDOS,Max,0.002986600628355518
3,3,DDOS,AVG,0.03288896372541785
3,3,DDOS,Std,0.009246528847143054
3,3,DDOS,Tot size,0.02781371623277664
3,3,DDOS,IAT,0.0004711825793492608
3,3,DDOS,Number,0.0
3,3,DDOS,Variance,0.16678500473499297
3,4,DDOS,Header_Length,0.047084008727688344
3,4,DDOS,Protocol Type,0.0015766787430038676
3,4,DDOS,Time_To_Live,0.006265833668294363
3,4,DDOS,Rate,0.0023901790409581736
3,4,DDOS,fin_flag_number,0.00018753503803168315
3,4,DDOS,syn_flag_number,0.0271864676149562
3,4,DDOS,rst_flag_number,4.177451119176112e-05
3,4,DDOS,psh_flag_number,0.0
3,4,DDOS,ack_flag_number,0.002079371453874046
3,4,DDOS,ece_flag_number,0.0
3,4,DDOS,cwr_flag_number,0.0
3,4,DDOS,ack_count,0.0003160425370879238
3,4,DDOS,syn_count,0.03833589016285259
3,4,DDOS,fin_count,0.08436956133540434
3,4,DDOS,rst_count,0.02471017763018608
3,4,DDOS,HTTP,1.2081906163530221e-06
3,4,DDOS,HTTPS,0.004601489155902527
3,4,DDOS,DNS,1.9744365999940783e-06
3,4,DDOS,Telnet,0.0
3,4,DDOS,SMTP,0.0
3,4,DDOS,SSH,0.0
3,4,DDOS,IRC,0.0
3,4,DDOS,TCP,0.018733615381643177
3,4,DDOS,UDP,0.07751069106161594
3,4,DDOS,DHCP,0.0
3,4,DDOS,ARP,8.552395229344256e-06
3,4,DDOS,ICMP,0.003010167727370572
3,4,DDOS,IGMP,0.0
3,4,DDOS,IPv,8.813615204417147e-06
3,4,DDOS,LLC,1.7744745127856733e-05
3,4,DDOS,Tot sum,0.07324109822511674
3,4,DDOS,Min,0.0007676548411836848
3,4,DDOS,Max,0.0016572649299632757
3,4,DDOS,AVG,0.008155668643303216
3,4,DDOS,Std,0.004689097579102963
3,4,DDOS,Tot size,0.013406361639499664
3,4,DDOS,IAT,0.006110768273811118
3,4,DDOS,Number,0.0011632369731614744
3,4,DDOS,Variance,0.14495857122819872
3,5,DDOS,Header_Length,0.014739142076132338
3,5,DDOS,Protocol Type,0.00067681558532513
3,5,DDOS,Time_To_Live,0.0022282922978774876
3,5,DDOS,Rate,0.00423444849320731
3,5,DDOS,fin_flag_number,9.300260081488432e-05
3,5,DDOS,syn_flag_number,0.013450975869272953
3,5,DDOS,rst_flag_number,3.1676586247186836e-05
3,5,DDOS,psh_flag_number,7.254796000069063e-05
3,5,DDOS,ack_flag_number,0.002993014015373774
3,5,DDOS,ece_flag_number,0.0
3,5,DDOS,cwr_flag_number,0.0
3,5,DDOS,ack_count,0.003110958459001267
3,5,DDOS,syn_count,0.01533598146343138
3,5,DDOS,fin_count,0.030798896944907027
3,5,DDOS,rst_count,0.009473194879683433
3,5,DDOS,HTTP,7.461366138272752e-08
3,5,DDOS,HTTPS,0.000994491521109353
3,5,DDOS,DNS,1.4430112425856122e-06
3,5,DDOS,Telnet,0.0
3,5,DDOS,SMTP,0.0
3,5,DDOS,SSH,0.0
3,5,DDOS,IRC,0.0
3,5,DDOS,TCP,0.006507327777080718
3,5,DDOS,UDP,0.022768103913404048
3,5,DDOS,DHCP,0.0
3,5,DDOS,ARP,9.075997379204281e-08
3,5,DDOS,ICMP,0.002153542124779051
3,5,DDOS,IGMP,0.0
3,5,DDOS,IPv,1.8157310064381704e-07
3,5,DDOS,LLC,1.340871259358778e-07
3,5,DDOS,Tot sum,0.11525834244675934
3,5,DDOS,Min,0.00016653092052365537
3,5,DDOS,Max,0.007512966741342097
3,5,DDOS,AVG,0.019789339136332275
3,5,DDOS,Std,0.019576636143028736
3,5,DDOS,Tot size,0.020318828430026768
3,5,DDOS,IAT,0.004491642813081853
3,5,DDOS,Number,0.0019132588378852234
3,5,DDOS,Variance,0.09458761746063829
3,1,DOS,Header_Length,0.0063600107372622
3,1,DOS,Protocol Type,0.0015720678830575708
3,1,DOS,Time_To_Live,8.648599541629664e-05
3,1,DOS,Rate,0.0023433381677023133
3,1,DOS,fin_flag_number,0.00013874471387680386
3,1,DOS,syn_flag_number,0.015182074578478932
3,1,DOS,rst_flag_number,4.8721373673288326e-05
3,1,DOS,psh_flag_number,0.00012401077583490405
3,1,DOS,ack_flag_number,0.003092801522871014
3,1,DOS,ece_flag_number,0.0
3,1,DOS,cwr_flag_number,0.0
3,1,DOS,ack_count,0.005763658140494954
3,1,DOS,syn_count,0.015701166173676027
3,1,DOS,fin_count,0.040329499472863975
3,1,DOS,rst_count,0.007138530747033656
3,1,DOS,HTTP,4.890527146272916e-05
3,1,DOS,HTTPS,4.920717096865701e-05
3,1,DOS,DNS,2.5830520083980347e-10
3,1,DOS,Telnet,0.0
3,1,DOS,SMTP,0.0
3,1,DOS,SSH,0.0
3,1,DOS,IRC,0.0
3,1,DOS,TCP,0.003861031788983382
3,1,DOS,UDP,0.021708234382094814
3,1,DOS,DHCP,0.0
3,1,DOS,ARP,1.4847908374804319e-06
3,1,DOS,ICMP,0.0007687838735250807
3,1,DOS,IGMP,4.382576018757689e-08
3,1,DOS,IPv,1.5294890616246448e-06
3,1,DOS,LLC,2.0835537668517645e-06
3,1,DOS,Tot sum,0.008918235493911197
3,1,DOS,Min,0.0005419977882411331
3,1,DOS,Max,0.0018840983386326116
3,1,DOS,AVG,0.002618146868189797
3,1,DOS,Std,0.0042353867297606484
3,1,DOS,Tot size,0.0010297752989572473
3,1,DOS,IAT,0.0016504515486303716
3,1,DOS,Number,0.00021412882540516875
3,1,DOS,Variance,0.024876582386059453
3,2,DOS,Header_Length,0.009711834302652277
3,2,DOS,Protocol Type,0.0016340823982318397
3,2,DOS,Time_To_Live,0.0030835778830805793
3,2,DOS,Rate,0.004391312856751028
3,2,DOS,fin_flag_number,4.249320786584576e-05
3,2,DOS,syn_flag_number,0.019123041744023794
3,2,DOS,rst_flag_number,0.000314187579715508
3,2,DOS,psh_flag_number,2.759646622552125e-07
3,2,DOS,ack_flag_number,0.03307215632667067
3,2,DOS,ece_flag_number,0.0
3,2,DOS,cwr_flag_number,0.0
3,2,DOS,ack_count,0.02058494956108916
3,2,DOS,syn_count,0.011415156861767172
3,2,DOS,fin_count,0.014203604962676763
3,2,DOS,rst_count,0.05099381078034639
3,2,DOS,HTTP,0.0014658015687018632
3,2,DOS,HTTPS,0.0005559530709888349
3,2,DOS,DNS,6.048773419919939e-08
3,2,DOS,Telnet,0.0
3,2,DOS,SMTP,0.0
3,2,DOS,SSH,0.0
3,2,DOS,IRC,0.0
3,2,DOS,TCP,0.006184918717190157
3,2,DOS,UDP,0.03829681109637022
3,2,DOS,DHCP,0.0
3,2,DOS,ARP,4.530101588073876e-07
3,2,DOS,ICMP,1.2492866804869606e-05
3,2,DOS,IGMP,0.0
3,2,DOS,IPv,2.1161131025237978e-07
3,2,DOS,LLC,2.731336760319891e-07
3,2,DOS,Tot sum,0.18596656879526563
3,2,DOS,Min,0.020858629792928695
3,2,DOS,Max,0.009049776650499552
3,2,DOS,AVG,0.15963515192270278
3,2,DOS,Std,0.013692564645316452
3,2,DOS,Tot size,0.03543547336012125
3,2,DOS,IAT,0.0011092249507782981
3,2,DOS,Number,0.0008682298899657326
3,2,DOS,Variance,0.11927712894976139
3,3,DOS,Header_Length,0.006830982196879632
3,3,DOS,Protocol Type,0.0005470594287999119
3,3,DOS,Time_To_Live,0.0037272177430622833
3,3,DOS,Rate,0.0010846648575977725
3,3,DOS,fin_flag_number,6.291403314548916e-05
3,3,DOS,syn_flag_number,0.010274906689301134
3,3,DOS,rst_flag_number,5.39289762841122e-05
3,3,DOS,psh_flag_number,0.00022717556643107178
3,3,DOS,ack_flag_number,0.013381541549460963
3,3,DOS,ece_flag_number,0.0
3,3,DOS,cwr_flag_number,0.0
3,3,DOS,ack_count,0.009782979152078042
3,3,DOS,syn_count,0.024228123016655445
3,3,DOS,fin_count,0.020705780567368492
3,3,DOS,rst_count,0.011093308553972748
3,3,DOS,HTTP,1.2314114883338334e-07
3,3,DOS,HTTPS,1.822818556451722e-06
3,3,DOS,DNS,2.127247398142629e-06
3,3,DOS,Telnet,0.0
3,3,DOS,SMTP,0.0
3,3,DOS,SSH,0.0
3,3,DOS,IRC,0.0
3,3,DOS,TCP,0.003950872415134654
3,3,DOS,UDP,0.03216880073305219
3,3,DOS,DHCP,0.0
3,3,DOS,ARP,3.893216895048401e-09
3,3,DOS,ICMP,0.0010396657680644239
3,3,DOS,IGMP,0.0
3,3,DOS,IPv,1.1787977499677638e-08
3,3,DOS,LLC,2.889928592264557e-09
3,3,DOS,Tot sum,0.15871949285501613
3,3,DOS,Min,0.013415007971343585
3,3,DOS,Max,0.004496424784883856
3,3,DOS,AVG,0.07688439488847507
3,3,DOS,Std,0.007646404602564871
3,3,DOS,Tot size,0.012196506489999592
3,3,DOS,IAT,0.00039512191431185785
3,3,DOS,Number,0.0
3,3,DOS,Variance,0.1313731459900737
3,4,DOS,Header_Length,0.005784730342202238
3,4,DOS,Protocol Type,0.0012418059863193776
3,4,DOS,Time_To_Live,0.009735980675031897
3,4,DOS,Rate,0.0017786579679523128
3,4,DOS,fin_flag_number,3.132366691360744e-07
3,4,DOS,syn_flag_number,0.013637787569314242
3,4,DOS,rst_flag_number,2.207737270509824e-06
3,4,DOS,psh_flag_number,0.0
3,4,DOS,ack_flag_number,0.0015516284893237753
3,4,DOS,ece_flag_number,0.0
3,4,DOS,cwr_flag_number,0.0
3,4,DOS,ack_count,0.002672162771341391
3,4,DOS,syn_count,0.01047657912131399
3,4,DOS,fin_count,6.319009876278869e-05
3,4,DOS,rst_count,0.0011966423131525516
3,4,DOS,HTTP,4.47850954515161e-05
3,4,DOS,HTTPS,0.002290845493598681
3,4,DOS,DNS,0.0
3,4,DOS,Telnet,0.0
3,4,DOS,SMTP,0.0
3,4,DOS,SSH,0.0
3,4,DOS,IRC,0.0
3,4,DOS,TCP,0.004142262614186621
3,4,DOS,UDP,0.024406908173114063
3,4,DOS,DHCP,0.0
3,4,DOS,ARP,0.0
3,4,DOS,ICMP,7.113848770359254e-05
3,4,DOS,IGMP,0.0
3,4,DOS,IPv,0.0
3,4,DOS,LLC,0.0
3,4,DOS,Tot sum,0.1183437361381948
3,4,DOS,Min,0.019019322929671033
3,4,DOS,Max,0.01247814740636386
3,4,DOS,AVG,0.06798891294747592
3,4,DOS,Std,0.02204502500826493
3,4,DOS,Tot size,0.021619824273511768
3,4,DOS,IAT,0.0011579860269193888
3,4,DOS,Number,0.0017944611703569536
3,4,DOS,Variance,0.07086724789769505
3,5,DOS,Header_Length,0.00755418171393103
3,5,DOS,Protocol Type,0.0013357919073314407
3,5,DOS,Time_To_Live,0.002251714887097478
3,5,DOS,Rate,0.004041670053993585
3,5,DOS,fin_flag_number,4.9413372789786084e-05
3,5,DOS,syn_flag_number,0.007451265487361525
3,5,DOS,rst_flag_number,1.5514994493059932e-05
3,5,DOS,psh_flag_number,7.201319608611812e-05
3,5,DOS,ack_flag_number,0.002427603397518396
3,5,DOS,ece_flag_number,0.0
3,5,DOS,cwr_flag_number,0.0
3,5,DOS,ack_count,0.003115534092648886
3,5,DOS,syn_count,0.01340269590727985
3,5,DOS,fin_count,0.009611925721401349
3,5,DOS,rst_count,0.003149597282754257
3,5,DOS,HTTP,9.499500266141326e-06
3,5,DOS,HTTPS,0.0008604781315966648
3,5,DOS,DNS,2.9807240462531583e-07
3,5,DOS,Telnet,0.0
3,5,DOS,SMTP,0.0
3,5,DOS,SSH,0.0
3,5,DOS,IRC,0.0
3,5,DOS,TCP,0.004795052522240439
3,5,DOS,UDP,0.04247185499407351
3,5,DOS,DHCP,0.0
3,5,DOS,ARP,1.743504512319305e-07
3,5,DOS,ICMP,0.0007454371725543751
3,5,DOS,IGMP,0.0
3,5,DOS,IPv,9.186438880703917e-08
3,5,DOS,LLC,1.2287046757819553e-07
3,5,DOS,Tot sum,0.1085875105112791
3,5,DOS,Min,0.0092483502054165
3,5,DOS,Max,0.0035149152303347365
3,5,DOS,AVG,0.07242710143327713
3,5,DOS,Std,0.009985433705151082
3,5,DOS,Tot size,0.01494093150831759
3,5,DOS,IAT,0.004200312559623854
3,5,DOS,Number,0.0028280702863412444
3,5,DOS,Variance,0.0822607647627592
3,1,MIRAI,Header_Length,8.259360038209707e-05
3,1,MIRAI,Protocol Type,0.0002119221189786913
3,1,MIRAI,Time_To_Live,6.677935280094971e-05
3,1,MIRAI,Rate,0.00028406653327692764
3,1,MIRAI,fin_flag_number,5.134493926561845e-06
3,1,MIRAI,syn_flag_number,0.004804656142368913
3,1,MIRAI,rst_flag_number,4.652369723601168e-06
3,1,MIRAI,psh_flag_number,2.8677438251634157e-06
3,1,MIRAI,ack_flag_number,0.002315337350592017
3,1,MIRAI,ece_flag_number,0.0
3,1,MIRAI,cwr_flag_number,0.0
3,1,MIRAI,ack_count,0.002096035669092089
3,1,MIRAI,syn_count,0.006574243726208806
3,1,MIRAI,fin_count,0.002295204089023173
3,1,MIRAI,rst_count,0.0007315830469451611
3,1,MIRAI,HTTP,6.996983938734047e-06
3,1,MIRAI,HTTPS,8.204176623394233e-07
3,1,MIRAI,DNS,1.7948102755127592e-07
3,1,MIRAI,Telnet,0.0
3,1,MIRAI,SMTP,0.0
3,1,MIRAI,SSH,0.0
3,1,MIRAI,IRC,0.0
3,1,MIRAI,TCP,2.6481329223315696e-05
3,1,MIRAI,UDP,0.0031429378759639803
3,1,MIRAI,DHCP,0.0
3,1,MIRAI,ARP,7.598845918721509e-07
3,1,MIRAI,ICMP,6.947040928935166e-05
3,1,MIRAI,IGMP,1.5538593913788646e-07
3,1,MIRAI,IPv,1.925646664346914e-07
3,1,MIRAI,LLC,6.991630911556968e-07
3,1,MIRAI,Tot sum,0.5418622754514217
3,1,MIRAI,Min,0.027975986039382405
3,1,MIRAI,Max,0.01262941462919116
3,1,MIRAI,AVG,0.3830548584461212
3,1,MIRAI,Std,0.028414806956425308
3,1,MIRAI,Tot size,0.28702343851327894
3,1,MIRAI,IAT,0.00014097561961534666
3,1,MIRAI,Number,5.1452645948302234e-05
3,1,MIRAI,Variance,0.3055268980562687
3,2,MIRAI,Header_Length,1.5543183371846682e-05
3,2,MIRAI,Protocol Type,0.00011111992316727992
3,2,MIRAI,Time_To_Live,0.00013842493171978276
3,2,MIRAI,Rate,6.413828868971905e-05
3,2,MIRAI,fin_flag_number,3.556563865458884e-06
3,2,MIRAI,syn_flag_number,0.0030416213092394175
3,2,MIRAI,rst_flag_number,1.5087797874002717e-05
3,2,MIRAI,psh_flag_number,2.645933651734822e-07
3,2,MIRAI,ack_flag_number,6.94706537615275e-05
3,2,MIRAI,ece_flag_number,0.0
3,2,MIRAI,cwr_flag_number,0.0
3,2,MIRAI,ack_count,9.46178271988174e-05
3,2,MIRAI,syn_count,0.004987087310291826
3,2,MIRAI,fin_count,0.001338649049284868
3,2,MIRAI,rst_count,0.0010653412478859535
3,2,MIRAI,HTTP,0.0
3,2,MIRAI,HTTPS,1.1870569238681128e-06
3,2,MIRAI,DNS,4.6338019199509975e-09
3,2,MIRAI,Telnet,0.0
3,2,MIRAI,SMTP,0.0
3,2,MIRAI,SSH,0.0
3,2,MIRAI,IRC,0.0
3,2,MIRAI,TCP,4.5435450260811194e-05
3,2,MIRAI,UDP,0.016491460311226547
3,2,MIRAI,DHCP,0.0
3,2,MIRAI,ARP,2.655287575592524e-07
3,2,MIRAI,ICMP,3.170168237254245e-07
3,2,MIRAI,IGMP,1.5328128029068465e-07
3,2,MIRAI,IPv,6.38254830542806e-08
3,2,MIRAI,LLC,1.1498356067285442e-07
3,2,MIRAI,Tot sum,0.5252503715455532
3,2,MIRAI,Min,0.0901958530943375
3,2,MIRAI,Max,0.0167896562255919
3,2,MIRAI,AVG,0.5445739924907684
3,2,MIRAI,Std,0.02616010820493102
3,2,MIRAI,Tot size,0.19467688724398613
3,2,MIRAI,IAT,0.00031593747989973054
3,2,MIRAI,Number,0.0003032509590411792
3,2,MIRAI,Variance,0.2101200794801116
3,3,MIRAI,Header_Length,5.582921894529136e-05
3,3,MIRAI,Protocol Type,0.00010555549524724484
3,3,MIRAI,Time_To_Live,0.00028432294366211865
3,3,MIRAI,Rate,6.229396622075001e-05
3,3,MIRAI,fin_flag_number,6.179767524372437e-06
3,3,MIRAI,syn_flag_number,0.009094746876507997
3,3,MIRAI,rst_flag_number,1.116713356168475e-05
3,3,MIRAI,psh_flag_number,2.74268053317428e-06
3,3,MIRAI,ack_flag_number,0.0016855665744515136
3,3,MIRAI,ece_flag_number,0.0
3,3,MIRAI,cwr_flag_number,0.0
3,3,MIRAI,ack_count,0.0013907084299717098
3,3,MIRAI,syn_count,0.013431800622493028
3,3,MIRAI,fin_count,0.002047196566127241
3,3,MIRAI,rst_count,0.0006177852628752589
3,3,MIRAI,HTTP,0.0
3,3,MIRAI,HTTPS,4.5223521283332956e-08
3,3,MIRAI,DNS,6.400332344114191e-08
3,3,MIRAI,Telnet,0.0
3,3,MIRAI,SMTP,0.0
3,3,MIRAI,SSH,0.0
3,3,MIRAI,IRC,0.0
3,3,MIRAI,TCP,2.1052534270893376e-05
3,3,MIRAI,UDP,0.011397798429243267
3,3,MIRAI,DHCP,0.0
3,3,MIRAI,ARP,3.020852356261372e-07
3,3,MIRAI,ICMP,1.31495396885839e-05
3,3,MIRAI,IGMP,0.0
3,3,MIRAI,IPv,1.0659056198653038e-07
3,3,MIRAI,LLC,1.674273372852253e-07
3,3,MIRAI,Tot sum,0.5451179832220078
3,3,MIRAI,Min,0.06421945323127147
3,3,MIRAI,Max,0.014186134655028581
3,3,MIRAI,AVG,0.4601408839225769
3,3,MIRAI,Std,0.025036632921546696
3,3,MIRAI,Tot size,0.23846046030521392
3,3,MIRAI,IAT,0.00015201373853415134
3,3,MIRAI,Number,0.0
3,3,MIRAI,Variance,0.3625141639262438
3,4,MIRAI,Header_Length,2.099854186781158e-05
3,4,MIRAI,Protocol Type,0.0001435510597730172
3,4,MIRAI,Time_To_Live,0.00030278971389634534
3,4,MIRAI,Rate,8.009550801943988e-05
3,4,MIRAI,fin_flag_number,3.640839176810573e-08
3,4,MIRAI,syn_flag_number,0.005309213232249021
3,4,MIRAI,rst_flag_number,0.0
3,4,MIRAI,psh_flag_number,1.3447910305330879e-07
3,4,MIRAI,ack_flag_number,6.949359394639031e-05
3,4,MIRAI,ece_flag_number,0.0
3,4,MIRAI,cwr_flag_number,0.0
3,4,MIRAI,ack_count,4.447706478458713e-05
3,4,MIRAI,syn_count,0.010215966729447246
3,4,MIRAI,fin_count,1.3937747917225352e-05
3,4,MIRAI,rst_count,0.0
3,4,MIRAI,HTTP,2.2055369086615428e-07
3,4,MIRAI,HTTPS,1.84738474047208e-06
3,4,MIRAI,DNS,1.9401592510348564e-08
3,4,MIRAI,Telnet,0.0
3,4,MIRAI,SMTP,0.0
3,4,MIRAI,SSH,0.0
3,4,MIRAI,IRC,0.0
3,4,MIRAI,TCP,3.7146728072912086e-05
3,4,MIRAI,UDP,0.016543126665055752
3,4,MIRAI,DHCP,1.1782597120202354e-09
3,4,MIRAI,ARP,1.1660144991765264e-07
3,4,MIRAI,ICMP,4.750165004452356e-07
3,4,MIRAI,IGMP,2.780933755275328e-07
3,4,MIRAI,IPv,3.054906017041503e-08
3,4,MIRAI,LLC,4.639079236312682e-08
3,4,MIRAI,Tot sum,0.5553881719708442
3,4,MIRAI,Min,0.08485502394614741
3,4,MIRAI,Max,0.01972843613475561
3,4,MIRAI,AVG,0.6021572053432465
3,4,MIRAI,Std,0.026021666073938833
3,4,MIRAI,Tot size,0.06826578350737691
3,4,MIRAI,IAT,0.00026696938799091184
3,4,MIRAI,Number,0.0004989698296412826
3,4,MIRAI,Variance,0.33605680214241146
3,5,MIRAI,Header_Length,4.309240148359095e-05
3,5,MIRAI,Protocol Type,0.00017954924041987396
3,5,MIRAI,Time_To_Live,0.0010014766550739296
3,5,MIRAI,Rate,0.00011688272534229326
3,5,MIRAI,fin_flag_number,5.8422691381565525e-06
3,5,MIRAI,syn_flag_number,0.003950084559619427
3,5,MIRAI,rst_flag_number,1.2491313964346772e-05
3,5,MIRAI,psh_flag_number,1.2088770674267834e-06
3,5,MIRAI,ack_flag_number,0.0011923185520572588
3,5,MIRAI,ece_flag_number,0.0
3,5,MIRAI,cwr_flag_number,0.0
3,5,MIRAI,ack_count,0.0006005121678754222
3,5,MIRAI,syn_count,0.0069531528279185295
3,5,MIRAI,fin_count,0.0026648636441677807
3,5,MIRAI,rst_count,0.0008186157538148109
3,5,MIRAI,HTTP,3.4311139551768124e-08
3,5,MIRAI,HTTPS,3.0840038675705726e-06
3,5,MIRAI,DNS,2.247699903423772e-07
3,5,MIRAI,Telnet,0.0
3,5,MIRAI,SMTP,0.0
3,5,MIRAI,SSH,0.0
3,5,MIRAI,IRC,0.0
3,5,MIRAI,TCP,2.1217381620530773e-05
3,5,MIRAI,UDP,0.008123420726042241
3,5,MIRAI,DHCP,0.0
3,5,MIRAI,ARP,4.799470630700853e-07
3,5,MIRAI,ICMP,3.808757683145814e-05
3,5,MIRAI,IGMP,0.0
3,5,MIRAI,IPv,1.0076502292566402e-07
3,5,MIRAI,LLC,3.100475105100031e-07
3,5,MIRAI,Tot sum,0.2723513536155224
3,5,MIRAI,Min,0.05250782411894761
3,5,MIRAI,Max,0.01426460975781083
3,5,MIRAI,AVG,0.436330983042717
3,5,MIRAI,Std,0.02799203381873667
3,5,MIRAI,Tot size,0.22337451428174973
3,5,MIRAI,IAT,0.004070520657114685
3,5,MIRAI,Number,0.0015340495272539556
3,5,MIRAI,Variance,0.21363762320252136
3,1,RECON,Header_Length,4.2903070857391866e-05
3,1,RECON,Protocol Type,1.4318103090715795e-05
3,1,RECON,Time_To_Live,0.007520024193399877
3,1,RECON,Rate,0.000309205788471445
3,1,RECON,fin_flag_number,9.933653013405319e-06
3,1,RECON,syn_flag_number,0.004160565312486142
3,1,RECON,rst_flag_number,2.370109726825831e-05
3,1,RECON,psh_flag_number,1.2448064618997278e-05
3,1,RECON,ack_flag_number,0.014165459375362843
3,1,RECON,ece_flag_number,0.0
3,1,RECON,cwr_flag_number,0.0
3,1,RECON,ack_count,0.002406197235086438
3,1,RECON,syn_count,0.0035724526838748715
3,1,RECON,fin_count,0.0011898059623945301
3,1,RECON,rst_count,0.0006287155388235988
3,1,RECON,HTTP,1.011749523911476e-05
3,1,RECON,HTTPS,1.9978588045432844e-05
3,1,RECON,DNS,1.2677734796540107e-05
3,1,RECON,Telnet,0.0
3,1,RECON,SMTP,0.0
3,1,RECON,SSH,0.0
3,1,RECON,IRC,0.0
3,1,RECON,TCP,3.260138017253666e-05
3,1,RECON,UDP,0.0011965842338668153
3,1,RECON,DHCP,0.0
3,1,RECON,ARP,1.8498609327011195e-05
3,1,RECON,ICMP,5.2321188718451594e-05
3,1,RECON,IGMP,2.411876597996354e-07
3,1,RECON,IPv,1.7424840596191871e-06
3,1,RECON,LLC,9.731525852174627e-06
3,1,RECON,Tot sum,0.20323447659611701
3,1,RECON,Min,0.0002863313244233723
3,1,RECON,Max,0.002156685522641055
3,1,RECON,AVG,0.02484363568946719
3,1,RECON,Std,0.02652091277996078
3,1,RECON,Tot size,0.02413273141719401
3,1,RECON,IAT,0.06288717716233805
3,1,RECON,Number,0.007808789744740352
3,1,RECON,Variance,0.11319152396172286
3,2,RECON,Header_Length,7.138297855817655e-05
3,2,RECON,Protocol Type,3.2585213227775965e-05
3,2,RECON,Time_To_Live,0.0019994097682001664
3,2,RECON,Rate,0.00015947042919037813
3,2,RECON,fin_flag_number,1.9363151544382617e-06
3,2,RECON,syn_flag_number,0.011836099919219124
3,2,RECON,rst_flag_number,0.0001422258164498036
3,2,RECON,psh_flag_number,1.5902237094467254e-06
3,2,RECON,ack_flag_number,0.03208215929225844
3,2,RECON,ece_flag_number,0.0
3,2,RECON,cwr_flag_number,0.0
3,2,RECON,ack_count,0.0017165940918857814
3,2,RECON,syn_count,0.0024412827460764674
3,2,RECON,fin_count,0.00010756228745094632
3,2,RECON,rst_count,0.0008012395921468852
3,2,RECON,HTTP,1.4773831026104744e-06
3,2,RECON,HTTPS,1.9711528534571698e-05
3,2,RECON,DNS,1.9150809980050809e-07
3,2,RECON,Telnet,0.0
3,2,RECON,SMTP,0.0
3,2,RECON,SSH,0.0
3,2,RECON,IRC,0.0
3,2,RECON,TCP,3.0280643746039004e-05
3,2,RECON,UDP,0.0020983246600735582
3,2,RECON,DHCP,0.0
3,2,RECON,ARP,3.362477797828056e-05
3,2,RECON,ICMP,5.554787986472576e-07
3,2,RECON,IGMP,0.0
3,2,RECON,IPv,1.3233423751290996e-05
3,2,RECON,LLC,3.716912106510595e-06
3,2,RECON,Tot sum,0.24472672699484974
3,2,RECON,Min,0.0005483564385485806
3,2,RECON,Max,0.0016180112175788962
3,2,RECON,AVG,0.018469705525785685
3,2,RECON,Std,0.013985389866866172
3,2,RECON,Tot size,0.009699048870243133
3,2,RECON,IAT,0.01656845971447183
3,2,RECON,Number,0.0140263250854332
3,2,RECON,Variance,0.09122115885838866
3,3,RECON,Header_Length,7.673318415939434e-05
3,3,RECON,Protocol Type,2.2387205008556065e-05
3,3,RECON,Time_To_Live,0.011923471024010724
3,3,RECON,Rate,0.00012522243745429761
3,3,RECON,fin_flag_number,8.140467241669892e-06
3,3,RECON,syn_flag_number,0.01125795774883045
3,3,RECON,rst_flag_number,3.0026126402504793e-05
3,3,RECON,psh_flag_number,1.7799348844427242e-05
3,3,RECON,ack_flag_number,0.02739670312630551
3,3,RECON,ece_flag_number,0.0
3,3,RECON,cwr_flag_number,0.0
3,3,RECON,ack_count,0.00042099457061794965
3,3,RECON,syn_count,0.003758464579914289
3,3,RECON,fin_count,0.00036331915354708143
3,3,RECON,rst_count,0.0004272685817113597
3,3,RECON,HTTP,3.7114270753590973e-06
3,3,RECON,HTTPS,1.411979885119763e-05
3,3,RECON,DNS,2.4353517268649316e-05
3,3,RECON,Telnet,0.0
3,3,RECON,SMTP,0.0
3,3,RECON,SSH,0.0
3,3,RECON,IRC,0.0
3,3,RECON,TCP,2.927111754758016e-05
3,3,RECON,UDP,0.0015996044092020157
3,3,RECON,DHCP,0.0
3,3,RECON,ARP,4.425131743475974e-05
3,3,RECON,ICMP,2.163475854430885e-05
3,3,RECON,IGMP,2.307102840859443e-06
3,3,RECON,IPv,2.9615101747899192e-05
3,3,RECON,LLC,5.786274521707088e-06
3,3,RECON,Tot sum,0.18460748296929524
3,3,RECON,Min,0.00015632538588761236
3,3,RECON,Max,0.001567300445458386
3,3,RECON,AVG,0.020716805418487638
3,3,RECON,Std,0.012427784205647186
3,3,RECON,Tot size,0.012912500189850106
3,3,RECON,IAT,0.05490965529352252
3,3,RECON,Number,0.013971226689773176
3,3,RECON,Variance,0.04501083397772163
3,4,RECON,Header_Length,2.296819272524786e-05
3,4,RECON,Protocol Type,1.2168451566640925e-05
3,4,RECON,Time_To_Live,0.017794414008574223
3,4,RECON,Rate,7.953274666814975e-05
3,4,RECON,fin_flag_number,7.539723324620994e-07
3,4,RECON,syn_flag_number,0.008150378494201504
3,4,RECON,rst_flag_number,3.103858616668731e-05
3,4,RECON,psh_flag_number,2.246125640326113e-06
3,4,RECON,ack_flag_number,0.01573283399460479
3,4,RECON,ece_flag_number,0.0
3,4,RECON,cwr_flag_number,0.0
3,4,RECON,ack_count,0.00068630964187264
3,4,RECON,syn_count,0.001388393972160884
3,4,RECON,fin_count,1.560279883315724e-05
3,4,RECON,rst_count,0.00020504013809841126
3,4,RECON,HTTP,1.4306521677606016e-06
3,4,RECON,HTTPS,9.521851306537599e-06
3,4,RECON,DNS,2.587201657888727e-06
3,4,RECON,Telnet,0.0
3,4,RECON,SMTP,0.0
3,4,RECON,SSH,0.0
3,4,RECON,IRC,0.0
3,4,RECON,TCP,3.862429472789586e-05
3,4,RECON,UDP,0.0013561877307949998
3,4,RECON,DHCP,0.0
3,4,RECON,ARP,1.4085097427596338e-05
3,4,RECON,ICMP,4.471202144029629e-07
3,4,RECON,IGMP,0.0
3,4,RECON,IPv,7.040067430352792e-06
3,4,RECON,LLC,1.03558609225729e-06
3,4,RECON,Tot sum,0.10242896701674908
3,4,RECON,Min,8.429418780460107e-05
3,4,RECON,Max,0.00015537443191533385
3,4,RECON,AVG,0.003908058014621929
3,4,RECON,Std,0.001338066911603164
3,4,RECON,Tot size,0.0015202243106614334
3,4,RECON,IAT,0.010503803448631287
3,4,RECON,Number,0.0073453171271467
3,4,RECON,Variance,0.01184364258660935
3,5,RECON,Header_Length,4.402729197749977e-05
3,5,RECON,Protocol Type,2.601202748024889e-05
3,5,RECON,Time_To_Live,0.01561061160209647
3,5,RECON,Rate,0.0002494738984069045
3,5,RECON,fin_flag_number,5.610295280789046e-06
3,5,RECON,syn_flag_number,0.04501231509839272
3,5,RECON,rst_flag_number,4.530099530555276e-05
3,5,RECON,psh_flag_number,3.5265056240518788e-06
3,5,RECON,ack_flag_number,0.01731166781974025
3,5,RECON,ece_flag_number,0.0
3,5,RECON,cwr_flag_number,0.0
3,5,RECON,ack_count,0.0006901126540469704
3,5,RECON,syn_count,0.004651320566335926
3,5,RECON,fin_count,0.00019889726622750458
3,5,RECON,rst_count,0.00029543449072662044
3,5,RECON,HTTP,4.468568822035834e-06
3,5,RECON,HTTPS,2.216697804442447e-05
3,5,RECON,DNS,8.501606794908411e-06
3,5,RECON,Telnet,0.0
3,5,RECON,SMTP,0.0
3,5,RECON,SSH,0.0
3,5,RECON,IRC,0.0
3,5,RECON,TCP,1.089120009112321e-05
3,5,RECON,UDP,0.000619536125788045
3,5,RECON,DHCP,0.0
3,5,RECON,ARP,2.7911423189674876e-05
3,5,RECON,ICMP,4.1670974223961824e-05
3,5,RECON,IGMP,0.0
3,5,RECON,IPv,9.845118440132694e-06
3,5,RECON,LLC,1.7183880039906007e-06
3,5,RECON,Tot sum,0.1825078553520143
3,5,RECON,Min,0.00021907474965701112
3,5,RECON,Max,0.001175516200964921
3,5,RECON,AVG,0.02520676339045167
3,5,RECON,Std,0.012797390203922987
3,5,RECON,Tot size,0.011688764152040676
3,5,RECON,IAT,0.033596493089862636
3,5,RECON,Number,0.009763628158543725
3,5,RECON,Variance,0.06748506743460894
3,1,SPOOFING,Header_Length,2.4698156297020547e-06
3,1,SPOOFING,Protocol Type,7.509337954791916e-08
3,1,SPOOFING,Time_To_Live,4.937340030208848e-07
3,1,SPOOFING,Rate,1.0954422618603132e-05
3,1,SPOOFING,fin_flag_number,4.432862094144729e-07
3,1,SPOOFING,syn_flag_number,8.995633251629442e-06
3,1,SPOOFING,rst_flag_number,7.672182638529534e-07
3,1,SPOOFING,psh_flag_number,2.3589274853463848e-07
3,1,SPOOFING,ack_flag_number,0.00014141098863973411
3,1,SPOOFING,ece_flag_number,0.0
3,1,SPOOFING,cwr_flag_number,0.0
3,1,SPOOFING,ack_count,1.1641883977109301e-05
3,1,SPOOFING,syn_count,2.5453965065480588e-05
3,1,SPOOFING,fin_count,5.026799141916172e-06
3,1,SPOOFING,rst_count,4.7095749347647595e-05
3,1,SPOOFING,HTTP,5.872312411963134e-07
3,1,SPOOFING,HTTPS,1.3872654117258466e-07
3,1,SPOOFING,DNS,1.7898175875413757e-10
3,1,SPOOFING,Telnet,0.0
3,1,SPOOFING,SMTP,0.0
3,1,SPOOFING,SSH,0.0
3,1,SPOOFING,IRC,0.0
3,1,SPOOFING,TCP,4.0658312605579283e-07
3,1,SPOOFING,UDP,2.9256352794548857e-06
3,1,SPOOFING,DHCP,0.0
3,1,SPOOFING,ARP,1.581288578272888e-08
3,1,SPOOFING,ICMP,1.2681439187645083e-07
3,1,SPOOFING,IGMP,1.2648315641378138e-10
3,1,SPOOFING,IPv,6.211373266814049e-09
3,1,SPOOFING,LLC,4.029113585130029e-09
3,1,SPOOFING,Tot sum,0.0005753940301019611
3,1,SPOOFING,Min,2.6046758935027725e-05
3,1,SPOOFING,Max,1.0072218856294057e-05
3,1,SPOOFING,AVG,6.500135523310747e-05
3,1,SPOOFING,Std,6.104488675191533e-05
3,1,SPOOFING,Tot size,6.477762458416692e-05
3,1,SPOOFING,IAT,1.2792960484375726e-05
3,1,SPOOFING,Number,0.00011373008485406899
3,1,SPOOFING,Variance,0.00022038744646124542
3,2,SPOOFING,Header_Length,7.76868609250414e-05
3,2,SPOOFING,Protocol Type,1.9342503384223166e-05
3,2,SPOOFING,Time_To_Live,0.0006350249337629066
3,2,SPOOFING,Rate,0.0001072845440603487
3,2,SPOOFING,fin_flag_number,3.602242565392544e-06
3,2,SPOOFING,syn_flag_number,0.003277806258847704
3,2,SPOOFING,rst_flag_number,1.1937808061190935e-05
3,2,SPOOFING,psh_flag_number,1.072704859783613e-05
3,2,SPOOFING,ack_flag_number,0.010113969916528732
3,2,SPOOFING,ece_flag_number,1.0384717370470753e-07
3,2,SPOOFING,cwr_flag_number,5.010328095522709e-06
3,2,SPOOFING,ack_count,0.0007545056352682878
3,2,SPOOFING,syn_count,0.002375742704316508
3,2,SPOOFING,fin_count,0.00016399259548052214
3,2,SPOOFING,rst_count,0.0003089873453063774
3,2,SPOOFING,HTTP,0.0
3,2,SPOOFING,HTTPS,1.5368428399398227e-05
3,2,SPOOFING,DNS,1.4153745953576769e-05
3,2,SPOOFING,Telnet,0.0
3,2,SPOOFING,SMTP,0.0
3,2,SPOOFING,SSH,0.0
3,2,SPOOFING,IRC,0.0
3,2,SPOOFING,TCP,5.648303334737647e-06
3,2,SPOOFING,UDP,0.001783242552187403
3,2,SPOOFING,DHCP,0.0
3,2,SPOOFING,ARP,1.577472165998021e-05
3,2,SPOOFING,ICMP,1.1797863026341559e-05
3,2,SPOOFING,IGMP,0.0
3,2,SPOOFING,IPv,6.625355303914449e-07
3,2,SPOOFING,LLC,6.383492242439948e-07
3,2,SPOOFING,Tot sum,0.0943260173778981
3,2,SPOOFING,Min,0.004619579789869021
3,2,SPOOFING,Max,0.007663309236522764
3,2,SPOOFING,AVG,0.1535600775387138
3,2,SPOOFING,Std,0.04398391011636704
3,2,SPOOFING,Tot size,0.0758978120982647
3,2,SPOOFING,IAT,0.03183850588848145
3,2,SPOOFING,Number,0.011607990716584027
3,2,SPOOFING,Variance,0.15030710059218108
3,3,SPOOFING,Header_Length,8.306246135134643e-05
3,3,SPOOFING,Protocol Type,5.295490332244412e-05
3,3,SPOOFING,Time_To_Live,0.001075950988160912
3,3,SPOOFING,Rate,0.0005120366650771757
3,3,SPOOFING,fin_flag_number,2.2707431327262383e-06
3,3,SPOOFING,syn_flag_number,0.008884580977610312
3,3,SPOOFING,rst_flag_number,1.004802787463177e-05
3,3,SPOOFING,psh_flag_number,4.5446351037981e-06
3,3,SPOOFING,ack_flag_number,0.005730312352534383
3,3,SPOOFING,ece_flag_number,0.0
3,3,SPOOFING,cwr_flag_number,0.0
3,3,SPOOFING,ack_count,0.0008721325742953922
3,3,SPOOFING,syn_count,0.008976999687729404
3,3,SPOOFING,fin_count,0.001187123299405357
3,3,SPOOFING,rst_count,0.0007983915478689596
3,3,SPOOFING,HTTP,2.2266154019234818e-06
3,3,SPOOFING,HTTPS,9.70612284163508e-06
3,3,SPOOFING,DNS,3.9216434540856324e-07
3,3,SPOOFING,Telnet,0.0
3,3,SPOOFING,SMTP,0.0
3,3,SPOOFING,SSH,0.0
3,3,SPOOFING,IRC,0.0
3,3,SPOOFING,TCP,4.440409537238565e-05
3,3,SPOOFING,UDP,0.0010016334399551852
3,3,SPOOFING,DHCP,0.0
3,3,SPOOFING,ARP,1.6251481003787261e-06
3,3,SPOOFING,ICMP,3.824437990260776e-05
3,3,SPOOFING,IGMP,0.0
3,3,SPOOFING,IPv,1.053094459173287e-06
3,3,SPOOFING,LLC,5.632167854371234e-07
3,3,SPOOFING,Tot sum,0.060910748597234485
3,3,SPOOFING,Min,0.0007107136203558184
3,3,SPOOFING,Max,0.0035910185193642973
3,3,SPOOFING,AVG,0.07089867740869522
3,3,SPOOFING,Std,0.022509845404420047
3,3,SPOOFING,Tot size,0.06101832464337349
3,3,SPOOFING,IAT,0.004384363296480842
3,3,SPOOFING,Number,0.019070539285894483
3,3,SPOOFING,Variance,0.1457488217856735
3,4,SPOOFING,Header_Length,0.00017831003843866712
3,4,SPOOFING,Protocol Type,8.182114227111015e-05
3,4,SPOOFING,Time_To_Live,0.034258402646264584
3,4,SPOOFING,Rate,0.0009582583655912913
3,4,SPOOFING,fin_flag_number,1.0902952956026723e-07
3,4,SPOOFING,syn_flag_number,0.0036154191519017333
3,4,SPOOFING,rst_flag_number,9.108127414947375e-07
3,4,SPOOFING,psh_flag_number,2.6502699773800488e-05
3,4,SPOOFING,ack_flag_number,0.00871284359272977
3,4,SPOOFING,ece_flag_number,0.0
3,4,SPOOFING,cwr_flag_number,0.0
3,4,SPOOFING,ack_count,0.0005661287525072112
3,4,SPOOFING,syn_count,0.007451710477471352
3,4,SPOOFING,fin_count,6.253880410156398e-06
3,4,SPOOFING,rst_count,3.852467489195987e-06
3,4,SPOOFING,HTTP,4.63543596103122e-06
3,4,SPOOFING,HTTPS,3.808792910717784e-05
3,4,SPOOFING,DNS,1.7629245405714755e-07
3,4,SPOOFING,Telnet,0.0
3,4,SPOOFING,SMTP,0.0
3,4,SPOOFING,SSH,0.0
3,4,SPOOFING,IRC,0.0
3,4,SPOOFING,TCP,0.00010623896487444995
3,4,SPOOFING,UDP,0.002861186649897718
3,4,SPOOFING,DHCP,0.0
3,4,SPOOFING,ARP,2.7371038868295726e-06
3,4,SPOOFING,ICMP,1.4927335229231176e-06
3,4,SPOOFING,IGMP,0.0
3,4,SPOOFING,IPv,2.1343602838896915e-06
3,4,SPOOFING,LLC,2.4119870431604793e-06
3,4,SPOOFING,Tot sum,0.17577914650319143
3,4,SPOOFING,Min,0.015074174962592224
3,4,SPOOFING,Max,0.00736099032801576
3,4,SPOOFING,AVG,0.14986251695081593
3,4,SPOOFING,Std,0.031951362380641515
3,4,SPOOFING,Tot size,0.07934716560412199
3,4,SPOOFING,IAT,0.042546611517173004
3,4,SPOOFING,Number,0.03115563153405674
3,4,SPOOFING,Variance,0.06648672816809267
3,5,SPOOFING,Header_Length,0.00023286794169052882
3,5,SPOOFING,Protocol Type,1.3980384491141252e-05
3,5,SPOOFING,Time_To_Live,0.0021418206069938606
3,5,SPOOFING,Rate,0.0007886816411122766
3,5,SPOOFING,fin_flag_number,2.944880101907188e-06
3,5,SPOOFING,syn_flag_number,0.0025250859685911563
3,5,SPOOFING,rst_flag_number,1.6204433873667767e-05
3,5,SPOOFING,psh_flag_number,9.61841664803842e-06
3,5,SPOOFING,ack_flag_number,0.014835479596513323
3,5,SPOOFING,ece_flag_number,0.0
3,5,SPOOFING,cwr_flag_number,0.0
3,5,SPOOFING,ack_count,0.0008778297924436629
3,5,SPOOFING,syn_count,0.0037699854670790955
3,5,SPOOFING,fin_count,0.0004205477978757699
3,5,SPOOFING,rst_count,0.0007485147333682107
3,5,SPOOFING,HTTP,4.337310525670546e-06
3,5,SPOOFING,HTTPS,2.6198368163932174e-05
3,5,SPOOFING,DNS,7.179010543201247e-07
3,5,SPOOFING,Telnet,0.0
3,5,SPOOFING,SMTP,0.0
3,5,SPOOFING,SSH,0.0
3,5,SPOOFING,IRC,0.0
3,5,SPOOFING,TCP,8.60447434888556e-05
3,5,SPOOFING,UDP,0.00025408591650375454
3,5,SPOOFING,DHCP,0.0
3,5,SPOOFING,ARP,1.556659702117713e-06
3,5,SPOOFING,ICMP,7.9879813313255e-05
3,5,SPOOFING,IGMP,0.0
3,5,SPOOFING,IPv,4.637798037609997e-07
3,5,SPOOFING,LLC,7.102409072867744e-07
3,5,SPOOFING,Tot sum,0.051444638264365496
3,5,SPOOFING,Min,0.00030624199663407123
3,5,SPOOFING,Max,0.002139390236698091
3,5,SPOOFING,AVG,0.027258802950382233
3,5,SPOOFING,Std,0.014837478799745441
3,5,SPOOFING,Tot size,0.022543579852208496
3,5,SPOOFING,IAT,0.015896004989917854
3,5,SPOOFING,Number,0.015727257166672358
3,5,SPOOFING,Variance,0.04725409126840532
3,1,WEB,Header_Length,2.494477891801239e-06
3,1,WEB,Protocol Type,2.8137517931320355e-06
3,1,WEB,Time_To_Live,0.00011671612732868652
3,1,WEB,Rate,4.875567657092184e-06
3,1,WEB,fin_flag_number,3.5168276719885206e-07
3,1,WEB,syn_flag_number,0.00011307253713743748
3,1,WEB,rst_flag_number,1.9895883996493003e-07
3,1,WEB,psh_flag_number,1.7497680483868904e-06
3,1,WEB,ack_flag_number,0.0003198122618016441
3,1,WEB,ece_flag_number,0.0
3,1,WEB,cwr_flag_number,0.0
3,1,WEB,ack_count,6.219664174125227e-05
3,1,WEB,syn_count,0.0002297071258276162
3,1,WEB,fin_count,7.29569744247982e-05
3,1,WEB,rst_count,5.965170222665961e-06
3,1,WEB,HTTP,3.5775342278332454e-07
3,1,WEB,HTTPS,3.74854149079451e-07
3,1,WEB,DNS,1.5275420946116864e-08
3,1,WEB,Telnet,0.0
3,1,WEB,SMTP,0.0
3,1,WEB,SSH,0.0
3,1,WEB,IRC,0.0
3,1,WEB,TCP,4.063420439281984e-06
3,1,WEB,UDP,3.9673301520692926e-05
3,1,WEB,DHCP,0.0
3,1,WEB,ARP,6.596370301688174e-08
3,1,WEB,ICMP,3.0251897611188737e-06
3,1,WEB,IGMP,7.130577490445378e-10
3,1,WEB,IPv,4.6621565576651645e-07
3,1,WEB,LLC,1.1113097243267353e-07
3,1,WEB,Tot sum,0.004055483484455636
3,1,WEB,Min,0.009561731746892477
3,1,WEB,Max,0.0004821777004536898
3,1,WEB,AVG,0.01533418366539081
3,1,WEB,Std,0.00015461193424926023
3,1,WEB,Tot size,0.030933496006036877
3,1,WEB,IAT,0.0056315504733561285
3,1,WEB,Number,0.0008938428260876208
3,1,WEB,Variance,0.009059062591768452
3,2,WEB,Header_Length,1.4228512046088327e-05
3,2,WEB,Protocol Type,9.38702763413346e-06
3,2,WEB,Time_To_Live,0.002554893655997148
3,2,WEB,Rate,4.877030479519817e-05
3,2,WEB,fin_flag_number,1.4075557074555435e-06
3,2,WEB,syn_flag_number,0.0004324225823665984
3,2,WEB,rst_flag_number,1.8781020612479437e-06
3,2,WEB,psh_flag_number,1.966906451968953e-05
3,2,WEB,ack_flag_number,0.004101736279335455
3,2,WEB,ece_flag_number,0.0
3,2,WEB,cwr_flag_number,0.0
3,2,WEB,ack_count,0.0002770664961758484
3,2,WEB,syn_count,0.0004936759306474414
3,2,WEB,fin_count,0.00025473780268612243
3,2,WEB,rst_count,0.0002077847914620179
3,2,WEB,HTTP,3.098232923548494e-08
3,2,WEB,HTTPS,9.86298158878185e-06
3,2,WEB,DNS,9.044503258047106e-06
3,2,WEB,Telnet,0.0
3,2,WEB,SMTP,0.0
3,2,WEB,SSH,0.0
3,2,WEB,IRC,0.0
3,2,WEB,TCP,9.616107375443051e-06
3,2,WEB,UDP,0.00021163302413924613
3,2,WEB,DHCP,0.0
3,2,WEB,ARP,4.806883673624806e-06
3,2,WEB,ICMP,1.0887941593375194e-05
3,2,WEB,IGMP,0.0
3,2,WEB,IPv,5.815486686654549e-06
3,2,WEB,LLC,4.2735351562989136e-06
3,2,WEB,Tot sum,0.0362100713304244
3,2,WEB,Min,0.006335448290337808
3,2,WEB,Max,0.00196404807647923
3,2,WEB,AVG,0.0566458499757573
3,2,WEB,Std,0.0052877731024636885
3,2,WEB,Tot size,0.09556293697096407
3,2,WEB,IAT,0.10910653832543175
3,2,WEB,Number,0.006503559476004739
3,2,WEB,Variance,0.11863872139365413
3,3,WEB,Header_Length,3.2096983279217285e-06
3,3,WEB,Protocol Type,2.8970325922812733e-07
3,3,WEB,Time_To_Live,0.00034308385500025906
3,3,WEB,Rate,2.617736716059582e-06
3,3,WEB,fin_flag_number,2.954022489121133e-08
3,3,WEB,syn_flag_number,3.5569274670876895e-05
3,3,WEB,rst_flag_number,5.4379857217234926e-08
3,3,WEB,psh_flag_number,5.035814799936311e-07
3,3,WEB,ack_flag_number,0.00017435336512789946
3,3,WEB,ece_flag_number,0.0
3,3,WEB,cwr_flag_number,0.0
3,3,WEB,ack_count,4.90335469458536e-05
3,3,WEB,syn_count,4.091001767250191e-05
3,3,WEB,fin_count,1.2145014250108942e-05
3,3,WEB,rst_count,5.521164292687786e-06
3,3,WEB,HTTP,1.269898945110981e-07
3,3,WEB,HTTPS,7.026950382904573e-07
3,3,WEB,DNS,2.8749444934550037e-08
3,3,WEB,Telnet,0.0
3,3,WEB,SMTP,0.0
3,3,WEB,SSH,0.0
3,3,WEB,IRC,0.0
3,3,WEB,TCP,6.700046638552503e-07
3,3,WEB,UDP,2.1197382987125924e-05
3,3,WEB,DHCP,0.0
3,3,WEB,ARP,1.538949643162756e-08
3,3,WEB,ICMP,9.426863112227401e-07
3,3,WEB,IGMP,0.0
3,3,WEB,IPv,4.6220438263003876e-08
3,3,WEB,LLC,2.4283794189373063e-08
3,3,WEB,Tot sum,0.002670674747650992
3,3,WEB,Min,1.5644900994260525e-06
3,3,WEB,Max,1.6084029300600378e-05
3,3,WEB,AVG,0.00031030513005134706
3,3,WEB,Std,0.00034393172318232247
3,3,WEB,Tot size,0.0013495646191586275
3,3,WEB,IAT,0.0092827964332173
3,3,WEB,Number,0.000550716053328415
3,3,WEB,Variance,0.010562826743989718
3,4,WEB,Header_Length,3.0721073460560076e-05
3,4,WEB,Protocol Type,1.839669169866054e-05
3,4,WEB,Time_To_Live,0.0009609804018793966
3,4,WEB,Rate,4.2851685227596195e-05
3,4,WEB,fin_flag_number,1.0088958377487723e-06
3,4,WEB,syn_flag_number,0.0011325050876422437
3,4,WEB,rst_flag_number,0.0
3,4,WEB,psh_flag_number,9.701312115417693e-06
3,4,WEB,ack_flag_number,0.0015859645220075436
3,4,WEB,ece_flag_number,0.0
3,4,WEB,cwr_flag_number,0.0
3,4,WEB,ack_count,9.751531723480866e-05
3,4,WEB,syn_count,0.0006237823382548413
3,4,WEB,fin_count,1.67678423152795e-05
3,4,WEB,rst_count,0.0
3,4,WEB,HTTP,1.7873487719260746e-05
3,4,WEB,HTTPS,3.7354734571337645e-06
3,4,WEB,DNS,2.5826813562446206e-06
3,4,WEB,Telnet,0.0
3,4,WEB,SMTP,0.0
3,4,WEB,SSH,0.0
3,4,WEB,IRC,0.0
3,4,WEB,TCP,2.5386502934887645e-05
3,4,WEB,UDP,0.0006061653698651526
3,4,WEB,DHCP,0.0
3,4,WEB,ARP,1.2958589081790706e-06
3,4,WEB,ICMP,2.811906409273552e-06
3,4,WEB,IGMP,0.0
3,4,WEB,IPv,1.0432508383928507e-05
3,4,WEB,LLC,3.1410684613319973e-07
3,4,WEB,Tot sum,0.06260295729261997
3,4,WEB,Min,0.014576973429757178
3,4,WEB,Max,0.0030473766522391087
3,4,WEB,AVG,0.04337824721733341
3,4,WEB,Std,0.004819029765440064
3,4,WEB,Tot size,0.08160425657988526
3,4,WEB,IAT,0.09865335367292687
3,4,WEB,Number,0.010101421710106705
3,4,WEB,Variance,0.07876147992210462
3,5,WEB,Header_Length,4.925233427712783e-05
3,5,WEB,Protocol Type,9.996636315545704e-06
3,5,WEB,Time_To_Live,0.012078009820834268
3,5,WEB,Rate,5.386996521821175e-05
3,5,WEB,fin_flag_number,4.476284722088053e-06
3,5,WEB,syn_flag_number,0.000403544813480039
3,5,WEB,rst_flag_number,4.704636260299821e-06
3,5,WEB,psh_flag_number,1.6493292766028844e-05
3,5,WEB,ack_flag_number,0.004733541205496294
3,5,WEB,ece_flag_number,0.0
3,5,WEB,cwr_flag_number,0.0
3,5,WEB,ack_count,0.0002719038324073608
3,5,WEB,syn_count,0.0007427613366189689
3,5,WEB,fin_count,0.0006199503668995021
3,5,WEB,rst_count,0.00017467621067908113
3,5,WEB,HTTP,1.6566196587852743e-07
3,5,WEB,HTTPS,2.0444035803279804e-05
3,5,WEB,DNS,1.1140666538800304e-05
3,5,WEB,Telnet,0.0
3,5,WEB,SMTP,0.0
3,5,WEB,SSH,0.0
3,5,WEB,IRC,0.0
3,5,WEB,TCP,1.6762337909881354e-05
3,5,WEB,UDP,0.0007013070377865915
3,5,WEB,DHCP,0.0
3,5,WEB,ARP,2.5085418500991886e-06
3,5,WEB,ICMP,2.1686214894955924e-05
3,5,WEB,IGMP,0.0
3,5,WEB,IPv,5.151577510575933e-06
3,5,WEB,LLC,1.4675670884534142e-06
3,5,WEB,Tot sum,0.04959395899495576
3,5,WEB,Min,2.7250378798271414e-05
3,5,WEB,Max,0.0005103269872051896
3,5,WEB,AVG,0.01330279470421374
3,5,WEB,Std,0.011615426652133465
3,5,WEB,Tot size,0.055233278404921295
3,5,WEB,IAT,0.13087895477801795
3,5,WEB,Number,0.010041774052842812
3,5,WEB,Variance,0.09974383139633573
4,1,BENIGN,Header_Length,8.242027506639715e-05
4,1,BENIGN,Protocol Type,4.516373573437704e-05
4,1,BENIGN,Time_To_Live,0.04340726688024006
4,1,BENIGN,Rate,0.00021181572308250906
4,1,BENIGN,fin_flag_number,1.2036393295034032e-05
4,1,BENIGN,syn_flag_number,0.003119896566204261
4,1,BENIGN,rst_flag_number,4.659040804266823e-06
4,1,BENIGN,psh_flag_number,8.663384303669864e-06
4,1,BENIGN,ack_flag_number,0.010341828327364055
4,1,BENIGN,ece_flag_number,0.0
4,1,BENIGN,cwr_flag_number,0.0
4,1,BENIGN,ack_count,0.0008302953327984141
4,1,BENIGN,syn_count,0.0017493749913228384
4,1,BENIGN,fin_count,0.0006748468164005317
4,1,BENIGN,rst_count,0.0010349071892051143
4,1,BENIGN,HTTP,3.6665168028804375e-06
4,1,BENIGN,HTTPS,2.04763344896719e-05
4,1,BENIGN,DNS,2.3987852149076616e-08
4,1,BENIGN,Telnet,0.0
4,1,BENIGN,SMTP,0.0
4,1,BENIGN,SSH,0.0
4,1,BENIGN,IRC,0.0
4,1,BENIGN,TCP,2.7656048390056753e-05
4,1,BENIGN,UDP,0.002956295484796101
4,1,BENIGN,DHCP,0.0
4,1,BENIGN,ARP,3.222351700373771e-05
4,1,BENIGN,ICMP,3.696436839319972e-05
4,1,BENIGN,IGMP,1.1369850325682051e-07
4,1,BENIGN,IPv,1.247418200770456e-05
4,1,BENIGN,LLC,1.616833572888332e-05
4,1,BENIGN,Tot sum,0.09043258454767056
4,1,BENIGN,Min,0.004498039716099811
4,1,BENIGN,Max,0.0059595920029096305
4,1,BENIGN,AVG,0.0743958699516952
4,1,BENIGN,Std,0.04651960982009769
4,1,BENIGN,Tot size,0.02147975480183959
4,1,BENIGN,IAT,0.03582704685686622
4,1,BENIGN,Number,0.00542317774525145
4,1,BENIGN,Variance,0.07191938303876669
4,2,BENIGN,Header_Length,3.108551385153646e-05
4,2,BENIGN,Protocol Type,2.4187081357318617e-06
4,2,BENIGN,Time_To_Live,0.019604071772027963
4,2,BENIGN,Rate,1.8489587175807286e-05
4,2,BENIGN,fin_flag_number,5.514743644630116e-07
4,2,BENIGN,syn_flag_number,0.0002588855778299148
4,2,BENIGN,rst_flag_number,3.9055061475390397e-07
4,2,BENIGN,psh_flag_number,4.684093056248062e-07
4,2,BENIGN,ack_flag_number,0.0004186389828419124
4,2,BENIGN,ece_flag_number,0.0
4,2,BENIGN,cwr_flag_number,0.0
4,2,BENIGN,ack_count,4.2412151356074904e-05
4,2,BENIGN,syn_count,0.00015313874073399347
4,2,BENIGN,fin_count,8.879563622343768e-06
4,2,BENIGN,rst_count,0.00012293450475624467
4,2,BENIGN,HTTP,2.2120526672608775e-07
4,2,BENIGN,HTTPS,1.3720754267598779e-05
4,2,BENIGN,DNS,7.936425128723511e-08
4,2,BENIGN,Telnet,0.0
4,2,BENIGN,SMTP,0.0
4,2,BENIGN,SSH,0.0
4,2,BENIGN,IRC,0.0
4,2,BENIGN,TCP,4.410212292133009e-06
4,2,BENIGN,UDP,0.0002097864710435715
4,2,BENIGN,DHCP,0.0
4,2,BENIGN,ARP,5.130589779897554e-08
4,2,BENIGN,ICMP,2.238470877061194e-08
4,2,BENIGN,IGMP,0.0
4,2,BENIGN,IPv,8.029669413059382e-08
4,2,BENIGN,LLC,8.05811386405536e-08
4,2,BENIGN,Tot sum,0.01824197558330525
4,2,BENIGN,Min,0.00012297127091187576
4,2,BENIGN,Max,0.00014661413788417122
4,2,BENIGN,AVG,0.0004939607795677147
4,2,BENIGN,Std,0.0015329068031860516
4,2,BENIGN,Tot size,0.0018364942108746618
4,2,BENIGN,IAT,0.002504892000997927
4,2,BENIGN,Number,0.002242924992879125
4,2,BENIGN,Variance,0.013979161213501356
4,3,BENIGN,Header_Length,0.00013186830756239942
4,3,BENIGN,Protocol Type,7.030449073397449e-06
4,3,BENIGN,Time_To_Live,0.02065362410405669
4,3,BENIGN,Rate,9.910362523442018e-05
4,3,BENIGN,fin_flag_number,5.078767902944037e-06
4,3,BENIGN,syn_flag_number,0.005444775061914697
4,3,BENIGN,rst_flag_number,3.0529482824448452e-06
4,3,BENIGN,psh_flag_number,5.18712063879434e-06
4,3,BENIGN,ack_flag_number,0.006108740154741099
4,3,BENIGN,ece_flag_number,0.0
4,3,BENIGN,cwr_flag_number,0.0
4,3,BENIGN,ack_count,0.0007856722000724403
4,3,BENIGN,syn_count,0.004354965896345675
4,3,BENIGN,fin_count,0.0004929105534756673
4,3,BENIGN,rst_count,0.0005448671869089594
4,3,BENIGN,HTTP,1.4657075098511995e-06
4,3,BENIGN,HTTPS,6.162143998267311e-06
4,3,BENIGN,DNS,2.4783406295525445e-06
4,3,BENIGN,Telnet,0.0
4,3,BENIGN,SMTP,0.0
4,3,BENIGN,SSH,0.0
4,3,BENIGN,IRC,0.0
4,3,BENIGN,TCP,3.0279234638896924e-05
4,3,BENIGN,UDP,0.0017363413728162414
4,3,BENIGN,DHCP,0.0
4,3,BENIGN,ARP,5.106021986125975e-09
4,3,BENIGN,ICMP,7.872734219915855e-06
4,3,BENIGN,IGMP,0.0
4,3,BENIGN,IPv,2.0778085861594688e-08
4,3,BENIGN,LLC,3.123744339583734e-08
4,3,BENIGN,Tot sum,0.16018504509702325
4,3,BENIGN,Min,0.001625618951220531
4,3,BENIGN,Max,0.0030461856396868823
4,3,BENIGN,AVG,0.016428452730178834
4,3,BENIGN,Std,0.024044165294617413
4,3,BENIGN,Tot size,0.03098763816524297
4,3,BENIGN,IAT,0.05724488756591199
4,3,BENIGN,Number,0.003550122189335525
4,3,BENIGN,Variance,0.2870591804385185
4,4,BENIGN,Header_Length,0.0003051152787634237
4,4,BENIGN,Protocol Type,5.23552856122933e-05
4,4,BENIGN,Time_To_Live,0.07857498278208368
4,4,BENIGN,Rate,0.00027883993924433527
4,4,BENIGN,fin_flag_number,9.312308680842208e-08
4,4,BENIGN,syn_flag_number,0.0027879448114617846
4,4,BENIGN,rst_flag_number,0.0
4,4,BENIGN,psh_flag_number,1.0199752532003004e-05
4,4,BENIGN,ack_flag_number,0.007995000685832565
4,4,BENIGN,ece_flag_number,0.0
4,4,BENIGN,cwr_flag_number,0.0
4,4,BENIGN,ack_count,0.0021735244190494996
4,4,BENIGN,syn_count,0.002262489240820287
4,4,BENIGN,fin_count,2.023341507495502e-06
4,4,BENIGN,rst_count,0.0
4,4,BENIGN,HTTP,4.634820867499556e-06
4,4,BENIGN,HTTPS,1.4760971995730898e-05
4,4,BENIGN,DNS,7.491031084327914e-09
4,4,BENIGN,Telnet,0.0
4,4,BENIGN,SMTP,0.0
4,4,BENIGN,SSH,0.0
4,4,BENIGN,IRC,0.0
4,4,BENIGN,TCP,6.553441535572802e-05
4,4,BENIGN,UDP,0.0034581206411530728
4,4,BENIGN,DHCP,0.0
4,4,BENIGN,ARP,2.055675577139482e-06
4,4,BENIGN,ICMP,2.905090124682985e-07
4,4,BENIGN,IGMP,0.0
4,4,BENIGN,IPv,1.3211571967985946e-06
4,4,BENIGN,LLC,4.071855437359773e-06
4,4,BENIGN,Tot sum,0.5035224935971201
4,4,BENIGN,Min,0.010040555755012281
4,4,BENIGN,Max,0.005720126050005092
4,4,BENIGN,AVG,0.054639629134908316
4,4,BENIGN,Std,0.039950285013765095
4,4,BENIGN,Tot size,0.08229941981844605
4,4,BENIGN,IAT,0.058679179284081326
4,4,BENIGN,Number,0.019536170171340926
4,4,BENIGN,Variance,0.3390439324080944
4,5,BENIGN,Header_Length,0.0006700449129880326
4,5,BENIGN,Protocol Type,1.7866850036796222e-05
4,5,BENIGN,Time_To_Live,0.22555827649412094
4,5,BENIGN,Rate,0.0004486141602342286
4,5,BENIGN,fin_flag_number,3.2861085895774525e-05
4,5,BENIGN,syn_flag_number,0.00541543027611624
4,5,BENIGN,rst_flag_number,4.64104706525692e-06
4,5,BENIGN,psh_flag_number,2.7921143320774888e-05
4,5,BENIGN,ack_flag_number,0.017754183770193777
4,5,BENIGN,ece_flag_number,0.0
4,5,BENIGN,cwr_flag_number,0.0
4,5,BENIGN,ack_count,0.0012697810720510461
4,5,BENIGN,syn_count,0.002684739898177213
4,5,BENIGN,fin_count,0.001274441391342407
4,5,BENIGN,rst_count,0.0012766089628712507
4,5,BENIGN,HTTP,1.1622906157526813e-07
4,5,BENIGN,HTTPS,7.490854013809667e-05
4,5,BENIGN,DNS,2.8048844468608893e-06
4,5,BENIGN,Telnet,0.0
4,5,BENIGN,SMTP,0.0
4,5,BENIGN,SSH,0.0
4,5,BENIGN,IRC,0.0
4,5,BENIGN,TCP,0.00012973264565658839
4,5,BENIGN,UDP,0.0017554362819964808
4,5,BENIGN,DHCP,0.0
4,5,BENIGN,ARP,1.0202387112356881e-05
4,5,BENIGN,ICMP,2.916578888942922e-05
4,5,BENIGN,IGMP,0.0
4,5,BENIGN,IPv,6.811839738862791e-06
4,5,BENIGN,LLC,5.852897522284906e-06
4,5,BENIGN,Tot sum,0.16205141332466155
4,5,BENIGN,Min,0.001953792412496114
4,5,BENIGN,Max,0.0022306091734208165
4,5,BENIGN,AVG,0.02711213257862255
4,5,BENIGN,Std,0.024922274332493544
4,5,BENIGN,Tot size,0.041082023625494915
4,5,BENIGN,IAT,0.05566610287642106
4,5,BENIGN,Number,0.018500108848820675
4,5,BENIGN,Variance,0.33684645481407643
4,2,BRUTEFORCE,Header_Length,8.875309028155698e-06
4,2,BRUTEFORCE,Protocol Type,1.0527452341424492e-06
4,2,BRUTEFORCE,Time_To_Live,2.6218311239034618e-05
4,2,BRUTEFORCE,Rate,1.2386398924846276e-05
4,2,BRUTEFORCE,fin_flag_number,1.3577029506064985e-06
4,2,BRUTEFORCE,syn_flag_number,3.775100565803768e-05
4,2,BRUTEFORCE,rst_flag_number,3.6074082711001764e-07
4,2,BRUTEFORCE,psh_flag_number,2.9251813485897673e-07
4,2,BRUTEFORCE,ack_flag_number,0.003146904253435423
4,2,BRUTEFORCE,ece_flag_number,0.0
4,2,BRUTEFORCE,cwr_flag_number,0.0
4,2,BRUTEFORCE,ack_count,2.559422933074984e-05
4,2,BRUTEFORCE,syn_count,0.000181496324046293
4,2,BRUTEFORCE,fin_count,3.4569771807468895e-05
4,2,BRUTEFORCE,rst_count,0.00020598535116391758
4,2,BRUTEFORCE,HTTP,0.0
4,2,BRUTEFORCE,HTTPS,3.480771232400315e-06
4,2,BRUTEFORCE,DNS,1.4680723242968542e-10
4,2,BRUTEFORCE,Telnet,0.0
4,2,BRUTEFORCE,SMTP,0.0
4,2,BRUTEFORCE,SSH,1.9177305909501284e-06
4,2,BRUTEFORCE,IRC,0.0
4,2,BRUTEFORCE,TCP,1.767819974529683e-06
4,2,BRUTEFORCE,UDP,6.984264285918585e-05
4,2,BRUTEFORCE,DHCP,0.0
4,2,BRUTEFORCE,ARP,2.739044716986816e-07
4,2,BRUTEFORCE,ICMP,3.220854659872347e-08
4,2,BRUTEFORCE,IGMP,0.0
4,2,BRUTEFORCE,IPv,1.3585722060034145e-09
4,2,BRUTEFORCE,LLC,1.3111056600301957e-07
4,2,BRUTEFORCE,Tot sum,0.008822449110812158
4,2,BRUTEFORCE,Min,3.615912043883895e-05
4,2,BRUTEFORCE,Max,9.910404709216891e-05
4,2,BRUTEFORCE,AVG,0.0007536588088896679
4,2,BRUTEFORCE,Std,0.0004641657216780004
4,2,BRUTEFORCE,Tot size,0.0003140600096230628
4,2,BRUTEFORCE,IAT,0.0036236910821571657
4,2,BRUTEFORCE,Number,0.0011864282745136733
4,2,BRUTEFORCE,Variance,0.008686671507894062
4,3,BRUTEFORCE,Header_Length,1.220199564215818e-05
4,3,BRUTEFORCE,Protocol Type,1.7968160627823693e-06
4,3,BRUTEFORCE,Time_To_Live,0.0024796624327109384
4,3,BRUTEFORCE,Rate,1.4850664983612205e-05
4,3,BRUTEFORCE,fin_flag_number,4.022712590279198e-06
4,3,BRUTEFORCE,syn_flag_number,0.000860849390119256
4,3,BRUTEFORCE,rst_flag_number,5.210334482308455e-07
4,3,BRUTEFORCE,psh_flag_number,2.448462867188361e-06
4,3,BRUTEFORCE,ack_flag_number,0.002254843239461479
4,3,BRUTEFORCE,ece_flag_number,0.0
4,3,BRUTEFORCE,cwr_flag_number,0.0
4,3,BRUTEFORCE,ack_count,0.00018699192304501012
4,3,BRUTEFORCE,syn_count,0.000912048625650641
4,3,BRUTEFORCE,fin_count,0.00011322110393052753
4,3,BRUTEFORCE,rst_count,0.0003104783244225473
4,3,BRUTEFORCE,HTTP,2.4865169052645796e-07
4,3,BRUTEFORCE,HTTPS,9.582986923106774e-07
4,3,BRUTEFORCE,DNS,7.3984752352318495e-09
4,3,BRUTEFORCE,Telnet,0.0
4,3,BRUTEFORCE,SMTP,0.0
4,3,BRUTEFORCE,SSH,3.853546513710171e-06
4,3,BRUTEFORCE,IRC,0.0
4,3,BRUTEFORCE,TCP,1.4085664056695534e-06
4,3,BRUTEFORCE,UDP,0.0001275277005397868
4,3,BRUTEFORCE,DHCP,0.0
4,3,BRUTEFORCE,ARP,7.865155886149777e-06
4,3,BRUTEFORCE,ICMP,1.2522399720094057e-05
4,3,BRUTEFORCE,IGMP,7.144665801206428e-08
4,3,BRUTEFORCE,IPv,5.310536323289289e-07
4,3,BRUTEFORCE,LLC,4.468994482076729e-06
4,3,BRUTEFORCE,Tot sum,0.02955793401488336
4,3,BRUTEFORCE,Min,7.761151415053291e-05
4,3,BRUTEFORCE,Max,0.0005325062401425384
4,3,BRUTEFORCE,AVG,0.005162777405348607
4,3,BRUTEFORCE,Std,0.005494152655592189
4,3,BRUTEFORCE,Tot size,0.0047891959082335235
4,3,BRUTEFORCE,IAT,0.03573173041841073
4,3,BRUTEFORCE,Number,0.002036885806955979
4,3,BRUTEFORCE,Variance,0.044275673251831904
4,4,BRUTEFORCE,Header_Length,2.768469293439324e-05
4,4,BRUTEFORCE,Protocol Type,7.957961238380663e-06
4,4,BRUTEFORCE,Time_To_Live,0.0021020385921903363
4,4,BRUTEFORCE,Rate,2.4203415103940528e-05
4,4,BRUTEFORCE,fin_flag_number,4.3994767532941064e-07
4,4,BRUTEFORCE,syn_flag_number,0.0003166986212761458
4,4,BRUTEFORCE,rst_flag_number,2.1275823200994636e-07
4,4,BRUTEFORCE,psh_flag_number,4.375347936758089e-06
4,4,BRUTEFORCE,ack_flag_number,0.0044409627496861505
4,4,BRUTEFORCE,ece_flag_number,0.0
4,4,BRUTEFORCE,cwr_flag_number,0.0
4,4,BRUTEFORCE,ack_count,0.00021756204088489993
4,4,BRUTEFORCE,syn_count,0.0011246475531379474
4,4,BRUTEFORCE,fin_count,7.872230738031893e-06
4,4,BRUTEFORCE,rst_count,1.0566936543909832e-05
4,4,BRUTEFORCE,HTTP,6.043676305563916e-08
4,4,BRUTEFORCE,HTTPS,6.0974897496901544e-06
4,4,BRUTEFORCE,DNS,2.8447178920032456e-06
4,4,BRUTEFORCE,Telnet,0.0
4,4,BRUTEFORCE,SMTP,0.0
4,4,BRUTEFORCE,SSH,5.987958820696803e-06
4,4,BRUTEFORCE,IRC,0.0
4,4,BRUTEFORCE,TCP,1.1529804621801532e-05
4,4,BRUTEFORCE,UDP,0.000533755391120394
4,4,BRUTEFORCE,DHCP,0.0
4,4,BRUTEFORCE,ARP,1.5135809007915669e-06
4,4,BRUTEFORCE,ICMP,6.017846868808241e-07
4,4,BRUTEFORCE,IGMP,0.0
4,4,BRUTEFORCE,IPv,1.0856529115699232e-07
4,4,BRUTEFORCE,LLC,9.819498700380791e-07
4,4,BRUTEFORCE,Tot sum,0.05138664370169863
4,4,BRUTEFORCE,Min,0.00022561750429304084
4,4,BRUTEFORCE,Max,0.0006279047259340586
4,4,BRUTEFORCE,AVG,0.00624828164018254
4,4,BRUTEFORCE,Std,0.004430540533940075
4,4,BRUTEFORCE,Tot size,0.004584894497384084
4,4,BRUTEFORCE,IAT,0.036732862842063695
4,4,BRUTEFORCE,Number,0.006723589137163799
4,4,BRUTEFORCE,Variance,0.07158556517460965
4,5,BRUTEFORCE,Header_Length,2.1412505377682578e-05
4,5,BRUTEFORCE,Protocol Type,3.2278367985694167e-06
4,5,BRUTEFORCE,Time_To_Live,0.0006980912317658295
4,5,BRUTEFORCE,Rate,2.1018250069104737e-05
4,5,BRUTEFORCE,fin_flag_number,1.7809168707416667e-06
4,5,BRUTEFORCE,syn_flag_number,0.0005516258820307485
4,5,BRUTEFORCE,rst_flag_number,3.4804496489293514e-07
4,5,BRUTEFORCE,psh_flag_number,1.5254254857710592e-06
4,5,BRUTEFORCE,ack_flag_number,0.003620534637138917
4,5,BRUTEFORCE,ece_flag_number,0.0
4,5,BRUTEFORCE,cwr_flag_number,0.0
4,5,BRUTEFORCE,ack_count,3.491277269773718e-05
4,5,BRUTEFORCE,syn_count,0.00035647339989282046
4,5,BRUTEFORCE,fin_count,8.190958818516947e-05
4,5,BRUTEFORCE,rst_count,0.00022034853354853113
4,5,BRUTEFORCE,HTTP,2.2036423549115504e-08
4,5,BRUTEFORCE,HTTPS,3.177286105637833e-06
4,5,BRUTEFORCE,DNS,3.3530570305861927e-07
4,5,BRUTEFORCE,Telnet,0.0
4,5,BRUTEFORCE,SMTP,0.0
4,5,BRUTEFORCE,SSH,6.992529866067798e-06
4,5,BRUTEFORCE,IRC,0.0
4,5,BRUTEFORCE,TCP,5.502490321229736e-06
4,5,BRUTEFORCE,UDP,5.099701123043587e-05
4,5,BRUTEFORCE,DHCP,0.0
4,5,BRUTEFORCE,ARP,1.3033163048237207e-07
4,5,BRUTEFORCE,ICMP,1.784786376708425e-05
4,5,BRUTEFORCE,IGMP,0.0
4,5,BRUTEFORCE,IPv,1.9988294585465693e-08
4,5,BRUTEFORCE,LLC,7.455164924563551e-08
4,5,BRUTEFORCE,Tot sum,0.03680223733576895
4,5,BRUTEFORCE,Min,0.00018521700991627199
4,5,BRUTEFORCE,Max,0.00017013593651427072
4,5,BRUTEFORCE,AVG,0.004190804914469481
4,5,BRUTEFORCE,Std,0.0012675489066168665
4,5,BRUTEFORCE,Tot size,0.0017184613869176246
4,5,BRUTEFORCE,IAT,0.007038423624362622
4,5,BRUTEFORCE,Number,0.0011500642439386866
4,5,BRUTEFORCE,Variance,0.016888155933338568
4,1,DDOS,Header_Length,0.010262855932523962
4,1,DDOS,Protocol Type,0.00022736710420758754
4,1,DDOS,Time_To_Live,0.0005243133011390456
4,1,DDOS,Rate,0.0023984863578334625
4,1,DDOS,fin_flag_number,2.052539193755365e-05
4,1,DDOS,syn_flag_number,0.06086702458560467
4,1,DDOS,rst_flag_number,3.95013935303723e-05
4,1,DDOS,psh_flag_number,0.0001381077776386519
4,1,DDOS,ack_flag_number,0.0023547180113382637
4,1,DDOS,ece_flag_number,0.0
4,1,DDOS,cwr_flag_number,0.0
4,1,DDOS,ack_count,0.007555360346304951
4,1,DDOS,syn_count,0.021582376334117727
4,1,DDOS,fin_count,0.011136415554210544
4,1,DDOS,rst_count,0.007250035100150853
4,1,DDOS,HTTP,9.671510770203896e-06
4,1,DDOS,HTTPS,3.65844086445577e-05
4,1,DDOS,DNS,3.177129901388298e-08
4,1,DDOS,Telnet,0.0
4,1,DDOS,SMTP,0.0
4,1,DDOS,SSH,0.0
4,1,DDOS,IRC,0.0
4,1,DDOS,TCP,0.003720955144672189
4,1,DDOS,UDP,0.0030881564394803717
4,1,DDOS,DHCP,0.0
4,1,DDOS,ARP,3.2140780689360327e-06
4,1,DDOS,ICMP,0.0012506218095950316
4,1,DDOS,IGMP,2.530655039134633e-07
4,1,DDOS,IPv,2.1909840000944313e-06
4,1,DDOS,LLC,7.949862263600949e-06
4,1,DDOS,Tot sum,0.059889155626297
4,1,DDOS,Min,0.0067568411584943535
4,1,DDOS,Max,0.0019802172493655233
4,1,DDOS,AVG,0.04005126664415002
4,1,DDOS,Std,0.0029966497852001337
4,1,DDOS,Tot size,0.030085896234959365
4,1,DDOS,IAT,0.0021472576726864643
4,1,DDOS,Number,0.00080685965003795
4,1,DDOS,Variance,0.03522018197982106
4,2,DDOS,Header_Length,0.051895090963807886
4,2,DDOS,Protocol Type,0.0017833615488960675
4,2,DDOS,Time_To_Live,0.002253036517822693
4,2,DDOS,Rate,0.0036720610893098637
4,2,DDOS,fin_flag_number,0.0004193914071151994
4,2,DDOS,syn_flag_number,0.013716332835610957
4,2,DDOS,rst_flag_number,0.00010354189194003994
4,2,DDOS,psh_flag_number,0.00033557427243989453
4,2,DDOS,ack_flag_number,0.009078580831555882
4,2,DDOS,ece_flag_number,0.0
4,2,DDOS,cwr_flag_number,0.0
4,2,DDOS,ack_count,0.011655578102363506
4,2,DDOS,syn_count,0.014992787432856858
4,2,DDOS,fin_count,0.16701729953056202
4,2,DDOS,rst_count,0.07634226233931259
4,2,DDOS,HTTP,0.000133784010540694
4,2,DDOS,HTTPS,0.00010614525866827761
4,2,DDOS,DNS,1.7614599590043413e-08
4,2,DDOS,Telnet,0.0
4,2,DDOS,SMTP,0.0
4,2,DDOS,SSH,0.0
4,2,DDOS,IRC,0.0
4,2,DDOS,TCP,0.025698131149692927
4,2,DDOS,UDP,0.04567646719515324
4,2,DDOS,DHCP,0.0
4,2,DDOS,ARP,2.2725864123884776e-08
4,2,DDOS,ICMP,0.002106340403193485
4,2,DDOS,IGMP,0.0
4,2,DDOS,IPv,2.6320019458347944e-08
4,2,DDOS,LLC,4.4092825413066804e-08
4,2,DDOS,Tot sum,0.13789586152415723
4,2,DDOS,Min,0.002254934879601933
4,2,DDOS,Max,0.0055081956728827205
4,2,DDOS,AVG,0.027043188363313674
4,2,DDOS,Std,0.014436185608064988
4,2,DDOS,Tot size,0.04297147896140814
4,2,DDOS,IAT,0.00959996658516502
4,2,DDOS,Number,0.0003124902485978964
4,2,DDOS,Variance,0.01742185316979885
4,3,DDOS,Header_Length,0.009234710468444974
4,3,DDOS,Protocol Type,0.0004135300420443855
4,3,DDOS,Time_To_Live,0.0008004602999790222
4,3,DDOS,Rate,0.0006286633732088375
4,3,DDOS,fin_flag_number,0.0001891692078061169
4,3,DDOS,syn_flag_number,0.032474360428750515
4,3,DDOS,rst_flag_number,4.4903300931764534e-05
4,3,DDOS,psh_flag_number,0.0002811965601722477
4,3,DDOS,ack_flag_number,0.010814673022832722
4,3,DDOS,ece_flag_number,0.0
4,3,DDOS,cwr_flag_number,0.0
4,3,DDOS,ack_count,0.005292123300023377
4,3,DDOS,syn_count,0.0480711744283326
4,3,DDOS,fin_count,0.03418532116338611
4,3,DDOS,rst_count,0.01735880656633526
4,3,DDOS,HTTP,6.00760686211288e-05
4,3,DDOS,HTTPS,1.2564398275571875e-06
4,3,DDOS,DNS,4.7300561305974044e-06
4,3,DDOS,Telnet,0.0
4,3,DDOS,SMTP,0.0
4,3,DDOS,SSH,0.0
4,3,DDOS,IRC,0.0
4,3,DDOS,TCP,0.004618865990778431
4,3,DDOS,UDP,0.020781094930134712
4,3,DDOS,DHCP,0.0
4,3,DDOS,ARP,2.1787164989021252e-07
4,3,DDOS,ICMP,0.0004888047721578915
4,3,DDOS,IGMP,0.0
4,3,DDOS,IPv,3.58054077276293e-08
4,3,DDOS,LLC,2.899290842517388e-07
4,3,DDOS,Tot sum,0.27509486451745035
4,3,DDOS,Min,0.0018896425841376185
4,3,DDOS,Max,0.0032330719695892185
4,3,DDOS,AVG,0.03968450166285038
4,3,DDOS,Std,0.009846681368071587
4,3,DDOS,Tot size,0.032979984488338235
4,3,DDOS,IAT,0.0008909433072403772
4,3,DDOS,Number,0.0
4,3,DDOS,Variance,0.2397730454802513
4,4,DDOS,Header_Length,0.056454820069484414
4,4,DDOS,Protocol Type,0.0019678732838656287
4,4,DDOS,Time_To_Live,0.004294762709469069
4,4,DDOS,Rate,0.00307023880552606
4,4,DDOS,fin_flag_number,0.00043000198612048736
4,4,DDOS,syn_flag_number,0.049560762592591345
4,4,DDOS,rst_flag_number,0.00018029938364634291
4,4,DDOS,psh_flag_number,0.0
4,4,DDOS,ack_flag_number,0.0011879637409947462
4,4,DDOS,ece_flag_number,0.0
4,4,DDOS,cwr_flag_number,0.0
4,4,DDOS,ack_count,0.001403862820006907
4,4,DDOS,syn_count,0.04748617522418499
4,4,DDOS,fin_count,0.13314286497609373
4,4,DDOS,rst_count,0.03575049191713333
4,4,DDOS,HTTP,1.1296247478753686e-06
4,4,DDOS,HTTPS,0.0034912933930172584
4,4,DDOS,DNS,2.919337748608086e-06
4,4,DDOS,Telnet,0.0
4,4,DDOS,SMTP,0.0
4,4,DDOS,SSH,0.0
4,4,DDOS,IRC,0.0
4,4,DDOS,TCP,0.025871286645997315
4,4,DDOS,UDP,0.10712200230918825
4,4,DDOS,DHCP,0.0
4,4,DDOS,ARP,1.885077072074637e-05
4,4,DDOS,ICMP,0.0016286662232914751
4,4,DDOS,IGMP,0.0
4,4,DDOS,IPv,9.383821088704281e-06
4,4,DDOS,LLC,1.9001018517883495e-05
4,4,DDOS,Tot sum,0.10910070771351457
4,4,DDOS,Min,0.0009250196086213691
4,4,DDOS,Max,0.0017889059090521187
4,4,DDOS,AVG,0.02019316314253956
4,4,DDOS,Std,0.006303200111142359
4,4,DDOS,Tot size,0.030187992239370944
4,4,DDOS,IAT,0.013180833993828855
4,4,DDOS,Number,0.0002080773559384852
4,4,DDOS,Variance,0.18055184788245243
4,5,DDOS,Header_Length,0.022393987461578037
4,5,DDOS,Protocol Type,0.0010297631136381824
4,5,DDOS,Time_To_Live,0.0011053180474846157
4,5,DDOS,Rate,0.004647206633126189
4,5,DDOS,fin_flag_number,0.00010719700522940912
4,5,DDOS,syn_flag_number,0.019345119637728204
4,5,DDOS,rst_flag_number,1.8705587023326586e-05
4,5,DDOS,psh_flag_number,0.000101065349931595
4,5,DDOS,ack_flag_number,0.0022056362322473433
4,5,DDOS,ece_flag_number,0.0
4,5,DDOS,cwr_flag_number,0.0
4,5,DDOS,ack_count,0.0024014293843720226
4,5,DDOS,syn_count,0.01574757988273632
4,5,DDOS,fin_count,0.03177068015684199
4,5,DDOS,rst_count,0.016123562447137373
4,5,DDOS,HTTP,7.577606062625363e-08
4,5,DDOS,HTTPS,0.0015503476213297063
4,5,DDOS,DNS,1.212285426177573e-06
4,5,DDOS,Telnet,0.0
4,5,DDOS,SMTP,0.0
4,5,DDOS,SSH,0.0
4,5,DDOS,IRC,0.0
4,5,DDOS,TCP,0.009183152444370535
4,5,DDOS,UDP,0.029085486174017204
4,5,DDOS,DHCP,0.0
4,5,DDOS,ARP,5.460319998373819e-07
4,5,DDOS,ICMP,0.0011483495029551705
4,5,DDOS,IGMP,0.0
4,5,DDOS,IPv,5.265559649858531e-07
4,5,DDOS,LLC,2.980695127163813e-07
4,5,DDOS,Tot sum,0.23367048422805964
4,5,DDOS,Min,8.472596869069093e-05
4,5,DDOS,Max,0.0032454104424687103
4,5,DDOS,AVG,0.030484698340296747
4,5,DDOS,Std,0.015510943194385618
4,5,DDOS,Tot size,0.031018191669136285
4,5,DDOS,IAT,0.005360000441623924
4,5,DDOS,Number,0.002147766359371417
4,5,DDOS,Variance,0.16999081516405568
4,1,DOS,Header_Length,0.009593695754301735
4,1,DOS,Protocol Type,0.0006382683222454944
4,1,DOS,Time_To_Live,8.389377380808582e-05
4,1,DOS,Rate,0.004156634936225601
4,1,DOS,fin_flag_number,2.940614549515885e-05
4,1,DOS,syn_flag_number,0.08031423408538103
4,1,DOS,rst_flag_number,3.232705466871266e-05
4,1,DOS,psh_flag_number,7.87885222962359e-05
4,1,DOS,ack_flag_number,0.002359795750817284
4,1,DOS,ece_flag_number,0.0
4,1,DOS,cwr_flag_number,0.0
4,1,DOS,ack_count,0.006443332158960402
4,1,DOS,syn_count,0.0274856774834916
4,1,DOS,fin_count,0.010662499337922782
4,1,DOS,rst_count,0.00482106659328565
4,1,DOS,HTTP,7.777105931836559e-05
4,1,DOS,HTTPS,6.29483748923576e-05
4,1,DOS,DNS,9.530667344735677e-11
4,1,DOS,Telnet,0.0
4,1,DOS,SMTP,0.0
4,1,DOS,SSH,0.0
4,1,DOS,IRC,0.0
4,1,DOS,TCP,0.0038037053571315484
4,1,DOS,UDP,0.0123467530630478
4,1,DOS,DHCP,0.0
4,1,DOS,ARP,2.1029758912050056e-06
4,1,DOS,ICMP,0.0014703335000376683
4,1,DOS,IGMP,4.657087564353263e-08
4,1,DOS,IPv,1.6465343179561387e-06
4,1,DOS,LLC,4.0670648701279785e-06
4,1,DOS,Tot sum,0.010077675484353676
4,1,DOS,Min,0.0007057744362100494
4,1,DOS,Max,0.002307107722663204
4,1,DOS,AVG,0.003344305589780561
4,1,DOS,Std,0.004170255559290581
4,1,DOS,Tot size,0.001745527534512803
4,1,DOS,IAT,0.0018092523299856112
4,1,DOS,Number,9.539190422458432e-05
4,1,DOS,Variance,0.02070258586307432
4,2,DOS,Header_Length,0.008043905759586778
4,2,DOS,Protocol Type,0.0018195639553596266
4,2,DOS,Time_To_Live,0.003650532176834531
4,2,DOS,Rate,0.004766802438825835
4,2,DOS,fin_flag_number,4.978369224772905e-05
4,2,DOS,syn_flag_number,0.008250455162487924
4,2,DOS,rst_flag_number,0.00041140888679365163
4,2,DOS,psh_flag_number,2.2201506783003921e-07
4,2,DOS,ack_flag_number,0.02468510799053547
4,2,DOS,ece_flag_number,0.0
4,2,DOS,cwr_flag_number,0.0
4,2,DOS,ack_count,0.01791440708184382
4,2,DOS,syn_count,0.00883924642112106
4,2,DOS,fin_count,0.01423241791781038
4,2,DOS,rst_count,0.04041654603788629
4,2,DOS,HTTP,0.0014443706721067428
4,2,DOS,HTTPS,0.0006339085939089273
4,2,DOS,DNS,2.5089650212972713e-08
4,2,DOS,Telnet,0.0
4,2,DOS,SMTP,0.0
4,2,DOS,SSH,0.0
4,2,DOS,IRC,0.0
4,2,DOS,TCP,0.005673752645088825
4,2,DOS,UDP,0.032593938335776326
4,2,DOS,DHCP,0.0
4,2,DOS,ARP,3.7684373186408495e-07
4,2,DOS,ICMP,9.679180348065586e-06
4,2,DOS,IGMP,0.0
4,2,DOS,IPv,2.2704185194122316e-07
4,2,DOS,LLC,2.423402510665085e-07
4,2,DOS,Tot sum,0.20529003348201513
4,2,DOS,Min,0.02184766049031168
4,2,DOS,Max,0.007906019160873256
4,2,DOS,AVG,0.15016148053109646
4,2,DOS,Std,0.014605179463978856
4,2,DOS,Tot size,0.027104696817696096
4,2,DOS,IAT,0.002204895205795765
4,2,DOS,Number,0.0013157462381059304
4,2,DOS,Variance,0.09516461361199617
4,3,DOS,Header_Length,0.006613970777834766
4,3,DOS,Protocol Type,0.0007206523383274544
4,3,DOS,Time_To_Live,0.004572206643388199
4,3,DOS,Rate,0.0011642745461131199
4,3,DOS,fin_flag_number,0.00011982199391695758
4,3,DOS,syn_flag_number,0.010438612068537623
4,3,DOS,rst_flag_number,2.1077008483416648e-05
4,3,DOS,psh_flag_number,0.0004400301641680926
4,3,DOS,ack_flag_number,0.040379509203012275
4,3,DOS,ece_flag_number,0.0
4,3,DOS,cwr_flag_number,0.0
4,3,DOS,ack_count,0.02100904970720876
4,3,DOS,syn_count,0.021145355922635646
4,3,DOS,fin_count,0.017069769302906934
4,3,DOS,rst_count,0.006804083500173874
4,3,DOS,HTTP,5.631481144519057e-07
4,3,DOS,HTTPS,3.0950202726032216e-06
4,3,DOS,DNS,1.627678983728842e-06
4,3,DOS,Telnet,0.0
4,3,DOS,SMTP,0.0
4,3,DOS,SSH,0.0
4,3,DOS,IRC,0.0
4,3,DOS,TCP,0.004411779236670554
4,3,DOS,UDP,0.029729285644134507
4,3,DOS,DHCP,0.0
4,3,DOS,ARP,3.0043180266475788e-09
4,3,DOS,ICMP,0.0008652661988435284
4,3,DOS,IGMP,0.0
4,3,DOS,IPv,1.062425529149702e-09
4,3,DOS,LLC,3.158675849351811e-09
4,3,DOS,Tot sum,0.13225105181336402
4,3,DOS,Min,0.015463198197539895
4,3,DOS,Max,0.004697511631820817
4,3,DOS,AVG,0.08969094586209395
4,3,DOS,Std,0.0068430776183959095
4,3,DOS,Tot size,0.017647833286901005
4,3,DOS,IAT,0.0008298292470954038
4,3,DOS,Number,0.0
4,3,DOS,Variance,0.08754991739988327
4,4,DOS,Header_Length,0.005899625902020489
4,4,DOS,Protocol Type,0.0008781791664659977
4,4,DOS,Time_To_Live,0.011150619934778661
4,4,DOS,Rate,0.0016574111927184277
4,4,DOS,fin_flag_number,1.1306501846775062e-06
4,4,DOS,syn_flag_number,0.008623002760577947
4,4,DOS,rst_flag_number,1.0611372090352233e-06
4,4,DOS,psh_flag_number,0.0
4,4,DOS,ack_flag_number,0.0021648967880537385
4,4,DOS,ece_flag_number,0.0
4,4,DOS,cwr_flag_number,0.0
4,4,DOS,ack_count,0.0027972274481726346
4,4,DOS,syn_count,0.02148148650303483
4,4,DOS,fin_count,0.00017541160103746735
4,4,DOS,rst_count,0.001165791042149067
4,4,DOS,HTTP,7.123498800609696e-05
4,4,DOS,HTTPS,0.0013713046750126524
4,4,DOS,DNS,0.0
4,4,DOS,Telnet,0.0
4,4,DOS,SMTP,0.0
4,4,DOS,SSH,0.0
4,4,DOS,IRC,0.0
4,4,DOS,TCP,0.004473091837644461
4,4,DOS,UDP,0.022165430581662805
4,4,DOS,DHCP,0.0
4,4,DOS,ARP,0.0
4,4,DOS,ICMP,9.796047305599132e-05
4,4,DOS,IGMP,0.0
4,4,DOS,IPv,0.0
4,4,DOS,LLC,0.0
4,4,DOS,Tot sum,0.11132225706242024
4,4,DOS,Min,0.014671905990689993
4,4,DOS,Max,0.01907449351856485
4,4,DOS,AVG,0.058717661444097756
4,4,DOS,Std,0.03496267111040652
4,4,DOS,Tot size,0.01916739996522665
4,4,DOS,IAT,0.0033873572467200573
4,4,DOS,Number,0.0010017217113272637
4,4,DOS,Variance,0.12614139025099574
4,5,DOS,Header_Length,0.010862339701270684
4,5,DOS,Protocol Type,0.0013996171386679635
4,5,DOS,Time_To_Live,0.002007378760026768
4,5,DOS,Rate,0.004168015907634981
4,5,DOS,fin_flag_number,6.596755229111295e-05
4,5,DOS,syn_flag_number,0.010636239542509428
4,5,DOS,rst_flag_number,2.0659538995460026e-05
4,5,DOS,psh_flag_number,0.00011151609737680701
4,5,DOS,ack_flag_number,0.003969328678067541
4,5,DOS,ece_flag_number,0.0
4,5,DOS,cwr_flag_number,0.0
4,5,DOS,ack_count,0.004995913049606315
4,5,DOS,syn_count,0.015820955621893517
4,5,DOS,fin_count,0.01559303777758032
4,5,DOS,rst_count,0.004494632815476507
4,5,DOS,HTTP,7.29560906016502e-06
4,5,DOS,HTTPS,0.0007527274189669698
4,5,DOS,DNS,6.685288298058368e-07
4,5,DOS,Telnet,0.0
4,5,DOS,SMTP,0.0
4,5,DOS,SSH,0.0
4,5,DOS,IRC,0.0
4,5,DOS,TCP,0.005634260589431506
4,5,DOS,UDP,0.04733787047443912
4,5,DOS,DHCP,0.0
4,5,DOS,ARP,1.5021976809137528e-07
4,5,DOS,ICMP,0.0005692011392966379
4,5,DOS,IGMP,0.0
4,5,DOS,IPv,8.328786678113431e-08
4,5,DOS,LLC,2.670150003325489e-07
4,5,DOS,Tot sum,0.10587867773137986
4,5,DOS,Min,0.01321332869820253
4,5,DOS,Max,0.004530733864521607
4,5,DOS,AVG,0.08071441766805947
4,5,DOS,Std,0.009279193170368672
4,5,DOS,Tot size,0.0121375170070678
4,5,DOS,IAT,0.004159115295624361
4,5,DOS,Number,0.002341117733158171
4,5,DOS,Variance,0.07350425561890006
4,1,MIRAI,Header_Length,0.00012013060913886874
4,1,MIRAI,Protocol Type,0.0002517749075195752
4,1,MIRAI,Time_To_Live,5.4928073041082826e-05
4,1,MIRAI,Rate,0.00025150297115033026
4,1,MIRAI,fin_flag_number,8.015329149202443e-06
4,1,MIRAI,syn_flag_number,0.005418776068836451
4,1,MIRAI,rst_flag_number,9.878413447950151e-06
4,1,MIRAI,psh_flag_number,1.8873189745249873e-06
4,1,MIRAI,ack_flag_number,0.0013802421221043915
4,1,MIRAI,ece_flag_number,0.0
4,1,MIRAI,cwr_flag_number,0.0
4,1,MIRAI,ack_count,0.0018831795488949866
4,1,MIRAI,syn_count,0.006884344201534986
4,1,MIRAI,fin_count,0.0033128359180409463
4,1,MIRAI,rst_count,0.0012536374197225086
4,1,MIRAI,HTTP,6.055950007066713e-06
4,1,MIRAI,HTTPS,1.3579344795289217e-06
4,1,MIRAI,DNS,6.490697092020881e-07
4,1,MIRAI,Telnet,0.0
4,1,MIRAI,SMTP,0.0
4,1,MIRAI,SSH,0.0
4,1,MIRAI,IRC,0.0
4,1,MIRAI,TCP,1.5579783166685957e-05
4,1,MIRAI,UDP,0.004446672083577141
4,1,MIRAI,DHCP,0.0
4,1,MIRAI,ARP,1.8453056554790236e-06
4,1,MIRAI,ICMP,5.902321554458467e-05
4,1,MIRAI,IGMP,2.61864273198853e-07
4,1,MIRAI,IPv,5.828177201294693e-07
4,1,MIRAI,LLC,9.397247204390169e-07
4,1,MIRAI,Tot sum,0.8083847671747207
4,1,MIRAI,Min,0.03611895003996324
4,1,MIRAI,Max,0.015179929789155722
4,1,MIRAI,AVG,0.5416270643472672
4,1,MIRAI,Std,0.04549423970747739
4,1,MIRAI,Tot size,0.40682806968688967
4,1,MIRAI,IAT,0.0003621421768912114
4,1,MIRAI,Number,0.0001741626561852172
4,1,MIRAI,Variance,0.3363290363689885
4,2,MIRAI,Header_Length,2.2582052497455152e-05
4,2,MIRAI,Protocol Type,0.00010008200588345062
4,2,MIRAI,Time_To_Live,0.00014546870570484317
4,2,MIRAI,Rate,5.6690516430535354e-05
4,2,MIRAI,fin_flag_number,2.6303206141164993e-06
4,2,MIRAI,syn_flag_number,0.003660959529224783
4,2,MIRAI,rst_flag_number,1.4365209335664985e-05
4,2,MIRAI,psh_flag_number,1.8728373682996846e-07
4,2,MIRAI,ack_flag_number,5.809031868011516e-05
4,2,MIRAI,ece_flag_number,0.0
4,2,MIRAI,cwr_flag_number,0.0
4,2,MIRAI,ack_count,7.065027366479626e-05
4,2,MIRAI,syn_count,0.004617245611734688
4,2,MIRAI,fin_count,0.0009740332956425845
4,2,MIRAI,rst_count,0.001232545778475469
4,2,MIRAI,HTTP,0.0
4,2,MIRAI,HTTPS,1.1435375952828508e-06
4,2,MIRAI,DNS,6.610667946382875e-09
4,2,MIRAI,Telnet,0.0
4,2,MIRAI,SMTP,0.0
4,2,MIRAI,SSH,0.0
4,2,MIRAI,IRC,0.0
4,2,MIRAI,TCP,2.6720492084564284e-05
4,2,MIRAI,UDP,0.011155885789776221
4,2,MIRAI,DHCP,0.0
4,2,MIRAI,ARP,1.9804137263434995e-07
4,2,MIRAI,ICMP,2.5803281520353496e-07
4,2,MIRAI,IGMP,1.0819331919265096e-07
4,2,MIRAI,IPv,4.2819788312331575e-08
4,2,MIRAI,LLC,1.1962412695964986e-07
4,2,MIRAI,Tot sum,0.49060921669006347
4,2,MIRAI,Min,0.06634841700724792
4,2,MIRAI,Max,0.01405241722241044
4,2,MIRAI,AVG,0.460168319940567
4,2,MIRAI,Std,0.024756073765456677
4,2,MIRAI,Tot size,0.18241953179240228
4,2,MIRAI,IAT,0.00034890706374426375
4,2,MIRAI,Number,0.00047520417394650847
4,2,MIRAI,Variance,0.2204107189550996
4,3,MIRAI,Header_Length,6.058198650862323e-05
4,3,MIRAI,Protocol Type,0.0001751165069435956
4,3,MIRAI,Time_To_Live,0.00041074863329413345
4,3,MIRAI,Rate,7.947567828523461e-05
4,3,MIRAI,fin_flag_number,5.748526746174321e-06
4,3,MIRAI,syn_flag_number,0.01015050387941301
4,3,MIRAI,rst_flag_number,7.651807823094715e-06
4,3,MIRAI,psh_flag_number,2.5143426910290144e-06
4,3,MIRAI,ack_flag_number,0.0021435355767607687
4,3,MIRAI,ece_flag_number,0.0
4,3,MIRAI,cwr_flag_number,0.0
4,3,MIRAI,ack_count,0.0019787925470154733
4,3,MIRAI,syn_count,0.013505365978926421
4,3,MIRAI,fin_count,0.0018828762345947324
4,3,MIRAI,rst_count,0.00048796597111504524
4,3,MIRAI,HTTP,0.0
4,3,MIRAI,HTTPS,4.2239418007739e-08
4,3,MIRAI,DNS,7.643184720684815e-08
4,3,MIRAI,Telnet,0.0
4,3,MIRAI,SMTP,0.0
4,3,MIRAI,SSH,0.0
4,3,MIRAI,IRC,0.0
4,3,MIRAI,TCP,1.9149010130092846e-05
4,3,MIRAI,UDP,0.014876955235376955
4,3,MIRAI,DHCP,0.0
4,3,MIRAI,ARP,3.2612453014779775e-07
4,3,MIRAI,ICMP,4.6138294442243934e-05
4,3,MIRAI,IGMP,0.0
4,3,MIRAI,IPv,9.995935187773197e-08
4,3,MIRAI,LLC,1.8508178609155657e-07
4,3,MIRAI,Tot sum,0.5903863124549389
4,3,MIRAI,Min,0.07662116297287866
4,3,MIRAI,Max,0.017555192485451697
4,3,MIRAI,AVG,0.5829402476549148
4,3,MIRAI,Std,0.03122805373277515
4,3,MIRAI,Tot size,0.2941106170415878
4,3,MIRAI,IAT,0.00023741690590668442
4,3,MIRAI,Number,0.0
4,3,MIRAI,Variance,0.36446804013103246
4,4,MIRAI,Header_Length,2.6726866053650156e-05
4,4,MIRAI,Protocol Type,0.0002534578885388328
4,4,MIRAI,Time_To_Live,0.00017717222744977333
4,4,MIRAI,Rate,0.00014225334343791473
4,4,MIRAI,fin_flag_number,2.879557303714364e-08
4,4,MIRAI,syn_flag_number,0.005094744404777885
4,4,MIRAI,rst_flag_number,0.0
4,4,MIRAI,psh_flag_number,5.883557321340049e-08
4,4,MIRAI,ack_flag_number,0.00014803293634031435
4,4,MIRAI,ece_flag_number,0.0
4,4,MIRAI,cwr_flag_number,0.0
4,4,MIRAI,ack_count,5.688028031727299e-05
4,4,MIRAI,syn_count,0.008253028197214008
4,4,MIRAI,fin_count,1.0344924589844595e-05
4,4,MIRAI,rst_count,0.0
4,4,MIRAI,HTTP,1.6260515067756387e-07
4,4,MIRAI,HTTPS,6.618503084609983e-06
4,4,MIRAI,DNS,6.224153992206994e-09
4,4,MIRAI,Telnet,0.0
4,4,MIRAI,SMTP,0.0
4,4,MIRAI,SSH,0.0
4,4,MIRAI,IRC,0.0
4,4,MIRAI,TCP,7.206378613773267e-05
4,4,MIRAI,UDP,0.01741874124854803
4,4,MIRAI,DHCP,3.5041841783822746e-08
4,4,MIRAI,ARP,8.697560929249449e-08
4,4,MIRAI,ICMP,5.592843223212185e-07
4,4,MIRAI,IGMP,2.1104613097122636e-07
4,4,MIRAI,IPv,7.693447514611763e-08
4,4,MIRAI,LLC,5.344116971173207e-08
4,4,MIRAI,Tot sum,0.7499382942914963
4,4,MIRAI,Min,0.12320791972451843
4,4,MIRAI,Max,0.02578900381922722
4,4,MIRAI,AVG,0.7702072113752365
4,4,MIRAI,Std,0.023154142175917512
4,4,MIRAI,Tot size,0.14590579494833947
4,4,MIRAI,IAT,0.0004896637572528561
4,4,MIRAI,Number,0.0004016615595901385
4,4,MIRAI,Variance,0.24017702177225148
4,5,MIRAI,Header_Length,3.522052757034544e-05
4,5,MIRAI,Protocol Type,0.0001579455656610662
4,5,MIRAI,Time_To_Live,0.0006420964025892317
4,5,MIRAI,Rate,8.687776244187262e-05
4,5,MIRAI,fin_flag_number,5.438389189293958e-06
4,5,MIRAI,syn_flag_number,0.0045232604257762436
4,5,MIRAI,rst_flag_number,9.207709763359161e-06
4,5,MIRAI,psh_flag_number,1.5875992698255459e-06
4,5,MIRAI,ack_flag_number,0.0010786816303152591
4,5,MIRAI,ece_flag_number,0.0
4,5,MIRAI,cwr_flag_number,0.0
4,5,MIRAI,ack_count,0.0007524979053414426
4,5,MIRAI,syn_count,0.006833903957158327
4,5,MIRAI,fin_count,0.0017373649403452872
4,5,MIRAI,rst_count,0.0005538834840990603
4,5,MIRAI,HTTP,5.418085469166556e-08
4,5,MIRAI,HTTPS,4.227579097459966e-06
4,5,MIRAI,DNS,2.0454526499236182e-07
4,5,MIRAI,Telnet,0.0
4,5,MIRAI,SMTP,0.0
4,5,MIRAI,SSH,0.0
4,5,MIRAI,IRC,0.0
4,5,MIRAI,TCP,1.3461217875487819e-05
4,5,MIRAI,UDP,0.00802499643759802
4,5,MIRAI,DHCP,0.0
4,5,MIRAI,ARP,3.212334640068093e-07
4,5,MIRAI,ICMP,3.0204466111172223e-05
4,5,MIRAI,IGMP,0.0
4,5,MIRAI,IPv,3.6291294591705994e-08
4,5,MIRAI,LLC,2.921173924974596e-07
4,5,MIRAI,Tot sum,0.32151328921318056
4,5,MIRAI,Min,0.05634897854542942
4,5,MIRAI,Max,0.013349525351077317
4,5,MIRAI,AVG,0.42251171767711637
4,5,MIRAI,Std,0.02353335600346327
4,5,MIRAI,Tot size,0.2022680714726448
4,5,MIRAI,IAT,0.0032844132976606486
4,5,MIRAI,Number,0.000930249982047826
4,5,MIRAI,Variance,0.14023064913053532
4,1,RECON,Header_Length,7.55136725047123e-05
4,1,RECON,Protocol Type,1.2271849550415937e-05
4,1,RECON,Time_To_Live,0.010159517498505011
4,1,RECON,Rate,0.0004523286619132705
4,1,RECON,fin_flag_number,1.538378969172527e-05
4,1,RECON,syn_flag_number,0.004128779022357776
4,1,RECON,rst_flag_number,7.875266165981997e-05
4,1,RECON,psh_flag_number,2.4613250087313078e-05
4,1,RECON,ack_flag_number,0.023681666565244085
4,1,RECON,ece_flag_number,0.0
4,1,RECON,cwr_flag_number,0.0
4,1,RECON,ack_count,0.0017295070469117491
4,1,RECON,syn_count,0.005517499972847872
4,1,RECON,fin_count,0.002037131267388759
4,1,RECON,rst_count,0.0012419836872140876
4,1,RECON,HTTP,5.489795469770797e-06
4,1,RECON,HTTPS,1.5092396881755122e-05
4,1,RECON,DNS,1.5617496994213555e-05
4,1,RECON,Telnet,0.0
4,1,RECON,SMTP,0.0
4,1,RECON,SSH,0.0
4,1,RECON,IRC,0.0
4,1,RECON,TCP,7.453330664333179e-05
4,1,RECON,UDP,0.002193204332934329
4,1,RECON,DHCP,0.0
4,1,RECON,ARP,1.870005619650783e-05
4,1,RECON,ICMP,4.3357745516914294e-05
4,1,RECON,IGMP,2.2574117330975696e-07
4,1,RECON,IPv,2.3458641989382302e-06
4,1,RECON,LLC,9.90161987068916e-06
4,1,RECON,Tot sum,0.19891817606985568
4,1,RECON,Min,0.00026685474931582577
4,1,RECON,Max,0.0027967377362074332
4,1,RECON,AVG,0.02452998857770581
4,1,RECON,Std,0.022051757643930615
4,1,RECON,Tot size,0.031520935241132975
4,1,RECON,IAT,0.05743752911221236
4,1,RECON,Number,0.008794357359874994
4,1,RECON,Variance,0.17356590209528805
4,2,RECON,Header_Length,8.743895812415303e-05
4,2,RECON,Protocol Type,7.247548610394006e-05
4,2,RECON,Time_To_Live,0.0019701141680343428
4,2,RECON,Rate,0.00010824069599948415
4,2,RECON,fin_flag_number,2.300195595417165e-06
4,2,RECON,syn_flag_number,0.009923131198775081
4,2,RECON,rst_flag_number,7.919021847193619e-05
4,2,RECON,psh_flag_number,9.608634751856471e-07
4,2,RECON,ack_flag_number,0.032383077127451546
4,2,RECON,ece_flag_number,0.0
4,2,RECON,cwr_flag_number,0.0
4,2,RECON,ack_count,0.0015916861455480102
4,2,RECON,syn_count,0.0021201505427598023
4,2,RECON,fin_count,0.0002730409375999443
4,2,RECON,rst_count,0.000482314303280873
4,2,RECON,HTTP,1.722704473650083e-06
4,2,RECON,HTTPS,1.7060820380265795e-05
4,2,RECON,DNS,1.5226179136407226e-07
4,2,RECON,Telnet,0.0
4,2,RECON,SMTP,0.0
4,2,RECON,SSH,0.0
4,2,RECON,IRC,0.0
4,2,RECON,TCP,5.717228435315746e-05
4,2,RECON,UDP,0.0018906448995039682
4,2,RECON,DHCP,0.0
4,2,RECON,ARP,4.116540836421323e-05
4,2,RECON,ICMP,1.9155771015633148e-06
4,2,RECON,IGMP,0.0
4,2,RECON,IPv,1.532031519491661e-05
4,2,RECON,LLC,3.3325256082191757e-06
4,2,RECON,Tot sum,0.2600659197429195
4,2,RECON,Min,0.0002297833795665838
4,2,RECON,Max,0.001732490147696808
4,2,RECON,AVG,0.02748845567693934
4,2,RECON,Std,0.014865605731029064
4,2,RECON,Tot size,0.022695150127401576
4,2,RECON,IAT,0.00491854578613129
4,2,RECON,Number,0.012919254787266254
4,2,RECON,Variance,0.10376406386494637
4,3,RECON,Header_Length,5.2705185848012094e-05
4,3,RECON,Protocol Type,2.7464679741129316e-05
4,3,RECON,Time_To_Live,0.011193309921861783
4,3,RECON,Rate,5.119444091512548e-05
4,3,RECON,fin_flag_number,4.33293505968102e-06
4,3,RECON,syn_flag_number,0.008395071065319826
4,3,RECON,rst_flag_number,1.7740528418430658e-05
4,3,RECON,psh_flag_number,1.4463518539331587e-05
4,3,RECON,ack_flag_number,0.020546096826956274
4,3,RECON,ece_flag_number,0.0
4,3,RECON,cwr_flag_number,0.0
4,3,RECON,ack_count,0.0002674302601988643
4,3,RECON,syn_count,0.004207028629025444
4,3,RECON,fin_count,0.00021655274942702362
4,3,RECON,rst_count,0.00017234594663477764
4,3,RECON,HTTP,4.1989128050090587e-07
4,3,RECON,HTTPS,1.502121520040589e-05
4,3,RECON,DNS,1.747581156714695e-05
4,3,RECON,Telnet,0.0
4,3,RECON,SMTP,0.0
4,3,RECON,SSH,0.0
4,3,RECON,IRC,0.0
4,3,RECON,TCP,2.6633856252233912e-05
4,3,RECON,UDP,0.0005765652406356736
4,3,RECON,DHCP,0.0
4,3,RECON,ARP,2.586546344854508e-05
4,3,RECON,ICMP,2.5439475029909175e-05
4,3,RECON,IGMP,1.6476613382110373e-06
4,3,RECON,IPv,1.1799282522489788e-05
4,3,RECON,LLC,4.524889678585294e-06
4,3,RECON,Tot sum,0.09562494433575922
4,3,RECON,Min,0.00018977202611267786
4,3,RECON,Max,0.0011487811845199759
4,3,RECON,AVG,0.014852631522808224
4,3,RECON,Std,0.01053119224961847
4,3,RECON,Tot size,0.009729737901943735
4,3,RECON,IAT,0.028351123303946225
4,3,RECON,Number,0.006533791508081777
4,3,RECON,Variance,0.038222152939852094
4,4,RECON,Header_Length,1.7947666105433414e-05
4,4,RECON,Protocol Type,4.275632432459986e-05
4,4,RECON,Time_To_Live,0.03655202614348809
4,4,RECON,Rate,6.455670558835891e-05
4,4,RECON,fin_flag_number,2.4104970089214304e-07
4,4,RECON,syn_flag_number,0.02110686264772994
4,4,RECON,rst_flag_number,5.760880158049986e-05
4,4,RECON,psh_flag_number,1.884361017800984e-06
4,4,RECON,ack_flag_number,0.02314090146805938
4,4,RECON,ece_flag_number,0.0
4,4,RECON,cwr_flag_number,0.0
4,4,RECON,ack_count,0.0007383606522409991
4,4,RECON,syn_count,0.0016856658376582345
4,4,RECON,fin_count,1.4235482253998049e-05
4,4,RECON,rst_count,0.00012332747792243026
4,4,RECON,HTTP,1.601282966018358e-06
4,4,RECON,HTTPS,2.4408277433440873e-05
4,4,RECON,DNS,3.1165758855422608e-06
4,4,RECON,Telnet,0.0
4,4,RECON,SMTP,0.0
4,4,RECON,SSH,0.0
4,4,RECON,IRC,0.0
4,4,RECON,TCP,5.345643264620392e-05
4,4,RECON,UDP,0.001771848843632462
4,4,RECON,DHCP,0.0
4,4,RECON,ARP,1.9473415159154682e-05
4,4,RECON,ICMP,7.320496716256564e-07
4,4,RECON,IGMP,0.0
4,4,RECON,IPv,1.0651065304045915e-05
4,4,RECON,LLC,8.057092964008917e-06
4,4,RECON,Tot sum,0.11083202829468064
4,4,RECON,Min,0.00013705930398959508
4,4,RECON,Max,0.0003383859102996212
4,4,RECON,AVG,0.00635359067528043
4,4,RECON,Std,0.0027254129614448174
4,4,RECON,Tot size,0.004657956302253297
4,4,RECON,IAT,0.007628615576248876
4,4,RECON,Number,0.010237666517969046
4,4,RECON,Variance,0.017623136355541646
4,5,RECON,Header_Length,5.414935109229191e-05
4,5,RECON,Protocol Type,2.369072647070425e-05
4,5,RECON,Time_To_Live,0.00965872255837894
4,5,RECON,Rate,9.743525515659712e-05
4,5,RECON,fin_flag_number,4.181956536086772e-06
4,5,RECON,syn_flag_number,0.02344705555415203
4,5,RECON,rst_flag_number,2.2887625440759506e-05
4,5,RECON,psh_flag_number,3.760514995931885e-06
4,5,RECON,ack_flag_number,0.013210323062958195
4,5,RECON,ece_flag_number,0.0
4,5,RECON,cwr_flag_number,0.0
4,5,RECON,ack_count,0.00039659332742303377
4,5,RECON,syn_count,0.0033013325758474822
4,5,RECON,fin_count,0.00051331476033738
4,5,RECON,rst_count,0.0005813001666410856
4,5,RECON,HTTP,5.395300452759599e-06
4,5,RECON,HTTPS,2.3838943363330145e-05
4,5,RECON,DNS,9.099419832381273e-06
4,5,RECON,Telnet,0.0
4,5,RECON,SMTP,0.0
4,5,RECON,SSH,0.0
4,5,RECON,IRC,0.0
4,5,RECON,TCP,1.0352628723531154e-05
4,5,RECON,UDP,0.0007258936376956626
4,5,RECON,DHCP,0.0
4,5,RECON,ARP,1.8513923611696016e-05
4,5,RECON,ICMP,3.2248684667024464e-05
4,5,RECON,IGMP,0.0
4,5,RECON,IPv,8.940409900226597e-06
4,5,RECON,LLC,3.4789204701235476e-06
4,5,RECON,Tot sum,0.1521841138601303
4,5,RECON,Min,0.0010587400123768021
4,5,RECON,Max,0.0022259664139710365
4,5,RECON,AVG,0.03847654834389687
4,5,RECON,Std,0.0156913916580379
4,5,RECON,Tot size,0.02778540044091642
4,5,RECON,IAT,0.022338113840669395
4,5,RECON,Number,0.008525168057531118
4,5,RECON,Variance,0.24652530355378985
4,1,SPOOFING,Header_Length,1.6993846920199117e-05
4,1,SPOOFING,Protocol Type,8.580522070200658e-07
4,1,SPOOFING,Time_To_Live,2.1168776459745687e-06
4,1,SPOOFING,Rate,4.980177573283839e-05
4,1,SPOOFING,fin_flag_number,4.423144451148886e-07
4,1,SPOOFING,syn_flag_number,5.734344450729623e-05
4,1,SPOOFING,rst_flag_number,5.829984430549829e-07
4,1,SPOOFING,psh_flag_number,3.3905168006498343e-07
4,1,SPOOFING,ack_flag_number,0.0011481845279257997
4,1,SPOOFING,ece_flag_number,0.0
4,1,SPOOFING,cwr_flag_number,0.0
4,1,SPOOFING,ack_count,2.6607745367002167e-06
4,1,SPOOFING,syn_count,6.546277644119414e-05
4,1,SPOOFING,fin_count,2.675117520709591e-05
4,1,SPOOFING,rst_count,4.697343865274206e-05
4,1,SPOOFING,HTTP,9.802465919250825e-08
4,1,SPOOFING,HTTPS,4.640936661397949e-07
4,1,SPOOFING,DNS,1.882150818012518e-10
4,1,SPOOFING,Telnet,0.0
4,1,SPOOFING,SMTP,0.0
4,1,SPOOFING,SSH,0.0
4,1,SPOOFING,IRC,0.0
4,1,SPOOFING,TCP,2.3974230919932005e-06
4,1,SPOOFING,UDP,1.1625437809048566e-05
4,1,SPOOFING,DHCP,0.0
4,1,SPOOFING,ARP,3.829372481473081e-08
4,1,SPOOFING,ICMP,8.294475239978283e-08
4,1,SPOOFING,IGMP,7.591794185489442e-11
4,1,SPOOFING,IPv,3.4477280158682486e-08
4,1,SPOOFING,LLC,4.2855420549076095e-09
4,1,SPOOFING,Tot sum,0.0034165498958373063
4,1,SPOOFING,Min,1.1280871642327384e-05
4,1,SPOOFING,Max,1.7370545538142324e-05
4,1,SPOOFING,AVG,0.0003504433660054929
4,1,SPOOFING,Std,0.00010588337272565695
4,1,SPOOFING,Tot size,0.00017812142903039785
4,1,SPOOFING,IAT,2.6129641577199435e-05
4,1,SPOOFING,Number,0.0007526145711608479
4,1,SPOOFING,Variance,0.000406343158101663
4,2,SPOOFING,Header_Length,6.079317795411043e-05
4,2,SPOOFING,Protocol Type,2.1666973020728618e-05
4,2,SPOOFING,Time_To_Live,0.0009036751562234713
4,2,SPOOFING,Rate,8.173374189937021e-05
4,2,SPOOFING,fin_flag_number,4.4419029507025695e-06
4,2,SPOOFING,syn_flag_number,0.0035950764984590934
4,2,SPOOFING,rst_flag_number,9.45998753678623e-06
4,2,SPOOFING,psh_flag_number,1.1235931783204478e-05
4,2,SPOOFING,ack_flag_number,0.0104478996443504
4,2,SPOOFING,ece_flag_number,1.4578878108295613e-06
4,2,SPOOFING,cwr_flag_number,1.8314842691324885e-07
4,2,SPOOFING,ack_count,0.0007587193788822332
4,2,SPOOFING,syn_count,0.0019128149084281175
4,2,SPOOFING,fin_count,0.0002387021588447169
4,2,SPOOFING,rst_count,0.0005258409593807301
4,2,SPOOFING,HTTP,0.0
4,2,SPOOFING,HTTPS,1.2051814852043208e-05
4,2,SPOOFING,DNS,6.232207092615738e-06
4,2,SPOOFING,Telnet,0.0
4,2,SPOOFING,SMTP,0.0
4,2,SPOOFING,SSH,0.0
4,2,SPOOFING,IRC,0.0
4,2,SPOOFING,TCP,9.823095059147136e-06
4,2,SPOOFING,UDP,0.0011505815400596475
4,2,SPOOFING,DHCP,0.0
4,2,SPOOFING,ARP,7.396569515949469e-06
4,2,SPOOFING,ICMP,8.328422533931957e-06
4,2,SPOOFING,IGMP,0.0
4,2,SPOOFING,IPv,2.399684087572851e-06
4,2,SPOOFING,LLC,6.455832852747534e-08
4,2,SPOOFING,Tot sum,0.11024750801734626
4,2,SPOOFING,Min,0.004924973128072452
4,2,SPOOFING,Max,0.009914385597221553
4,2,SPOOFING,AVG,0.20712327556684612
4,2,SPOOFING,Std,0.05370462839491665
4,2,SPOOFING,Tot size,0.07269081734120846
4,2,SPOOFING,IAT,0.0346369355562274
4,2,SPOOFING,Number,0.00993316097301431
4,2,SPOOFING,Variance,0.21712821719702333
4,3,SPOOFING,Header_Length,0.00017208238837156385
4,3,SPOOFING,Protocol Type,3.1900226713332816e-05
4,3,SPOOFING,Time_To_Live,0.002873617736622691
4,3,SPOOFING,Rate,0.000540216064462129
4,3,SPOOFING,fin_flag_number,6.219492382797398e-06
4,3,SPOOFING,syn_flag_number,0.006536716676782817
4,3,SPOOFING,rst_flag_number,1.0663376184538719e-05
4,3,SPOOFING,psh_flag_number,8.211546696657023e-06
4,3,SPOOFING,ack_flag_number,0.004049486530857393
4,3,SPOOFING,ece_flag_number,0.0
4,3,SPOOFING,cwr_flag_number,0.0
4,3,SPOOFING,ack_count,0.0009781383072549944
4,3,SPOOFING,syn_count,0.007379130442859605
4,3,SPOOFING,fin_count,0.001716805289470358
4,3,SPOOFING,rst_count,0.0006051473294178322
4,3,SPOOFING,HTTP,2.5279138753830923e-06
4,3,SPOOFING,HTTPS,1.288971861868049e-05
4,3,SPOOFING,DNS,1.671172952577571e-07
4,3,SPOOFING,Telnet,0.0
4,3,SPOOFING,SMTP,0.0
4,3,SPOOFING,SSH,0.0
4,3,SPOOFING,IRC,0.0
4,3,SPOOFING,TCP,4.548525714653806e-05
4,3,SPOOFING,UDP,0.0010925802914243832
4,3,SPOOFING,DHCP,0.0
4,3,SPOOFING,ARP,1.699890962561859e-06
4,3,SPOOFING,ICMP,1.2366973692223837e-05
4,3,SPOOFING,IGMP,0.0
4,3,SPOOFING,IPv,1.233750851364901e-06
4,3,SPOOFING,LLC,1.6885195949806197e-06
4,3,SPOOFING,Tot sum,0.17783057962078602
4,3,SPOOFING,Min,0.0024735897344726255
4,3,SPOOFING,Max,0.0037881299736909567
4,3,SPOOFING,AVG,0.06579692773520947
4,3,SPOOFING,Std,0.024867828271817417
4,3,SPOOFING,Tot size,0.07854998912662267
4,3,SPOOFING,IAT,0.0024583535940564615
4,3,SPOOFING,Number,0.01815906983683817
4,3,SPOOFING,Variance,0.1124990445561707
4,4,SPOOFING,Header_Length,0.0001327023020280649
4,4,SPOOFING,Protocol Type,7.773864911335693e-05
4,4,SPOOFING,Time_To_Live,0.02787710798608032
4,4,SPOOFING,Rate,0.0007963858650725797
4,4,SPOOFING,fin_flag_number,7.360103482789703e-08
4,4,SPOOFING,syn_flag_number,0.005955412819457706
4,4,SPOOFING,rst_flag_number,2.091174974339083e-06
4,4,SPOOFING,psh_flag_number,4.9995656928558675e-05
4,4,SPOOFING,ack_flag_number,0.009496833861339838
4,4,SPOOFING,ece_flag_number,0.0
4,4,SPOOFING,cwr_flag_number,0.0
4,4,SPOOFING,ack_count,0.0006970894342885004
4,4,SPOOFING,syn_count,0.007451218088681344
4,4,SPOOFING,fin_count,2.5496448799344764e-06
4,4,SPOOFING,rst_count,3.7595458707073703e-06
4,4,SPOOFING,HTTP,5.6066956867439895e-06
4,4,SPOOFING,HTTPS,4.247867077111778e-05
4,4,SPOOFING,DNS,6.0041788003673e-07
4,4,SPOOFING,Telnet,0.0
4,4,SPOOFING,SMTP,0.0
4,4,SPOOFING,SSH,0.0
4,4,SPOOFING,IRC,0.0
4,4,SPOOFING,TCP,0.00010406821640174257
4,4,SPOOFING,UDP,0.0027332181853125803
4,4,SPOOFING,DHCP,0.0
4,4,SPOOFING,ARP,1.9709541447809897e-06
4,4,SPOOFING,ICMP,1.3992609041224568e-06
4,4,SPOOFING,IGMP,0.0
4,4,SPOOFING,IPv,2.1367015506257305e-06
4,4,SPOOFING,LLC,2.5174587790388616e-06
4,4,SPOOFING,Tot sum,0.1879043467808515
4,4,SPOOFING,Min,0.006621317016106331
4,4,SPOOFING,Max,0.008585605607368051
4,4,SPOOFING,AVG,0.17858696784824132
4,4,SPOOFING,Std,0.03822716246886557
4,4,SPOOFING,Tot size,0.11367775276303291
4,4,SPOOFING,IAT,0.07911195790493367
4,4,SPOOFING,Number,0.03176995955873281
4,4,SPOOFING,Variance,0.15697336179437116
4,5,SPOOFING,Header_Length,0.00020665337460741285
4,5,SPOOFING,Protocol Type,9.475125651192684e-06
4,5,SPOOFING,Time_To_Live,0.0025716121668665436
4,5,SPOOFING,Rate,0.000775283323370246
4,5,SPOOFING,fin_flag_number,5.454303764107493e-06
4,5,SPOOFING,syn_flag_number,0.0038746287769754416
4,5,SPOOFING,rst_flag_number,1.0941201031755554e-05
4,5,SPOOFING,psh_flag_number,5.954238622507546e-06
4,5,SPOOFING,ack_flag_number,0.01584765775478445
4,5,SPOOFING,ece_flag_number,0.0
4,5,SPOOFING,cwr_flag_number,0.0
4,5,SPOOFING,ack_count,0.0010860090612368368
4,5,SPOOFING,syn_count,0.0034625801697984572
4,5,SPOOFING,fin_count,0.0002458963817218773
4,5,SPOOFING,rst_count,0.0006345768178789513
4,5,SPOOFING,HTTP,3.330990244343468e-06
4,5,SPOOFING,HTTPS,5.892471554602707e-06
4,5,SPOOFING,DNS,9.43200175207437e-07
4,5,SPOOFING,Telnet,0.0
4,5,SPOOFING,SMTP,0.0
4,5,SPOOFING,SSH,0.0
4,5,SPOOFING,IRC,0.0
4,5,SPOOFING,TCP,7.101652064651631e-05
4,5,SPOOFING,UDP,0.0002599054593474648
4,5,SPOOFING,DHCP,0.0
4,5,SPOOFING,ARP,2.197086192712305e-06
4,5,SPOOFING,ICMP,4.750638008772512e-05
4,5,SPOOFING,IGMP,0.0
4,5,SPOOFING,IPv,2.1230533072680303e-07
4,5,SPOOFING,LLC,1.0634839663348216e-07
4,5,SPOOFING,Tot sum,0.060437218938022855
4,5,SPOOFING,Min,0.00013415169432846598
4,5,SPOOFING,Max,0.0022295429662335664
4,5,SPOOFING,AVG,0.039706197148188946
4,5,SPOOFING,Std,0.017702408879995347
4,5,SPOOFING,Tot size,0.026233186735771595
4,5,SPOOFING,IAT,0.019754088066986242
4,5,SPOOFING,Number,0.017534322887149754
4,5,SPOOFING,Variance,0.11660331562161445
4,1,WEB,Header_Length,4.191026202882142e-06
4,1,WEB,Protocol Type,3.007027217716285e-06
4,1,WEB,Time_To_Live,0.0001664604500078326
4,1,WEB,Rate,7.309825274459669e-06
4,1,WEB,fin_flag_number,1.1600760991721527e-07
4,1,WEB,syn_flag_number,8.941441018635032e-05
4,1,WEB,rst_flag_number,8.707182203348054e-08
4,1,WEB,psh_flag_number,2.4854306600374797e-06
4,1,WEB,ack_flag_number,0.00033307255516774604
4,1,WEB,ece_flag_number,0.0
4,1,WEB,cwr_flag_number,0.0
4,1,WEB,ack_count,8.630379045549974e-05
4,1,WEB,syn_count,9.50361381711673e-05
4,1,WEB,fin_count,4.1014513899995106e-05
4,1,WEB,rst_count,1.3708357228381373e-05
4,1,WEB,HTTP,2.513956238681114e-07
4,1,WEB,HTTPS,5.673426467678322e-07
4,1,WEB,DNS,7.11254453401736e-08
4,1,WEB,Telnet,0.0
4,1,WEB,SMTP,0.0
4,1,WEB,SSH,0.0
4,1,WEB,IRC,0.0
4,1,WEB,TCP,4.135175924080414e-06
4,1,WEB,UDP,3.236127816010903e-05
4,1,WEB,DHCP,0.0
4,1,WEB,ARP,4.5578399520806306e-07
4,1,WEB,ICMP,3.6805920643590005e-06
4,1,WEB,IGMP,1.3351064801457591e-09
4,1,WEB,IPv,9.462178208657912e-07
4,1,WEB,LLC,8.411898747527624e-08
4,1,WEB,Tot sum,0.0016350384062548073
4,1,WEB,Min,0.006925504498701329
4,1,WEB,Max,0.0006292247131199247
4,1,WEB,AVG,0.011955392810705234
4,1,WEB,Std,0.00023938125625591055
4,1,WEB,Tot size,0.02340739555984328
4,1,WEB,IAT,0.010694756411839989
4,1,WEB,Number,0.0009625679182079239
4,1,WEB,Variance,0.011279145298249204
4,2,WEB,Header_Length,1.4549395950780309e-05
4,2,WEB,Protocol Type,1.6961006400606494e-05
4,2,WEB,Time_To_Live,0.0061124096066123455
4,2,WEB,Rate,6.786079795801925e-05
4,2,WEB,fin_flag_number,1.1779898034580682e-06
4,2,WEB,syn_flag_number,0.0013283807878906374
4,2,WEB,rst_flag_number,8.322588300302414e-06
4,2,WEB,psh_flag_number,3.716775889017754e-05
4,2,WEB,ack_flag_number,0.009217243542661891
4,2,WEB,ece_flag_number,0.0
4,2,WEB,cwr_flag_number,0.0
4,2,WEB,ack_count,0.0006290398625424132
4,2,WEB,syn_count,0.0007418678374961019
4,2,WEB,fin_count,0.0008343840536326752
4,2,WEB,rst_count,0.00030185978384906776
4,2,WEB,HTTP,1.594363538970356e-08
4,2,WEB,HTTPS,1.1223606557919652e-05
4,2,WEB,DNS,1.9607420975630007e-05
4,2,WEB,Telnet,0.0
4,2,WEB,SMTP,0.0
4,2,WEB,SSH,0.0
4,2,WEB,IRC,0.0
4,2,WEB,TCP,4.676243294454707e-05
4,2,WEB,UDP,0.0011682197372323345
4,2,WEB,DHCP,0.0
4,2,WEB,ARP,6.341592115327588e-06
4,2,WEB,ICMP,2.453412696863666e-05
4,2,WEB,IGMP,0.0
4,2,WEB,IPv,9.49657010578201e-06
4,2,WEB,LLC,1.529644142617137e-06
4,2,WEB,Tot sum,0.13557534117717296
4,2,WEB,Min,0.0021604965499136598
4,2,WEB,Max,0.003582273815118242
4,2,WEB,AVG,0.06911680772900582
4,2,WEB,Std,0.013287572676199488
4,2,WEB,Tot size,0.15824404153972865
4,2,WEB,IAT,0.24637968012830241
4,2,WEB,Number,0.014177481571095996
4,2,WEB,Variance,0.15442588808946311
4,3,WEB,Header_Length,3.956407267580175e-06
4,3,WEB,Protocol Type,4.775749249064098e-07
4,3,WEB,Time_To_Live,0.0005479175184063933
4,3,WEB,Rate,5.012651174285399e-06
4,3,WEB,fin_flag_number,1.3828302625751298e-07
4,3,WEB,syn_flag_number,7.408475396246672e-05
4,3,WEB,rst_flag_number,7.795977787772302e-08
4,3,WEB,psh_flag_number,1.1328695837031776e-06
4,3,WEB,ack_flag_number,0.0002421975380798358
4,3,WEB,ece_flag_number,0.0
4,3,WEB,cwr_flag_number,0.0
4,3,WEB,ack_count,7.951279128910471e-05
4,3,WEB,syn_count,0.0001050515112751782
4,3,WEB,fin_count,1.961232856473316e-05
4,3,WEB,rst_count,8.229487508870648e-06
4,3,WEB,HTTP,3.4482188198126097e-07
4,3,WEB,HTTPS,8.191148340941367e-07
4,3,WEB,DNS,1.1135845082534992e-09
4,3,WEB,Telnet,0.0
4,3,WEB,SMTP,0.0
4,3,WEB,SSH,0.0
4,3,WEB,IRC,0.0
4,3,WEB,TCP,1.1291678337688182e-06
4,3,WEB,UDP,3.868801071931216e-05
4,3,WEB,DHCP,0.0
4,3,WEB,ARP,4.717838662155784e-08
4,3,WEB,ICMP,8.719474433566133e-07
4,3,WEB,IGMP,0.0
4,3,WEB,IPv,1.2324834541434695e-07
4,3,WEB,LLC,3.704504253872535e-08
4,3,WEB,Tot sum,0.005022187934446265
4,3,WEB,Min,2.582762392933091e-06
4,3,WEB,Max,5.203451619308908e-05
4,3,WEB,AVG,0.00030427304955082946
4,3,WEB,Std,0.0009396070554316793
4,3,WEB,Tot size,0.00230342309732805
4,3,WEB,IAT,0.01847431049027364
4,3,WEB,Number,0.0009009059515562967
4,3,WEB,Variance,0.016715722962726432
4,4,WEB,Header_Length,0.0001331318771946144
4,4,WEB,Protocol Type,6.054411550380223e-05
4,4,WEB,Time_To_Live,0.0023902616301711534
4,4,WEB,Rate,4.711358622344619e-05
4,4,WEB,fin_flag_number,2.0269824552446996e-06
4,4,WEB,syn_flag_number,0.0015386976629542914
4,4,WEB,rst_flag_number,0.0
4,4,WEB,psh_flag_number,1.1996244237622023e-05
4,4,WEB,ack_flag_number,0.0023238617539391273
4,4,WEB,ece_flag_number,0.0
4,4,WEB,cwr_flag_number,0.0
4,4,WEB,ack_count,0.000250288617348815
4,4,WEB,syn_count,0.0009314774863923958
4,4,WEB,fin_count,2.2742621332438872e-05
4,4,WEB,rst_count,0.0
4,4,WEB,HTTP,2.9953523980952302e-05
4,4,WEB,HTTPS,1.097178158886436e-05
4,4,WEB,DNS,2.13737806006975e-05
4,4,WEB,Telnet,0.0
4,4,WEB,SMTP,0.0
4,4,WEB,SSH,0.0
4,4,WEB,IRC,0.0
4,4,WEB,TCP,6.324721718016235e-05
4,4,WEB,UDP,0.004362962800594517
4,4,WEB,DHCP,0.0
4,4,WEB,ARP,3.3336666547256755e-06
4,4,WEB,ICMP,2.1253024456058257e-05
4,4,WEB,IGMP,0.0
4,4,WEB,IPv,1.203908332172432e-05
4,4,WEB,LLC,2.7689302896760635e-06
4,4,WEB,Tot sum,0.29629772270673127
4,4,WEB,Min,0.01239442164777671
4,4,WEB,Max,0.0058687783972345645
4,4,WEB,AVG,0.062018298613838854
4,4,WEB,Std,0.02095202116033761
4,4,WEB,Tot size,0.10008494504727423
4,4,WEB,IAT,0.17180701702883994
4,4,WEB,Number,0.03276948486781066
4,4,WEB,Variance,0.08589197942055762
4,5,WEB,Header_Length,7.028640463886404e-05
4,5,WEB,Protocol Type,1.3273046792505739e-05
4,5,WEB,Time_To_Live,0.0173511935499846
4,5,WEB,Rate,0.0002650660949122141
4,5,WEB,fin_flag_number,4.4595196030172705e-06
4,5,WEB,syn_flag_number,0.0004772141463945445
4,5,WEB,rst_flag_number,3.275611501152298e-06
4,5,WEB,psh_flag_number,1.8218192853680647e-05
4,5,WEB,ack_flag_number,0.004768245393643155
4,5,WEB,ece_flag_number,0.0
4,5,WEB,cwr_flag_number,0.0
4,5,WEB,ack_count,0.0002928465227569177
4,5,WEB,syn_count,0.0007357816753938096
4,5,WEB,fin_count,0.0005991392534269834
4,5,WEB,rst_count,0.00019210710031529742
4,5,WEB,HTTP,3.6628565762697464e-07
4,5,WEB,HTTPS,7.723943842741221e-06
4,5,WEB,DNS,1.3201477703450593e-05
4,5,WEB,Telnet,0.0
4,5,WEB,SMTP,0.0
4,5,WEB,SSH,0.0
4,5,WEB,IRC,0.0
4,5,WEB,TCP,3.003546405864199e-05
4,5,WEB,UDP,0.0014956977176552755
4,5,WEB,DHCP,0.0
4,5,WEB,ARP,4.139403495417859e-06
4,5,WEB,ICMP,3.7042340673565376e-05
4,5,WEB,IGMP,0.0
4,5,WEB,IPv,1.1991743429895508e-05
4,5,WEB,LLC,2.080577439923792e-06
4,5,WEB,Tot sum,0.17543429986108094
4,5,WEB,Min,6.36878671230079e-05
4,5,WEB,Max,0.0019928020774386823
4,5,WEB,AVG,0.026375536201521756
4,5,WEB,Std,0.018412677641026675
4,5,WEB,Tot size,0.09492728421464562
4,5,WEB,IAT,0.22669711585622282
4,5,WEB,Number,0.010232696910679805
4,5,WEB,Variance,0.1845127978362143
5,1,BENIGN,Header_Length,5.089582225537015e-05
5,1,BENIGN,Protocol Type,1.4618527840326579e-05
5,1,BENIGN,Time_To_Live,0.03480021102077444
5,1,BENIGN,Rate,0.00019645039701572388
5,1,BENIGN,fin_flag_number,1.3964365317065131e-05
5,1,BENIGN,syn_flag_number,0.004152552131563425
5,1,BENIGN,rst_flag_number,2.705459058915949e-06
5,1,BENIGN,psh_flag_number,1.0706962401307863e-05
5,1,BENIGN,ack_flag_number,0.010677316537476144
5,1,BENIGN,ece_flag_number,0.0
5,1,BENIGN,cwr_flag_number,0.0
5,1,BENIGN,ack_count,0.0015569991897336876
5,1,BENIGN,syn_count,0.0014161221803306034
5,1,BENIGN,fin_count,0.0009484593641900574
5,1,BENIGN,rst_count,0.0011502061151077215
5,1,BENIGN,HTTP,2.2683729818950837e-06
5,1,BENIGN,HTTPS,1.8521230606438623e-05
5,1,BENIGN,DNS,3.311440157638401e-08
5,1,BENIGN,Telnet,0.0
5,1,BENIGN,SMTP,0.0
5,1,BENIGN,SSH,0.0
5,1,BENIGN,IRC,0.0
5,1,BENIGN,TCP,8.115566196309487e-06
5,1,BENIGN,UDP,0.0017093068634949304
5,1,BENIGN,DHCP,0.0
5,1,BENIGN,ARP,3.1016648174464476e-05
5,1,BENIGN,ICMP,3.539664232903306e-05
5,1,BENIGN,IGMP,1.5078403823309827e-07
5,1,BENIGN,IPv,1.9057522274357196e-05
5,1,BENIGN,LLC,1.2934121609653459e-05
5,1,BENIGN,Tot sum,0.1161770662121853
5,1,BENIGN,Min,0.023039256712581845
5,1,BENIGN,Max,0.008697228040546179
5,1,BENIGN,AVG,0.1340001940727234
5,1,BENIGN,Std,0.06002099700272083
5,1,BENIGN,Tot size,0.08278169468976557
5,1,BENIGN,IAT,0.023927155349520036
5,1,BENIGN,Number,0.00439581554715005
5,1,BENIGN,Variance,0.31549458019435406
5,2,BENIGN,Header_Length,4.246162570495926e-05
5,2,BENIGN,Protocol Type,3.0563727963173194e-06
5,2,BENIGN,Time_To_Live,0.030090082153128604
5,2,BENIGN,Rate,2.682687627757474e-05
5,2,BENIGN,fin_flag_number,8.82317923972531e-07
5,2,BENIGN,syn_flag_number,0.00023012777113535777
5,2,BENIGN,rst_flag_number,4.2914367090474137e-07
5,2,BENIGN,psh_flag_number,5.346817159468386e-07
5,2,BENIGN,ack_flag_number,0.0005914576191202059
5,2,BENIGN,ece_flag_number,0.0
5,2,BENIGN,cwr_flag_number,0.0
5,2,BENIGN,ack_count,8.015746239777854e-05
5,2,BENIGN,syn_count,5.6417358314320155e-05
5,2,BENIGN,fin_count,9.655085972104515e-06
5,2,BENIGN,rst_count,0.0001014083395491916
5,2,BENIGN,HTTP,2.182775366676992e-07
5,2,BENIGN,HTTPS,1.9460590748465733e-05
5,2,BENIGN,DNS,6.456585920279912e-08
5,2,BENIGN,Telnet,0.0
5,2,BENIGN,SMTP,0.0
5,2,BENIGN,SSH,0.0
5,2,BENIGN,IRC,0.0
5,2,BENIGN,TCP,6.434751156803031e-06
5,2,BENIGN,UDP,0.0003839239076000922
5,2,BENIGN,DHCP,0.0
5,2,BENIGN,ARP,3.424541344773831e-08
5,2,BENIGN,ICMP,3.112157001550209e-08
5,2,BENIGN,IGMP,0.0
5,2,BENIGN,IPv,5.045283380886861e-08
5,2,BENIGN,LLC,7.377487137687211e-08
5,2,BENIGN,Tot sum,0.03374673545040423
5,2,BENIGN,Min,0.0001519593317880208
5,2,BENIGN,Max,0.00017177092668134718
5,2,BENIGN,AVG,0.0014433823695071623
5,2,BENIGN,Std,0.0015425327350385488
5,2,BENIGN,Tot size,0.002561710058216704
5,2,BENIGN,IAT,0.0025779191765302302
5,2,BENIGN,Number,0.0028497992558186524
5,2,BENIGN,Variance,0.011499711405485868
5,3,BENIGN,Header_Length,0.00015760082101223816
5,3,BENIGN,Protocol Type,1.7897745755135476e-05
5,3,BENIGN,Time_To_Live,0.024046014612758883
5,3,BENIGN,Rate,0.00019555657440832873
5,3,BENIGN,fin_flag_number,8.803749742014588e-06
5,3,BENIGN,syn_flag_number,0.006437361430698729
5,3,BENIGN,rst_flag_number,3.5052005316060786e-06
5,3,BENIGN,psh_flag_number,4.734017840135607e-06
5,3,BENIGN,ack_flag_number,0.005808940716815414
5,3,BENIGN,ece_flag_number,0.0
5,3,BENIGN,cwr_flag_number,0.0
5,3,BENIGN,ack_count,0.0013181997649553522
5,3,BENIGN,syn_count,0.006570443488817546
5,3,BENIGN,fin_count,0.00111313454917763
5,3,BENIGN,rst_count,0.0009051413950146525
5,3,BENIGN,HTTP,1.7084352748497622e-06
5,3,BENIGN,HTTPS,6.724084278175723e-06
5,3,BENIGN,DNS,2.919110214931811e-06
5,3,BENIGN,Telnet,0.0
5,3,BENIGN,SMTP,0.0
5,3,BENIGN,SSH,0.0
5,3,BENIGN,IRC,0.0
5,3,BENIGN,TCP,2.0757933341908343e-05
5,3,BENIGN,UDP,0.0021068864964036036
5,3,BENIGN,DHCP,0.0
5,3,BENIGN,ARP,1.144408599655644e-09
5,3,BENIGN,ICMP,3.8820404157924315e-06
5,3,BENIGN,IGMP,0.0
5,3,BENIGN,IPv,6.249416723003165e-09
5,3,BENIGN,LLC,1.0600917893510697e-08
5,3,BENIGN,Tot sum,0.24940967152215307
5,3,BENIGN,Min,0.0018291891261469572
5,3,BENIGN,Max,0.0038599387160502376
5,3,BENIGN,AVG,0.026499376026913525
5,3,BENIGN,Std,0.03434833791106939
5,3,BENIGN,Tot size,0.022841864358633758
5,3,BENIGN,IAT,0.07108313009989616
5,3,BENIGN,Number,0.006652324306196533
5,3,BENIGN,Variance,0.15280024707317352
5,4,BENIGN,Header_Length,0.00021115964954674383
5,4,BENIGN,Protocol Type,2.6080528169813987e-05
5,4,BENIGN,Time_To_Live,0.07152404933949583
5,4,BENIGN,Rate,0.00019266423250883236
5,4,BENIGN,fin_flag_number,4.938295338763332e-08
5,4,BENIGN,syn_flag_number,0.0015307497309549945
5,4,BENIGN,rst_flag_number,0.0
5,4,BENIGN,psh_flag_number,2.105785711137287e-06
5,4,BENIGN,ack_flag_number,0.0004105074724066071
5,4,BENIGN,ece_flag_number,0.0
5,4,BENIGN,cwr_flag_number,0.0
5,4,BENIGN,ack_count,0.00024255499029095516
5,4,BENIGN,syn_count,0.0031732152550830507
5,4,BENIGN,fin_count,1.9819309761359706e-06
5,4,BENIGN,rst_count,0.0
5,4,BENIGN,HTTP,9.959330826703194e-07
5,4,BENIGN,HTTPS,1.4592203444863117e-05
5,4,BENIGN,DNS,2.395709941538371e-09
5,4,BENIGN,Telnet,0.0
5,4,BENIGN,SMTP,0.0
5,4,BENIGN,SSH,0.0
5,4,BENIGN,IRC,0.0
5,4,BENIGN,TCP,3.333907635862943e-05
5,4,BENIGN,UDP,0.0027445264619018416
5,4,BENIGN,DHCP,0.0
5,4,BENIGN,ARP,6.117325483501191e-07
5,4,BENIGN,ICMP,2.5186173295832505e-07
5,4,BENIGN,IGMP,0.0
5,4,BENIGN,IPv,2.286399103468284e-06
5,4,BENIGN,LLC,1.9631786926765924e-06
5,4,BENIGN,Tot sum,0.14211857547052203
5,4,BENIGN,Min,0.006581949418796284
5,4,BENIGN,Max,0.0037287559709511696
5,4,BENIGN,AVG,0.02677900268463418
5,4,BENIGN,Std,0.03144713239744305
5,4,BENIGN,Tot size,0.0705831439467147
5,4,BENIGN,IAT,0.07772770365409087
5,4,BENIGN,Number,0.01154963994922582
5,4,BENIGN,Variance,0.24580776877701283
5,5,BENIGN,Header_Length,0.0004027272736152554
5,5,BENIGN,Protocol Type,4.3690300969956296e-06
5,5,BENIGN,Time_To_Live,0.16274406764641752
5,5,BENIGN,Rate,0.00029575206874596913
5,5,BENIGN,fin_flag_number,2.2264962967000203e-05
5,5,BENIGN,syn_flag_number,0.006266813889305922
5,5,BENIGN,rst_flag_number,1.0283288697010561e-06
5,5,BENIGN,psh_flag_number,1.451864769705935e-05
5,5,BENIGN,ack_flag_number,0.016572494355932575
5,5,BENIGN,ece_flag_number,0.0
5,5,BENIGN,cwr_flag_number,0.0
5,5,BENIGN,ack_count,0.0011108537212464852
5,5,BENIGN,syn_count,0.0031730597587738885
5,5,BENIGN,fin_count,0.0012571037622819859
5,5,BENIGN,rst_count,0.0011861801962595564
5,5,BENIGN,HTTP,4.0491292985223026e-08
5,5,BENIGN,HTTPS,4.886245457669247e-05
5,5,BENIGN,DNS,3.691240529235529e-06
5,5,BENIGN,Telnet,0.0
5,5,BENIGN,SMTP,0.0
5,5,BENIGN,SSH,0.0
5,5,BENIGN,IRC,0.0
5,5,BENIGN,TCP,0.00010564447893344209
5,5,BENIGN,UDP,0.001591397498657443
5,5,BENIGN,DHCP,0.0
5,5,BENIGN,ARP,3.890541989437502e-06
5,5,BENIGN,ICMP,1.1852354529295894e-05
5,5,BENIGN,IGMP,0.0
5,5,BENIGN,IPv,3.5887402907386346e-06
5,5,BENIGN,LLC,4.349609312015445e-06
5,5,BENIGN,Tot sum,0.10783770570997149
5,5,BENIGN,Min,0.0012696860021151224
5,5,BENIGN,Max,0.0011194241815246642
5,5,BENIGN,AVG,0.012309075193479657
5,5,BENIGN,Std,0.015107829822227359
5,5,BENIGN,Tot size,0.03808787033194676
5,5,BENIGN,IAT,0.029834387835580855
5,5,BENIGN,Number,0.01131529157210025
5,5,BENIGN,Variance,0.10164310180116445
5,2,BRUTEFORCE,Header_Length,1.001425291811131e-05
5,2,BRUTEFORCE,Protocol Type,1.1100038756595155e-06
5,2,BRUTEFORCE,Time_To_Live,0.0003098214257075682
5,2,BRUTEFORCE,Rate,8.555137943666579e-06
5,2,BRUTEFORCE,fin_flag_number,1.6023821860222665e-06
5,2,BRUTEFORCE,syn_flag_number,7.444560178555548e-05
5,2,BRUTEFORCE,rst_flag_number,2.01130647836667e-07
5,2,BRUTEFORCE,psh_flag_number,1.6719348087890219e-06
5,2,BRUTEFORCE,ack_flag_number,0.002724122591826017
5,2,BRUTEFORCE,ece_flag_number,0.0
5,2,BRUTEFORCE,cwr_flag_number,0.0
5,2,BRUTEFORCE,ack_count,6.565787195071948e-05
5,2,BRUTEFORCE,syn_count,0.00011463485575404774
5,2,BRUTEFORCE,fin_count,2.6727815152582936e-05
5,2,BRUTEFORCE,rst_count,0.00014135423201651066
5,2,BRUTEFORCE,HTTP,0.0
5,2,BRUTEFORCE,HTTPS,4.687435358796677e-06
5,2,BRUTEFORCE,DNS,4.874344599822833e-11
5,2,BRUTEFORCE,Telnet,0.0
5,2,BRUTEFORCE,SMTP,0.0
5,2,BRUTEFORCE,SSH,1.532499342005167e-06
5,2,BRUTEFORCE,IRC,0.0
5,2,BRUTEFORCE,TCP,2.6883412516887085e-06
5,2,BRUTEFORCE,UDP,0.00011245404023760842
5,2,BRUTEFORCE,DHCP,0.0
5,2,BRUTEFORCE,ARP,2.6923603020923005e-07
5,2,BRUTEFORCE,ICMP,3.875062278280161e-08
5,2,BRUTEFORCE,IGMP,0.0
5,2,BRUTEFORCE,IPv,1.1588454760938851e-08
5,2,BRUTEFORCE,LLC,1.1063524207677658e-07
5,2,BRUTEFORCE,Tot sum,0.02064682583734907
5,2,BRUTEFORCE,Min,4.173597056933431e-05
5,2,BRUTEFORCE,Max,9.006827353914559e-05
5,2,BRUTEFORCE,AVG,0.003157269941584673
5,2,BRUTEFORCE,Std,0.0005306932669554953
5,2,BRUTEFORCE,Tot size,0.0036597176318537094
5,2,BRUTEFORCE,IAT,0.00502169714638967
5,2,BRUTEFORCE,Number,0.0014537091217789566
5,2,BRUTEFORCE,Variance,0.030903905065497384
5,3,BRUTEFORCE,Header_Length,9.556815114244443e-05
5,3,BRUTEFORCE,Protocol Type,7.096678398877537e-06
5,3,BRUTEFORCE,Time_To_Live,0.006567616180791447
5,3,BRUTEFORCE,Rate,1.907922250055094e-05
5,3,BRUTEFORCE,fin_flag_number,4.68419332033676e-06
5,3,BRUTEFORCE,syn_flag_number,0.0008068707571510459
5,3,BRUTEFORCE,rst_flag_number,1.8153591155034565e-06
5,3,BRUTEFORCE,psh_flag_number,8.638366572366607e-06
5,3,BRUTEFORCE,ack_flag_number,0.007778998098001466
5,3,BRUTEFORCE,ece_flag_number,0.0
5,3,BRUTEFORCE,cwr_flag_number,0.0
5,3,BRUTEFORCE,ack_count,0.0001250236885141476
5,3,BRUTEFORCE,syn_count,0.000999212963915852
5,3,BRUTEFORCE,fin_count,9.15613376434976e-05
5,3,BRUTEFORCE,rst_count,0.00021401570013495074
5,3,BRUTEFORCE,HTTP,8.521084282619995e-08
5,3,BRUTEFORCE,HTTPS,6.049468635893618e-06
5,3,BRUTEFORCE,DNS,1.269933121370026e-08
5,3,BRUTEFORCE,Telnet,0.0
5,3,BRUTEFORCE,SMTP,0.0
5,3,BRUTEFORCE,SSH,6.811499770265073e-06
5,3,BRUTEFORCE,IRC,0.0
5,3,BRUTEFORCE,TCP,3.626779617782461e-06
5,3,BRUTEFORCE,UDP,0.00019306770202263124
5,3,BRUTEFORCE,DHCP,0.0
5,3,BRUTEFORCE,ARP,1.0663161305460994e-05
5,3,BRUTEFORCE,ICMP,4.873764656476709e-05
5,3,BRUTEFORCE,IGMP,7.12896337518032e-08
5,3,BRUTEFORCE,IPv,2.0632841515422913e-06
5,3,BRUTEFORCE,LLC,5.284336385970681e-06
5,3,BRUTEFORCE,Tot sum,0.03300773117807694
5,3,BRUTEFORCE,Min,0.0002216094987602446
5,3,BRUTEFORCE,Max,0.0014983392284193542
5,3,BRUTEFORCE,AVG,0.020603759592631832
5,3,BRUTEFORCE,Std,0.012331770826131105
5,3,BRUTEFORCE,Tot size,0.011026027076877654
5,3,BRUTEFORCE,IAT,0.07393307586644368
5,3,BRUTEFORCE,Number,0.0017375031173287425
5,3,BRUTEFORCE,Variance,0.06933899989817291
5,4,BRUTEFORCE,Header_Length,3.165246814305078e-05
5,4,BRUTEFORCE,Protocol Type,4.973661218365955e-06
5,4,BRUTEFORCE,Time_To_Live,0.0011219958433759559
5,4,BRUTEFORCE,Rate,3.0684655440005316e-05
5,4,BRUTEFORCE,fin_flag_number,1.4958774782520937e-06
5,4,BRUTEFORCE,syn_flag_number,0.00045324167141416185
5,4,BRUTEFORCE,rst_flag_number,1.728618030938378e-07
5,4,BRUTEFORCE,psh_flag_number,2.9209211952263558e-06
5,4,BRUTEFORCE,ack_flag_number,0.004140431503947184
5,4,BRUTEFORCE,ece_flag_number,0.0
5,4,BRUTEFORCE,cwr_flag_number,0.0
5,4,BRUTEFORCE,ack_count,0.00018504057175192657
5,4,BRUTEFORCE,syn_count,0.0007527876404878952
5,4,BRUTEFORCE,fin_count,3.143482109413398e-06
5,4,BRUTEFORCE,rst_count,8.997563418233767e-06
5,4,BRUTEFORCE,HTTP,3.086117837977024e-07
5,4,BRUTEFORCE,HTTPS,4.1396450001895955e-06
5,4,BRUTEFORCE,DNS,1.168457129097078e-06
5,4,BRUTEFORCE,Telnet,0.0
5,4,BRUTEFORCE,SMTP,0.0
5,4,BRUTEFORCE,SSH,4.198555916445912e-06
5,4,BRUTEFORCE,IRC,0.0
5,4,BRUTEFORCE,TCP,8.84659225530715e-06
5,4,BRUTEFORCE,UDP,0.0004183000445237894
5,4,BRUTEFORCE,DHCP,0.0
5,4,BRUTEFORCE,ARP,8.925631846068427e-07
5,4,BRUTEFORCE,ICMP,4.323417705606736e-07
5,4,BRUTEFORCE,IGMP,0.0
5,4,BRUTEFORCE,IPv,2.2889582851348678e-07
5,4,BRUTEFORCE,LLC,4.313243607612094e-07
5,4,BRUTEFORCE,Tot sum,0.04575909135164693
5,4,BRUTEFORCE,Min,0.00021575426844719914
5,4,BRUTEFORCE,Max,0.0005699396051795702
5,4,BRUTEFORCE,AVG,0.010697829678247218
5,4,BRUTEFORCE,Std,0.004000503165298141
5,4,BRUTEFORCE,Tot size,0.006727682414930314
5,4,BRUTEFORCE,IAT,0.01989666039561939
5,4,BRUTEFORCE,Number,0.005325624181477906
5,4,BRUTEFORCE,Variance,0.04085603650310077
5,5,BRUTEFORCE,Header_Length,1.226783599648229e-05
5,5,BRUTEFORCE,Protocol Type,4.889581942713051e-06
5,5,BRUTEFORCE,Time_To_Live,0.0006034513998429247
5,5,BRUTEFORCE,Rate,1.0517761980377571e-05
5,5,BRUTEFORCE,fin_flag_number,6.121019636484704e-07
5,5,BRUTEFORCE,syn_flag_number,6.681644163109013e-05
5,5,BRUTEFORCE,rst_flag_number,1.8693127319668879e-07
5,5,BRUTEFORCE,psh_flag_number,8.846520697936011e-08
5,5,BRUTEFORCE,ack_flag_number,0.001121900514999652
5,5,BRUTEFORCE,ece_flag_number,0.0
5,5,BRUTEFORCE,cwr_flag_number,0.0
5,5,BRUTEFORCE,ack_count,2.4561478303164464e-05
5,5,BRUTEFORCE,syn_count,0.0001950190406148522
5,5,BRUTEFORCE,fin_count,5.444979024318286e-05
5,5,BRUTEFORCE,rst_count,0.0001618137705030165
5,5,BRUTEFORCE,HTTP,2.6365584177012736e-08
5,5,BRUTEFORCE,HTTPS,4.5876566954206057e-07
5,5,BRUTEFORCE,DNS,5.848577924905118e-07
5,5,BRUTEFORCE,Telnet,0.0
5,5,BRUTEFORCE,SMTP,0.0
5,5,BRUTEFORCE,SSH,2.096896523084979e-06
5,5,BRUTEFORCE,IRC,0.0
5,5,BRUTEFORCE,TCP,2.4722197013105075e-06
5,5,BRUTEFORCE,UDP,4.672191499253131e-05
5,5,BRUTEFORCE,DHCP,0.0
5,5,BRUTEFORCE,ARP,9.71661967497095e-08
5,5,BRUTEFORCE,ICMP,1.0807764310039048e-05
5,5,BRUTEFORCE,IGMP,0.0
5,5,BRUTEFORCE,IPv,4.191724458052319e-09
5,5,BRUTEFORCE,LLC,5.932351553050719e-08
5,5,BRUTEFORCE,Tot sum,0.01074141722310742
5,5,BRUTEFORCE,Min,9.557693814201684e-05
5,5,BRUTEFORCE,Max,9.022855256262119e-05
5,5,BRUTEFORCE,AVG,0.0014766430773306637
5,5,BRUTEFORCE,Std,0.0006229128281120211
5,5,BRUTEFORCE,Tot size,0.0009232280368451029
5,5,BRUTEFORCE,IAT,0.0038859790551214247
5,5,BRUTEFORCE,Number,0.0009509689017022538
5,5,BRUTEFORCE,Variance,0.016128280980046837
5,1,DDOS,Header_Length,0.006074104391154833
5,1,DDOS,Protocol Type,0.0003076133165450301
5,1,DDOS,Time_To_Live,0.0005361220959457569
5,1,DDOS,Rate,0.0022744124609744175
5,1,DDOS,fin_flag_number,3.0173504819686058e-05
5,1,DDOS,syn_flag_number,0.013714749133214355
5,1,DDOS,rst_flag_number,1.620782363715989e-05
5,1,DDOS,psh_flag_number,0.00012107150541851297
5,1,DDOS,ack_flag_number,0.004079197230748832
5,1,DDOS,ece_flag_number,0.0
5,1,DDOS,cwr_flag_number,0.0
5,1,DDOS,ack_count,0.001953284864430316
5,1,DDOS,syn_count,0.007418242422863841
5,1,DDOS,fin_count,0.006670211581513286
5,1,DDOS,rst_count,0.0037001183343818413
5,1,DDOS,HTTP,1.0488240081940604e-05
5,1,DDOS,HTTPS,2.2791066066929487e-05
5,1,DDOS,DNS,1.953904043006105e-08
5,1,DDOS,Telnet,0.0
5,1,DDOS,SMTP,0.0
5,1,DDOS,SSH,0.0
5,1,DDOS,IRC,0.0
5,1,DDOS,TCP,0.0030146106917527506
5,1,DDOS,UDP,0.003831545095454203
5,1,DDOS,DHCP,0.0
5,1,DDOS,ARP,1.0287264146313647e-06
5,1,DDOS,ICMP,0.0005575577597483061
5,1,DDOS,IGMP,1.2660121324406525e-07
5,1,DDOS,IPv,1.752459964876607e-06
5,1,DDOS,LLC,1.3600047516604264e-06
5,1,DDOS,Tot sum,0.04947155583649874
5,1,DDOS,Min,0.002259602345293388
5,1,DDOS,Max,0.003765618502802681
5,1,DDOS,AVG,0.016546508576720954
5,1,DDOS,Std,0.005445840310130734
5,1,DDOS,Tot size,0.014484394970349968
5,1,DDOS,IAT,0.0007460985107172746
5,1,DDOS,Number,0.0005962106952210888
5,1,DDOS,Variance,0.029933491119300014
5,2,DDOS,Header_Length,0.06379154845926678
5,2,DDOS,Protocol Type,0.0012230973681653268
5,2,DDOS,Time_To_Live,0.002473640117045761
5,2,DDOS,Rate,0.0038715101472917013
5,2,DDOS,fin_flag_number,0.00027320956546645904
5,2,DDOS,syn_flag_number,0.025999630079604687
5,2,DDOS,rst_flag_number,2.9267315460401734e-05
5,2,DDOS,psh_flag_number,0.00037383185063345715
5,2,DDOS,ack_flag_number,0.02008703601811703
5,2,DDOS,ece_flag_number,0.0
5,2,DDOS,cwr_flag_number,0.0
5,2,DDOS,ack_count,0.015491432126691507
5,2,DDOS,syn_count,0.02450686660595238
5,2,DDOS,fin_count,0.08030959737952799
5,2,DDOS,rst_count,0.06364283380098641
5,2,DDOS,HTTP,8.624927722848952e-05
5,2,DDOS,HTTPS,0.0001304941698009543
5,2,DDOS,DNS,2.894969904077005e-08
5,2,DDOS,Telnet,0.0
5,2,DDOS,SMTP,0.0
5,2,DDOS,SSH,0.0
5,2,DDOS,IRC,0.0
5,2,DDOS,TCP,0.03034033226358588
5,2,DDOS,UDP,0.03361791871720925
5,2,DDOS,DHCP,0.0
5,2,DDOS,ARP,2.114721107115969e-08
5,2,DDOS,ICMP,0.00357398526503383
5,2,DDOS,IGMP,0.0
5,2,DDOS,IPv,7.600116676276248e-09
5,2,DDOS,LLC,2.4463110981365332e-08
5,2,DDOS,Tot sum,0.4677165860310197
5,2,DDOS,Min,0.0007733652892056853
5,2,DDOS,Max,0.006596857482509222
5,2,DDOS,AVG,0.016382852150127292
5,2,DDOS,Std,0.01700342879630625
5,2,DDOS,Tot size,0.02075560074299574
5,2,DDOS,IAT,0.010227928507129036
5,2,DDOS,Number,0.01153160173107608
5,2,DDOS,Variance,0.04096720838570036
5,3,DDOS,Header_Length,0.010372235119575635
5,3,DDOS,Protocol Type,0.0005615077452603146
5,3,DDOS,Time_To_Live,0.0011834928216558182
5,3,DDOS,Rate,0.0007074266071867896
5,3,DDOS,fin_flag_number,0.00014099426207394571
5,3,DDOS,syn_flag_number,0.0234256069175899
5,3,DDOS,rst_flag_number,2.495781088782678e-05
5,3,DDOS,psh_flag_number,0.00024560577840020413
5,3,DDOS,ack_flag_number,0.00830777785158716
5,3,DDOS,ece_flag_number,0.0
5,3,DDOS,cwr_flag_number,0.0
5,3,DDOS,ack_count,0.006098547123838216
5,3,DDOS,syn_count,0.03337667847517878
5,3,DDOS,fin_count,0.02693093065172434
5,3,DDOS,rst_count,0.014843404851853847
5,3,DDOS,HTTP,5.571701913140714e-05
5,3,DDOS,HTTPS,9.973786291084251e-07
5,3,DDOS,DNS,3.6883809713117444e-06
5,3,DDOS,Telnet,0.0
5,3,DDOS,SMTP,0.0
5,3,DDOS,SSH,0.0
5,3,DDOS,IRC,0.0
5,3,DDOS,TCP,0.00472372593358159
5,3,DDOS,UDP,0.016953055304475127
5,3,DDOS,DHCP,0.0
5,3,DDOS,ARP,4.160146466258841e-07
5,3,DDOS,ICMP,0.0004946704560552462
5,3,DDOS,IGMP,0.0
5,3,DDOS,IPv,2.5949131077229736e-08
5,3,DDOS,LLC,6.97206893218727e-08
5,3,DDOS,Tot sum,0.22141222492791712
5,3,DDOS,Min,0.0013987340847961605
5,3,DDOS,Max,0.002599492238368839
5,3,DDOS,AVG,0.044470511935651304
5,3,DDOS,Std,0.012567290966399015
5,3,DDOS,Tot size,0.048870955128222704
5,3,DDOS,IAT,0.0004913141470751725
5,3,DDOS,Number,0.0
5,3,DDOS,Variance,0.1676224648952484
5,4,DDOS,Header_Length,0.04550832819659263
5,4,DDOS,Protocol Type,0.00104483360046288
5,4,DDOS,Time_To_Live,0.004361489979783073
5,4,DDOS,Rate,0.0020527078297163824
5,4,DDOS,fin_flag_number,0.00024646847685261264
5,4,DDOS,syn_flag_number,0.03289816353935748
5,4,DDOS,rst_flag_number,8.532323845429346e-05
5,4,DDOS,psh_flag_number,0.0
5,4,DDOS,ack_flag_number,0.0014624238930991851
5,4,DDOS,ece_flag_number,0.0
5,4,DDOS,cwr_flag_number,0.0
5,4,DDOS,ack_count,0.0009528707927529467
5,4,DDOS,syn_count,0.05046855305845384
5,4,DDOS,fin_count,0.08008303737857432
5,4,DDOS,rst_count,0.024392524361610414
5,4,DDOS,HTTP,1.2318053194348978e-06
5,4,DDOS,HTTPS,0.0032993616550811566
5,4,DDOS,DNS,1.99379774130648e-06
5,4,DDOS,Telnet,0.0
5,4,DDOS,SMTP,0.0
5,4,DDOS,SSH,0.0
5,4,DDOS,IRC,0.0
5,4,DDOS,TCP,0.019689157151151448
5,4,DDOS,UDP,0.08424858376383781
5,4,DDOS,DHCP,0.0
5,4,DDOS,ARP,1.8127099610865117e-05
5,4,DDOS,ICMP,0.001962851255507303
5,4,DDOS,IGMP,0.0
5,4,DDOS,IPv,1.0697050674934871e-05
5,4,DDOS,LLC,1.6145742119988426e-05
5,4,DDOS,Tot sum,0.07367729032412171
5,4,DDOS,Min,0.0011633669686489157
5,4,DDOS,Max,0.001090436871163547
5,4,DDOS,AVG,0.01789287147403229
5,4,DDOS,Std,0.004495344161841786
5,4,DDOS,Tot size,0.0207565895980224
5,4,DDOS,IAT,0.005293262753366434
5,4,DDOS,Number,0.0003456703632764402
5,4,DDOS,Variance,0.0030973986955359577
5,5,DDOS,Header_Length,0.014585625051108764
5,5,DDOS,Protocol Type,0.0006143844894268113
5,5,DDOS,Time_To_Live,0.0012050406145135638
5,5,DDOS,Rate,0.003803085105118953
5,5,DDOS,fin_flag_number,0.000186343061449179
5,5,DDOS,syn_flag_number,0.017037326795980336
5,5,DDOS,rst_flag_number,2.2021824304374604e-05
5,5,DDOS,psh_flag_number,6.923876475397605e-05
5,5,DDOS,ack_flag_number,0.0014575522785889917
5,5,DDOS,ece_flag_number,0.0
5,5,DDOS,cwr_flag_number,0.0
5,5,DDOS,ack_count,0.0012259628201718442
5,5,DDOS,syn_count,0.023785682441666723
5,5,DDOS,fin_count,0.040500102329679065
5,5,DDOS,rst_count,0.015113383882999187
5,5,DDOS,HTTP,6.860981178746784e-08
5,5,DDOS,HTTPS,0.0011288995975547778
5,5,DDOS,DNS,9.511539243334255e-07
5,5,DDOS,Telnet,0.0
5,5,DDOS,SMTP,0.0
5,5,DDOS,SSH,0.0
5,5,DDOS,IRC,0.0
5,5,DDOS,TCP,0.006670620208524269
5,5,DDOS,UDP,0.01733343978485209
5,5,DDOS,DHCP,0.0
5,5,DDOS,ARP,1.7354115748879907e-07
5,5,DDOS,ICMP,0.0008742492605961161
5,5,DDOS,IGMP,0.0
5,5,DDOS,IPv,2.325492739652102e-07
5,5,DDOS,LLC,2.5970427837140874e-07
5,5,DDOS,Tot sum,0.17437330037355422
5,5,DDOS,Min,0.00011952785348512407
5,5,DDOS,Max,0.0013316532742464915
5,5,DDOS,AVG,0.025399386254139244
5,5,DDOS,Std,0.00875950006302446
5,5,DDOS,Tot size,0.026199397211894394
5,5,DDOS,IAT,0.006868916039653073
5,5,DDOS,Number,0.001298981477111738
5,5,DDOS,Variance,0.1483914007432759
5,1,DOS,Header_Length,0.004682440622127615
5,1,DOS,Protocol Type,0.00037963479271638787
5,1,DOS,Time_To_Live,0.00019340339767950354
5,1,DOS,Rate,0.0010864455518458272
5,1,DOS,fin_flag_number,5.5743935445207174e-05
5,1,DOS,syn_flag_number,0.014310427918098867
5,1,DOS,rst_flag_number,3.4705038524407426e-05
5,1,DOS,psh_flag_number,0.00012827715836465358
5,1,DOS,ack_flag_number,0.005887576914392412
5,1,DOS,ece_flag_number,0.0
5,1,DOS,cwr_flag_number,0.0
5,1,DOS,ack_count,0.0034366117164609023
5,1,DOS,syn_count,0.006882352972752415
5,1,DOS,fin_count,0.01782602984458208
5,1,DOS,rst_count,0.0030750773192266935
5,1,DOS,HTTP,2.2176272477736347e-05
5,1,DOS,HTTPS,1.4702598173244042e-05
5,1,DOS,DNS,2.451153176263876e-09
5,1,DOS,Telnet,0.0
5,1,DOS,SMTP,0.0
5,1,DOS,SSH,0.0
5,1,DOS,IRC,0.0
5,1,DOS,TCP,0.0025581949099432676
5,1,DOS,UDP,0.022836932676000288
5,1,DOS,DHCP,0.0
5,1,DOS,ARP,5.904471912732134e-07
5,1,DOS,ICMP,0.0007836304881493561
5,1,DOS,IGMP,5.870941068419205e-08
5,1,DOS,IPv,9.370268813313487e-07
5,1,DOS,LLC,1.1902078654202341e-06
5,1,DOS,Tot sum,0.011569099023472518
5,1,DOS,Min,0.0007244838125188835
5,1,DOS,Max,0.0024914732108300085
5,1,DOS,AVG,0.0027184509788639845
5,1,DOS,Std,0.003792633130569811
5,1,DOS,Tot size,0.0023740704142255708
5,1,DOS,IAT,0.0008249384351074696
5,1,DOS,Number,7.856252652800322e-05
5,1,DOS,Variance,0.011817041070935374
5,2,DOS,Header_Length,0.008101247817467083
5,2,DOS,Protocol Type,0.001894694006841746
5,2,DOS,Time_To_Live,0.003112073901866097
5,2,DOS,Rate,0.0037973085025441835
5,2,DOS,fin_flag_number,7.769110420667858e-05
5,2,DOS,syn_flag_number,0.004351486632367596
5,2,DOS,rst_flag_number,0.000187104928863846
5,2,DOS,psh_flag_number,2.950656624756132e-07
5,2,DOS,ack_flag_number,0.03510393472448072
5,2,DOS,ece_flag_number,0.0
5,2,DOS,cwr_flag_number,0.0
5,2,DOS,ack_count,0.02165199926821515
5,2,DOS,syn_count,0.007000705855898559
5,2,DOS,fin_count,0.021366025879979135
5,2,DOS,rst_count,0.04633314188104123
5,2,DOS,HTTP,0.0010641923872753978
5,2,DOS,HTTPS,0.00047652349783220414
5,2,DOS,DNS,2.2858253190261024e-08
5,2,DOS,Telnet,0.0
5,2,DOS,SMTP,0.0
5,2,DOS,SSH,0.0
5,2,DOS,IRC,0.0
5,2,DOS,TCP,0.00520420952452696
5,2,DOS,UDP,0.025087457429617644
5,2,DOS,DHCP,0.0
5,2,DOS,ARP,5.085188644837757e-07
5,2,DOS,ICMP,7.724512651208215e-06
5,2,DOS,IGMP,0.0
5,2,DOS,IPv,3.6389697822825083e-07
5,2,DOS,LLC,2.726974923206171e-07
5,2,DOS,Tot sum,0.16659947261214256
5,2,DOS,Min,0.013333187880925834
5,2,DOS,Max,0.009626741704414599
5,2,DOS,AVG,0.13436267245560884
5,2,DOS,Std,0.016117366636171936
5,2,DOS,Tot size,0.02440373124554753
5,2,DOS,IAT,0.002064677097951062
5,2,DOS,Number,0.0007109395788575057
5,2,DOS,Variance,0.08676027916371823
5,3,DOS,Header_Length,0.009982313908585639
5,3,DOS,Protocol Type,0.0005517775243561118
5,3,DOS,Time_To_Live,0.005321776998152927
5,3,DOS,Rate,0.0013482882339076242
5,3,DOS,fin_flag_number,7.890238737786603e-05
5,3,DOS,syn_flag_number,0.01206696680164896
5,3,DOS,rst_flag_number,2.3165336615305067e-05
5,3,DOS,psh_flag_number,0.00016160525513413403
5,3,DOS,ack_flag_number,0.004804548190440983
5,3,DOS,ece_flag_number,0.0
5,3,DOS,cwr_flag_number,0.0
5,3,DOS,ack_count,0.007915836021129507
5,3,DOS,syn_count,0.014842235064134002
5,3,DOS,fin_count,0.015540326957852813
5,3,DOS,rst_count,0.005579545303771738
5,3,DOS,HTTP,6.519478120026178e-07
5,3,DOS,HTTPS,2.655893299063905e-06
5,3,DOS,DNS,1.3033475429802265e-06
5,3,DOS,Telnet,0.0
5,3,DOS,SMTP,0.0
5,3,DOS,SSH,0.0
5,3,DOS,IRC,0.0
5,3,DOS,TCP,0.0052685135475258
5,3,DOS,UDP,0.027974797814385964
5,3,DOS,DHCP,0.0
5,3,DOS,ARP,3.3881177349814885e-09
5,3,DOS,ICMP,0.0004820793197723106
5,3,DOS,IGMP,0.0
5,3,DOS,IPv,1.502980391640714e-09
5,3,DOS,LLC,4.408793182614224e-09
5,3,DOS,Tot sum,0.0996691800886765
5,3,DOS,Min,0.006547627896361518
5,3,DOS,Max,0.004753103405164438
5,3,DOS,AVG,0.06341007675509899
5,3,DOS,Std,0.00801543146953918
5,3,DOS,Tot size,0.022002368033281528
5,3,DOS,IAT,0.0005727804030129846
5,3,DOS,Number,0.0
5,3,DOS,Variance,0.08985882103443146
5,4,DOS,Header_Length,0.0064867279010286435
5,4,DOS,Protocol Type,0.0011336169205605983
5,4,DOS,Time_To_Live,0.011634771342505701
5,4,DOS,Rate,0.0021924609121924733
5,4,DOS,fin_flag_number,2.7386491012748594e-07
5,4,DOS,syn_flag_number,0.023426678450778126
5,4,DOS,rst_flag_number,1.4320901755127125e-06
5,4,DOS,psh_flag_number,0.0
5,4,DOS,ack_flag_number,0.0023499741197156253
5,4,DOS,ece_flag_number,0.0
5,4,DOS,cwr_flag_number,0.0
5,4,DOS,ack_count,0.002479101316203014
5,4,DOS,syn_count,0.01147463135421276
5,4,DOS,fin_count,4.7400371431649543e-05
5,4,DOS,rst_count,0.0013037588447332381
5,4,DOS,HTTP,0.00011435921199591803
5,4,DOS,HTTPS,0.0019064139901217914
5,4,DOS,DNS,0.0
5,4,DOS,Telnet,0.0
5,4,DOS,SMTP,0.0
5,4,DOS,SSH,0.0
5,4,DOS,IRC,0.0
5,4,DOS,TCP,0.004849291197751881
5,4,DOS,UDP,0.022338218468939887
5,4,DOS,DHCP,0.0
5,4,DOS,ARP,0.0
5,4,DOS,ICMP,7.78047348887867e-05
5,4,DOS,IGMP,0.0
5,4,DOS,IPv,0.0
5,4,DOS,LLC,0.0
5,4,DOS,Tot sum,0.16454147081822157
5,4,DOS,Min,0.015136385743971914
5,4,DOS,Max,0.03013776846928522
5,4,DOS,AVG,0.07168351989239455
5,4,DOS,Std,0.05574837027234025
5,4,DOS,Tot size,0.020350154477637262
5,4,DOS,IAT,0.0023912605305667967
5,4,DOS,Number,0.0007173756730480818
5,4,DOS,Variance,0.1242553324002074
5,5,DOS,Header_Length,0.015002993811776832
5,5,DOS,Protocol Type,0.0010518291004700587
5,5,DOS,Time_To_Live,0.006048271054169163
5,5,DOS,Rate,0.0036825497001700567
5,5,DOS,fin_flag_number,0.00012133977061239421
5,5,DOS,syn_flag_number,0.008094391645863652
5,5,DOS,rst_flag_number,2.1612585510411008e-05
5,5,DOS,psh_flag_number,5.528822652536292e-05
5,5,DOS,ack_flag_number,0.005976256329449825
5,5,DOS,ece_flag_number,0.0
5,5,DOS,cwr_flag_number,0.0
5,5,DOS,ack_count,0.004436471231747419
5,5,DOS,syn_count,0.009866687760222703
5,5,DOS,fin_count,0.029192152596078814
5,5,DOS,rst_count,0.007760356433573179
5,5,DOS,HTTP,8.817207799349802e-06
5,5,DOS,HTTPS,0.0017892657734023486
5,5,DOS,DNS,7.214641156494395e-07
5,5,DOS,Telnet,0.0
5,5,DOS,SMTP,0.0
5,5,DOS,SSH,0.0
5,5,DOS,IRC,0.0
5,5,DOS,TCP,0.00789060558672645
5,5,DOS,UDP,0.04414869883330539
5,5,DOS,DHCP,0.0
5,5,DOS,ARP,4.983852847306735e-07
5,5,DOS,ICMP,0.0014688298979308456
5,5,DOS,IGMP,0.0
5,5,DOS,IPv,5.823709237073871e-08
5,5,DOS,LLC,2.943610086347803e-07
5,5,DOS,Tot sum,0.3211457330267876
5,5,DOS,Min,0.018606655835174023
5,5,DOS,Max,0.004774572642054409
5,5,DOS,AVG,0.12267732210457324
5,5,DOS,Std,0.00984902512282133
5,5,DOS,Tot size,0.028648213041014968
5,5,DOS,IAT,0.006321397362626158
5,5,DOS,Number,0.004837270379971415
5,5,DOS,Variance,0.04999679159373045
5,1,MIRAI,Header_Length,0.00017559331281518097
5,1,MIRAI,Protocol Type,0.0002961569982289802
5,1,MIRAI,Time_To_Live,7.204170423733559e-05
5,1,MIRAI,Rate,0.00012177795579191298
5,1,MIRAI,fin_flag_number,5.322225388226798e-06
5,1,MIRAI,syn_flag_number,0.005687063117511571
5,1,MIRAI,rst_flag_number,9.401618876836438e-06
5,1,MIRAI,psh_flag_number,7.317307790799532e-06
5,1,MIRAI,ack_flag_number,0.002771703526377678
5,1,MIRAI,ece_flag_number,0.0
5,1,MIRAI,cwr_flag_number,0.0
5,1,MIRAI,ack_count,0.0025430279958527533
5,1,MIRAI,syn_count,0.00720612546429038
5,1,MIRAI,fin_count,0.002541063819080591
5,1,MIRAI,rst_count,0.0008970044422312639
5,1,MIRAI,HTTP,7.1955284795421905e-06
5,1,MIRAI,HTTPS,1.4346969976486434e-06
5,1,MIRAI,DNS,2.3557958739317542e-07
5,1,MIRAI,Telnet,0.0
5,1,MIRAI,SMTP,0.0
5,1,MIRAI,SSH,0.0
5,1,MIRAI,IRC,0.0
5,1,MIRAI,TCP,4.968136163370218e-05
5,1,MIRAI,UDP,0.004561216612637508
5,1,MIRAI,DHCP,0.0
5,1,MIRAI,ARP,8.609385837132777e-07
5,1,MIRAI,ICMP,5.966267272015102e-05
5,1,MIRAI,IGMP,3.661946919919501e-07
5,1,MIRAI,IPv,3.522052374194118e-07
5,1,MIRAI,LLC,9.68905165166234e-07
5,1,MIRAI,Tot sum,0.7842376112937928
5,1,MIRAI,Min,0.04500560509040952
5,1,MIRAI,Max,0.0202448109164834
5,1,MIRAI,AVG,0.6686784118413925
5,1,MIRAI,Std,0.044059513113461436
5,1,MIRAI,Tot size,0.5368990778923035
5,1,MIRAI,IAT,0.0004676960564665933
5,1,MIRAI,Number,0.0002465747806127183
5,1,MIRAI,Variance,0.1833547987509519
5,2,MIRAI,Header_Length,5.45224765119201e-05
5,2,MIRAI,Protocol Type,0.00017044310297933407
5,2,MIRAI,Time_To_Live,0.0002168079850889626
5,2,MIRAI,Rate,5.915447839015542e-05
5,2,MIRAI,fin_flag_number,3.068021680974198e-06
5,2,MIRAI,syn_flag_number,0.003757552697788924
5,2,MIRAI,rst_flag_number,1.3421969492810604e-05
5,2,MIRAI,psh_flag_number,1.907619843422026e-07
5,2,MIRAI,ack_flag_number,6.37137761714257e-05
5,2,MIRAI,ece_flag_number,0.0
5,2,MIRAI,cwr_flag_number,0.0
5,2,MIRAI,ack_count,9.796784952413873e-05
5,2,MIRAI,syn_count,0.0047435186803340915
5,2,MIRAI,fin_count,0.0009744612936628983
5,2,MIRAI,rst_count,0.0009708076424431056
5,2,MIRAI,HTTP,0.0
5,2,MIRAI,HTTPS,1.5814516181933413e-06
5,2,MIRAI,DNS,9.241352816324877e-09
5,2,MIRAI,Telnet,0.0
5,2,MIRAI,SMTP,0.0
5,2,MIRAI,SSH,0.0
5,2,MIRAI,IRC,0.0
5,2,MIRAI,TCP,2.371755107901663e-05
5,2,MIRAI,UDP,0.013809726294130086
5,2,MIRAI,DHCP,0.0
5,2,MIRAI,ARP,4.3763052932632717e-07
5,2,MIRAI,ICMP,3.102110660790913e-07
5,2,MIRAI,IGMP,1.3769872566626873e-07
5,2,MIRAI,IPv,2.2196328877677196e-07
5,2,MIRAI,LLC,3.0140038598247543e-07
5,2,MIRAI,Tot sum,0.7025754086673259
5,2,MIRAI,Min,0.06843474340766989
5,2,MIRAI,Max,0.019717386830598115
5,2,MIRAI,AVG,0.6355382680892945
5,2,MIRAI,Std,0.04002312149386853
5,2,MIRAI,Tot size,0.2666898690164089
5,2,MIRAI,IAT,0.0009065619793545921
5,2,MIRAI,Number,0.0004144409453147091
5,2,MIRAI,Variance,0.3468465533107519
5,3,MIRAI,Header_Length,4.05621261052147e-05
5,3,MIRAI,Protocol Type,0.00014550798368873075
5,3,MIRAI,Time_To_Live,0.0004032526437185879
5,3,MIRAI,Rate,8.226220088545234e-05
5,3,MIRAI,fin_flag_number,4.233759000271675e-06
5,3,MIRAI,syn_flag_number,0.01090850681066513
5,3,MIRAI,rst_flag_number,8.484591262458707e-06
5,3,MIRAI,psh_flag_number,1.7202404606564415e-06
5,3,MIRAI,ack_flag_number,0.001565655742888339
5,3,MIRAI,ece_flag_number,0.0
5,3,MIRAI,cwr_flag_number,0.0
5,3,MIRAI,ack_count,0.00192550178617239
5,3,MIRAI,syn_count,0.01390760913491249
5,3,MIRAI,fin_count,0.0014462653518421576
5,3,MIRAI,rst_count,0.0005854188733792398
5,3,MIRAI,HTTP,0.0
5,3,MIRAI,HTTPS,3.786645947911893e-08
5,3,MIRAI,DNS,5.3141062417161323e-08
5,3,MIRAI,Telnet,0.0
5,3,MIRAI,SMTP,0.0
5,3,MIRAI,SSH,0.0
5,3,MIRAI,IRC,0.0
5,3,MIRAI,TCP,1.8469972792445334e-05
5,3,MIRAI,UDP,0.013150859368033707
5,3,MIRAI,DHCP,0.0
5,3,MIRAI,ARP,3.746712179064637e-07
5,3,MIRAI,ICMP,2.3873994450696046e-05
5,3,MIRAI,IGMP,0.0
5,3,MIRAI,IPv,1.2912674269699443e-07
5,3,MIRAI,LLC,2.2359957153050835e-07
5,3,MIRAI,Tot sum,0.4714873403310776
5,3,MIRAI,Min,0.05786722063203342
5,3,MIRAI,Max,0.016665915213525295
5,3,MIRAI,AVG,0.5491136759519577
5,3,MIRAI,Std,0.03654976275283843
5,3,MIRAI,Tot size,0.2870905578136444
5,3,MIRAI,IAT,0.0001530808463030553
5,3,MIRAI,Number,0.0
5,3,MIRAI,Variance,0.23983726650476456
5,4,MIRAI,Header_Length,3.932138097297866e-05
5,4,MIRAI,Protocol Type,0.00012809744257538113
5,4,MIRAI,Time_To_Live,0.0002506846700271126
5,4,MIRAI,Rate,0.00010679092756618047
5,4,MIRAI,fin_flag_number,2.668179046594332e-08
5,4,MIRAI,syn_flag_number,0.006829044595360756
5,4,MIRAI,rst_flag_number,0.0
5,4,MIRAI,psh_flag_number,5.553129369673115e-08
5,4,MIRAI,ack_flag_number,0.00011897352378582582
5,4,MIRAI,ece_flag_number,0.0
5,4,MIRAI,cwr_flag_number,0.0
5,4,MIRAI,ack_count,5.9417306147224735e-05
5,4,MIRAI,syn_count,0.009826177544891835
5,4,MIRAI,fin_count,9.673367185314418e-06
5,4,MIRAI,rst_count,0.0
5,4,MIRAI,HTTP,1.6827709359290566e-07
5,4,MIRAI,HTTPS,1.063331028490211e-05
5,4,MIRAI,DNS,2.058887815792332e-09
5,4,MIRAI,Telnet,0.0
5,4,MIRAI,SMTP,0.0
5,4,MIRAI,SSH,0.0
5,4,MIRAI,IRC,0.0
5,4,MIRAI,TCP,4.6102373016765344e-05
5,4,MIRAI,UDP,0.02165977517142892
5,4,MIRAI,DHCP,2.5680174076114783e-08
5,4,MIRAI,ARP,1.1616604069786263e-07
5,4,MIRAI,ICMP,5.882172530391472e-07
5,4,MIRAI,IGMP,1.973478674699436e-07
5,4,MIRAI,IPv,1.2417924608598696e-07
5,4,MIRAI,LLC,5.611629489976622e-08
5,4,MIRAI,Tot sum,0.6459610909223557
5,4,MIRAI,Min,0.082133187900763
5,4,MIRAI,Max,0.022303389571607112
5,4,MIRAI,AVG,0.6526892453432083
5,4,MIRAI,Std,0.025860090609057806
5,4,MIRAI,Tot size,0.22761068344116211
5,4,MIRAI,IAT,0.00024628581404613216
5,4,MIRAI,Number,0.00043768055620603264
5,4,MIRAI,Variance,0.2188779099524254
5,5,MIRAI,Header_Length,4.385989795991918e-05
5,5,MIRAI,Protocol Type,0.00023188850500446278
5,5,MIRAI,Time_To_Live,0.0008128870220389217
5,5,MIRAI,Rate,0.00019978094860562123
5,5,MIRAI,fin_flag_number,5.571802375925472e-06
5,5,MIRAI,syn_flag_number,0.004753449559211731
5,5,MIRAI,rst_flag_number,1.0931849101325496e-05
5,5,MIRAI,psh_flag_number,7.274801959056276e-07
5,5,MIRAI,ack_flag_number,0.0006293629674473777
5,5,MIRAI,ece_flag_number,0.0
5,5,MIRAI,cwr_flag_number,0.0
5,5,MIRAI,ack_count,0.000388395847812717
5,5,MIRAI,syn_count,0.006516772881150245
5,5,MIRAI,fin_count,0.00180215984582901
5,5,MIRAI,rst_count,0.0006188337283674628
5,5,MIRAI,HTTP,6.614522138903566e-08
5,5,MIRAI,HTTPS,5.81182948735659e-06
5,5,MIRAI,DNS,4.665477575827026e-07
5,5,MIRAI,Telnet,0.0
5,5,MIRAI,SMTP,0.0
5,5,MIRAI,SSH,0.0
5,5,MIRAI,IRC,0.0
5,5,MIRAI,TCP,1.6531283472431822e-05
5,5,MIRAI,UDP,0.0077184686902910474
5,5,MIRAI,DHCP,0.0
5,5,MIRAI,ARP,3.590850475632124e-07
5,5,MIRAI,ICMP,4.29137289756909e-05
5,5,MIRAI,IGMP,0.0
5,5,MIRAI,IPv,1.425141007871389e-07
5,5,MIRAI,LLC,2.966613138255525e-07
5,5,MIRAI,Tot sum,0.2577159905806184
5,5,MIRAI,Min,0.05564121067291126
5,5,MIRAI,Max,0.014942884631454944
5,5,MIRAI,AVG,0.4944224447011948
5,5,MIRAI,Std,0.02739455592818558
5,5,MIRAI,Tot size,0.23924324437975883
5,5,MIRAI,IAT,0.006093841325491667
5,5,MIRAI,Number,0.0008576740860007703
5,5,MIRAI,Variance,0.1503208328038454
5,1,RECON,Header_Length,0.00023767069849327526
5,1,RECON,Protocol Type,5.2517280732899965e-05
5,1,RECON,Time_To_Live,0.01319688309013145
5,1,RECON,Rate,0.0006915522963026888
5,1,RECON,fin_flag_number,1.3934771833845616e-05
5,1,RECON,syn_flag_number,0.007665316894190255
5,1,RECON,rst_flag_number,0.00010574839078003606
5,1,RECON,psh_flag_number,1.673175951424355e-05
5,1,RECON,ack_flag_number,0.04161641055252403
5,1,RECON,ece_flag_number,0.0
5,1,RECON,cwr_flag_number,0.0
5,1,RECON,ack_count,0.0020768761925864963
5,1,RECON,syn_count,0.006732895331515465
5,1,RECON,fin_count,0.0020842170455580345
5,1,RECON,rst_count,0.0019102775950159412
5,1,RECON,HTTP,1.820030201855616e-05
5,1,RECON,HTTPS,1.8866582188081793e-05
5,1,RECON,DNS,1.7910186292446895e-05
5,1,RECON,Telnet,0.0
5,1,RECON,SMTP,0.0
5,1,RECON,SSH,0.0
5,1,RECON,IRC,0.0
5,1,RECON,TCP,8.245720906856491e-05
5,1,RECON,UDP,0.0017614336496990291
5,1,RECON,DHCP,0.0
5,1,RECON,ARP,2.440566367845065e-05
5,1,RECON,ICMP,0.000224644460968193
5,1,RECON,IGMP,2.8486289922469154e-07
5,1,RECON,IPv,5.669049099710222e-06
5,1,RECON,LLC,1.1246113818330627e-05
5,1,RECON,Tot sum,0.48615863276645543
5,1,RECON,Min,0.00031163369458226954
5,1,RECON,Max,0.005290532094659284
5,1,RECON,AVG,0.034782136557623744
5,1,RECON,Std,0.04154091496020555
5,1,RECON,Tot size,0.04932730910368264
5,1,RECON,IAT,0.0820358181023039
5,1,RECON,Number,0.012255367683246731
5,1,RECON,Variance,0.349576491676271
5,2,RECON,Header_Length,8.717348624145415e-05
5,2,RECON,Protocol Type,6.343668660520052e-05
5,2,RECON,Time_To_Live,0.0020530524674541085
5,2,RECON,Rate,0.00011589793230655232
5,2,RECON,fin_flag_number,1.5607864863209641e-06
5,2,RECON,syn_flag_number,0.012122637784341351
5,2,RECON,rst_flag_number,9.006510201388096e-05
5,2,RECON,psh_flag_number,9.60187760212783e-07
5,2,RECON,ack_flag_number,0.03549735436245101
5,2,RECON,ece_flag_number,0.0
5,2,RECON,cwr_flag_number,0.0
5,2,RECON,ack_count,0.0016763770645411569
5,2,RECON,syn_count,0.0027034379025280943
5,2,RECON,fin_count,0.0006161965191111562
5,2,RECON,rst_count,0.0008160046954799327
5,2,RECON,HTTP,6.834996747784317e-06
5,2,RECON,HTTPS,1.174426541865614e-05
5,2,RECON,DNS,3.078805836165266e-07
5,2,RECON,Telnet,0.0
5,2,RECON,SMTP,0.0
5,2,RECON,SSH,0.0
5,2,RECON,IRC,0.0
5,2,RECON,TCP,5.018352918142455e-05
5,2,RECON,UDP,0.0004165450771324686
5,2,RECON,DHCP,0.0
5,2,RECON,ARP,3.598476737596279e-05
5,2,RECON,ICMP,1.7384060337910512e-06
5,2,RECON,IGMP,0.0
5,2,RECON,IPv,1.766439587054802e-05
5,2,RECON,LLC,5.259983531942514e-06
5,2,RECON,Tot sum,0.2698255150578916
5,2,RECON,Min,0.0003546312584148836
5,2,RECON,Max,0.0021556614090144422
5,2,RECON,AVG,0.05394590757787228
5,2,RECON,Std,0.018304588843602688
5,2,RECON,Tot size,0.049097784142941234
5,2,RECON,IAT,0.015450743457404315
5,2,RECON,Number,0.015419968467904254
5,2,RECON,Variance,0.09758184574311599
5,3,RECON,Header_Length,3.640647648737172e-05
5,3,RECON,Protocol Type,2.2653898662738925e-05
5,3,RECON,Time_To_Live,0.012831549797328989
5,3,RECON,Rate,5.016631475811551e-05
5,3,RECON,fin_flag_number,9.395223037378386e-06
5,3,RECON,syn_flag_number,0.009610175726447779
5,3,RECON,rst_flag_number,1.4326213262361165e-05
5,3,RECON,psh_flag_number,1.8315518148903642e-05
5,3,RECON,ack_flag_number,0.02091316412829656
5,3,RECON,ece_flag_number,0.0
5,3,RECON,cwr_flag_number,0.0
5,3,RECON,ack_count,0.0006659476530160191
5,3,RECON,syn_count,0.0025045891113904873
5,3,RECON,fin_count,0.0003456438767386771
5,3,RECON,rst_count,0.00030776983661375825
5,3,RECON,HTTP,4.247421448155819e-06
5,3,RECON,HTTPS,1.5762024569099253e-05
5,3,RECON,DNS,1.7776325928964275e-05
5,3,RECON,Telnet,0.0
5,3,RECON,SMTP,0.0
5,3,RECON,SSH,0.0
5,3,RECON,IRC,0.0
5,3,RECON,TCP,2.0680045095100575e-05
5,3,RECON,UDP,0.0009717158122199976
5,3,RECON,DHCP,0.0
5,3,RECON,ARP,2.5546215912426727e-05
5,3,RECON,ICMP,1.4934766536711663e-05
5,3,RECON,IGMP,1.4576720786863006e-06
5,3,RECON,IPv,7.77337287066783e-06
5,3,RECON,LLC,3.241955094934962e-06
5,3,RECON,Tot sum,0.1574994429846356
5,3,RECON,Min,0.0002464061538105966
5,3,RECON,Max,0.001192238583098515
5,3,RECON,AVG,0.021810350619489327
5,3,RECON,Std,0.011620065226452425
5,3,RECON,Tot size,0.014036747220598045
5,3,RECON,IAT,0.02902080670774012
5,3,RECON,Number,0.007016828907944727
5,3,RECON,Variance,0.04205735380528495
5,4,RECON,Header_Length,2.63961163959818e-05
5,4,RECON,Protocol Type,4.090426922118695e-05
5,4,RECON,Time_To_Live,0.02305952358037757
5,4,RECON,Rate,3.0209406467918143e-05
5,4,RECON,fin_flag_number,2.1884110540874855e-06
5,4,RECON,syn_flag_number,0.013717874696078524
5,4,RECON,rst_flag_number,6.0161607689224186e-05
5,4,RECON,psh_flag_number,2.1579868118237756e-06
5,4,RECON,ack_flag_number,0.019711170508480792
5,4,RECON,ece_flag_number,0.0
5,4,RECON,cwr_flag_number,0.0
5,4,RECON,ack_count,0.000901285095858384
5,4,RECON,syn_count,0.002137019626457004
5,4,RECON,fin_count,9.728210634749045e-06
5,4,RECON,rst_count,0.000161449980805628
5,4,RECON,HTTP,5.399610674194921e-06
5,4,RECON,HTTPS,8.930271437357362e-06
5,4,RECON,DNS,4.1263475850428225e-06
5,4,RECON,Telnet,0.0
5,4,RECON,SMTP,0.0
5,4,RECON,SSH,0.0
5,4,RECON,IRC,0.0
5,4,RECON,TCP,2.5023031429327603e-05
5,4,RECON,UDP,0.0008507714417493872
5,4,RECON,DHCP,0.0
5,4,RECON,ARP,8.297880049212835e-06
5,4,RECON,ICMP,1.0561559476318649e-06
5,4,RECON,IGMP,0.0
5,4,RECON,IPv,3.912507509085117e-06
5,4,RECON,LLC,1.2663555935432668e-06
5,4,RECON,Tot sum,0.09748402827535756
5,4,RECON,Min,8.247471668916262e-05
5,4,RECON,Max,0.00034174271077063166
5,4,RECON,AVG,0.010064479173161089
5,4,RECON,Std,0.0036418840725673364
5,4,RECON,Tot size,0.009262462903279811
5,4,RECON,IAT,0.009798288110670229
5,4,RECON,Number,0.008489466721766804
5,4,RECON,Variance,0.013134392141364516
5,5,RECON,Header_Length,0.00012652124567011925
5,5,RECON,Protocol Type,8.335402171919526e-05
5,5,RECON,Time_To_Live,0.014917712026726804
5,5,RECON,Rate,0.00022162025647958216
5,5,RECON,fin_flag_number,8.462608641224278e-06
5,5,RECON,syn_flag_number,0.0379850638400967
5,5,RECON,rst_flag_number,2.6303525939574968e-05
5,5,RECON,psh_flag_number,1.2787953754411773e-05
5,5,RECON,ack_flag_number,0.01870914715254912
5,5,RECON,ece_flag_number,0.0
5,5,RECON,cwr_flag_number,0.0
5,5,RECON,ack_count,0.0008045801653025819
5,5,RECON,syn_count,0.005846237950390787
5,5,RECON,fin_count,0.000993613386594916
5,5,RECON,rst_count,0.0007602208561365842
5,5,RECON,HTTP,1.3505685562353875e-05
5,5,RECON,HTTPS,4.350981741367832e-05
5,5,RECON,DNS,1.642313569512055e-05
5,5,RECON,Telnet,0.0
5,5,RECON,SMTP,0.0
5,5,RECON,SSH,0.0
5,5,RECON,IRC,0.0
5,5,RECON,TCP,1.297504002621963e-05
5,5,RECON,UDP,0.00044275865000145134
5,5,RECON,DHCP,0.0
5,5,RECON,ARP,2.523245797547702e-05
5,5,RECON,ICMP,5.194387281619584e-05
5,5,RECON,IGMP,0.0
5,5,RECON,IPv,8.722386881299116e-06
5,5,RECON,LLC,8.544368083729381e-06
5,5,RECON,Tot sum,0.30946106761693953
5,5,RECON,Min,0.0004751578213472385
5,5,RECON,Max,0.003353462478844449
5,5,RECON,AVG,0.0881846234202385
5,5,RECON,Std,0.0338283846154809
5,5,RECON,Tot size,0.0655527737835655
5,5,RECON,IAT,0.04417901276319754
5,5,RECON,Number,0.014047277891950215
5,5,RECON,Variance,0.135469550837297
5,1,SPOOFING,Header_Length,6.001274361544518e-06
5,1,SPOOFING,Protocol Type,1.4493449892682976e-06
5,1,SPOOFING,Time_To_Live,8.999806715070946e-06
5,1,SPOOFING,Rate,1.5303392092747002e-05
5,1,SPOOFING,fin_flag_number,5.564962228254977e-07
5,1,SPOOFING,syn_flag_number,3.836579303424514e-05
5,1,SPOOFING,rst_flag_number,5.460886900898742e-07
5,1,SPOOFING,psh_flag_number,1.871021646615567e-07
5,1,SPOOFING,ack_flag_number,0.00035437522714332204
5,1,SPOOFING,ece_flag_number,0.0
5,1,SPOOFING,cwr_flag_number,0.0
5,1,SPOOFING,ack_count,6.565069249475641e-06
5,1,SPOOFING,syn_count,1.9099179826298496e-05
5,1,SPOOFING,fin_count,3.517542268127727e-06
5,1,SPOOFING,rst_count,1.1153240723160707e-05
5,1,SPOOFING,HTTP,3.084304185441145e-07
5,1,SPOOFING,HTTPS,4.1670011002858943e-08
5,1,SPOOFING,DNS,1.006267975368902e-09
5,1,SPOOFING,Telnet,0.0
5,1,SPOOFING,SMTP,0.0
5,1,SPOOFING,SSH,0.0
5,1,SPOOFING,IRC,0.0
5,1,SPOOFING,TCP,6.887742028949262e-07
5,1,SPOOFING,UDP,5.895479058821706e-05
5,1,SPOOFING,DHCP,0.0
5,1,SPOOFING,ARP,1.808359340826904e-07
5,1,SPOOFING,ICMP,1.5124878288474974e-06
5,1,SPOOFING,IGMP,3.4566783532752333e-10
5,1,SPOOFING,IPv,7.372185308884838e-08
5,1,SPOOFING,LLC,1.630646280021547e-07
5,1,SPOOFING,Tot sum,0.0028140439120761585
5,1,SPOOFING,Min,7.3012161919905335e-06
5,1,SPOOFING,Max,9.052131563294096e-05
5,1,SPOOFING,AVG,0.0015334883336208804
5,1,SPOOFING,Std,0.0007298427475689095
5,1,SPOOFING,Tot size,0.0009579100518294581
5,1,SPOOFING,IAT,0.00013808570517994667
5,1,SPOOFING,Number,0.00034037131226369863
5,1,SPOOFING,Variance,0.003250253724399954
5,2,SPOOFING,Header_Length,2.8212590626708335e-05
5,2,SPOOFING,Protocol Type,2.679000892271688e-05
5,2,SPOOFING,Time_To_Live,0.00044444198319979476
5,2,SPOOFING,Rate,7.268767780033158e-05
5,2,SPOOFING,fin_flag_number,4.405799721496351e-06
5,2,SPOOFING,syn_flag_number,0.003427841623488348
5,2,SPOOFING,rst_flag_number,6.072854239391745e-06
5,2,SPOOFING,psh_flag_number,8.887759794262706e-06
5,2,SPOOFING,ack_flag_number,0.008839338953657716
5,2,SPOOFING,ece_flag_number,9.224047971656546e-07
5,2,SPOOFING,cwr_flag_number,2.5593379177735185e-06
5,2,SPOOFING,ack_count,0.0004983851600172784
5,2,SPOOFING,syn_count,0.0018783862687996589
5,2,SPOOFING,fin_count,0.00034251244284746465
5,2,SPOOFING,rst_count,0.0006062851152819348
5,2,SPOOFING,HTTP,0.0
5,2,SPOOFING,HTTPS,1.1172507884538163e-05
5,2,SPOOFING,DNS,4.691166935449215e-06
5,2,SPOOFING,Telnet,0.0
5,2,SPOOFING,SMTP,0.0
5,2,SPOOFING,SSH,0.0
5,2,SPOOFING,IRC,0.0
5,2,SPOOFING,TCP,1.1118462617787373e-05
5,2,SPOOFING,UDP,0.0017116318369517103
5,2,SPOOFING,DHCP,0.0
5,2,SPOOFING,ARP,4.711933711021299e-06
5,2,SPOOFING,ICMP,8.65952415090021e-06
5,2,SPOOFING,IGMP,0.0
5,2,SPOOFING,IPv,1.7585036845346735e-06
5,2,SPOOFING,LLC,9.20476948670923e-07
5,2,SPOOFING,Tot sum,0.09902887772768736
5,2,SPOOFING,Min,0.012626428852672688
5,2,SPOOFING,Max,0.007257268903777004
5,2,SPOOFING,AVG,0.1672039083670825
5,2,SPOOFING,Std,0.0445200412068516
5,2,SPOOFING,Tot size,0.04782837117090821
5,2,SPOOFING,IAT,0.028684849751152798
5,2,SPOOFING,Number,0.008653329645312624
5,2,SPOOFING,Variance,0.15147280376404523
5,3,SPOOFING,Header_Length,0.00024158839822234767
5,3,SPOOFING,Protocol Type,5.471023215477544e-05
5,3,SPOOFING,Time_To_Live,0.0052503030223306265
5,3,SPOOFING,Rate,0.000709844735479237
5,3,SPOOFING,fin_flag_number,8.472704368500673e-06
5,3,SPOOFING,syn_flag_number,0.00811648123053601
5,3,SPOOFING,rst_flag_number,4.835913543388415e-06
5,3,SPOOFING,psh_flag_number,9.777882161188245e-06
5,3,SPOOFING,ack_flag_number,0.0039670925918471765
5,3,SPOOFING,ece_flag_number,0.0
5,3,SPOOFING,cwr_flag_number,0.0
5,3,SPOOFING,ack_count,0.0006632982406529209
5,3,SPOOFING,syn_count,0.007332477591808129
5,3,SPOOFING,fin_count,0.0017877918458907515
5,3,SPOOFING,rst_count,0.0009239974649062788
5,3,SPOOFING,HTTP,3.435078212987719e-07
5,3,SPOOFING,HTTPS,1.84472610726516e-05
5,3,SPOOFING,DNS,2.1806674856961195e-07
5,3,SPOOFING,Telnet,0.0
5,3,SPOOFING,SMTP,0.0
5,3,SPOOFING,SSH,0.0
5,3,SPOOFING,IRC,0.0
5,3,SPOOFING,TCP,4.9625767749716944e-05
5,3,SPOOFING,UDP,0.004198280838681967
5,3,SPOOFING,DHCP,0.0
5,3,SPOOFING,ARP,1.9265113362892937e-06
5,3,SPOOFING,ICMP,2.7021131376159247e-05
5,3,SPOOFING,IGMP,0.0
5,3,SPOOFING,IPv,9.489596814793444e-07
5,3,SPOOFING,LLC,4.438654395005903e-07
5,3,SPOOFING,Tot sum,0.11790947280824185
5,3,SPOOFING,Min,0.0029191677938797513
5,3,SPOOFING,Max,0.002324966906599002
5,3,SPOOFING,AVG,0.04133535558357835
5,3,SPOOFING,Std,0.00939593507500831
5,3,SPOOFING,Tot size,0.0705937970429659
5,3,SPOOFING,IAT,0.004226119693132091
5,3,SPOOFING,Number,0.019311513940920122
5,3,SPOOFING,Variance,0.07776029062224551
5,4,SPOOFING,Header_Length,0.00019841088235068584
5,4,SPOOFING,Protocol Type,0.0001348173356870319
5,4,SPOOFING,Time_To_Live,0.023422031628433614
5,4,SPOOFING,Rate,0.00043251574828673256
5,4,SPOOFING,fin_flag_number,1.5667655335338536e-07
5,4,SPOOFING,syn_flag_number,0.00682100064586848
5,4,SPOOFING,rst_flag_number,1.8319295122637414e-06
5,4,SPOOFING,psh_flag_number,3.686550329007332e-05
5,4,SPOOFING,ack_flag_number,0.009435519375983858
5,4,SPOOFING,ece_flag_number,0.0
5,4,SPOOFING,cwr_flag_number,0.0
5,4,SPOOFING,ack_count,0.0008813882937829476
5,4,SPOOFING,syn_count,0.006891541951335967
5,4,SPOOFING,fin_count,5.953768017263883e-06
5,4,SPOOFING,rst_count,1.3658883517564392e-07
5,4,SPOOFING,HTTP,4.783701502475424e-06
5,4,SPOOFING,HTTPS,0.00015006719675056957
5,4,SPOOFING,DNS,1.1006669794255685e-06
5,4,SPOOFING,Telnet,0.0
5,4,SPOOFING,SMTP,0.0
5,4,SPOOFING,SSH,0.0
5,4,SPOOFING,IRC,0.0
5,4,SPOOFING,TCP,4.432203219852937e-05
5,4,SPOOFING,UDP,0.007227790885372088
5,4,SPOOFING,DHCP,0.0
5,4,SPOOFING,ARP,3.5054234103881752e-06
5,4,SPOOFING,ICMP,2.2754990432360957e-06
5,4,SPOOFING,IGMP,0.0
5,4,SPOOFING,IPv,3.466157431830652e-06
5,4,SPOOFING,LLC,6.654653020632395e-07
5,4,SPOOFING,Tot sum,0.43945763879455624
5,4,SPOOFING,Min,0.018110664284540688
5,4,SPOOFING,Max,0.011332499333366285
5,4,SPOOFING,AVG,0.3467953637242317
5,4,SPOOFING,Std,0.042297697690082715
5,4,SPOOFING,Tot size,0.21718600676395
5,4,SPOOFING,IAT,0.11340569364547264
5,4,SPOOFING,Number,0.030141676258062945
5,4,SPOOFING,Variance,0.06995694041252136
5,5,SPOOFING,Header_Length,0.00014853237182705926
5,5,SPOOFING,Protocol Type,6.7327569695407876e-06
5,5,SPOOFING,Time_To_Live,0.0028583164746123655
5,5,SPOOFING,Rate,0.0004780531531537235
5,5,SPOOFING,fin_flag_number,3.3228607435376033e-06
5,5,SPOOFING,syn_flag_number,0.004141827774219564
5,5,SPOOFING,rst_flag_number,1.0099906114646729e-05
5,5,SPOOFING,psh_flag_number,7.357547204378534e-06
5,5,SPOOFING,ack_flag_number,0.013185659763985313
5,5,SPOOFING,ece_flag_number,0.0
5,5,SPOOFING,cwr_flag_number,0.0
5,5,SPOOFING,ack_count,0.0007636430502088842
5,5,SPOOFING,syn_count,0.002707815555254456
5,5,SPOOFING,fin_count,0.0006700865984385018
5,5,SPOOFING,rst_count,0.00029371141235969846
5,5,SPOOFING,HTTP,3.6387021999928493e-06
5,5,SPOOFING,HTTPS,1.625060617129748e-05
5,5,SPOOFING,DNS,1.0937023692036973e-06
5,5,SPOOFING,Telnet,0.0
5,5,SPOOFING,SMTP,0.0
5,5,SPOOFING,SSH,0.0
5,5,SPOOFING,IRC,0.0
5,5,SPOOFING,TCP,4.2350502923227396e-05
5,5,SPOOFING,UDP,0.0003700487806270303
5,5,SPOOFING,DHCP,0.0
5,5,SPOOFING,ARP,1.0690926821155245e-06
5,5,SPOOFING,ICMP,3.461544881702139e-05
5,5,SPOOFING,IGMP,0.0
5,5,SPOOFING,IPv,1.3962615501919574e-07
5,5,SPOOFING,LLC,6.757460655482105e-08
5,5,SPOOFING,Tot sum,0.04209137777797878
5,5,SPOOFING,Min,0.0003109484828200948
5,5,SPOOFING,Max,0.0022351492487359794
5,5,SPOOFING,AVG,0.043836017092689875
5,5,SPOOFING,Std,0.01735149403102696
5,5,SPOOFING,Tot size,0.03409474506042898
5,5,SPOOFING,IAT,0.013708751461672363
5,5,SPOOFING,Number,0.01325206526380498
5,5,SPOOFING,Variance,0.11215035836212336
5,1,WEB,Header_Length,4.4762117212826524e-06
5,1,WEB,Protocol Type,1.7193931542605623e-06
5,1,WEB,Time_To_Live,0.00018628744853259603
5,1,WEB,Rate,5.044801411580035e-06
5,1,WEB,fin_flag_number,4.311597985508231e-07
5,1,WEB,syn_flag_number,0.0001556491681387051
5,1,WEB,rst_flag_number,1.59969310393809e-07
5,1,WEB,psh_flag_number,1.7145048172934053e-06
5,1,WEB,ack_flag_number,0.00020969871474676438
5,1,WEB,ece_flag_number,0.0
5,1,WEB,cwr_flag_number,0.0
5,1,WEB,ack_count,0.00011103454353342813
5,1,WEB,syn_count,0.00014947714657154165
5,1,WEB,fin_count,3.287755703622608e-05
5,1,WEB,rst_count,1.7682329363655213e-05
5,1,WEB,HTTP,3.8213443352627664e-07
5,1,WEB,HTTPS,2.390225986026451e-07
5,1,WEB,DNS,7.322833544284955e-08
5,1,WEB,Telnet,0.0
5,1,WEB,SMTP,0.0
5,1,WEB,SSH,0.0
5,1,WEB,IRC,0.0
5,1,WEB,TCP,3.0605150786677805e-06
5,1,WEB,UDP,7.00225916082875e-05
5,1,WEB,DHCP,0.0
5,1,WEB,ARP,2.715591918157017e-07
5,1,WEB,ICMP,2.4868515157010738e-06
5,1,WEB,IGMP,1.004565341414937e-09
5,1,WEB,IPv,6.99017699606029e-07
5,1,WEB,LLC,7.89559530095605e-08
5,1,WEB,Tot sum,0.013536589791141296
5,1,WEB,Min,0.006139601620361379
5,1,WEB,Max,0.0004449395885322005
5,1,WEB,AVG,0.01253214115896526
5,1,WEB,Std,0.0005070064025403554
5,1,WEB,Tot size,0.01478783654365543
5,1,WEB,IAT,0.011059538008436221
5,1,WEB,Number,0.0007289786094133888
5,1,WEB,Variance,0.011579128416633467
5,2,WEB,Header_Length,2.1838089884340663e-05
5,2,WEB,Protocol Type,2.062236545441465e-05
5,2,WEB,Time_To_Live,0.005103090226111817
5,2,WEB,Rate,0.00012969581716788526
5,2,WEB,fin_flag_number,3.5912408680616183e-06
5,2,WEB,syn_flag_number,0.000918826984690213
5,2,WEB,rst_flag_number,8.548417022780086e-06
5,2,WEB,psh_flag_number,3.024524438615117e-05
5,2,WEB,ack_flag_number,0.006234655884327367
5,2,WEB,ece_flag_number,0.0
5,2,WEB,cwr_flag_number,0.0
5,2,WEB,ack_count,0.0005794023059934261
5,2,WEB,syn_count,0.0012494282445913996
5,2,WEB,fin_count,0.0006450644759297575
5,2,WEB,rst_count,0.0002764770992826016
5,2,WEB,HTTP,3.6080984955333406e-07
5,2,WEB,HTTPS,2.0882372012920314e-05
5,2,WEB,DNS,1.9974743402131902e-05
5,2,WEB,Telnet,0.0
5,2,WEB,SMTP,0.0
5,2,WEB,SSH,0.0
5,2,WEB,IRC,0.0
5,2,WEB,TCP,3.428673000485105e-05
5,2,WEB,UDP,0.0019177297967189588
5,2,WEB,DHCP,0.0
5,2,WEB,ARP,8.497180652183856e-06
5,2,WEB,ICMP,2.0807701515304643e-05
5,2,WEB,IGMP,0.0
5,2,WEB,IPv,1.1219195638284551e-05
5,2,WEB,LLC,1.8082341703681836e-06
5,2,WEB,Tot sum,0.22359155374579132
5,2,WEB,Min,0.0061243215256581605
5,2,WEB,Max,0.0030233562960347627
5,2,WEB,AVG,0.09663607943803072
5,2,WEB,Std,0.01664611428277567
5,2,WEB,Tot size,0.13846047446131707
5,2,WEB,IAT,0.2611861988378223
5,2,WEB,Number,0.013668439038156066
5,2,WEB,Variance,0.10773638421669603
5,3,WEB,Header_Length,6.902003811504187e-06
5,3,WEB,Protocol Type,9.47236666110074e-07
5,3,WEB,Time_To_Live,0.0012762249003571923
5,3,WEB,Rate,6.279675105336225e-06
5,3,WEB,fin_flag_number,4.0464386327210276e-07
5,3,WEB,syn_flag_number,0.00019822713627490885
5,3,WEB,rst_flag_number,3.2563889327055787e-08
5,3,WEB,psh_flag_number,1.097328279864307e-06
5,3,WEB,ack_flag_number,0.000518844632733817
5,3,WEB,ece_flag_number,0.0
5,3,WEB,cwr_flag_number,0.0
5,3,WEB,ack_count,0.0001359793020554889
5,3,WEB,syn_count,0.00022770277290646846
5,3,WEB,fin_count,8.412761785336897e-05
5,3,WEB,rst_count,2.8087610590432633e-05
5,3,WEB,HTTP,8.401735271945654e-07
5,3,WEB,HTTPS,1.7301686504822556e-06
5,3,WEB,DNS,7.926869419347068e-08
5,3,WEB,Telnet,0.0
5,3,WEB,SMTP,0.0
5,3,WEB,SSH,0.0
5,3,WEB,IRC,0.0
5,3,WEB,TCP,2.75877905160371e-06
5,3,WEB,UDP,5.059449272195593e-05
5,3,WEB,DHCP,0.0
5,3,WEB,ARP,1.2459572292352543e-07
5,3,WEB,ICMP,1.2810034408672343e-06
5,3,WEB,IGMP,0.0
5,3,WEB,IPv,2.3149438347016534e-07
5,3,WEB,LLC,2.908682760594623e-09
5,3,WEB,Tot sum,0.012374037058725662
5,3,WEB,Min,1.67697540724987e-05
5,3,WEB,Max,0.00013149446224360872
5,3,WEB,AVG,0.000758517736903741
5,3,WEB,Std,0.0018728742379607866
5,3,WEB,Tot size,0.005555970422574319
5,3,WEB,IAT,0.041966623808002625
5,3,WEB,Number,0.0017952932620687533
5,3,WEB,Variance,0.02630179013503948
5,4,WEB,Header_Length,0.000138118212714744
5,4,WEB,Protocol Type,4.410763657034522e-05
5,4,WEB,Time_To_Live,0.0025780587955523517
5,4,WEB,Rate,9.259953816922461e-05
5,4,WEB,fin_flag_number,2.3170632751923215e-06
5,4,WEB,syn_flag_number,0.0021429908514164707
5,4,WEB,rst_flag_number,0.0
5,4,WEB,psh_flag_number,1.6689449346074525e-05
5,4,WEB,ack_flag_number,0.004444480305392062
5,4,WEB,ece_flag_number,0.0
5,4,WEB,cwr_flag_number,0.0
5,4,WEB,ack_count,0.00019483761686842627
5,4,WEB,syn_count,0.0023904276612029206
5,4,WEB,fin_count,2.1904855426768678e-05
5,4,WEB,rst_count,0.0
5,4,WEB,HTTP,3.265089741765759e-05
5,4,WEB,HTTPS,1.730869992258022e-05
5,4,WEB,DNS,3.425490641006945e-06
5,4,WEB,Telnet,0.0
5,4,WEB,SMTP,0.0
5,4,WEB,SSH,0.0
5,4,WEB,IRC,0.0
5,4,WEB,TCP,5.476150462868645e-05
5,4,WEB,UDP,0.004002134289703463
5,4,WEB,DHCP,0.0
5,4,WEB,ARP,6.404070859389321e-06
5,4,WEB,ICMP,1.8824929681793278e-05
5,4,WEB,IGMP,0.0
5,4,WEB,IPv,2.0961449990863912e-05
5,4,WEB,LLC,6.526592778755003e-06
5,4,WEB,Tot sum,0.2982643370378355
5,4,WEB,Min,0.021514470079841884
5,4,WEB,Max,0.0069000853138277305
5,4,WEB,AVG,0.12016500635072588
5,4,WEB,Std,0.033397559938021
5,4,WEB,Tot size,0.1566654250957072
5,4,WEB,IAT,0.30909469200560125
5,4,WEB,Number,0.03166299531249024
5,4,WEB,Variance,0.1286238322034478
5,5,WEB,Header_Length,6.533361392939696e-05
5,5,WEB,Protocol Type,3.223923373063542e-05
5,5,WEB,Time_To_Live,0.013892906602995936
5,5,WEB,Rate,0.00010716773861645379
5,5,WEB,fin_flag_number,6.238625466892245e-06
5,5,WEB,syn_flag_number,0.0008830769926134963
5,5,WEB,rst_flag_number,3.5023506651299384e-06
5,5,WEB,psh_flag_number,1.795514734084236e-05
5,5,WEB,ack_flag_number,0.004994403023010819
5,5,WEB,ece_flag_number,0.0
5,5,WEB,cwr_flag_number,0.0
5,5,WEB,ack_count,0.0003976658559167845
5,5,WEB,syn_count,0.0009839067798338875
5,5,WEB,fin_count,0.0004636973577817116
5,5,WEB,rst_count,0.00026270099998555453
5,5,WEB,HTTP,5.401600239096638e-07
5,5,WEB,HTTPS,3.0441406433823205e-06
5,5,WEB,DNS,1.6992964271445033e-05
5,5,WEB,Telnet,0.0
5,5,WEB,SMTP,0.0
5,5,WEB,SSH,0.0
5,5,WEB,IRC,0.0
5,5,WEB,TCP,1.365294947959228e-05
5,5,WEB,UDP,0.0016572028020163999
5,5,WEB,DHCP,0.0
5,5,WEB,ARP,6.52779146494975e-06
5,5,WEB,ICMP,3.0313198497822213e-05
5,5,WEB,IGMP,0.0
5,5,WEB,IPv,9.41890292649461e-06
5,5,WEB,LLC,7.867204422917773e-07
5,5,WEB,Tot sum,0.11753069892874919
5,5,WEB,Min,1.286583262753993e-05
5,5,WEB,Max,0.0006986166998103726
5,5,WEB,AVG,0.03178478805348277
5,5,WEB,Std,0.017930041044019164
5,5,WEB,Tot size,0.09376444537192583
5,5,WEB,IAT,0.17111984969233163
5,5,WEB,Number,0.009847912565237493
5,5,WEB,Variance,0.15026532281190158
6,1,BENIGN,Header_Length,7.11299942054211e-05
6,1,BENIGN,Protocol Type,5.840850775484796e-05
6,1,BENIGN,Time_To_Live,0.059308546129614115
6,1,BENIGN,Rate,0.0004128840231942377
6,1,BENIGN,fin_flag_number,1.287138595387205e-05
6,1,BENIGN,syn_flag_number,0.005474186251376523
6,1,BENIGN,rst_flag_number,3.716541635867543e-06
6,1,BENIGN,psh_flag_number,1.0740438292167198e-05
6,1,BENIGN,ack_flag_number,0.01631252439401578
6,1,BENIGN,ece_flag_number,0.0
6,1,BENIGN,cwr_flag_number,0.0
6,1,BENIGN,ack_count,0.001649576444637546
6,1,BENIGN,syn_count,0.002383816778092296
6,1,BENIGN,fin_count,0.0009580585627190885
6,1,BENIGN,rst_count,0.0013310434839695518
6,1,BENIGN,HTTP,2.686565578535749e-06
6,1,BENIGN,HTTPS,1.6713979562155146e-05
6,1,BENIGN,DNS,2.92835458992613e-08
6,1,BENIGN,Telnet,0.0
6,1,BENIGN,SMTP,0.0
6,1,BENIGN,SSH,0.0
6,1,BENIGN,IRC,0.0
6,1,BENIGN,TCP,1.7412108884329313e-05
6,1,BENIGN,UDP,0.007219590651220642
6,1,BENIGN,DHCP,0.0
6,1,BENIGN,ARP,2.771066876547934e-05
6,1,BENIGN,ICMP,0.00010154638836752383
6,1,BENIGN,IGMP,1.8736308788902533e-07
6,1,BENIGN,IPv,1.599035787620551e-05
6,1,BENIGN,LLC,1.8725866726576612e-05
6,1,BENIGN,Tot sum,0.30628244539839217
6,1,BENIGN,Min,0.006171781018724687
6,1,BENIGN,Max,0.009618565638083965
6,1,BENIGN,AVG,0.10625216602347791
6,1,BENIGN,Std,0.07941490849480033
6,1,BENIGN,Tot size,0.039687216567108406
6,1,BENIGN,IAT,0.04698662363516633
6,1,BENIGN,Number,0.009719074922213623
6,1,BENIGN,Variance,0.29822103289188817
6,2,BENIGN,Header_Length,3.730625578342028e-05
6,2,BENIGN,Protocol Type,2.738891144815625e-06
6,2,BENIGN,Time_To_Live,0.028890809544418517
6,2,BENIGN,Rate,4.0873715483513703e-05
6,2,BENIGN,fin_flag_number,1.070654387680392e-06
6,2,BENIGN,syn_flag_number,0.0003174533086280462
6,2,BENIGN,rst_flag_number,7.049774371825635e-07
6,2,BENIGN,psh_flag_number,3.254112611261739e-07
6,2,BENIGN,ack_flag_number,0.00048110047322040826
6,2,BENIGN,ece_flag_number,0.0
6,2,BENIGN,cwr_flag_number,0.0
6,2,BENIGN,ack_count,4.228476672878401e-05
6,2,BENIGN,syn_count,0.00018079959806982515
6,2,BENIGN,fin_count,3.791059817928044e-05
6,2,BENIGN,rst_count,0.0001230905634159285
6,2,BENIGN,HTTP,2.4644483889169064e-07
6,2,BENIGN,HTTPS,1.7999692601122774e-05
6,2,BENIGN,DNS,1.0254282098564465e-07
6,2,BENIGN,Telnet,0.0
6,2,BENIGN,SMTP,0.0
6,2,BENIGN,SSH,0.0
6,2,BENIGN,IRC,0.0
6,2,BENIGN,TCP,5.833384454456692e-06
6,2,BENIGN,UDP,0.0003956726398854471
6,2,BENIGN,DHCP,0.0
6,2,BENIGN,ARP,3.404543145638745e-08
6,2,BENIGN,ICMP,2.6237057328126757e-08
6,2,BENIGN,IGMP,0.0
6,2,BENIGN,IPv,9.283276620323827e-08
6,2,BENIGN,LLC,9.857567750681264e-08
6,2,BENIGN,Tot sum,0.03344451064185705
6,2,BENIGN,Min,0.00024463042886964105
6,2,BENIGN,Max,0.0002771864423266379
6,2,BENIGN,AVG,0.0016584340715780853
6,2,BENIGN,Std,0.002418798551661894
6,2,BENIGN,Tot size,0.00367315832991153
6,2,BENIGN,IAT,0.0036037462365669628
6,2,BENIGN,Number,0.0029086305678902137
6,2,BENIGN,Variance,0.011644632981915492
6,3,BENIGN,Header_Length,0.00030276159266122703
6,3,BENIGN,Protocol Type,1.0375869146628247e-05
6,3,BENIGN,Time_To_Live,0.03644892679749319
6,3,BENIGN,Rate,0.00028080849490379477
6,3,BENIGN,fin_flag_number,1.294420763926496e-05
6,3,BENIGN,syn_flag_number,0.009945762822098914
6,3,BENIGN,rst_flag_number,2.095647851874105e-06
6,3,BENIGN,psh_flag_number,6.815424916339907e-06
6,3,BENIGN,ack_flag_number,0.011036066933593247
6,3,BENIGN,ece_flag_number,0.0
6,3,BENIGN,cwr_flag_number,0.0
6,3,BENIGN,ack_count,0.000995248403341975
6,3,BENIGN,syn_count,0.007342413035075879
6,3,BENIGN,fin_count,0.0012799627616004727
6,3,BENIGN,rst_count,0.0009641563773584494
6,3,BENIGN,HTTP,2.0696677893283775e-06
6,3,BENIGN,HTTPS,1.166976120430263e-05
6,3,BENIGN,DNS,4.099878868117635e-06
6,3,BENIGN,Telnet,0.0
6,3,BENIGN,SMTP,0.0
6,3,BENIGN,SSH,0.0
6,3,BENIGN,IRC,0.0
6,3,BENIGN,TCP,6.287579804364896e-05
6,3,BENIGN,UDP,0.0027123253188619857
6,3,BENIGN,DHCP,0.0
6,3,BENIGN,ARP,1.2460289081778208e-09
6,3,BENIGN,ICMP,1.3840693468836208e-05
6,3,BENIGN,IGMP,0.0
6,3,BENIGN,IPv,6.223838855401454e-09
6,3,BENIGN,LLC,2.3492067380281868e-08
6,3,BENIGN,Tot sum,0.2510576918721199
6,3,BENIGN,Min,0.0023885164482635446
6,3,BENIGN,Max,0.005501767445821315
6,3,BENIGN,AVG,0.024071282835211604
6,3,BENIGN,Std,0.04777957536280155
6,3,BENIGN,Tot size,0.03252493510954082
6,3,BENIGN,IAT,0.08603979266899842
6,3,BENIGN,Number,0.004691866293433123
6,3,BENIGN,Variance,0.25436300337314605
6,4,BENIGN,Header_Length,0.0001646911088869274
6,4,BENIGN,Protocol Type,2.7053236635765643e-05
6,4,BENIGN,Time_To_Live,0.0633617530016636
6,4,BENIGN,Rate,0.00013969604119665747
6,4,BENIGN,fin_flag_number,1.3382425184671476e-07
6,4,BENIGN,syn_flag_number,0.0031041314941830933
6,4,BENIGN,rst_flag_number,0.0
6,4,BENIGN,psh_flag_number,1.1482112806504575e-05
6,4,BENIGN,ack_flag_number,0.0037162939384870696
6,4,BENIGN,ece_flag_number,0.0
6,4,BENIGN,cwr_flag_number,0.0
6,4,BENIGN,ack_count,0.0002926599347119918
6,4,BENIGN,syn_count,0.00249603618576657
6,4,BENIGN,fin_count,6.474710892234725e-06
6,4,BENIGN,rst_count,0.0
6,4,BENIGN,HTTP,5.534569398224498e-07
6,4,BENIGN,HTTPS,1.938852379907985e-05
6,4,BENIGN,DNS,1.4796815150930343e-08
6,4,BENIGN,Telnet,0.0
6,4,BENIGN,SMTP,0.0
6,4,BENIGN,SSH,0.0
6,4,BENIGN,IRC,0.0
6,4,BENIGN,TCP,4.78120217792366e-05
6,4,BENIGN,UDP,0.003823640961491037
6,4,BENIGN,DHCP,0.0
6,4,BENIGN,ARP,1.0384354027337395e-06
6,4,BENIGN,ICMP,2.0244961134618935e-06
6,4,BENIGN,IGMP,0.0
6,4,BENIGN,IPv,2.1332327378331685e-06
6,4,BENIGN,LLC,3.4421937016304582e-06
6,4,BENIGN,Tot sum,0.20381673998199404
6,4,BENIGN,Min,0.014415518085297663
6,4,BENIGN,Max,0.008362609497271477
6,4,BENIGN,AVG,0.1070049845147878
6,4,BENIGN,Std,0.0580719243735075
6,4,BENIGN,Tot size,0.054836131050251424
6,4,BENIGN,IAT,0.06510727220083937
6,4,BENIGN,Number,0.008150027570081875
6,4,BENIGN,Variance,0.24569364987546577
6,5,BENIGN,Header_Length,0.000817708302633946
6,5,BENIGN,Protocol Type,1.1275109569908181e-05
6,5,BENIGN,Time_To_Live,0.31924589378468227
6,5,BENIGN,Rate,0.0007901974071273798
6,5,BENIGN,fin_flag_number,2.2327499362972957e-05
6,5,BENIGN,syn_flag_number,0.006792311083700042
6,5,BENIGN,rst_flag_number,2.676535622025966e-06
6,5,BENIGN,psh_flag_number,1.7286680978045865e-05
6,5,BENIGN,ack_flag_number,0.0273260159912752
6,5,BENIGN,ece_flag_number,0.0
6,5,BENIGN,cwr_flag_number,0.0
6,5,BENIGN,ack_count,0.003748394861683835
6,5,BENIGN,syn_count,0.00394983606547612
6,5,BENIGN,fin_count,0.0012400343849549244
6,5,BENIGN,rst_count,0.0010000687882893544
6,5,BENIGN,HTTP,1.0927009412853294e-07
6,5,BENIGN,HTTPS,9.8639775305287e-05
6,5,BENIGN,DNS,3.0943384215831315e-06
6,5,BENIGN,Telnet,0.0
6,5,BENIGN,SMTP,0.0
6,5,BENIGN,SSH,0.0
6,5,BENIGN,IRC,0.0
6,5,BENIGN,TCP,9.490941326930624e-05
6,5,BENIGN,UDP,0.0019298479187455087
6,5,BENIGN,DHCP,0.0
6,5,BENIGN,ARP,5.8824825829528745e-06
6,5,BENIGN,ICMP,1.7154674759467524e-05
6,5,BENIGN,IGMP,0.0
6,5,BENIGN,IPv,5.127606593324785e-06
6,5,BENIGN,LLC,3.9750306561447955e-06
6,5,BENIGN,Tot sum,0.8063962324988097
6,5,BENIGN,Min,0.0036656753611168822
6,5,BENIGN,Max,0.0022711336496286094
6,5,BENIGN,AVG,0.038723211735486984
6,5,BENIGN,Std,0.024377536959946156
6,5,BENIGN,Tot size,0.07334798979572951
6,5,BENIGN,IAT,0.037701184122124684
6,5,BENIGN,Number,0.01049330419882608
6,5,BENIGN,Variance,0.1788523315452039
6,2,BRUTEFORCE,Header_Length,2.1846859391416727e-05
6,2,BRUTEFORCE,Protocol Type,3.303224630357704e-06
6,2,BRUTEFORCE,Time_To_Live,0.0001210919237205843
6,2,BRUTEFORCE,Rate,1.8214110293968134e-05
6,2,BRUTEFORCE,fin_flag_number,2.2279322725776706e-06
6,2,BRUTEFORCE,syn_flag_number,5.130955814607319e-05
6,2,BRUTEFORCE,rst_flag_number,3.0584823518253756e-07
6,2,BRUTEFORCE,psh_flag_number,1.2574289034728015e-06
6,2,BRUTEFORCE,ack_flag_number,0.005310149046272273
6,2,BRUTEFORCE,ece_flag_number,0.0
6,2,BRUTEFORCE,cwr_flag_number,0.0
6,2,BRUTEFORCE,ack_count,0.00010839254535994769
6,2,BRUTEFORCE,syn_count,0.00022603586951390752
6,2,BRUTEFORCE,fin_count,3.561507086722315e-05
6,2,BRUTEFORCE,rst_count,0.00029480400181682855
6,2,BRUTEFORCE,HTTP,0.0
6,2,BRUTEFORCE,HTTPS,4.105710452328992e-06
6,2,BRUTEFORCE,DNS,2.989947353940203e-10
6,2,BRUTEFORCE,Telnet,0.0
6,2,BRUTEFORCE,SMTP,0.0
6,2,BRUTEFORCE,SSH,4.493884299705541e-06
6,2,BRUTEFORCE,IRC,0.0
6,2,BRUTEFORCE,TCP,3.5427009381194806e-06
6,2,BRUTEFORCE,UDP,0.00017941346794714264
6,2,BRUTEFORCE,DHCP,0.0
6,2,BRUTEFORCE,ARP,6.652790701014433e-07
6,2,BRUTEFORCE,ICMP,7.824535184219882e-08
6,2,BRUTEFORCE,IGMP,0.0
6,2,BRUTEFORCE,IPv,1.0957747887119229e-07
6,2,BRUTEFORCE,LLC,2.451537303627474e-07
6,2,BRUTEFORCE,Tot sum,0.015024132694816218
6,2,BRUTEFORCE,Min,0.00015860771127336194
6,2,BRUTEFORCE,Max,0.00025432742459088333
6,2,BRUTEFORCE,AVG,0.005245638003543718
6,2,BRUTEFORCE,Std,0.001368107723101275
6,2,BRUTEFORCE,Tot size,0.002772960130823776
6,2,BRUTEFORCE,IAT,0.007124011183987022
6,2,BRUTEFORCE,Number,0.0015709910112491343
6,2,BRUTEFORCE,Variance,0.028742999109090304
6,3,BRUTEFORCE,Header_Length,2.1744791317601652e-05
6,3,BRUTEFORCE,Protocol Type,2.399600245928113e-06
6,3,BRUTEFORCE,Time_To_Live,0.003898630755429622
6,3,BRUTEFORCE,Rate,1.975741167186129e-05
6,3,BRUTEFORCE,fin_flag_number,8.718268525553796e-06
6,3,BRUTEFORCE,syn_flag_number,0.0016571541800658451
6,3,BRUTEFORCE,rst_flag_number,4.1540982592680464e-07
6,3,BRUTEFORCE,psh_flag_number,2.8698611101114767e-06
6,3,BRUTEFORCE,ack_flag_number,0.003924980186820903
6,3,BRUTEFORCE,ece_flag_number,0.0
6,3,BRUTEFORCE,cwr_flag_number,0.0
6,3,BRUTEFORCE,ack_count,0.00028925917814035527
6,3,BRUTEFORCE,syn_count,0.0007524512973532182
6,3,BRUTEFORCE,fin_count,0.0001172988091795446
6,3,BRUTEFORCE,rst_count,0.00021183660261385738
6,3,BRUTEFORCE,HTTP,4.269277269486338e-07
6,3,BRUTEFORCE,HTTPS,1.1729559195927663e-06
6,3,BRUTEFORCE,DNS,3.087388325828666e-08
6,3,BRUTEFORCE,Telnet,0.0
6,3,BRUTEFORCE,SMTP,0.0
6,3,BRUTEFORCE,SSH,3.731922697625123e-06
6,3,BRUTEFORCE,IRC,0.0
6,3,BRUTEFORCE,TCP,1.6701382069328473e-06
6,3,BRUTEFORCE,UDP,0.0002001751795283724
6,3,BRUTEFORCE,DHCP,0.0
6,3,BRUTEFORCE,ARP,1.9495863910503653e-05
6,3,BRUTEFORCE,ICMP,2.9699817739636813e-05
6,3,BRUTEFORCE,IGMP,1.3013180932830437e-07
6,3,BRUTEFORCE,IPv,3.0616133977802396e-06
6,3,BRUTEFORCE,LLC,8.936704626414e-06
6,3,BRUTEFORCE,Tot sum,0.03789813848925405
6,3,BRUTEFORCE,Min,9.83628510851986e-05
6,3,BRUTEFORCE,Max,0.0013929637953879136
6,3,BRUTEFORCE,AVG,0.01448185752669815
6,3,BRUTEFORCE,Std,0.01231037262477912
6,3,BRUTEFORCE,Tot size,0.00495072165504098
6,3,BRUTEFORCE,IAT,0.054164109779230786
6,3,BRUTEFORCE,Number,0.0023061974272422956
6,3,BRUTEFORCE,Variance,0.08268920949703898
6,4,BRUTEFORCE,Header_Length,2.801602188782226e-05
6,4,BRUTEFORCE,Protocol Type,2.102832800883192e-05
6,4,BRUTEFORCE,Time_To_Live,0.0038431022886342703
6,4,BRUTEFORCE,Rate,4.184500788433354e-05
6,4,BRUTEFORCE,fin_flag_number,1.9331914551199564e-06
6,4,BRUTEFORCE,syn_flag_number,0.001022983765733443
6,4,BRUTEFORCE,rst_flag_number,1.1077205499532284e-07
6,4,BRUTEFORCE,psh_flag_number,7.124854886342291e-06
6,4,BRUTEFORCE,ack_flag_number,0.005929837983603648
6,4,BRUTEFORCE,ece_flag_number,0.0
6,4,BRUTEFORCE,cwr_flag_number,0.0
6,4,BRUTEFORCE,ack_count,0.0003637544451351005
6,4,BRUTEFORCE,syn_count,0.0014481715970305232
6,4,BRUTEFORCE,fin_count,8.093808799292113e-06
6,4,BRUTEFORCE,rst_count,1.6042790957726538e-05
6,4,BRUTEFORCE,HTTP,1.5610143998096535e-07
6,4,BRUTEFORCE,HTTPS,6.593813536959203e-06
6,4,BRUTEFORCE,DNS,1.6349846191587859e-06
6,4,BRUTEFORCE,Telnet,0.0
6,4,BRUTEFORCE,SMTP,0.0
6,4,BRUTEFORCE,SSH,5.685078849637648e-06
6,4,BRUTEFORCE,IRC,0.0
6,4,BRUTEFORCE,TCP,1.4651321881453683e-05
6,4,BRUTEFORCE,UDP,0.0007724881329735922
6,4,BRUTEFORCE,DHCP,0.0
6,4,BRUTEFORCE,ARP,2.034846693277359e-06
6,4,BRUTEFORCE,ICMP,9.577899503489252e-07
6,4,BRUTEFORCE,IGMP,0.0
6,4,BRUTEFORCE,IPv,1.7593648635738645e-07
6,4,BRUTEFORCE,LLC,1.3420623872661963e-06
6,4,BRUTEFORCE,Tot sum,0.05256429772125557
6,4,BRUTEFORCE,Min,0.0003532145514327567
6,4,BRUTEFORCE,Max,0.001149121149705934
6,4,BRUTEFORCE,AVG,0.016184693198738387
6,4,BRUTEFORCE,Std,0.007255284210623358
6,4,BRUTEFORCE,Tot size,0.009999856661306695
6,4,BRUTEFORCE,IAT,0.05190872375342224
6,4,BRUTEFORCE,Number,0.006580762920384587
6,4,BRUTEFORCE,Variance,0.05433349236191134
6,5,BRUTEFORCE,Header_Length,1.3462073729186841e-05
6,5,BRUTEFORCE,Protocol Type,2.006359848762962e-05
6,5,BRUTEFORCE,Time_To_Live,0.0022151131671307666
6,5,BRUTEFORCE,Rate,2.2188441740045305e-05
6,5,BRUTEFORCE,fin_flag_number,1.1069917076111934e-06
6,5,BRUTEFORCE,syn_flag_number,0.00021831454400853545
6,5,BRUTEFORCE,rst_flag_number,5.262383651505331e-07
6,5,BRUTEFORCE,psh_flag_number,6.827346315130267e-07
6,5,BRUTEFORCE,ack_flag_number,0.0030104134974862974
6,5,BRUTEFORCE,ece_flag_number,0.0
6,5,BRUTEFORCE,cwr_flag_number,0.0
6,5,BRUTEFORCE,ack_count,4.967707820533462e-05
6,5,BRUTEFORCE,syn_count,0.00030212386620860344
6,5,BRUTEFORCE,fin_count,9.118655995621339e-05
6,5,BRUTEFORCE,rst_count,0.00034458909246382063
6,5,BRUTEFORCE,HTTP,3.9985979222167956e-08
6,5,BRUTEFORCE,HTTPS,1.5357802233495478e-06
6,5,BRUTEFORCE,DNS,1.8061332902052918e-06
6,5,BRUTEFORCE,Telnet,0.0
6,5,BRUTEFORCE,SMTP,0.0
6,5,BRUTEFORCE,SSH,1.7205298561862036e-06
6,5,BRUTEFORCE,IRC,0.0
6,5,BRUTEFORCE,TCP,8.48101663137868e-06
6,5,BRUTEFORCE,UDP,9.569144096985838e-05
6,5,BRUTEFORCE,DHCP,0.0
6,5,BRUTEFORCE,ARP,3.8741385459672984e-07
6,5,BRUTEFORCE,ICMP,1.800518723946709e-05
6,5,BRUTEFORCE,IGMP,0.0
6,5,BRUTEFORCE,IPv,3.208356231065683e-08
6,5,BRUTEFORCE,LLC,2.1588583258291826e-07
6,5,BRUTEFORCE,Tot sum,0.026028725708601996
6,5,BRUTEFORCE,Min,0.00016304713569326168
6,5,BRUTEFORCE,Max,0.0004329845048232528
6,5,BRUTEFORCE,AVG,0.006084692064905539
6,5,BRUTEFORCE,Std,0.0027521724172402174
6,5,BRUTEFORCE,Tot size,0.003181094751926139
6,5,BRUTEFORCE,IAT,0.013366205424790677
6,5,BRUTEFORCE,Number,0.0024711787815249408
6,5,BRUTEFORCE,Variance,0.02249417402781546
6,1,DDOS,Header_Length,0.007863405243551825
6,1,DDOS,Protocol Type,0.00030298656141098946
6,1,DDOS,Time_To_Live,0.0012779048648553725
6,1,DDOS,Rate,0.002428130305634113
6,1,DDOS,fin_flag_number,8.84301616679295e-05
6,1,DDOS,syn_flag_number,0.01832748872220691
6,1,DDOS,rst_flag_number,2.333038416963973e-05
6,1,DDOS,psh_flag_number,0.00014925950235920027
6,1,DDOS,ack_flag_number,0.0030952536588301884
6,1,DDOS,ece_flag_number,0.0
6,1,DDOS,cwr_flag_number,0.0
6,1,DDOS,ack_count,0.003214899654267356
6,1,DDOS,syn_count,0.011245572182815522
6,1,DDOS,fin_count,0.022449298040010036
6,1,DDOS,rst_count,0.003756148199317977
6,1,DDOS,HTTP,5.933804186497582e-05
6,1,DDOS,HTTPS,3.169654278281087e-05
6,1,DDOS,DNS,6.323099247529384e-08
6,1,DDOS,Telnet,0.0
6,1,DDOS,SMTP,0.0
6,1,DDOS,SSH,0.0
6,1,DDOS,IRC,0.0
6,1,DDOS,TCP,0.004895895457593724
6,1,DDOS,UDP,0.009437645948491991
6,1,DDOS,DHCP,0.0
6,1,DDOS,ARP,1.0915093383800923e-06
6,1,DDOS,ICMP,0.0010518945806325063
6,1,DDOS,IGMP,4.4333829225806646e-09
6,1,DDOS,IPv,6.001245438369551e-07
6,1,DDOS,LLC,9.26875945528316e-07
6,1,DDOS,Tot sum,0.03304670486832038
6,1,DDOS,Min,0.002514393115416169
6,1,DDOS,Max,0.004158367001218721
6,1,DDOS,AVG,0.01995990164577961
6,1,DDOS,Std,0.009058510212344117
6,1,DDOS,Tot size,0.016376813454553486
6,1,DDOS,IAT,0.0013580705803178717
6,1,DDOS,Number,0.00031887465734143917
6,1,DDOS,Variance,0.04924604599364102
6,2,DDOS,Header_Length,0.05216532752783678
6,2,DDOS,Protocol Type,0.0008310534561815075
6,2,DDOS,Time_To_Live,0.0015971289460139815
6,2,DDOS,Rate,0.0032562891279667382
6,2,DDOS,fin_flag_number,0.0004195420212795398
6,2,DDOS,syn_flag_number,0.012582547694910318
6,2,DDOS,rst_flag_number,8.31195899468895e-05
6,2,DDOS,psh_flag_number,0.0005845836436871881
6,2,DDOS,ack_flag_number,0.03112019258669534
6,2,DDOS,ece_flag_number,0.0
6,2,DDOS,cwr_flag_number,0.0
6,2,DDOS,ack_count,0.03487850674791844
6,2,DDOS,syn_count,0.025940307893324643
6,2,DDOS,fin_count,0.1094721366185695
6,2,DDOS,rst_count,0.06680292159726378
6,2,DDOS,HTTP,0.00011742254719138145
6,2,DDOS,HTTPS,0.00012621908164760497
6,2,DDOS,DNS,3.163762677393933e-08
6,2,DDOS,Telnet,0.0
6,2,DDOS,SMTP,0.0
6,2,DDOS,SSH,0.0
6,2,DDOS,IRC,0.0
6,2,DDOS,TCP,0.02774040043059358
6,2,DDOS,UDP,0.052441353420726956
6,2,DDOS,DHCP,0.0
6,2,DDOS,ARP,1.138133214340087e-08
6,2,DDOS,ICMP,0.0010467675939281663
6,2,DDOS,IGMP,0.0
6,2,DDOS,IPv,5.862931662381499e-09
6,2,DDOS,LLC,1.831407354657699e-08
6,2,DDOS,Tot sum,0.023850573529489338
6,2,DDOS,Min,0.0013686282269190996
6,2,DDOS,Max,0.0067870638449676335
6,2,DDOS,AVG,0.02894366723485291
6,2,DDOS,Std,0.014228728413581849
6,2,DDOS,Tot size,0.03224939701613039
6,2,DDOS,IAT,0.00951006062414308
6,2,DDOS,Number,0.000529728615856584
6,2,DDOS,Variance,0.04191596751334146
6,3,DDOS,Header_Length,0.008272614888846874
6,3,DDOS,Protocol Type,0.0009230945895978948
6,3,DDOS,Time_To_Live,0.0007030186920019332
6,3,DDOS,Rate,0.0010811651656695176
6,3,DDOS,fin_flag_number,0.00010664145320333773
6,3,DDOS,syn_flag_number,0.03613630598410964
6,3,DDOS,rst_flag_number,2.7376489893526922e-05
6,3,DDOS,psh_flag_number,0.0002846873685484752
6,3,DDOS,ack_flag_number,0.007921758775046328
6,3,DDOS,ece_flag_number,0.0
6,3,DDOS,cwr_flag_number,0.0
6,3,DDOS,ack_count,0.009648639510851353
6,3,DDOS,syn_count,0.03975280888844281
6,3,DDOS,fin_count,0.02841399107128382
6,3,DDOS,rst_count,0.015380218031350524
6,3,DDOS,HTTP,5.280794575810432e-05
6,3,DDOS,HTTPS,9.209561540046707e-07
6,3,DDOS,DNS,8.51360738920448e-06
6,3,DDOS,Telnet,0.0
6,3,DDOS,SMTP,0.0
6,3,DDOS,SSH,0.0
6,3,DDOS,IRC,0.0
6,3,DDOS,TCP,0.0033986352442298084
6,3,DDOS,UDP,0.019687979598529637
6,3,DDOS,DHCP,0.0
6,3,DDOS,ARP,6.49972058097692e-07
6,3,DDOS,ICMP,0.0007702857514232164
6,3,DDOS,IGMP,0.0
6,3,DDOS,IPv,2.6086202078445806e-07
6,3,DDOS,LLC,2.4816648278025433e-07
6,3,DDOS,Tot sum,0.028310083434917033
6,3,DDOS,Min,0.001111430351738818
6,3,DDOS,Max,0.0020291921478928997
6,3,DDOS,AVG,0.017324000597000122
6,3,DDOS,Std,0.006878312327899039
6,3,DDOS,Tot size,0.031721376720815896
6,3,DDOS,IAT,0.0004942126251989976
6,3,DDOS,Number,0.0
6,3,DDOS,Variance,0.01882031492132228
6,4,DDOS,Header_Length,0.04259156740736216
6,4,DDOS,Protocol Type,0.001636545791552635
6,4,DDOS,Time_To_Live,0.005990264553111047
6,4,DDOS,Rate,0.0034613997369888237
6,4,DDOS,fin_flag_number,0.00037872146581321433
6,4,DDOS,syn_flag_number,0.03502061133040115
6,4,DDOS,rst_flag_number,0.00011068587773479521
6,4,DDOS,psh_flag_number,0.0
6,4,DDOS,ack_flag_number,0.0011021841659385246
6,4,DDOS,ece_flag_number,0.0
6,4,DDOS,cwr_flag_number,0.0
6,4,DDOS,ack_count,0.0009335311580798589
6,4,DDOS,syn_count,0.04706404516473413
6,4,DDOS,fin_count,0.10831028687389335
6,4,DDOS,rst_count,0.03737246692180633
6,4,DDOS,HTTP,8.704997014774562e-07
6,4,DDOS,HTTPS,0.0032947150146355854
6,4,DDOS,DNS,2.765672434179578e-06
6,4,DDOS,Telnet,0.0
6,4,DDOS,SMTP,0.0
6,4,DDOS,SSH,0.0
6,4,DDOS,IRC,0.0
6,4,DDOS,TCP,0.020161033910699188
6,4,DDOS,UDP,0.08503215712262317
6,4,DDOS,DHCP,0.0
6,4,DDOS,ARP,2.1981374447932468e-05
6,4,DDOS,ICMP,0.0018793103365851494
6,4,DDOS,IGMP,0.0
6,4,DDOS,IPv,5.01370886922814e-06
6,4,DDOS,LLC,1.61516378284432e-05
6,4,DDOS,Tot sum,0.0397334064822644
6,4,DDOS,Min,0.0008168878717697226
6,4,DDOS,Max,0.0015328333945944905
6,4,DDOS,AVG,0.010266195004805922
6,4,DDOS,Std,0.007308549306981149
6,4,DDOS,Tot size,0.012420097214635462
6,4,DDOS,IAT,0.00834968037524959
6,4,DDOS,Number,0.0004795032407855615
6,4,DDOS,Variance,0.004971372266300023
6,5,DDOS,Header_Length,0.02096631416534365
6,5,DDOS,Protocol Type,0.0005602778731372382
6,5,DDOS,Time_To_Live,0.0012876851309556515
6,5,DDOS,Rate,0.004059281917761837
6,5,DDOS,fin_flag_number,0.00014431084553052643
6,5,DDOS,syn_flag_number,0.012053743256547022
6,5,DDOS,rst_flag_number,5.5833899985202606e-05
6,5,DDOS,psh_flag_number,0.0001149039123959028
6,5,DDOS,ack_flag_number,0.003175062079390045
6,5,DDOS,ece_flag_number,0.0
6,5,DDOS,cwr_flag_number,0.0
6,5,DDOS,ack_count,0.0027664687993819827
6,5,DDOS,syn_count,0.02412149985320866
6,5,DDOS,fin_count,0.027880514808930456
6,5,DDOS,rst_count,0.01134720436821226
6,5,DDOS,HTTP,3.252158037181374e-06
6,5,DDOS,HTTPS,0.0018328531771544475
6,5,DDOS,DNS,1.462403115226607e-06
6,5,DDOS,Telnet,0.0
6,5,DDOS,SMTP,0.0
6,5,DDOS,SSH,0.0
6,5,DDOS,IRC,0.0
6,5,DDOS,TCP,0.009166774139566769
6,5,DDOS,UDP,0.031918924767524004
6,5,DDOS,DHCP,0.0
6,5,DDOS,ARP,4.100904151815854e-08
6,5,DDOS,ICMP,0.0008941656251408858
6,5,DDOS,IGMP,0.0
6,5,DDOS,IPv,1.4487199511137306e-07
6,5,DDOS,LLC,1.017938227931836e-07
6,5,DDOS,Tot sum,0.35934101790189743
6,5,DDOS,Min,0.0001640410122490721
6,5,DDOS,Max,0.006599075274425559
6,5,DDOS,AVG,0.07052108234493062
6,5,DDOS,Std,0.02503654275787994
6,5,DDOS,Tot size,0.07326459027826786
6,5,DDOS,IAT,0.0033575844812730794
6,5,DDOS,Number,0.0008912468943663044
6,5,DDOS,Variance,0.7254870372940786
6,1,DOS,Header_Length,0.00696910305559868
6,1,DOS,Protocol Type,0.0008599290587881115
6,1,DOS,Time_To_Live,0.0003585458172892686
6,1,DOS,Rate,0.0020975046456442213
6,1,DOS,fin_flag_number,5.250482709016069e-05
6,1,DOS,syn_flag_number,0.01854559364146553
6,1,DOS,rst_flag_number,2.2126622343421332e-05
6,1,DOS,psh_flag_number,0.00013854185453965329
6,1,DOS,ack_flag_number,0.005075307740480639
6,1,DOS,ece_flag_number,0.0
6,1,DOS,cwr_flag_number,0.0
6,1,DOS,ack_count,0.008079418406123296
6,1,DOS,syn_count,0.011450296291150153
6,1,DOS,fin_count,0.011482730926945805
6,1,DOS,rst_count,0.003621843131259084
6,1,DOS,HTTP,2.879684338950028e-05
6,1,DOS,HTTPS,1.86424524144968e-05
6,1,DOS,DNS,1.757415657444028e-10
6,1,DOS,Telnet,0.0
6,1,DOS,SMTP,0.0
6,1,DOS,SSH,0.0
6,1,DOS,IRC,0.0
6,1,DOS,TCP,0.005054491077316925
6,1,DOS,UDP,0.042945995746413244
6,1,DOS,DHCP,0.0
6,1,DOS,ARP,1.1346427584157937e-06
6,1,DOS,ICMP,0.0015766983444336802
6,1,DOS,IGMP,7.363949953674564e-08
6,1,DOS,IPv,6.71896010828732e-07
6,1,DOS,LLC,1.7981351874141183e-06
6,1,DOS,Tot sum,0.0040479372140907795
6,1,DOS,Min,0.00042325637623434885
6,1,DOS,Max,0.003219044135767035
6,1,DOS,AVG,0.0038314826437272132
6,1,DOS,Std,0.0070768668465461815
6,1,DOS,Tot size,0.0016227729502134025
6,1,DOS,IAT,0.0026621091004926712
6,1,DOS,Number,4.8849078899593225e-05
6,1,DOS,Variance,0.021916483235600026
6,2,DOS,Header_Length,0.0073261295062366115
6,2,DOS,Protocol Type,0.001809226893237792
6,2,DOS,Time_To_Live,0.003464280777552631
6,2,DOS,Rate,0.004940853393782163
6,2,DOS,fin_flag_number,0.00021107090597070056
6,2,DOS,syn_flag_number,0.005066506111324998
6,2,DOS,rst_flag_number,0.0002436725786964189
6,2,DOS,psh_flag_number,1.3224473464149012e-07
6,2,DOS,ack_flag_number,0.022800578710302943
6,2,DOS,ece_flag_number,0.0
6,2,DOS,cwr_flag_number,0.0
6,2,DOS,ack_count,0.021624762874125736
6,2,DOS,syn_count,0.006100637852796353
6,2,DOS,fin_count,0.0969027598737739
6,2,DOS,rst_count,0.042369088542182
6,2,DOS,HTTP,0.0011607542634010314
6,2,DOS,HTTPS,0.0005575039885115984
6,2,DOS,DNS,4.5648456037383765e-08
6,2,DOS,Telnet,0.0
6,2,DOS,SMTP,0.0
6,2,DOS,SSH,0.0
6,2,DOS,IRC,0.0
6,2,DOS,TCP,0.005918183206085814
6,2,DOS,UDP,0.029449977545300498
6,2,DOS,DHCP,0.0
6,2,DOS,ARP,3.1356905498824973e-07
6,2,DOS,ICMP,1.6211154749257162e-05
6,2,DOS,IGMP,0.0
6,2,DOS,IPv,2.3136721356564748e-07
6,2,DOS,LLC,1.6770754642791986e-07
6,2,DOS,Tot sum,0.20142170544713736
6,2,DOS,Min,0.011895103543065489
6,2,DOS,Max,0.00942468005232513
6,2,DOS,AVG,0.11726616658270358
6,2,DOS,Std,0.015833359985845164
6,2,DOS,Tot size,0.027783260261639953
6,2,DOS,IAT,0.002478789167071227
6,2,DOS,Number,0.001021474794833921
6,2,DOS,Variance,0.08690591398626565
6,3,DOS,Header_Length,0.005693726978279301
6,3,DOS,Protocol Type,0.0013120836481903097
6,3,DOS,Time_To_Live,0.004396288217321853
6,3,DOS,Rate,0.0012269977884898254
6,3,DOS,fin_flag_number,8.744862284402189e-05
6,3,DOS,syn_flag_number,0.014551965333521367
6,3,DOS,rst_flag_number,5.829526211869052e-05
6,3,DOS,psh_flag_number,0.00025402942702044127
6,3,DOS,ack_flag_number,0.006891851246473379
6,3,DOS,ece_flag_number,0.0
6,3,DOS,cwr_flag_number,0.0
6,3,DOS,ack_count,0.013876962719950824
6,3,DOS,syn_count,0.020624391129240395
6,3,DOS,fin_count,0.03475401062696619
6,3,DOS,rst_count,0.014921130816219375
6,3,DOS,HTTP,5.670309377592275e-09
6,3,DOS,HTTPS,1.637598219872416e-06
6,3,DOS,DNS,2.6603608901609733e-06
6,3,DOS,Telnet,0.0
6,3,DOS,SMTP,0.0
6,3,DOS,SSH,0.0
6,3,DOS,IRC,0.0
6,3,DOS,TCP,0.0029607741391373564
6,3,DOS,UDP,0.027681636734632774
6,3,DOS,DHCP,0.0
6,3,DOS,ARP,1.9604907552928096e-08
6,3,DOS,ICMP,0.0007339438829149003
6,3,DOS,IGMP,0.0
6,3,DOS,IPv,1.8370872623130195e-08
6,3,DOS,LLC,2.5963230709802333e-08
6,3,DOS,Tot sum,0.1639414753764868
6,3,DOS,Min,0.009874763991683721
6,3,DOS,Max,0.01855762262130156
6,3,DOS,AVG,0.10635761227458715
6,3,DOS,Std,0.03555809275712818
6,3,DOS,Tot size,0.029052931242040357
6,3,DOS,IAT,0.0005130887919676752
6,3,DOS,Number,0.0
6,3,DOS,Variance,0.17193372049368918
6,4,DOS,Header_Length,0.005774802626183373
6,4,DOS,Protocol Type,0.0007209022678580368
6,4,DOS,Time_To_Live,0.011783332470804453
6,4,DOS,Rate,0.0022738318279152737
6,4,DOS,fin_flag_number,4.430407507527434e-07
6,4,DOS,syn_flag_number,0.016560921253403648
6,4,DOS,rst_flag_number,1.5030653230496683e-06
6,4,DOS,psh_flag_number,0.0
6,4,DOS,ack_flag_number,0.0024852157635905313
6,4,DOS,ece_flag_number,0.0
6,4,DOS,cwr_flag_number,0.0
6,4,DOS,ack_count,0.002575553184215096
6,4,DOS,syn_count,0.011002048756927252
6,4,DOS,fin_count,5.827254084351807e-05
6,4,DOS,rst_count,0.0016931168735027312
6,4,DOS,HTTP,5.583276119267566e-05
6,4,DOS,HTTPS,0.0017574675370724436
6,4,DOS,DNS,0.0
6,4,DOS,Telnet,0.0
6,4,DOS,SMTP,0.0
6,4,DOS,SSH,0.0
6,4,DOS,IRC,0.0
6,4,DOS,TCP,0.004579024064878467
6,4,DOS,UDP,0.021106414461974053
6,4,DOS,DHCP,0.0
6,4,DOS,ARP,0.0
6,4,DOS,ICMP,7.460999415798142e-05
6,4,DOS,IGMP,0.0
6,4,DOS,IPv,0.0
6,4,DOS,LLC,0.0
6,4,DOS,Tot sum,0.11007741335779428
6,4,DOS,Min,0.012419089395552873
6,4,DOS,Max,0.017858708481071517
6,4,DOS,AVG,0.06008284538984299
6,4,DOS,Std,0.03464796762928017
6,4,DOS,Tot size,0.01598790748976171
6,4,DOS,IAT,0.0016794830610251665
6,4,DOS,Number,0.0010948771559924353
6,4,DOS,Variance,0.0795844830412534
6,5,DOS,Header_Length,0.008816265976565773
6,5,DOS,Protocol Type,0.0008505918653099797
6,5,DOS,Time_To_Live,0.0012974554745596833
6,5,DOS,Rate,0.0032557440401433267
6,5,DOS,fin_flag_number,0.0001000779361675086
6,5,DOS,syn_flag_number,0.005119125407509273
6,5,DOS,rst_flag_number,4.0915325553214646e-05
6,5,DOS,psh_flag_number,8.601209356129402e-05
6,5,DOS,ack_flag_number,0.003765951711102389
6,5,DOS,ece_flag_number,0.0
6,5,DOS,cwr_flag_number,0.0
6,5,DOS,ack_count,0.004330602508707671
6,5,DOS,syn_count,0.011125779384747148
6,5,DOS,fin_count,0.017404088098555804
6,5,DOS,rst_count,0.0029560184455476703
6,5,DOS,HTTP,7.675147599028875e-06
6,5,DOS,HTTPS,0.0011653661303171249
6,5,DOS,DNS,1.0974843419830905e-06
6,5,DOS,Telnet,0.0
6,5,DOS,SMTP,0.0
6,5,DOS,SSH,0.0
6,5,DOS,IRC,0.0
6,5,DOS,TCP,0.005024178059829865
6,5,DOS,UDP,0.04398617099504918
6,5,DOS,DHCP,0.0
6,5,DOS,ARP,3.797841066521812e-07
6,5,DOS,ICMP,0.0005036860919062746
6,5,DOS,IGMP,0.0
6,5,DOS,IPv,1.3070015789651279e-07
6,5,DOS,LLC,4.3718582709573184e-07
6,5,DOS,Tot sum,0.18243106063455344
6,5,DOS,Min,0.011109860118676807
6,5,DOS,Max,0.0043536887154914435
6,5,DOS,AVG,0.09190785002429039
6,5,DOS,Std,0.012011882849037647
6,5,DOS,Tot size,0.022284838021732867
6,5,DOS,IAT,0.005425674145953963
6,5,DOS,Number,0.0030770569424532824
6,5,DOS,Variance,0.06147978196386248
6,1,MIRAI,Header_Length,0.0001259377968381159
6,1,MIRAI,Protocol Type,0.00024116007334669122
6,1,MIRAI,Time_To_Live,6.486372185463552e-05
6,1,MIRAI,Rate,0.00017290758441959042
6,1,MIRAI,fin_flag_number,2.7900058682917004e-06
6,1,MIRAI,syn_flag_number,0.006012998521327972
6,1,MIRAI,rst_flag_number,9.962250760509051e-06
6,1,MIRAI,psh_flag_number,4.989630701857095e-06
6,1,MIRAI,ack_flag_number,0.0017681016790447757
6,1,MIRAI,ece_flag_number,0.0
6,1,MIRAI,cwr_flag_number,0.0
6,1,MIRAI,ack_count,0.001993942481931299
6,1,MIRAI,syn_count,0.007082699937745929
6,1,MIRAI,fin_count,0.002794961701147258
6,1,MIRAI,rst_count,0.0013895390671677887
6,1,MIRAI,HTTP,7.5753119517685265e-06
6,1,MIRAI,HTTPS,1.3515722741885837e-06
6,1,MIRAI,DNS,3.1049248191417076e-07
6,1,MIRAI,Telnet,0.0
6,1,MIRAI,SMTP,0.0
6,1,MIRAI,SSH,0.0
6,1,MIRAI,IRC,0.0
6,1,MIRAI,TCP,4.038295192003716e-05
6,1,MIRAI,UDP,0.005715796486765612
6,1,MIRAI,DHCP,0.0
6,1,MIRAI,ARP,7.300407663279884e-07
6,1,MIRAI,ICMP,8.444575050816638e-05
6,1,MIRAI,IGMP,2.8484962371067014e-07
6,1,MIRAI,IPv,2.64703454888604e-07
6,1,MIRAI,LLC,7.629462970726308e-07
6,1,MIRAI,Tot sum,0.9117835074663162
6,1,MIRAI,Min,0.038262716127792376
6,1,MIRAI,Max,0.018303384911268948
6,1,MIRAI,AVG,0.6794790983200073
6,1,MIRAI,Std,0.03903301397804171
6,1,MIRAI,Tot size,0.5431914299726486
6,1,MIRAI,IAT,0.0002462247692164965
6,1,MIRAI,Number,0.00024618562165414917
6,1,MIRAI,Variance,0.12138577764853835
6,2,MIRAI,Header_Length,6.344088833429851e-05
6,2,MIRAI,Protocol Type,0.0001848510295531014
6,2,MIRAI,Time_To_Live,0.0002737620347033953
6,2,MIRAI,Rate,0.0001078005766885326
6,2,MIRAI,fin_flag_number,1.8246130537136196e-06
6,2,MIRAI,syn_flag_number,0.003968977881595492
6,2,MIRAI,rst_flag_number,1.1471150173747446e-05
6,2,MIRAI,psh_flag_number,1.7352706325191036e-07
6,2,MIRAI,ack_flag_number,4.6751964055147256e-05
6,2,MIRAI,ece_flag_number,0.0
6,2,MIRAI,cwr_flag_number,0.0
6,2,MIRAI,ack_count,0.00010174507933697896
6,2,MIRAI,syn_count,0.00466682412661612
6,2,MIRAI,fin_count,0.0007360700372373685
6,2,MIRAI,rst_count,0.000898782690637745
6,2,MIRAI,HTTP,0.0
6,2,MIRAI,HTTPS,5.278814279563449e-06
6,2,MIRAI,DNS,9.386754440399158e-09
6,2,MIRAI,Telnet,0.0
6,2,MIRAI,SMTP,0.0
6,2,MIRAI,SSH,0.0
6,2,MIRAI,IRC,0.0
6,2,MIRAI,TCP,2.6707685609217437e-05
6,2,MIRAI,UDP,0.017803122731857003
6,2,MIRAI,DHCP,0.0
6,2,MIRAI,ARP,3.176384240077823e-07
6,2,MIRAI,ICMP,2.72210127860717e-07
6,2,MIRAI,IGMP,1.2481875728553858e-07
6,2,MIRAI,IPv,1.3180175373328495e-07
6,2,MIRAI,LLC,1.8715763392407325e-07
6,2,MIRAI,Tot sum,0.8252990018576384
6,2,MIRAI,Min,0.07194037288572872
6,2,MIRAI,Max,0.02110742274671793
6,2,MIRAI,AVG,0.7064481765031815
6,2,MIRAI,Std,0.037440591817721726
6,2,MIRAI,Tot size,0.3511335328221321
6,2,MIRAI,IAT,0.0004179919902526308
6,2,MIRAI,Number,0.0005336465983418748
6,2,MIRAI,Variance,0.25152125507593154
6,3,MIRAI,Header_Length,4.173478992015589e-05
6,3,MIRAI,Protocol Type,0.00017838468556874432
6,3,MIRAI,Time_To_Live,0.0002365881292917038
6,3,MIRAI,Rate,6.61139223666396e-05
6,3,MIRAI,fin_flag_number,3.438593660121114e-06
6,3,MIRAI,syn_flag_number,0.01213122420012951
6,3,MIRAI,rst_flag_number,1.1290966722299344e-05
6,3,MIRAI,psh_flag_number,1.9541494424402115e-06
6,3,MIRAI,ack_flag_number,0.001695119548821822
6,3,MIRAI,ece_flag_number,0.0
6,3,MIRAI,cwr_flag_number,0.0
6,3,MIRAI,ack_count,0.001974338240688667
6,3,MIRAI,syn_count,0.015159818809479475
6,3,MIRAI,fin_count,0.002085984795121476
6,3,MIRAI,rst_count,0.0011381981894373894
6,3,MIRAI,HTTP,0.0
6,3,MIRAI,HTTPS,7.270485866683884e-08
6,3,MIRAI,DNS,7.985398287960188e-08
6,3,MIRAI,Telnet,0.0
6,3,MIRAI,SMTP,0.0
6,3,MIRAI,SSH,0.0
6,3,MIRAI,IRC,0.0
6,3,MIRAI,TCP,1.1058154427701083e-05
6,3,MIRAI,UDP,0.01084912670776248
6,3,MIRAI,DHCP,0.0
6,3,MIRAI,ARP,3.375384285186911e-07
6,3,MIRAI,ICMP,2.2699199234921252e-05
6,3,MIRAI,IGMP,0.0
6,3,MIRAI,IPv,8.626757883045677e-08
6,3,MIRAI,LLC,1.8810201776187086e-07
6,3,MIRAI,Tot sum,0.41759164035320284
6,3,MIRAI,Min,0.05376064320953446
6,3,MIRAI,Max,0.01656772019341588
6,3,MIRAI,AVG,0.5527783781290054
6,3,MIRAI,Std,0.036728605860844254
6,3,MIRAI,Tot size,0.3725372403860092
6,3,MIRAI,IAT,7.942791252162351e-05
6,3,MIRAI,Number,0.0
6,3,MIRAI,Variance,0.208383384719491
6,4,MIRAI,Header_Length,4.414847608131822e-05
6,4,MIRAI,Protocol Type,0.00016804935512482189
6,4,MIRAI,Time_To_Live,0.00020551894267555325
6,4,MIRAI,Rate,7.088655383995502e-05
6,4,MIRAI,fin_flag_number,2.674345571662684e-08
6,4,MIRAI,syn_flag_number,0.006338050169870257
6,4,MIRAI,rst_flag_number,0.0
6,4,MIRAI,psh_flag_number,6.367316700561787e-08
6,4,MIRAI,ack_flag_number,9.47111904679332e-05
6,4,MIRAI,ece_flag_number,0.0
6,4,MIRAI,cwr_flag_number,0.0
6,4,MIRAI,ack_count,4.9997611313301604e-05
6,4,MIRAI,syn_count,0.008529129484668375
6,4,MIRAI,fin_count,9.192122024614947e-06
6,4,MIRAI,rst_count,0.0
6,4,MIRAI,HTTP,1.4515119133307054e-07
6,4,MIRAI,HTTPS,1.0433512443341897e-05
6,4,MIRAI,DNS,7.69601484762461e-09
6,4,MIRAI,Telnet,0.0
6,4,MIRAI,SMTP,0.0
6,4,MIRAI,SSH,0.0
6,4,MIRAI,IRC,0.0
6,4,MIRAI,TCP,3.4465835051378234e-05
6,4,MIRAI,UDP,0.01710951142013073
6,4,MIRAI,DHCP,4.908687856186589e-08
6,4,MIRAI,ARP,7.136904400795174e-08
6,4,MIRAI,ICMP,6.997044351919612e-07
6,4,MIRAI,IGMP,2.0777092686330433e-07
6,4,MIRAI,IPv,8.238724831244326e-08
6,4,MIRAI,LLC,5.190704541746527e-08
6,4,MIRAI,Tot sum,0.7577053666114807
6,4,MIRAI,Min,0.08184303762973286
6,4,MIRAI,Max,0.021907345950603486
6,4,MIRAI,AVG,0.6159944415092469
6,4,MIRAI,Std,0.02355059914989397
6,4,MIRAI,Tot size,0.22616149187088014
6,4,MIRAI,IAT,0.0003568816333427094
6,4,MIRAI,Number,0.00031188982393359765
6,4,MIRAI,Variance,0.18801812892779707
6,5,MIRAI,Header_Length,5.305776612658519e-05
6,5,MIRAI,Protocol Type,0.00020542665879474953
6,5,MIRAI,Time_To_Live,0.0009023426042404026
6,5,MIRAI,Rate,0.00010885636511375197
6,5,MIRAI,fin_flag_number,5.069394001111505e-06
6,5,MIRAI,syn_flag_number,0.005353515362367034
6,5,MIRAI,rst_flag_number,9.485165355727076e-06
6,5,MIRAI,psh_flag_number,5.083592249377489e-07
6,5,MIRAI,ack_flag_number,0.0007277676922967657
6,5,MIRAI,ece_flag_number,0.0
6,5,MIRAI,cwr_flag_number,0.0
6,5,MIRAI,ack_count,0.0004575438535539433
6,5,MIRAI,syn_count,0.007065800856798888
6,5,MIRAI,fin_count,0.0015114142210222782
6,5,MIRAI,rst_count,0.0005594890200882219
6,5,MIRAI,HTTP,2.4857176966763816e-08
6,5,MIRAI,HTTPS,5.155926680799894e-06
6,5,MIRAI,DNS,2.7363338652719447e-07
6,5,MIRAI,Telnet,0.0
6,5,MIRAI,SMTP,0.0
6,5,MIRAI,SSH,0.0
6,5,MIRAI,IRC,0.0
6,5,MIRAI,TCP,1.5681910531384348e-05
6,5,MIRAI,UDP,0.010257818084210158
6,5,MIRAI,DHCP,0.0
6,5,MIRAI,ARP,3.720167978116251e-07
6,5,MIRAI,ICMP,3.867958785122028e-05
6,5,MIRAI,IGMP,0.0
6,5,MIRAI,IPv,2.1468311579564413e-07
6,5,MIRAI,LLC,2.6322635289233175e-07
6,5,MIRAI,Tot sum,0.34755964018404484
6,5,MIRAI,Min,0.059592791069007944
6,5,MIRAI,Max,0.016814717650413515
6,5,MIRAI,AVG,0.5466333568096161
6,5,MIRAI,Std,0.032148273382335904
6,5,MIRAI,Tot size,0.29789564162492754
6,5,MIRAI,IAT,0.00539108689117711
6,5,MIRAI,Number,0.0008740962301089894
6,5,MIRAI,Variance,0.12644241550005972
6,1,RECON,Header_Length,5.668590878258328e-05
6,1,RECON,Protocol Type,1.70667056295315e-05
6,1,RECON,Time_To_Live,0.024568816907776635
6,1,RECON,Rate,0.0008751467960792069
6,1,RECON,fin_flag_number,2.944614511477539e-05
6,1,RECON,syn_flag_number,0.017689597497519572
6,1,RECON,rst_flag_number,5.877328686665351e-05
6,1,RECON,psh_flag_number,2.207107972083122e-05
6,1,RECON,ack_flag_number,0.04131661214632913
6,1,RECON,ece_flag_number,0.0
6,1,RECON,cwr_flag_number,0.0
6,1,RECON,ack_count,0.0016216141364566283
6,1,RECON,syn_count,0.00766838057897985
6,1,RECON,fin_count,0.001538006263308489
6,1,RECON,rst_count,0.0011681076887725794
6,1,RECON,HTTP,7.271455286428364e-06
6,1,RECON,HTTPS,6.941034115470757e-06
6,1,RECON,DNS,3.3587115146360703e-05
6,1,RECON,Telnet,0.0
6,1,RECON,SMTP,0.0
6,1,RECON,SSH,0.0
6,1,RECON,IRC,0.0
6,1,RECON,TCP,6.921021329162614e-05
6,1,RECON,UDP,0.004610791036429873
6,1,RECON,DHCP,0.0
6,1,RECON,ARP,1.659436815870663e-05
6,1,RECON,ICMP,2.9603861958094057e-05
6,1,RECON,IGMP,3.694023082090325e-07
6,1,RECON,IPv,2.0224550815406418e-06
6,1,RECON,LLC,9.768672649812515e-06
6,1,RECON,Tot sum,0.29713864652439953
6,1,RECON,Min,0.0012522542576334672
6,1,RECON,Max,0.007643846442806535
6,1,RECON,AVG,0.0653203300666064
6,1,RECON,Std,0.05557430344633758
6,1,RECON,Tot size,0.042738138523418456
6,1,RECON,IAT,0.11274713072925806
6,1,RECON,Number,0.015580220997799188
6,1,RECON,Variance,0.17795797355938703
6,2,RECON,Header_Length,8.718603490933673e-05
6,2,RECON,Protocol Type,9.063009285910084e-05
6,2,RECON,Time_To_Live,0.001294610476179514
6,2,RECON,Rate,0.00015470073121832685
6,2,RECON,fin_flag_number,5.168507116515286e-07
6,2,RECON,syn_flag_number,0.016640365224156996
6,2,RECON,rst_flag_number,0.00011899295539716804
6,2,RECON,psh_flag_number,3.152282796162198e-06
6,2,RECON,ack_flag_number,0.04569152843614575
6,2,RECON,ece_flag_number,0.0
6,2,RECON,cwr_flag_number,0.0
6,2,RECON,ack_count,0.002643504236766603
6,2,RECON,syn_count,0.0024620418655104
6,2,RECON,fin_count,0.0002712274492751021
6,2,RECON,rst_count,0.0012658481840844616
6,2,RECON,HTTP,5.180173684493639e-06
6,2,RECON,HTTPS,7.106335220896653e-06
6,2,RECON,DNS,3.672517304931233e-07
6,2,RECON,Telnet,0.0
6,2,RECON,SMTP,0.0
6,2,RECON,SSH,0.0
6,2,RECON,IRC,0.0
6,2,RECON,TCP,3.4864752840157995e-05
6,2,RECON,UDP,0.0020484402593865525
6,2,RECON,DHCP,0.0
6,2,RECON,ARP,3.753777439578427e-05
6,2,RECON,ICMP,1.686725696714575e-06
6,2,RECON,IGMP,0.0
6,2,RECON,IPv,1.0360168229132079e-05
6,2,RECON,LLC,5.5710247298367634e-06
6,2,RECON,Tot sum,0.2864074302837253
6,2,RECON,Min,0.00019206555853088503
6,2,RECON,Max,0.0030800233827903865
6,2,RECON,AVG,0.0725927404128015
6,2,RECON,Std,0.029591363063082098
6,2,RECON,Tot size,0.08135537086054682
6,2,RECON,IAT,0.025687682001444046
6,2,RECON,Number,0.02197690847096965
6,2,RECON,Variance,0.1679832190973684
6,3,RECON,Header_Length,6.746793419480923e-05
6,3,RECON,Protocol Type,1.2629381184581235e-05
6,3,RECON,Time_To_Live,0.013134131183664976
6,3,RECON,Rate,8.636055196191706e-05
6,3,RECON,fin_flag_number,5.6567466454104934e-06
6,3,RECON,syn_flag_number,0.013984598450224438
6,3,RECON,rst_flag_number,3.472097147892983e-05
6,3,RECON,psh_flag_number,3.468415479361831e-05
6,3,RECON,ack_flag_number,0.02760871322384446
6,3,RECON,ece_flag_number,0.0
6,3,RECON,cwr_flag_number,0.0
6,3,RECON,ack_count,0.0008293993882205087
6,3,RECON,syn_count,0.006116551788045399
6,3,RECON,fin_count,0.0006109085077383725
6,3,RECON,rst_count,0.00042271198645522646
6,3,RECON,HTTP,2.5339841755567248e-06
6,3,RECON,HTTPS,3.707234961027872e-05
6,3,RECON,DNS,2.3511199981074427e-05
6,3,RECON,Telnet,0.0
6,3,RECON,SMTP,0.0
6,3,RECON,SSH,0.0
6,3,RECON,IRC,0.0
6,3,RECON,TCP,1.559063417992945e-05
6,3,RECON,UDP,0.0014481917615569273
6,3,RECON,DHCP,0.0
6,3,RECON,ARP,3.243579476997981e-05
6,3,RECON,ICMP,2.31254315083973e-05
6,3,RECON,IGMP,7.825914508430287e-07
6,3,RECON,IPv,8.76561616812699e-06
6,3,RECON,LLC,5.939899580986686e-06
6,3,RECON,Tot sum,0.1967340269125998
6,3,RECON,Min,0.00030476964829517783
6,3,RECON,Max,0.0017682964702771641
6,3,RECON,AVG,0.0318795064027654
6,3,RECON,Std,0.016216854163940298
6,3,RECON,Tot size,0.024182055467099416
6,3,RECON,IAT,0.044179970304685415
6,3,RECON,Number,0.007526255337324983
6,3,RECON,Variance,0.05373601918108761
6,4,RECON,Header_Length,1.6645105521462256e-05
6,4,RECON,Protocol Type,4.5559183385535106e-05
6,4,RECON,Time_To_Live,0.03571668676936497
6,4,RECON,Rate,3.2465599600328686e-05
6,4,RECON,fin_flag_number,2.767579772815177e-06
6,4,RECON,syn_flag_number,0.019976078816989686
6,4,RECON,rst_flag_number,6.009803473716602e-05
6,4,RECON,psh_flag_number,3.835166164023463e-06
6,4,RECON,ack_flag_number,0.02584166194537829
6,4,RECON,ece_flag_number,0.0
6,4,RECON,cwr_flag_number,0.0
6,4,RECON,ack_count,0.0012194209992799187
6,4,RECON,syn_count,0.0015252954891820992
6,4,RECON,fin_count,1.3913693777782565e-05
6,4,RECON,rst_count,9.271939052268863e-05
6,4,RECON,HTTP,6.13022113400627e-06
6,4,RECON,HTTPS,1.842319443087215e-05
6,4,RECON,DNS,3.4809690532711103e-06
6,4,RECON,Telnet,0.0
6,4,RECON,SMTP,0.0
6,4,RECON,SSH,0.0
6,4,RECON,IRC,0.0
6,4,RECON,TCP,3.8734085242797534e-05
6,4,RECON,UDP,0.0006473535383804574
6,4,RECON,DHCP,0.0
6,4,RECON,ARP,9.488561408943496e-06
6,4,RECON,ICMP,9.654324584329466e-07
6,4,RECON,IGMP,0.0
6,4,RECON,IPv,2.496477327440516e-06
6,4,RECON,LLC,2.59750504483236e-06
6,4,RECON,Tot sum,0.10123287393944339
6,4,RECON,Min,0.00010484157255703508
6,4,RECON,Max,0.00042345300880697323
6,4,RECON,AVG,0.009599644176887523
6,4,RECON,Std,0.003885370294301538
6,4,RECON,Tot size,0.010615249795955605
6,4,RECON,IAT,0.008156993229926001
6,4,RECON,Number,0.008940350702778233
6,4,RECON,Variance,0.021176077786367386
6,5,RECON,Header_Length,0.00010141721592731301
6,5,RECON,Protocol Type,6.0231703201907294e-05
6,5,RECON,Time_To_Live,0.008309356306563131
6,5,RECON,Rate,0.00016849435394306056
6,5,RECON,fin_flag_number,7.990374442101711e-06
6,5,RECON,syn_flag_number,0.02148187580969534
6,5,RECON,rst_flag_number,2.2999457104333488e-05
6,5,RECON,psh_flag_number,6.08394239591803e-06
6,5,RECON,ack_flag_number,0.01827096940833144
6,5,RECON,ece_flag_number,0.0
6,5,RECON,cwr_flag_number,0.0
6,5,RECON,ack_count,0.0008813375136014657
6,5,RECON,syn_count,0.0034923408849863334
6,5,RECON,fin_count,0.0006689500653010328
6,5,RECON,rst_count,0.0007463193702278659
6,5,RECON,HTTP,2.876170753713936e-05
6,5,RECON,HTTPS,1.6298426908178952e-05
6,5,RECON,DNS,9.540096399263121e-06
6,5,RECON,Telnet,0.0
6,5,RECON,SMTP,0.0
6,5,RECON,SSH,0.0
6,5,RECON,IRC,0.0
6,5,RECON,TCP,1.7743878896681053e-05
6,5,RECON,UDP,0.001371052880631396
6,5,RECON,DHCP,0.0
6,5,RECON,ARP,2.203918829790652e-05
6,5,RECON,ICMP,9.415048602932075e-05
6,5,RECON,IGMP,0.0
6,5,RECON,IPv,8.916185256646614e-06
6,5,RECON,LLC,6.0408845368176145e-06
6,5,RECON,Tot sum,0.3319374158978462
6,5,RECON,Min,0.00035377578515181083
6,5,RECON,Max,0.002047861320897937
6,5,RECON,AVG,0.05922864470630884
6,5,RECON,Std,0.01582426461391151
6,5,RECON,Tot size,0.04754186454229057
6,5,RECON,IAT,0.03919104201486334
6,5,RECON,Number,0.010300221435318235
6,5,RECON,Variance,0.11215853348840028
6,1,SPOOFING,Header_Length,8.026358387569488e-06
6,1,SPOOFING,Protocol Type,2.786648710468437e-07
6,1,SPOOFING,Time_To_Live,5.889608005382741e-06
6,1,SPOOFING,Rate,2.284380839441269e-05
6,1,SPOOFING,fin_flag_number,3.336184000501952e-07
6,1,SPOOFING,syn_flag_number,3.3886051923559535e-05
6,1,SPOOFING,rst_flag_number,2.9206057797770415e-07
6,1,SPOOFING,psh_flag_number,1.0066005031728054e-07
6,1,SPOOFING,ack_flag_number,0.0004389034409712167
6,1,SPOOFING,ece_flag_number,0.0
6,1,SPOOFING,cwr_flag_number,0.0
6,1,SPOOFING,ack_count,4.278108285404869e-06
6,1,SPOOFING,syn_count,1.7750696034291026e-05
6,1,SPOOFING,fin_count,1.6521778138667288e-05
6,1,SPOOFING,rst_count,2.0330998030715363e-05
6,1,SPOOFING,HTTP,8.00655120640481e-08
6,1,SPOOFING,HTTPS,2.09156573655056e-07
6,1,SPOOFING,DNS,6.556918554390545e-11
6,1,SPOOFING,Telnet,0.0
6,1,SPOOFING,SMTP,0.0
6,1,SPOOFING,SSH,0.0
6,1,SPOOFING,IRC,0.0
6,1,SPOOFING,TCP,1.0736448070702842e-06
6,1,SPOOFING,UDP,1.1132725922102793e-05
6,1,SPOOFING,DHCP,0.0
6,1,SPOOFING,ARP,2.325494263370753e-08
6,1,SPOOFING,ICMP,1.7778749579200336e-07
6,1,SPOOFING,IGMP,3.385573603582881e-10
6,1,SPOOFING,IPv,1.2789015069034808e-08
6,1,SPOOFING,LLC,5.76608316475713e-09
6,1,SPOOFING,Tot sum,0.0020639858525939303
6,1,SPOOFING,Min,6.52821237142831e-05
6,1,SPOOFING,Max,1.3840120800523437e-05
6,1,SPOOFING,AVG,0.0002951312405457429
6,1,SPOOFING,Std,7.67662083489995e-05
6,1,SPOOFING,Tot size,0.0002671206164563955
6,1,SPOOFING,IAT,0.00017502979870869239
6,1,SPOOFING,Number,0.000301114973765948
6,1,SPOOFING,Variance,0.0008902654222765705
6,2,SPOOFING,Header_Length,3.672840766313357e-05
6,2,SPOOFING,Protocol Type,4.819036746397387e-05
6,2,SPOOFING,Time_To_Live,0.0003719747963259579
6,2,SPOOFING,Rate,0.00010682733019393709
6,2,SPOOFING,fin_flag_number,4.169409874066332e-06
6,2,SPOOFING,syn_flag_number,0.0058626769401598725
6,2,SPOOFING,rst_flag_number,8.250313550206556e-06
6,2,SPOOFING,psh_flag_number,1.466946311907691e-05
6,2,SPOOFING,ack_flag_number,0.011104023882217007
6,2,SPOOFING,ece_flag_number,2.6194427960035682e-08
6,2,SPOOFING,cwr_flag_number,2.8444570489227773e-06
6,2,SPOOFING,ack_count,0.0008140725350472167
6,2,SPOOFING,syn_count,0.00256023823749274
6,2,SPOOFING,fin_count,0.00023980380882449026
6,2,SPOOFING,rst_count,0.00019902200152728257
6,2,SPOOFING,HTTP,0.0
6,2,SPOOFING,HTTPS,1.75543402178846e-05
6,2,SPOOFING,DNS,2.6032925680041787e-06
6,2,SPOOFING,Telnet,0.0
6,2,SPOOFING,SMTP,0.0
6,2,SPOOFING,SSH,0.0
6,2,SPOOFING,IRC,0.0
6,2,SPOOFING,TCP,1.1354682156650142e-05
6,2,SPOOFING,UDP,0.000836739642181783
6,2,SPOOFING,DHCP,0.0
6,2,SPOOFING,ARP,5.36833837006534e-06
6,2,SPOOFING,ICMP,6.219782360616932e-06
6,2,SPOOFING,IGMP,0.0
6,2,SPOOFING,IPv,2.7795680078934738e-06
6,2,SPOOFING,LLC,1.7321318780627593e-06
6,2,SPOOFING,Tot sum,0.14814374409615993
6,2,SPOOFING,Min,0.0067190561021561734
6,2,SPOOFING,Max,0.006874641706235707
6,2,SPOOFING,AVG,0.17303419150412083
6,2,SPOOFING,Std,0.05650065296795219
6,2,SPOOFING,Tot size,0.11169827021658421
6,2,SPOOFING,IAT,0.04169899697208166
6,2,SPOOFING,Number,0.013391270078136586
6,2,SPOOFING,Variance,0.14322791062004397
6,3,SPOOFING,Header_Length,0.00012214693779242226
6,3,SPOOFING,Protocol Type,2.6050626179596747e-05
6,3,SPOOFING,Time_To_Live,0.0052660186222055925
6,3,SPOOFING,Rate,0.0005543775561363873
6,3,SPOOFING,fin_flag_number,5.860837683258069e-06
6,3,SPOOFING,syn_flag_number,0.011420932106557303
6,3,SPOOFING,rst_flag_number,5.026109843697668e-06
6,3,SPOOFING,psh_flag_number,1.1870962578086618e-05
6,3,SPOOFING,ack_flag_number,0.0042919491666907564
6,3,SPOOFING,ece_flag_number,0.0
6,3,SPOOFING,cwr_flag_number,0.0
6,3,SPOOFING,ack_count,0.0011054325874283676
6,3,SPOOFING,syn_count,0.008930083928862586
6,3,SPOOFING,fin_count,0.001412461448853719
6,3,SPOOFING,rst_count,0.0012063169553130138
6,3,SPOOFING,HTTP,1.6464238115077023e-06
6,3,SPOOFING,HTTPS,1.0596160882414551e-05
6,3,SPOOFING,DNS,2.769996455737056e-07
6,3,SPOOFING,Telnet,0.0
6,3,SPOOFING,SMTP,0.0
6,3,SPOOFING,SSH,0.0
6,3,SPOOFING,IRC,0.0
6,3,SPOOFING,TCP,4.736244541163615e-05
6,3,SPOOFING,UDP,0.0021483737880771516
6,3,SPOOFING,DHCP,0.0
6,3,SPOOFING,ARP,1.553276624083333e-06
6,3,SPOOFING,ICMP,2.4425552737739054e-05
6,3,SPOOFING,IGMP,0.0
6,3,SPOOFING,IPv,1.928761142583335e-06
6,3,SPOOFING,LLC,6.397992629553207e-07
6,3,SPOOFING,Tot sum,0.12531873183324932
6,3,SPOOFING,Min,0.001649792781972792
6,3,SPOOFING,Max,0.004826601350214332
6,3,SPOOFING,AVG,0.09546797648072243
6,3,SPOOFING,Std,0.027061870810575782
6,3,SPOOFING,Tot size,0.11315085515379905
6,3,SPOOFING,IAT,0.0041417395299049534
6,3,SPOOFING,Number,0.010471672735002357
6,3,SPOOFING,Variance,0.05858387637417763
6,4,SPOOFING,Header_Length,8.578928887743586e-05
6,4,SPOOFING,Protocol Type,3.5622547954972106e-05
6,4,SPOOFING,Time_To_Live,0.029958118214563
6,4,SPOOFING,Rate,0.0004809897990526224
6,4,SPOOFING,fin_flag_number,1.1556832301140574e-07
6,4,SPOOFING,syn_flag_number,0.008072578348219395
6,4,SPOOFING,rst_flag_number,1.0109351933351718e-06
6,4,SPOOFING,psh_flag_number,3.174766531515161e-05
6,4,SPOOFING,ack_flag_number,0.007686769920837833
6,4,SPOOFING,ece_flag_number,0.0
6,4,SPOOFING,cwr_flag_number,0.0
6,4,SPOOFING,ack_count,0.0006361025938531384
6,4,SPOOFING,syn_count,0.008473968645557762
6,4,SPOOFING,fin_count,5.911309219186478e-06
6,4,SPOOFING,rst_count,1.203108149638865e-06
6,4,SPOOFING,HTTP,5.845240422530651e-06
6,4,SPOOFING,HTTPS,1.9280014112155185e-05
6,4,SPOOFING,DNS,1.7271587410050414e-06
6,4,SPOOFING,Telnet,0.0
6,4,SPOOFING,SMTP,0.0
6,4,SPOOFING,SSH,0.0
6,4,SPOOFING,IRC,0.0
6,4,SPOOFING,TCP,7.947203000071567e-05
6,4,SPOOFING,UDP,0.0030666541890241204
6,4,SPOOFING,DHCP,0.0
6,4,SPOOFING,ARP,4.860403532802593e-06
6,4,SPOOFING,ICMP,2.4796440982299826e-06
6,4,SPOOFING,IGMP,0.0
6,4,SPOOFING,IPv,2.4771366952336394e-06
6,4,SPOOFING,LLC,5.294799507282733e-07
6,4,SPOOFING,Tot sum,0.21926635551499202
6,4,SPOOFING,Min,0.004530978793263784
6,4,SPOOFING,Max,0.009008598112268373
6,4,SPOOFING,AVG,0.22780571933835744
6,4,SPOOFING,Std,0.05012379947147565
6,4,SPOOFING,Tot size,0.1688865192234516
6,4,SPOOFING,IAT,0.0899957219400676
6,4,SPOOFING,Number,0.02842057546367869
6,4,SPOOFING,Variance,0.16369809312018332
6,5,SPOOFING,Header_Length,0.00023967850629560416
6,5,SPOOFING,Protocol Type,8.87319932125763e-06
6,5,SPOOFING,Time_To_Live,0.0030532047618180513
6,5,SPOOFING,Rate,0.0008268037169727905
6,5,SPOOFING,fin_flag_number,5.737508255876378e-06
6,5,SPOOFING,syn_flag_number,0.003986943131167209
6,5,SPOOFING,rst_flag_number,9.376193173693536e-06
6,5,SPOOFING,psh_flag_number,7.284736235746436e-06
6,5,SPOOFING,ack_flag_number,0.02138866401219275
6,5,SPOOFING,ece_flag_number,0.0
6,5,SPOOFING,cwr_flag_number,0.0
6,5,SPOOFING,ack_count,0.0020514973339402333
6,5,SPOOFING,syn_count,0.0022888408402650384
6,5,SPOOFING,fin_count,0.0006737383402651176
6,5,SPOOFING,rst_count,0.000430650628368312
6,5,SPOOFING,HTTP,2.629936335285521e-06
6,5,SPOOFING,HTTPS,8.974581515985846e-06
6,5,SPOOFING,DNS,5.978532200856534e-07
6,5,SPOOFING,Telnet,0.0
6,5,SPOOFING,SMTP,0.0
6,5,SPOOFING,SSH,0.0
6,5,SPOOFING,IRC,0.0
6,5,SPOOFING,TCP,4.789521268833141e-05
6,5,SPOOFING,UDP,0.0003479583195257874
6,5,SPOOFING,DHCP,0.0
6,5,SPOOFING,ARP,1.1053237546576612e-06
6,5,SPOOFING,ICMP,5.221254415346266e-05
6,5,SPOOFING,IGMP,0.0
6,5,SPOOFING,IPv,3.456857156136639e-07
6,5,SPOOFING,LLC,3.457913149151892e-08
6,5,SPOOFING,Tot sum,0.110033357469365
6,5,SPOOFING,Min,0.0006231339146324899
6,5,SPOOFING,Max,0.0015742849151138215
6,5,SPOOFING,AVG,0.039258078671991825
6,5,SPOOFING,Std,0.014190081087872387
6,5,SPOOFING,Tot size,0.0372745783533901
6,5,SPOOFING,IAT,0.014829268300672993
6,5,SPOOFING,Number,0.02140377422038
6,5,SPOOFING,Variance,0.06149677503854036
6,1,WEB,Header_Length,6.7683558683029336e-06
6,1,WEB,Protocol Type,2.082003015954799e-06
6,1,WEB,Time_To_Live,0.00021584476606619773
6,1,WEB,Rate,6.08889750730035e-06
6,1,WEB,fin_flag_number,3.201683862197324e-07
6,1,WEB,syn_flag_number,9.856195596000817e-05
6,1,WEB,rst_flag_number,1.349639575987105e-07
6,1,WEB,psh_flag_number,2.4900497904351004e-06
6,1,WEB,ack_flag_number,0.0003281269082464178
6,1,WEB,ece_flag_number,0.0
6,1,WEB,cwr_flag_number,0.0
6,1,WEB,ack_count,6.315632356800327e-05
6,1,WEB,syn_count,0.00011194315050779834
6,1,WEB,fin_count,2.3076186073800466e-05
6,1,WEB,rst_count,2.770828195792774e-05
6,1,WEB,HTTP,2.8356911005271435e-07
6,1,WEB,HTTPS,1.4155071615222503e-07
6,1,WEB,DNS,3.960509189651716e-08
6,1,WEB,Telnet,0.0
6,1,WEB,SMTP,0.0
6,1,WEB,SSH,0.0
6,1,WEB,IRC,0.0
6,1,WEB,TCP,5.907104945390707e-06
6,1,WEB,UDP,0.00016322361368672488
6,1,WEB,DHCP,0.0
6,1,WEB,ARP,4.4382591705486834e-07
6,1,WEB,ICMP,4.922629065384071e-06
6,1,WEB,IGMP,1.9257306270881876e-09
6,1,WEB,IPv,9.370800627329922e-07
6,1,WEB,LLC,4.048459258205669e-08
6,1,WEB,Tot sum,0.01680816000996401
6,1,WEB,Min,0.009013954623573328
6,1,WEB,Max,0.0008171807615468651
6,1,WEB,AVG,0.025196978710800975
6,1,WEB,Std,0.0006489788175713329
6,1,WEB,Tot size,0.01637628502849111
6,1,WEB,IAT,0.014548265942731575
6,1,WEB,Number,0.0009221331488003415
6,1,WEB,Variance,0.011822456294430595
6,2,WEB,Header_Length,2.6649523226751627e-05
6,2,WEB,Protocol Type,2.8081166351512366e-05
6,2,WEB,Time_To_Live,0.005747020097169297
6,2,WEB,Rate,0.00013151049919315482
6,2,WEB,fin_flag_number,4.394927653450509e-06
6,2,WEB,syn_flag_number,0.0014032415977453638
6,2,WEB,rst_flag_number,3.932616120749799e-06
6,2,WEB,psh_flag_number,4.140929556797346e-05
6,2,WEB,ack_flag_number,0.01083669864165131
6,2,WEB,ece_flag_number,0.0
6,2,WEB,cwr_flag_number,0.0
6,2,WEB,ack_count,0.0008478865552206116
6,2,WEB,syn_count,0.001309702362959797
6,2,WEB,fin_count,0.00030305126388157077
6,2,WEB,rst_count,0.0002671087942417216
6,2,WEB,HTTP,3.6563180856319376e-07
6,2,WEB,HTTPS,1.3154906628187746e-05
6,2,WEB,DNS,2.8102399947793623e-05
6,2,WEB,Telnet,0.0
6,2,WEB,SMTP,0.0
6,2,WEB,SSH,0.0
6,2,WEB,IRC,0.0
6,2,WEB,TCP,2.5237347948348088e-05
6,2,WEB,UDP,0.002144871311861607
6,2,WEB,DHCP,0.0
6,2,WEB,ARP,7.738899452691413e-06
6,2,WEB,ICMP,2.00944447946938e-05
6,2,WEB,IGMP,0.0
6,2,WEB,IPv,1.1486969776884468e-05
6,2,WEB,LLC,6.637183505973896e-06
6,2,WEB,Tot sum,0.2262199425182189
6,2,WEB,Min,0.006094764837234834
6,2,WEB,Max,0.0031053290418640244
6,2,WEB,AVG,0.0796595144085586
6,2,WEB,Std,0.029052639845758677
6,2,WEB,Tot size,0.19666023179888725
6,2,WEB,IAT,0.35089948687236755
6,2,WEB,Number,0.017456411785678937
6,2,WEB,Variance,0.2762924902141094
6,3,WEB,Header_Length,1.0960211791921637e-05
6,3,WEB,Protocol Type,6.935601592841095e-07
6,3,WEB,Time_To_Live,0.00098802376594449
6,3,WEB,Rate,6.3333886686847696e-06
6,3,WEB,fin_flag_number,5.588574149673065e-07
6,3,WEB,syn_flag_number,0.0002251079705160919
6,3,WEB,rst_flag_number,1.6862095005565347e-07
6,3,WEB,psh_flag_number,1.3992016125286e-06
6,3,WEB,ack_flag_number,0.0003351032048499292
6,3,WEB,ece_flag_number,0.0
6,3,WEB,cwr_flag_number,0.0
6,3,WEB,ack_count,8.977863963668397e-05
6,3,WEB,syn_count,0.00017969491579208352
6,3,WEB,fin_count,2.2181419851197147e-05
6,3,WEB,rst_count,2.994891979994918e-05
6,3,WEB,HTTP,6.372801294673991e-07
6,3,WEB,HTTPS,1.4673872818837807e-06
6,3,WEB,DNS,1.1086814927904666e-07
6,3,WEB,Telnet,0.0
6,3,WEB,SMTP,0.0
6,3,WEB,SSH,0.0
6,3,WEB,IRC,0.0
6,3,WEB,TCP,1.3960827317527347e-06
6,3,WEB,UDP,5.700002880999477e-05
6,3,WEB,DHCP,0.0
6,3,WEB,ARP,3.5463651948299254e-08
6,3,WEB,ICMP,3.7382568886440425e-06
6,3,WEB,IGMP,0.0
6,3,WEB,IPv,2.189383807921942e-07
6,3,WEB,LLC,1.972672781240631e-08
6,3,WEB,Tot sum,0.006657417510132291
6,3,WEB,Min,1.058954973682802e-05
6,3,WEB,Max,0.00010615319068847384
6,3,WEB,AVG,0.000723989688731308
6,3,WEB,Std,0.0016490548001456772
6,3,WEB,Tot size,0.006042723087011837
6,3,WEB,IAT,0.043824327846687085
6,3,WEB,Number,0.0014363116449942481
6,3,WEB,Variance,0.024399340761374334
6,4,WEB,Header_Length,8.025440657632998e-05
6,4,WEB,Protocol Type,4.2133750576844876e-05
6,4,WEB,Time_To_Live,0.0019452130507147559
6,4,WEB,Rate,1.8577950960363408e-05
6,4,WEB,fin_flag_number,5.6418639173730354e-06
6,4,WEB,syn_flag_number,0.0024763848326642803
6,4,WEB,rst_flag_number,0.0
6,4,WEB,psh_flag_number,1.4349885306152998e-05
6,4,WEB,ack_flag_number,0.002205274994867068
6,4,WEB,ece_flag_number,0.0
6,4,WEB,cwr_flag_number,0.0
6,4,WEB,ack_count,0.00018656371261442927
6,4,WEB,syn_count,0.0011768225787363918
6,4,WEB,fin_count,1.3018997126768017e-05
6,4,WEB,rst_count,0.0
6,4,WEB,HTTP,3.4049341730212066e-05
6,4,WEB,HTTPS,1.2245245442144004e-05
6,4,WEB,DNS,2.7159190267411757e-06
6,4,WEB,Telnet,0.0
6,4,WEB,SMTP,0.0
6,4,WEB,SSH,0.0
6,4,WEB,IRC,0.0
6,4,WEB,TCP,4.648452756370602e-05
6,4,WEB,UDP,0.002813716501495378
6,4,WEB,DHCP,0.0
6,4,WEB,ARP,7.2750699928292304e-06
6,4,WEB,ICMP,8.631305336254113e-06
6,4,WEB,IGMP,0.0
6,4,WEB,IPv,1.887096232167096e-05
6,4,WEB,LLC,2.5496719899820164e-06
6,4,WEB,Tot sum,0.24254868791795162
6,4,WEB,Min,0.013693180977543306
6,4,WEB,Max,0.004952649319602642
6,4,WEB,AVG,0.07349544180906378
6,4,WEB,Std,0.02228787263738923
6,4,WEB,Tot size,0.13586569420294836
6,4,WEB,IAT,0.2526864372298405
6,4,WEB,Number,0.016527904001304706
6,4,WEB,Variance,0.07870390793541446
6,5,WEB,Header_Length,6.538030306728615e-05
6,5,WEB,Protocol Type,3.195665883555243e-05
6,5,WEB,Time_To_Live,0.019000283110653982
6,5,WEB,Rate,7.29853412678949e-05
6,5,WEB,fin_flag_number,6.684906311704708e-06
6,5,WEB,syn_flag_number,0.0010326982057449641
6,5,WEB,rst_flag_number,7.252871896668012e-06
6,5,WEB,psh_flag_number,2.211193510817111e-05
6,5,WEB,ack_flag_number,0.0076887414179509506
6,5,WEB,ece_flag_number,0.0
6,5,WEB,cwr_flag_number,0.0
6,5,WEB,ack_count,0.0005755983525659758
6,5,WEB,syn_count,0.001624591395011521
6,5,WEB,fin_count,0.0007729786878826417
6,5,WEB,rst_count,0.0004203711981176639
6,5,WEB,HTTP,1.941134488347984e-06
6,5,WEB,HTTPS,1.2779170276644436e-05
6,5,WEB,DNS,1.5483640295155256e-05
6,5,WEB,Telnet,0.0
6,5,WEB,SMTP,0.0
6,5,WEB,SSH,0.0
6,5,WEB,IRC,0.0
6,5,WEB,TCP,1.7338973242431167e-05
6,5,WEB,UDP,0.0024099182192003354
6,5,WEB,DHCP,0.0
6,5,WEB,ARP,6.464464575661743e-06
6,5,WEB,ICMP,4.971941809799319e-05
6,5,WEB,IGMP,0.0
6,5,WEB,IPv,1.3890821863071779e-05
6,5,WEB,LLC,2.2623157131196337e-06
6,5,WEB,Tot sum,0.15285825693281369
6,5,WEB,Min,5.281949934214936e-05
6,5,WEB,Max,0.002261380694108084
6,5,WEB,AVG,0.03779453868046403
6,5,WEB,Std,0.026769902370870114
6,5,WEB,Tot size,0.12052047420293092
6,5,WEB,IAT,0.2420623073761817
6,5,WEB,Number,0.0078449346794514
6,5,WEB,Variance,0.1328041658271104
7,1,BENIGN,Header_Length,4.147885437078003e-05
7,1,BENIGN,Protocol Type,3.8041918759290636e-05
7,1,BENIGN,Time_To_Live,0.04064544916036539
7,1,BENIGN,Rate,0.0002797890682813886
7,1,BENIGN,fin_flag_number,1.5845532846014976e-05
7,1,BENIGN,syn_flag_number,0.0057518700181390155
7,1,BENIGN,rst_flag_number,4.339111774953608e-06
7,1,BENIGN,psh_flag_number,7.353997249692768e-06
7,1,BENIGN,ack_flag_number,0.012262491014553234
7,1,BENIGN,ece_flag_number,0.0
7,1,BENIGN,cwr_flag_number,0.0
7,1,BENIGN,ack_count,0.0006874716697893746
7,1,BENIGN,syn_count,0.0017005809422698803
7,1,BENIGN,fin_count,0.0007645804941603274
7,1,BENIGN,rst_count,0.0012759509610532405
7,1,BENIGN,HTTP,1.783934832744194e-06
7,1,BENIGN,HTTPS,1.8887804709777357e-05
7,1,BENIGN,DNS,4.086709965989144e-08
7,1,BENIGN,Telnet,0.0
7,1,BENIGN,SMTP,0.0
7,1,BENIGN,SSH,0.0
7,1,BENIGN,IRC,0.0
7,1,BENIGN,TCP,2.3083363129927646e-05
7,1,BENIGN,UDP,0.0030700867157065657
7,1,BENIGN,DHCP,0.0
7,1,BENIGN,ARP,3.468460117375116e-05
7,1,BENIGN,ICMP,2.490579655614056e-05
7,1,BENIGN,IGMP,1.9622776927796793e-07
7,1,BENIGN,IPv,1.6405047701018028e-05
7,1,BENIGN,LLC,1.6645897571887502e-05
7,1,BENIGN,Tot sum,0.10994601688580588
7,1,BENIGN,Min,0.005634453002130613
7,1,BENIGN,Max,0.0072163891745731235
7,1,BENIGN,AVG,0.11055384883657098
7,1,BENIGN,Std,0.06494063455611468
7,1,BENIGN,Tot size,0.03855680470005609
7,1,BENIGN,IAT,0.04387348201998975
7,1,BENIGN,Number,0.005832592558363103
7,1,BENIGN,Variance,0.14343006927520036
7,2,BENIGN,Header_Length,2.5139431939535938e-05
7,2,BENIGN,Protocol Type,1.2507837379605035e-06
7,2,BENIGN,Time_To_Live,0.02243299980923439
7,2,BENIGN,Rate,2.815935586308882e-05
7,2,BENIGN,fin_flag_number,8.547428116068012e-07
7,2,BENIGN,syn_flag_number,0.0003339303310326613
7,2,BENIGN,rst_flag_number,1.3435378712900458e-07
7,2,BENIGN,psh_flag_number,8.100138753408537e-07
7,2,BENIGN,ack_flag_number,0.0005545192957924882
7,2,BENIGN,ece_flag_number,0.0
7,2,BENIGN,cwr_flag_number,0.0
7,2,BENIGN,ack_count,6.625579375878488e-05
7,2,BENIGN,syn_count,0.00010987576834509127
7,2,BENIGN,fin_count,2.7721219847443023e-05
7,2,BENIGN,rst_count,9.399525088422677e-05
7,2,BENIGN,HTTP,2.3049822410747823e-07
7,2,BENIGN,HTTPS,1.5671963036467673e-05
7,2,BENIGN,DNS,1.1245592283065913e-07
7,2,BENIGN,Telnet,0.0
7,2,BENIGN,SMTP,0.0
7,2,BENIGN,SSH,0.0
7,2,BENIGN,IRC,0.0
7,2,BENIGN,TCP,3.6223783352107296e-06
7,2,BENIGN,UDP,0.0002921726530857427
7,2,BENIGN,DHCP,0.0
7,2,BENIGN,ARP,2.2461205220101155e-08
7,2,BENIGN,ICMP,1.4039326148330978e-08
7,2,BENIGN,IGMP,0.0
7,2,BENIGN,IPv,4.436618402568434e-08
7,2,BENIGN,LLC,4.9173421054666836e-08
7,2,BENIGN,Tot sum,0.028550270550795176
7,2,BENIGN,Min,0.00015638236313861854
7,2,BENIGN,Max,0.00025799156483117256
7,2,BENIGN,AVG,0.0010106593084856287
7,2,BENIGN,Std,0.0020723030174849555
7,2,BENIGN,Tot size,0.0017787329852581024
7,2,BENIGN,IAT,0.0028666034067839517
7,2,BENIGN,Number,0.002189280618677003
7,2,BENIGN,Variance,0.007028085620549973
7,3,BENIGN,Header_Length,0.00016805717073111736
7,3,BENIGN,Protocol Type,1.0292232182251838e-05
7,3,BENIGN,Time_To_Live,0.033268240282086484
7,3,BENIGN,Rate,0.00024072877145044913
7,3,BENIGN,fin_flag_number,6.433360246660413e-06
7,3,BENIGN,syn_flag_number,0.008797090986024613
7,3,BENIGN,rst_flag_number,1.9590325173624025e-06
7,3,BENIGN,psh_flag_number,1.0592325982372585e-05
7,3,BENIGN,ack_flag_number,0.009978083957685157
7,3,BENIGN,ece_flag_number,0.0
7,3,BENIGN,cwr_flag_number,0.0
7,3,BENIGN,ack_count,0.000905545075011105
7,3,BENIGN,syn_count,0.0050152007821452575
7,3,BENIGN,fin_count,0.0012421771078152232
7,3,BENIGN,rst_count,0.0009916987586620963
7,3,BENIGN,HTTP,8.380195140489377e-07
7,3,BENIGN,HTTPS,1.2139940037059204e-05
7,3,BENIGN,DNS,1.4788559739610518e-06
7,3,BENIGN,Telnet,0.0
7,3,BENIGN,SMTP,0.0
7,3,BENIGN,SSH,0.0
7,3,BENIGN,IRC,0.0
7,3,BENIGN,TCP,4.402675127153088e-05
7,3,BENIGN,UDP,0.0018840869510313497
7,3,BENIGN,DHCP,0.0
7,3,BENIGN,ARP,1.2216012756569028e-08
7,3,BENIGN,ICMP,1.6435087712807216e-05
7,3,BENIGN,IGMP,0.0
7,3,BENIGN,IPv,2.4124222230970103e-09
7,3,BENIGN,LLC,1.8723156450239918e-08
7,3,BENIGN,Tot sum,0.19870072891935706
7,3,BENIGN,Min,0.0033232762544457726
7,3,BENIGN,Max,0.004158294899389148
7,3,BENIGN,AVG,0.021386341389734297
7,3,BENIGN,Std,0.03712835535407066
7,3,BENIGN,Tot size,0.06321629974991083
7,3,BENIGN,IAT,0.06552154568523746
7,3,BENIGN,Number,0.003915809481986799
7,3,BENIGN,Variance,0.187764339055866
7,4,BENIGN,Header_Length,0.0001343706563602609
7,4,BENIGN,Protocol Type,3.3940495342221766e-05
7,4,BENIGN,Time_To_Live,0.07900286404910731
7,4,BENIGN,Rate,0.00028246367792235106
7,4,BENIGN,fin_flag_number,8.769781669193399e-08
7,4,BENIGN,syn_flag_number,0.004913905332614377
7,4,BENIGN,rst_flag_number,0.0
7,4,BENIGN,psh_flag_number,1.2743390476543936e-05
7,4,BENIGN,ack_flag_number,0.009187711848062463
7,4,BENIGN,ece_flag_number,0.0
7,4,BENIGN,cwr_flag_number,0.0
7,4,BENIGN,ack_count,0.0001942958915606141
7,4,BENIGN,syn_count,0.0034485928124922795
7,4,BENIGN,fin_count,6.134199151119901e-06
7,4,BENIGN,rst_count,0.0
7,4,BENIGN,HTTP,1.2294310060889656e-06
7,4,BENIGN,HTTPS,1.7420308476800984e-05
7,4,BENIGN,DNS,5.8816783621296056e-08
7,4,BENIGN,Telnet,0.0
7,4,BENIGN,SMTP,0.0
7,4,BENIGN,SSH,0.0
7,4,BENIGN,IRC,0.0
7,4,BENIGN,TCP,8.402153357280894e-05
7,4,BENIGN,UDP,0.005865026386163663
7,4,BENIGN,DHCP,0.0
7,4,BENIGN,ARP,2.240757748950273e-06
7,4,BENIGN,ICMP,3.688091515030578e-06
7,4,BENIGN,IGMP,0.0
7,4,BENIGN,IPv,1.8319382434128783e-06
7,4,BENIGN,LLC,2.3453090761904606e-06
7,4,BENIGN,Tot sum,0.17661554869264365
7,4,BENIGN,Min,0.010118409440474352
7,4,BENIGN,Max,0.006058442138601095
7,4,BENIGN,AVG,0.03990484806708992
7,4,BENIGN,Std,0.05048964284360409
7,4,BENIGN,Tot size,0.07663742564618588
7,4,BENIGN,IAT,0.08624831746274139
7,4,BENIGN,Number,0.006560437881853431
7,4,BENIGN,Variance,0.21919674929231406
7,5,BENIGN,Header_Length,0.00039123561243741277
7,5,BENIGN,Protocol Type,4.977008146767048e-06
7,5,BENIGN,Time_To_Live,0.19588613522500964
7,5,BENIGN,Rate,0.0004484683475993734
7,5,BENIGN,fin_flag_number,3.0432106711941742e-05
7,5,BENIGN,syn_flag_number,0.007349609927405254
7,5,BENIGN,rst_flag_number,3.0701940860744514e-06
7,5,BENIGN,psh_flag_number,1.6217155797093597e-05
7,5,BENIGN,ack_flag_number,0.01660756819983362
7,5,BENIGN,ece_flag_number,0.0
7,5,BENIGN,cwr_flag_number,0.0
7,5,BENIGN,ack_count,0.0009225773048576969
7,5,BENIGN,syn_count,0.004017282379754761
7,5,BENIGN,fin_count,0.0012882842871022148
7,5,BENIGN,rst_count,0.0014902842945957672
7,5,BENIGN,HTTP,8.827870097150026e-08
7,5,BENIGN,HTTPS,8.707937306553503e-05
7,5,BENIGN,DNS,4.224071888536685e-06
7,5,BENIGN,Telnet,0.0
7,5,BENIGN,SMTP,0.0
7,5,BENIGN,SSH,0.0
7,5,BENIGN,IRC,0.0
7,5,BENIGN,TCP,8.285331180104549e-05
7,5,BENIGN,UDP,0.0019548985314486343
7,5,BENIGN,DHCP,0.0
7,5,BENIGN,ARP,5.868808766873456e-06
7,5,BENIGN,ICMP,2.1508862798214067e-05
7,5,BENIGN,IGMP,0.0
7,5,BENIGN,IPv,5.758176059389442e-06
7,5,BENIGN,LLC,4.425257941687022e-06
7,5,BENIGN,Tot sum,0.14227774234022944
7,5,BENIGN,Min,0.0013348902522011485
7,5,BENIGN,Max,0.002805007097776979
7,5,BENIGN,AVG,0.03112855493091047
7,5,BENIGN,Std,0.03107254090718925
7,5,BENIGN,Tot size,0.07325594304129482
7,5,BENIGN,IAT,0.032979503463138826
7,5,BENIGN,Number,0.0156689923367594
7,5,BENIGN,Variance,0.1789895202149637
7,2,BRUTEFORCE,Header_Length,1.1941381633562286e-05
7,2,BRUTEFORCE,Protocol Type,3.0097401115369847e-06
7,2,BRUTEFORCE,Time_To_Live,0.00012733814870955485
7,2,BRUTEFORCE,Rate,9.204356166492289e-06
7,2,BRUTEFORCE,fin_flag_number,2.2296165896440455e-06
7,2,BRUTEFORCE,syn_flag_number,0.00010841806291352895
7,2,BRUTEFORCE,rst_flag_number,2.86696731555125e-07
7,2,BRUTEFORCE,psh_flag_number,2.3319866480203666e-06
7,2,BRUTEFORCE,ack_flag_number,0.0043406478709584915
7,2,BRUTEFORCE,ece_flag_number,0.0
7,2,BRUTEFORCE,cwr_flag_number,0.0
7,2,BRUTEFORCE,ack_count,5.1088620787353986e-05
7,2,BRUTEFORCE,syn_count,0.00033753690877347253
7,2,BRUTEFORCE,fin_count,5.745644011767581e-05
7,2,BRUTEFORCE,rst_count,0.000322581897580676
7,2,BRUTEFORCE,HTTP,0.0
7,2,BRUTEFORCE,HTTPS,4.017641661580029e-06
7,2,BRUTEFORCE,DNS,6.091476947855945e-10
7,2,BRUTEFORCE,Telnet,0.0
7,2,BRUTEFORCE,SMTP,0.0
7,2,BRUTEFORCE,SSH,2.390855402722991e-06
7,2,BRUTEFORCE,IRC,0.0
7,2,BRUTEFORCE,TCP,3.224096392495657e-06
7,2,BRUTEFORCE,UDP,0.00020911511851409159
7,2,BRUTEFORCE,DHCP,0.0
7,2,BRUTEFORCE,ARP,7.205778097471582e-07
7,2,BRUTEFORCE,ICMP,6.979263290456117e-08
7,2,BRUTEFORCE,IGMP,0.0
7,2,BRUTEFORCE,IPv,5.4142530780086626e-08
7,2,BRUTEFORCE,LLC,3.71568189359503e-07
7,2,BRUTEFORCE,Tot sum,0.026777601377398243
7,2,BRUTEFORCE,Min,5.2750593260952884e-05
7,2,BRUTEFORCE,Max,0.0001568968602896348
7,2,BRUTEFORCE,AVG,0.003371123609394999
7,2,BRUTEFORCE,Std,0.0008385537346839555
7,2,BRUTEFORCE,Tot size,0.0016023089498048647
7,2,BRUTEFORCE,IAT,0.004424085728714999
7,2,BRUTEFORCE,Number,0.0022804331840234225
7,2,BRUTEFORCE,Variance,0.03131069747032598
7,3,BRUTEFORCE,Header_Length,2.029480117879956e-05
7,3,BRUTEFORCE,Protocol Type,3.571974774452258e-06
7,3,BRUTEFORCE,Time_To_Live,0.004616077773198413
7,3,BRUTEFORCE,Rate,2.2467742627441113e-05
7,3,BRUTEFORCE,fin_flag_number,7.187566284877489e-06
7,3,BRUTEFORCE,syn_flag_number,0.0017830156225954851
7,3,BRUTEFORCE,rst_flag_number,1.8419705504764406e-06
7,3,BRUTEFORCE,psh_flag_number,2.7114452425092138e-06
7,3,BRUTEFORCE,ack_flag_number,0.004312134699284797
7,3,BRUTEFORCE,ece_flag_number,0.0
7,3,BRUTEFORCE,cwr_flag_number,0.0
7,3,BRUTEFORCE,ack_count,0.00028514702073607624
7,3,BRUTEFORCE,syn_count,0.0020819460343773242
7,3,BRUTEFORCE,fin_count,6.412422474824097e-05
7,3,BRUTEFORCE,rst_count,0.0003428664465502607
7,3,BRUTEFORCE,HTTP,1.867353034867847e-07
7,3,BRUTEFORCE,HTTPS,1.716343976454482e-06
7,3,BRUTEFORCE,DNS,1.6743326951978997e-08
7,3,BRUTEFORCE,Telnet,0.0
7,3,BRUTEFORCE,SMTP,0.0
7,3,BRUTEFORCE,SSH,4.564604387269355e-06
7,3,BRUTEFORCE,IRC,0.0
7,3,BRUTEFORCE,TCP,2.188422251014899e-06
7,3,BRUTEFORCE,UDP,0.00012825096603990004
7,3,BRUTEFORCE,DHCP,0.0
7,3,BRUTEFORCE,ARP,7.127349045513761e-06
7,3,BRUTEFORCE,ICMP,1.423327828384835e-05
7,3,BRUTEFORCE,IGMP,5.95951405557571e-08
7,3,BRUTEFORCE,IPv,1.1537135671919712e-06
7,3,BRUTEFORCE,LLC,6.424581288670385e-06
7,3,BRUTEFORCE,Tot sum,0.03441543216176797
7,3,BRUTEFORCE,Min,0.00020615736266904605
7,3,BRUTEFORCE,Max,0.0010495647375137196
7,3,BRUTEFORCE,AVG,0.010714438078866805
7,3,BRUTEFORCE,Std,0.007205231499392539
7,3,BRUTEFORCE,Tot size,0.003747736380319111
7,3,BRUTEFORCE,IAT,0.036589603998254464
7,3,BRUTEFORCE,Number,0.001754978111875971
7,3,BRUTEFORCE,Variance,0.05461578858084977
7,4,BRUTEFORCE,Header_Length,4.254089032329489e-05
7,4,BRUTEFORCE,Protocol Type,3.463139348927058e-05
7,4,BRUTEFORCE,Time_To_Live,0.007827925497568344
7,4,BRUTEFORCE,Rate,8.201327669556945e-05
7,4,BRUTEFORCE,fin_flag_number,4.8030606054625875e-06
7,4,BRUTEFORCE,syn_flag_number,0.0011638836368319972
7,4,BRUTEFORCE,rst_flag_number,4.659875230572652e-07
7,4,BRUTEFORCE,psh_flag_number,1.064955810079482e-05
7,4,BRUTEFORCE,ack_flag_number,0.0094543202632849
7,4,BRUTEFORCE,ece_flag_number,0.0
7,4,BRUTEFORCE,cwr_flag_number,0.0
7,4,BRUTEFORCE,ack_count,0.0004534854579560488
7,4,BRUTEFORCE,syn_count,0.0014109976036934314
7,4,BRUTEFORCE,fin_count,3.7308221694276614e-05
7,4,BRUTEFORCE,rst_count,1.2217307812534273e-05
7,4,BRUTEFORCE,HTTP,5.601895647063155e-06
7,4,BRUTEFORCE,HTTPS,1.1912198053065647e-05
7,4,BRUTEFORCE,DNS,2.320681778655853e-06
7,4,BRUTEFORCE,Telnet,0.0
7,4,BRUTEFORCE,SMTP,0.0
7,4,BRUTEFORCE,SSH,6.843554729130119e-06
7,4,BRUTEFORCE,IRC,0.0
7,4,BRUTEFORCE,TCP,3.8078414707620746e-05
7,4,BRUTEFORCE,UDP,0.002191206005818458
7,4,BRUTEFORCE,DHCP,0.0
7,4,BRUTEFORCE,ARP,1.422648347215727e-05
7,4,BRUTEFORCE,ICMP,1.0657709766909163e-06
7,4,BRUTEFORCE,IGMP,0.0
7,4,BRUTEFORCE,IPv,3.969012686866335e-06
7,4,BRUTEFORCE,LLC,7.96530584921129e-06
7,4,BRUTEFORCE,Tot sum,0.17454778291867115
7,4,BRUTEFORCE,Min,0.00040337738246307706
7,4,BRUTEFORCE,Max,0.0012318564666202291
7,4,BRUTEFORCE,AVG,0.030835035961354153
7,4,BRUTEFORCE,Std,0.006657933632959611
7,4,BRUTEFORCE,Tot size,0.023152514855610207
7,4,BRUTEFORCE,IAT,0.054521309104825375
7,4,BRUTEFORCE,Number,0.014778443499744753
7,4,BRUTEFORCE,Variance,0.05614981256076135
7,5,BRUTEFORCE,Header_Length,1.2965464932790383e-05
7,5,BRUTEFORCE,Protocol Type,5.350673383253124e-06
7,5,BRUTEFORCE,Time_To_Live,0.0010062969763566798
7,5,BRUTEFORCE,Rate,1.536880872698987e-05
7,5,BRUTEFORCE,fin_flag_number,1.0865672449789089e-06
7,5,BRUTEFORCE,syn_flag_number,0.00020278567567402205
7,5,BRUTEFORCE,rst_flag_number,3.524007055277778e-07
7,5,BRUTEFORCE,psh_flag_number,2.1956952770962878e-07
7,5,BRUTEFORCE,ack_flag_number,0.001506813885862357
7,5,BRUTEFORCE,ece_flag_number,0.0
7,5,BRUTEFORCE,cwr_flag_number,0.0
7,5,BRUTEFORCE,ack_count,5.292413959523401e-05
7,5,BRUTEFORCE,syn_count,0.000446170524696754
7,5,BRUTEFORCE,fin_count,5.51820257868485e-05
7,5,BRUTEFORCE,rst_count,0.0001914156561014124
7,5,BRUTEFORCE,HTTP,5.167792669902305e-08
7,5,BRUTEFORCE,HTTPS,6.796249136797883e-07
7,5,BRUTEFORCE,DNS,4.654225920885935e-07
7,5,BRUTEFORCE,Telnet,0.0
7,5,BRUTEFORCE,SMTP,0.0
7,5,BRUTEFORCE,SSH,1.5280579518162084e-06
7,5,BRUTEFORCE,IRC,0.0
7,5,BRUTEFORCE,TCP,4.150883894760149e-06
7,5,BRUTEFORCE,UDP,0.00010149555947549515
7,5,BRUTEFORCE,DHCP,0.0
7,5,BRUTEFORCE,ARP,2.9606728260134216e-07
7,5,BRUTEFORCE,ICMP,1.0166808778677704e-05
7,5,BRUTEFORCE,IGMP,0.0
7,5,BRUTEFORCE,IPv,4.230448887726501e-08
7,5,BRUTEFORCE,LLC,1.3664210735120363e-07
7,5,BRUTEFORCE,Tot sum,0.011729340834426694
7,5,BRUTEFORCE,Min,0.0001206755712516383
7,5,BRUTEFORCE,Max,0.00023005976763670332
7,5,BRUTEFORCE,AVG,0.0041429381526540965
7,5,BRUTEFORCE,Std,0.0015927152358926832
7,5,BRUTEFORCE,Tot size,0.001548321343580028
7,5,BRUTEFORCE,IAT,0.0043443679262964
7,5,BRUTEFORCE,Number,0.0011542724472747069
7,5,BRUTEFORCE,Variance,0.01477064001664985
7,1,DDOS,Header_Length,0.010401517068385147
7,1,DDOS,Protocol Type,0.0006524147738218744
7,1,DDOS,Time_To_Live,0.0010788473967750178
7,1,DDOS,Rate,0.0023461554883397184
7,1,DDOS,fin_flag_number,3.157208548145718e-05
7,1,DDOS,syn_flag_number,0.013220226543489843
7,1,DDOS,rst_flag_number,1.101825882869889e-05
7,1,DDOS,psh_flag_number,0.00020056992616446223
7,1,DDOS,ack_flag_number,0.010847474918409716
7,1,DDOS,ece_flag_number,0.0
7,1,DDOS,cwr_flag_number,0.0
7,1,DDOS,ack_count,0.008504892858763925
7,1,DDOS,syn_count,0.010935604479163885
7,1,DDOS,fin_count,0.00826445606071502
7,1,DDOS,rst_count,0.005404400988481939
7,1,DDOS,HTTP,9.721931849071553e-06
7,1,DDOS,HTTPS,2.741202260949649e-05
7,1,DDOS,DNS,6.263705276676745e-09
7,1,DDOS,Telnet,0.0
7,1,DDOS,SMTP,0.0
7,1,DDOS,SSH,0.0
7,1,DDOS,IRC,0.0
7,1,DDOS,TCP,0.004897181992419064
7,1,DDOS,UDP,0.008948251514812
7,1,DDOS,DHCP,0.0
7,1,DDOS,ARP,3.899496800841007e-06
7,1,DDOS,ICMP,0.0014909689911291935
7,1,DDOS,IGMP,1.7987097556048866e-07
7,1,DDOS,IPv,1.3265594742684073e-06
7,1,DDOS,LLC,3.2713110229565245e-06
7,1,DDOS,Tot sum,0.04485432812944055
7,1,DDOS,Min,0.0020821645797695965
7,1,DDOS,Max,0.003058081699418835
7,1,DDOS,AVG,0.017872936418280007
7,1,DDOS,Std,0.006158018921269104
7,1,DDOS,Tot size,0.014996699150651693
7,1,DDOS,IAT,0.001348366605816409
7,1,DDOS,Number,0.0005261004207568476
7,1,DDOS,Variance,0.02202868399617728
7,2,DDOS,Header_Length,0.06692553624234279
7,2,DDOS,Protocol Type,0.00046070873263488467
7,2,DDOS,Time_To_Live,0.0026461196786840445
7,2,DDOS,Rate,0.0031674327910877764
7,2,DDOS,fin_flag_number,0.00032152069958044647
7,2,DDOS,syn_flag_number,0.014246814884245396
7,2,DDOS,rst_flag_number,0.00011353001036127353
7,2,DDOS,psh_flag_number,0.00039251636979839084
7,2,DDOS,ack_flag_number,0.012030496532679536
7,2,DDOS,ece_flag_number,0.0
7,2,DDOS,cwr_flag_number,0.0
7,2,DDOS,ack_count,0.020298802480101585
7,2,DDOS,syn_count,0.024616486066952346
7,2,DDOS,fin_count,0.09210373838723171
7,2,DDOS,rst_count,0.058443612593691796
7,2,DDOS,HTTP,8.222046308219433e-05
7,2,DDOS,HTTPS,0.0001567742730003374
7,2,DDOS,DNS,7.317562970010627e-08
7,2,DDOS,Telnet,0.0
7,2,DDOS,SMTP,0.0
7,2,DDOS,SSH,0.0
7,2,DDOS,IRC,0.0
7,2,DDOS,TCP,0.035179593699649556
7,2,DDOS,UDP,0.03826934105018154
7,2,DDOS,DHCP,0.0
7,2,DDOS,ARP,1.0430974456410169e-08
7,2,DDOS,ICMP,0.001992034103405338
7,2,DDOS,IGMP,0.0
7,2,DDOS,IPv,1.2160197593313882e-08
7,2,DDOS,LLC,2.060483519361611e-08
7,2,DDOS,Tot sum,0.06340349818055983
7,2,DDOS,Min,0.0015143584299948999
7,2,DDOS,Max,0.012589953443966805
7,2,DDOS,AVG,0.034568389691412446
7,2,DDOS,Std,0.025406464701518416
7,2,DDOS,Tot size,0.04110137093812227
7,2,DDOS,IAT,0.009549465735835838
7,2,DDOS,Number,0.0007789011229760945
7,2,DDOS,Variance,0.07143057247740217
7,3,DDOS,Header_Length,0.008645753347082064
7,3,DDOS,Protocol Type,0.0007608702390825784
7,3,DDOS,Time_To_Live,0.0009979075596675102
7,3,DDOS,Rate,0.0010347295821702574
7,3,DDOS,fin_flag_number,0.00012702110425379942
7,3,DDOS,syn_flag_number,0.02236532592214644
7,3,DDOS,rst_flag_number,1.4362096521836065e-05
7,3,DDOS,psh_flag_number,0.00029762045451207084
7,3,DDOS,ack_flag_number,0.008771058381535113
7,3,DDOS,ece_flag_number,0.0
7,3,DDOS,cwr_flag_number,0.0
7,3,DDOS,ack_count,0.007135840265982551
7,3,DDOS,syn_count,0.02662239521741867
7,3,DDOS,fin_count,0.03162879571318626
7,3,DDOS,rst_count,0.016767991217784585
7,3,DDOS,HTTP,7.258049445226788e-05
7,3,DDOS,HTTPS,9.927715836965944e-07
7,3,DDOS,DNS,6.018228890525279e-06
7,3,DDOS,Telnet,0.0
7,3,DDOS,SMTP,0.0
7,3,DDOS,SSH,0.0
7,3,DDOS,IRC,0.0
7,3,DDOS,TCP,0.003929293245892041
7,3,DDOS,UDP,0.025161935156211256
7,3,DDOS,DHCP,0.0
7,3,DDOS,ARP,7.500851073372061e-07
7,3,DDOS,ICMP,0.0008445392930298112
7,3,DDOS,IGMP,0.0
7,3,DDOS,IPv,2.633273195939978e-07
7,3,DDOS,LLC,1.434342364770025e-07
7,3,DDOS,Tot sum,0.04152055226732045
7,3,DDOS,Min,0.0014674157719127834
7,3,DDOS,Max,0.002239133303373819
7,3,DDOS,AVG,0.025677454844117164
7,3,DDOS,Std,0.006907759909518063
7,3,DDOS,Tot size,0.036767815332859756
7,3,DDOS,IAT,0.0004005219558166573
7,3,DDOS,Number,0.0
7,3,DDOS,Variance,0.07812201268970967
7,4,DDOS,Header_Length,0.04773475381080061
7,4,DDOS,Protocol Type,0.0010145112028112635
7,4,DDOS,Time_To_Live,0.006457213926478289
7,4,DDOS,Rate,0.0031005226577690338
7,4,DDOS,fin_flag_number,0.0002946989173040038
7,4,DDOS,syn_flag_number,0.037843944202177224
7,4,DDOS,rst_flag_number,0.0001253648311831057
7,4,DDOS,psh_flag_number,0.0
7,4,DDOS,ack_flag_number,0.002220055453653913
7,4,DDOS,ece_flag_number,0.0
7,4,DDOS,cwr_flag_number,0.0
7,4,DDOS,ack_count,0.0010899391134444158
7,4,DDOS,syn_count,0.05146501269191504
7,4,DDOS,fin_count,0.08117808527413217
7,4,DDOS,rst_count,0.02292025089263916
7,4,DDOS,HTTP,9.651090635998116e-07
7,4,DDOS,HTTPS,0.004314806265756488
7,4,DDOS,DNS,1.7155240129795858e-06
7,4,DDOS,Telnet,0.0
7,4,DDOS,SMTP,0.0
7,4,DDOS,SSH,0.0
7,4,DDOS,IRC,0.0
7,4,DDOS,TCP,0.02074959031888284
7,4,DDOS,UDP,0.10449379878118634
7,4,DDOS,DHCP,0.0
7,4,DDOS,ARP,2.5050741533050315e-05
7,4,DDOS,ICMP,0.002134575530476468
7,4,DDOS,IGMP,0.0
7,4,DDOS,IPv,1.3827763177687303e-05
7,4,DDOS,LLC,1.2704410619335248e-05
7,4,DDOS,Tot sum,0.042228165455162524
7,4,DDOS,Min,0.0006205958032296621
7,4,DDOS,Max,0.0014723490570759169
7,4,DDOS,AVG,0.008877785201184452
7,4,DDOS,Std,0.0064631001907400785
7,4,DDOS,Tot size,0.013431823253631592
7,4,DDOS,IAT,0.006324292467616033
7,4,DDOS,Number,0.0011579373123822734
7,4,DDOS,Variance,0.0065289349702652546
7,5,DDOS,Header_Length,0.018357966709299945
7,5,DDOS,Protocol Type,0.0004999250654691423
7,5,DDOS,Time_To_Live,0.0013138587171852123
7,5,DDOS,Rate,0.004336206123298325
7,5,DDOS,fin_flag_number,0.00015443969435864348
7,5,DDOS,syn_flag_number,0.02821295987814665
7,5,DDOS,rst_flag_number,5.990371006419082e-05
7,5,DDOS,psh_flag_number,0.00010049978581605501
7,5,DDOS,ack_flag_number,0.00372908556018956
7,5,DDOS,ece_flag_number,0.0
7,5,DDOS,cwr_flag_number,0.0
7,5,DDOS,ack_count,0.0031712443516880738
7,5,DDOS,syn_count,0.025870484716142526
7,5,DDOS,fin_count,0.028954789973795414
7,5,DDOS,rst_count,0.011448409016884398
7,5,DDOS,HTTP,6.256862743470037e-08
7,5,DDOS,HTTPS,0.001734829824181361
7,5,DDOS,DNS,1.703179599132909e-06
7,5,DDOS,Telnet,0.0
7,5,DDOS,SMTP,0.0
7,5,DDOS,SSH,0.0
7,5,DDOS,IRC,0.0
7,5,DDOS,TCP,0.00823382056560149
7,5,DDOS,UDP,0.024432796628389042
7,5,DDOS,DHCP,0.0
7,5,DDOS,ARP,4.9694867421123946e-08
7,5,DDOS,ICMP,0.0008298550332256127
7,5,DDOS,IGMP,0.0
7,5,DDOS,IPv,5.310821320492209e-08
7,5,DDOS,LLC,6.327546122619765e-08
7,5,DDOS,Tot sum,0.3155556984245777
7,5,DDOS,Min,5.847046390954347e-05
7,5,DDOS,Max,0.004673524718964472
7,5,DDOS,AVG,0.044050693372264506
7,5,DDOS,Std,0.017035649048921186
7,5,DDOS,Tot size,0.05303401881828904
7,5,DDOS,IAT,0.0036551311393850485
7,5,DDOS,Number,0.0007427591257510357
7,5,DDOS,Variance,0.22403532387688757
7,1,DOS,Header_Length,0.00810905510734301
7,1,DOS,Protocol Type,0.0014189516863552854
7,1,DOS,Time_To_Live,0.00026523754549998555
7,1,DOS,Rate,0.00283632482169196
7,1,DOS,fin_flag_number,4.383036375656957e-05
7,1,DOS,syn_flag_number,0.0156750538473716
7,1,DOS,rst_flag_number,1.1484536247508004e-05
7,1,DOS,psh_flag_number,0.00013356537383515387
7,1,DOS,ack_flag_number,0.004333043813676341
7,1,DOS,ece_flag_number,0.0
7,1,DOS,cwr_flag_number,0.0
7,1,DOS,ack_count,0.00528321685269475
7,1,DOS,syn_count,0.011478519812226296
7,1,DOS,fin_count,0.013179645547643304
7,1,DOS,rst_count,0.0039758071572578045
7,1,DOS,HTTP,1.4682957635159255e-05
7,1,DOS,HTTPS,1.839701626522583e-05
7,1,DOS,DNS,3.6066879983889107e-11
7,1,DOS,Telnet,0.0
7,1,DOS,SMTP,0.0
7,1,DOS,SSH,0.0
7,1,DOS,IRC,0.0
7,1,DOS,TCP,0.004341290937736631
7,1,DOS,UDP,0.038029477385862265
7,1,DOS,DHCP,0.0
7,1,DOS,ARP,1.7732592141328496e-06
7,1,DOS,ICMP,0.0016135886064148508
7,1,DOS,IGMP,8.870375022293833e-08
7,1,DOS,IPv,9.8868290763221e-07
7,1,DOS,LLC,1.4950119172851829e-06
7,1,DOS,Tot sum,0.005197344909265667
7,1,DOS,Min,0.0004131911201001426
7,1,DOS,Max,0.0023038788985587644
7,1,DOS,AVG,0.002392377941896484
7,1,DOS,Std,0.006608199412005434
7,1,DOS,Tot size,0.002220060782838118
7,1,DOS,IAT,0.002198396313815465
7,1,DOS,Number,0.00015607225724600937
7,1,DOS,Variance,0.014191186918992571
7,2,DOS,Header_Length,0.008106868926552125
7,2,DOS,Protocol Type,0.001959715566772502
7,2,DOS,Time_To_Live,0.0023369969290797598
7,2,DOS,Rate,0.004643665656476515
7,2,DOS,fin_flag_number,9.847388178059191e-05
7,2,DOS,syn_flag_number,0.007565654045902192
7,2,DOS,rst_flag_number,7.39550754587981e-05
7,2,DOS,psh_flag_number,2.542203837274659e-07
7,2,DOS,ack_flag_number,0.02454051268277908
7,2,DOS,ece_flag_number,0.0
7,2,DOS,cwr_flag_number,0.0
7,2,DOS,ack_count,0.021594837590964745
7,2,DOS,syn_count,0.008499393600504845
7,2,DOS,fin_count,0.02745588335674256
7,2,DOS,rst_count,0.04806856836657971
7,2,DOS,HTTP,0.002109713153913617
7,2,DOS,HTTPS,0.00041673121513667865
7,2,DOS,DNS,5.366994375588518e-08
7,2,DOS,Telnet,0.0
7,2,DOS,SMTP,0.0
7,2,DOS,SSH,0.0
7,2,DOS,IRC,0.0
7,2,DOS,TCP,0.006148500692506787
7,2,DOS,UDP,0.04186688046902418
7,2,DOS,DHCP,0.0
7,2,DOS,ARP,5.109388389712422e-07
7,2,DOS,ICMP,2.6107492587357227e-06
7,2,DOS,IGMP,0.0
7,2,DOS,IPv,5.151398459801726e-07
7,2,DOS,LLC,2.3094407897161773e-07
7,2,DOS,Tot sum,0.2399391569197178
7,2,DOS,Min,0.024807617720216512
7,2,DOS,Max,0.017252276674844323
7,2,DOS,AVG,0.23264369815587999
7,2,DOS,Std,0.025548360450193285
7,2,DOS,Tot size,0.07968024797737598
7,2,DOS,IAT,0.002060709365468938
7,2,DOS,Number,0.0014192508100677515
7,2,DOS,Variance,0.12703598998486995
7,3,DOS,Header_Length,0.010741564095224022
7,3,DOS,Protocol Type,0.000753340917526657
7,3,DOS,Time_To_Live,0.005077461688688345
7,3,DOS,Rate,0.0019187855600421243
7,3,DOS,fin_flag_number,0.0001000678784066622
7,3,DOS,syn_flag_number,0.009835358057171107
7,3,DOS,rst_flag_number,2.2036226925337134e-05
7,3,DOS,psh_flag_number,0.0002511119620635327
7,3,DOS,ack_flag_number,0.008198475375684211
7,3,DOS,ece_flag_number,0.0
7,3,DOS,cwr_flag_number,0.0
7,3,DOS,ack_count,0.0137085837777704
7,3,DOS,syn_count,0.014036755717825145
7,3,DOS,fin_count,0.02533021476410795
7,3,DOS,rst_count,0.005511128285434097
7,3,DOS,HTTP,6.433355338231195e-07
7,3,DOS,HTTPS,2.4335872652159194e-06
7,3,DOS,DNS,1.4835102398080835e-06
7,3,DOS,Telnet,0.0
7,3,DOS,SMTP,0.0
7,3,DOS,SSH,0.0
7,3,DOS,IRC,0.0
7,3,DOS,TCP,0.005540899257539422
7,3,DOS,UDP,0.03657050700858235
7,3,DOS,DHCP,0.0
7,3,DOS,ARP,1.4349390736745348e-08
7,3,DOS,ICMP,0.0006430766621633666
7,3,DOS,IGMP,0.0
7,3,DOS,IPv,1.0935411626222802e-08
7,3,DOS,LLC,2.2459299715837932e-08
7,3,DOS,Tot sum,0.26955367662012575
7,3,DOS,Min,0.01111789800634142
7,3,DOS,Max,0.012867511946387822
7,3,DOS,AVG,0.10415359442122281
7,3,DOS,Std,0.024078128865221517
7,3,DOS,Tot size,0.03799594328738749
7,3,DOS,IAT,0.0007405171490063367
7,3,DOS,Number,0.0
7,3,DOS,Variance,0.10709744556806981
7,4,DOS,Header_Length,0.0060989521280134795
7,4,DOS,Protocol Type,0.0013115784044202884
7,4,DOS,Time_To_Live,0.011872226649029472
7,4,DOS,Rate,0.0035437158370768885
7,4,DOS,fin_flag_number,1.2378998874851277e-06
7,4,DOS,syn_flag_number,0.009014736418612302
7,4,DOS,rst_flag_number,6.697184289805591e-07
7,4,DOS,psh_flag_number,0.0
7,4,DOS,ack_flag_number,0.002254993635142455
7,4,DOS,ece_flag_number,0.0
7,4,DOS,cwr_flag_number,0.0
7,4,DOS,ack_count,0.0018626467885042076
7,4,DOS,syn_count,0.008921737293712794
7,4,DOS,fin_count,0.00012786294541911047
7,4,DOS,rst_count,0.0009513190947473049
7,4,DOS,HTTP,5.358610797543406e-05
7,4,DOS,HTTPS,0.002249403809855721
7,4,DOS,DNS,0.0
7,4,DOS,Telnet,0.0
7,4,DOS,SMTP,0.0
7,4,DOS,SSH,0.0
7,4,DOS,IRC,0.0
7,4,DOS,TCP,0.004669253835163545
7,4,DOS,UDP,0.024671312351711095
7,4,DOS,DHCP,0.0
7,4,DOS,ARP,0.0
7,4,DOS,ICMP,0.00012910603242630714
7,4,DOS,IGMP,0.0
7,4,DOS,IPv,0.0
7,4,DOS,LLC,0.0
7,4,DOS,Tot sum,0.11066324636340141
7,4,DOS,Min,0.012517274275887757
7,4,DOS,Max,0.01706588864035439
7,4,DOS,AVG,0.062220217939466235
7,4,DOS,Std,0.029999873651649977
7,4,DOS,Tot size,0.014284783822949976
7,4,DOS,IAT,0.003703863905684557
7,4,DOS,Number,0.0003609365690749655
7,4,DOS,Variance,0.06725463243701597
7,5,DOS,Header_Length,0.008644966914289398
7,5,DOS,Protocol Type,0.0008854890314978547
7,5,DOS,Time_To_Live,0.0019774071173742414
7,5,DOS,Rate,0.003541158188454574
7,5,DOS,fin_flag_number,0.0001599482845449529
7,5,DOS,syn_flag_number,0.007516598858637735
7,5,DOS,rst_flag_number,7.407355528812331e-05
7,5,DOS,psh_flag_number,0.0001420614051994562
7,5,DOS,ack_flag_number,0.004591964872088283
7,5,DOS,ece_flag_number,0.0
7,5,DOS,cwr_flag_number,0.0
7,5,DOS,ack_count,0.0075712830876000226
7,5,DOS,syn_count,0.014413898836937732
7,5,DOS,fin_count,0.04435050642350689
7,5,DOS,rst_count,0.006756016649887897
7,5,DOS,HTTP,8.71951397289905e-06
7,5,DOS,HTTPS,0.0007528340274802758
7,5,DOS,DNS,8.320767221903225e-07
7,5,DOS,Telnet,0.0
7,5,DOS,SMTP,0.0
7,5,DOS,SSH,0.0
7,5,DOS,IRC,0.0
7,5,DOS,TCP,0.005247421240346739
7,5,DOS,UDP,0.052262920700013635
7,5,DOS,DHCP,0.0
7,5,DOS,ARP,2.4013395645283707e-07
7,5,DOS,ICMP,0.0008640678359370213
7,5,DOS,IGMP,0.0
7,5,DOS,IPv,1.5822553862676613e-07
7,5,DOS,LLC,1.5874216812150622e-07
7,5,DOS,Tot sum,0.14504442969337106
7,5,DOS,Min,0.018120728930853147
7,5,DOS,Max,0.005308510973827651
7,5,DOS,AVG,0.13091934099793434
7,5,DOS,Std,0.009054537664633244
7,5,DOS,Tot size,0.039888663683086634
7,5,DOS,IAT,0.0035770806309301404
7,5,DOS,Number,0.0019096849759307588
7,5,DOS,Variance,0.027542584587354212
7,1,MIRAI,Header_Length,0.00013365332342800683
7,1,MIRAI,Protocol Type,0.00025639750965638085
7,1,MIRAI,Time_To_Live,5.855934223291115e-05
7,1,MIRAI,Rate,0.00022420324967242777
7,1,MIRAI,fin_flag_number,5.324766061676201e-06
7,1,MIRAI,syn_flag_number,0.007951821852475404
7,1,MIRAI,rst_flag_number,1.2767978682859394e-05
7,1,MIRAI,psh_flag_number,4.43411685182582e-06
7,1,MIRAI,ack_flag_number,0.0017675354436505585
7,1,MIRAI,ece_flag_number,0.0
7,1,MIRAI,cwr_flag_number,0.0
7,1,MIRAI,ack_count,0.002018067688914016
7,1,MIRAI,syn_count,0.00913148680701852
7,1,MIRAI,fin_count,0.0035632131271995603
7,1,MIRAI,rst_count,0.0014466129272477702
7,1,MIRAI,HTTP,7.421476152558171e-06
7,1,MIRAI,HTTPS,2.3494662968914783e-06
7,1,MIRAI,DNS,2.767178610696419e-07
7,1,MIRAI,Telnet,0.0
7,1,MIRAI,SMTP,0.0
7,1,MIRAI,SSH,0.0
7,1,MIRAI,IRC,0.0
7,1,MIRAI,TCP,4.538794855761808e-05
7,1,MIRAI,UDP,0.0067405806388705965
7,1,MIRAI,DHCP,0.0
7,1,MIRAI,ARP,7.741145996664755e-07
7,1,MIRAI,ICMP,8.77959781064419e-05
7,1,MIRAI,IGMP,3.1327594740560016e-07
7,1,MIRAI,IPv,2.7749446616098796e-07
7,1,MIRAI,LLC,6.507155703161516e-07
7,1,MIRAI,Tot sum,0.6968666702508927
7,1,MIRAI,Min,0.034799714307882826
7,1,MIRAI,Max,0.02005256460979581
7,1,MIRAI,AVG,0.7442160367965698
7,1,MIRAI,Std,0.041756215458735826
7,1,MIRAI,Tot size,0.61614730656147
7,1,MIRAI,IAT,0.00023580189990752843
7,1,MIRAI,Number,0.0002499925692973193
7,1,MIRAI,Variance,0.10718852039426566
7,2,MIRAI,Header_Length,5.5546848489029796e-05
7,2,MIRAI,Protocol Type,0.00015588998066959903
7,2,MIRAI,Time_To_Live,0.00027380532628740184
7,2,MIRAI,Rate,7.568245819129515e-05
7,2,MIRAI,fin_flag_number,1.9792900275206192e-06
7,2,MIRAI,syn_flag_number,0.003950340673327446
7,2,MIRAI,rst_flag_number,1.3314776742845424e-05
7,2,MIRAI,psh_flag_number,1.5048674848472387e-07
7,2,MIRAI,ack_flag_number,3.838718680526654e-05
7,2,MIRAI,ece_flag_number,0.0
7,2,MIRAI,cwr_flag_number,0.0
7,2,MIRAI,ack_count,5.95224226344726e-05
7,2,MIRAI,syn_count,0.004451577202416956
7,2,MIRAI,fin_count,0.0009354410314699635
7,2,MIRAI,rst_count,0.001190713219693862
7,2,MIRAI,HTTP,0.0
7,2,MIRAI,HTTPS,3.9094930777139325e-06
7,2,MIRAI,DNS,8.121670769245527e-09
7,2,MIRAI,Telnet,0.0
7,2,MIRAI,SMTP,0.0
7,2,MIRAI,SSH,0.0
7,2,MIRAI,IRC,0.0
7,2,MIRAI,TCP,1.708706540739513e-05
7,2,MIRAI,UDP,0.010823372064623981
7,2,MIRAI,DHCP,0.0
7,2,MIRAI,ARP,2.4944920991032403e-07
7,2,MIRAI,ICMP,4.5258363172706596e-07
7,2,MIRAI,IGMP,1.4547199498338159e-07
7,2,MIRAI,IPv,1.4406810979750163e-07
7,2,MIRAI,LLC,1.6617953066955237e-07
7,2,MIRAI,Tot sum,0.776251657307148
7,2,MIRAI,Min,0.050349758105585354
7,2,MIRAI,Max,0.01742158755660057
7,2,MIRAI,AVG,0.5972094595432281
7,2,MIRAI,Std,0.03637439066078514
7,2,MIRAI,Tot size,0.32807289361953734
7,2,MIRAI,IAT,0.00033696542159304953
7,2,MIRAI,Number,0.0002796032717469643
7,2,MIRAI,Variance,0.22432212382555008
7,3,MIRAI,Header_Length,6.575437982974109e-05
7,3,MIRAI,Protocol Type,0.0001671189886110369
7,3,MIRAI,Time_To_Live,0.0002796226244754507
7,3,MIRAI,Rate,6.63380820697057e-05
7,3,MIRAI,fin_flag_number,4.4939713006897366e-06
7,3,MIRAI,syn_flag_number,0.011496775597333909
7,3,MIRAI,rst_flag_number,1.2861160803367966e-05
7,3,MIRAI,psh_flag_number,2.4463182796807812e-06
7,3,MIRAI,ack_flag_number,0.0015148762533499394
7,3,MIRAI,ece_flag_number,0.0
7,3,MIRAI,cwr_flag_number,0.0
7,3,MIRAI,ack_count,0.0019046787056140602
7,3,MIRAI,syn_count,0.014379769284278154
7,3,MIRAI,fin_count,0.002188419899903238
7,3,MIRAI,rst_count,0.001090346564888023
7,3,MIRAI,HTTP,0.0
7,3,MIRAI,HTTPS,4.243345301802037e-08
7,3,MIRAI,DNS,7.453037456084389e-08
7,3,MIRAI,Telnet,0.0
7,3,MIRAI,SMTP,0.0
7,3,MIRAI,SSH,0.0
7,3,MIRAI,IRC,0.0
7,3,MIRAI,TCP,9.823542143294617e-06
7,3,MIRAI,UDP,0.012474753253627568
7,3,MIRAI,DHCP,0.0
7,3,MIRAI,ARP,3.182307762861214e-07
7,3,MIRAI,ICMP,1.8700242162594804e-05
7,3,MIRAI,IGMP,0.0
7,3,MIRAI,IPv,1.0144270954637325e-07
7,3,MIRAI,LLC,2.5159968883858854e-07
7,3,MIRAI,Tot sum,0.4577051535248756
7,3,MIRAI,Min,0.05287442529806867
7,3,MIRAI,Max,0.01737400991842151
7,3,MIRAI,AVG,0.5848319172859192
7,3,MIRAI,Std,0.037290837382897735
7,3,MIRAI,Tot size,0.39142138361930845
7,3,MIRAI,IAT,6.556720027219853e-05
7,3,MIRAI,Number,0.0
7,3,MIRAI,Variance,0.1746209066361189
7,4,MIRAI,Header_Length,5.247247627266915e-05
7,4,MIRAI,Protocol Type,0.0002835686034813989
7,4,MIRAI,Time_To_Live,0.00032084890044643545
7,4,MIRAI,Rate,5.460577522171661e-05
7,4,MIRAI,fin_flag_number,3.31062181224695e-08
7,4,MIRAI,syn_flag_number,0.00577368326485157
7,4,MIRAI,rst_flag_number,0.0
7,4,MIRAI,psh_flag_number,4.071071231237511e-08
7,4,MIRAI,ack_flag_number,0.00016244769140030257
7,4,MIRAI,ece_flag_number,0.0
7,4,MIRAI,cwr_flag_number,0.0
7,4,MIRAI,ack_count,7.862467064114753e-05
7,4,MIRAI,syn_count,0.008327701268717647
7,4,MIRAI,fin_count,1.388582240906544e-05
7,4,MIRAI,rst_count,0.0
7,4,MIRAI,HTTP,2.741514926185573e-07
7,4,MIRAI,HTTPS,1.0437088349135593e-05
7,4,MIRAI,DNS,1.5102040507031234e-09
7,4,MIRAI,Telnet,0.0
7,4,MIRAI,SMTP,0.0
7,4,MIRAI,SSH,0.0
7,4,MIRAI,IRC,0.0
7,4,MIRAI,TCP,2.3974274654392502e-05
7,4,MIRAI,UDP,0.016317694541066886
7,4,MIRAI,DHCP,5.368448228182388e-08
7,4,MIRAI,ARP,1.0796596825457527e-07
7,4,MIRAI,ICMP,8.056677927470445e-07
7,4,MIRAI,IGMP,2.7452103950054153e-07
7,4,MIRAI,IPv,9.060176466846315e-08
7,4,MIRAI,LLC,3.3172676694448457e-08
7,4,MIRAI,Tot sum,0.7040772020816803
7,4,MIRAI,Min,0.0793498232262209
7,4,MIRAI,Max,0.0262758269906044
7,4,MIRAI,AVG,0.7674290776252747
7,4,MIRAI,Std,0.03323531382484361
7,4,MIRAI,Tot size,0.27254073321819305
7,4,MIRAI,IAT,0.0001649774922952929
7,4,MIRAI,Number,0.00048695470613893124
7,4,MIRAI,Variance,0.21426471838494762
7,5,MIRAI,Header_Length,4.244289866619511e-05
7,5,MIRAI,Protocol Type,0.00018061928858514875
7,5,MIRAI,Time_To_Live,0.0006594779406441376
7,5,MIRAI,Rate,0.0001041224353684811
7,5,MIRAI,fin_flag_number,3.730296913317943e-06
7,5,MIRAI,syn_flag_number,0.0047802451299503446
7,5,MIRAI,rst_flag_number,8.484362660965417e-06
7,5,MIRAI,psh_flag_number,7.997513371549303e-07
7,5,MIRAI,ack_flag_number,0.0006579462555237114
7,5,MIRAI,ece_flag_number,0.0
7,5,MIRAI,cwr_flag_number,0.0
7,5,MIRAI,ack_count,0.0005158321019735013
7,5,MIRAI,syn_count,0.006010283075738698
7,5,MIRAI,fin_count,0.0014068614880670793
7,5,MIRAI,rst_count,0.0005924828859861009
7,5,MIRAI,HTTP,8.656591303779493e-08
7,5,MIRAI,HTTPS,6.360588054121763e-06
7,5,MIRAI,DNS,2.035398272148825e-07
7,5,MIRAI,Telnet,0.0
7,5,MIRAI,SMTP,0.0
7,5,MIRAI,SSH,0.0
7,5,MIRAI,IRC,0.0
7,5,MIRAI,TCP,8.39641493257659e-06
7,5,MIRAI,UDP,0.007279605738585815
7,5,MIRAI,DHCP,0.0
7,5,MIRAI,ARP,3.969430608208313e-07
7,5,MIRAI,ICMP,3.516577271511778e-05
7,5,MIRAI,IGMP,0.0
7,5,MIRAI,IPv,3.036214820895111e-07
7,5,MIRAI,LLC,3.062190430114242e-07
7,5,MIRAI,Tot sum,0.37439692914485934
7,5,MIRAI,Min,0.04263714106491534
7,5,MIRAI,Max,0.014425544906407595
7,5,MIRAI,AVG,0.48492034077644347
7,5,MIRAI,Std,0.03324687629938126
7,5,MIRAI,Tot size,0.30329256802797316
7,5,MIRAI,IAT,0.003682456072419882
7,5,MIRAI,Number,0.0009022914608067367
7,5,MIRAI,Variance,0.16215498335659503
7,1,RECON,Header_Length,8.896293018096912e-05
7,1,RECON,Protocol Type,3.884080158513825e-05
7,1,RECON,Time_To_Live,0.019372611079961643
7,1,RECON,Rate,0.0008526179606633377
7,1,RECON,fin_flag_number,2.0202459612050917e-05
7,1,RECON,syn_flag_number,0.009888682214659638
7,1,RECON,rst_flag_number,5.383268485417148e-05
7,1,RECON,psh_flag_number,2.0591657667523576e-05
7,1,RECON,ack_flag_number,0.03308982835151255
7,1,RECON,ece_flag_number,0.0
7,1,RECON,cwr_flag_number,0.0
7,1,RECON,ack_count,0.0019685611667227933
7,1,RECON,syn_count,0.007429683147347532
7,1,RECON,fin_count,0.0031051647409185536
7,1,RECON,rst_count,0.0021956657996270224
7,1,RECON,HTTP,2.1872398673394854e-05
7,1,RECON,HTTPS,1.9322972943314198e-05
7,1,RECON,DNS,1.9048556109524385e-05
7,1,RECON,Telnet,0.0
7,1,RECON,SMTP,0.0
7,1,RECON,SSH,0.0
7,1,RECON,IRC,0.0
7,1,RECON,TCP,6.905548716531484e-05
7,1,RECON,UDP,0.0013406792282694368
7,1,RECON,DHCP,0.0
7,1,RECON,ARP,3.51910559999169e-05
7,1,RECON,ICMP,5.6705049291849716e-05
7,1,RECON,IGMP,2.8755237266864244e-07
7,1,RECON,IPv,4.891124294914562e-06
7,1,RECON,LLC,1.8144564444355636e-05
7,1,RECON,Tot sum,0.21120634861290455
7,1,RECON,Min,0.0003322500788272009
7,1,RECON,Max,0.006991186639061198
7,1,RECON,AVG,0.08137797387316822
7,1,RECON,Std,0.07041778608690948
7,1,RECON,Tot size,0.0448024925775826
7,1,RECON,IAT,0.1042203496210277
7,1,RECON,Number,0.009867812367156148
7,1,RECON,Variance,0.24698026515543461
7,2,RECON,Header_Length,0.00015042393132489452
7,2,RECON,Protocol Type,8.817309267215024e-05
7,2,RECON,Time_To_Live,0.0017386175704814377
7,2,RECON,Rate,0.0002482760681004947
7,2,RECON,fin_flag_number,2.57490109181191e-06
7,2,RECON,syn_flag_number,0.04859227613051189
7,2,RECON,rst_flag_number,0.00014566051832165527
7,2,RECON,psh_flag_number,7.884684211867388e-06
7,2,RECON,ack_flag_number,0.061023182279313914
7,2,RECON,ece_flag_number,0.0
7,2,RECON,cwr_flag_number,0.0
7,2,RECON,ack_count,0.002868086452508578
7,2,RECON,syn_count,0.004707319776935037
7,2,RECON,fin_count,0.000552438520207943
7,2,RECON,rst_count,0.0014460120685725996
7,2,RECON,HTTP,4.8773981689009815e-06
7,2,RECON,HTTPS,5.5201924539005635e-06
7,2,RECON,DNS,4.118585704926403e-07
7,2,RECON,Telnet,0.0
7,2,RECON,SMTP,0.0
7,2,RECON,SSH,0.0
7,2,RECON,IRC,0.0
7,2,RECON,TCP,4.801266922385139e-05
7,2,RECON,UDP,0.002534384108002996
7,2,RECON,DHCP,0.0
7,2,RECON,ARP,4.54871856097272e-05
7,2,RECON,ICMP,2.780161309079432e-06
7,2,RECON,IGMP,0.0
7,2,RECON,IPv,1.803793109929064e-05
7,2,RECON,LLC,6.873732270671479e-06
7,2,RECON,Tot sum,0.30572264883667233
7,2,RECON,Min,6.271976671996526e-05
7,2,RECON,Max,0.00307673111819895
7,2,RECON,AVG,0.07642302978783846
7,2,RECON,Std,0.023117201833520083
7,2,RECON,Tot size,0.09727423395961524
7,2,RECON,IAT,0.029726037745422217
7,2,RECON,Number,0.034386725386139
7,2,RECON,Variance,0.17030108920298517
7,3,RECON,Header_Length,2.504553491959882e-05
7,3,RECON,Protocol Type,1.4215548893892205e-05
7,3,RECON,Time_To_Live,0.010361452584231757
7,3,RECON,Rate,6.75187894529472e-05
7,3,RECON,fin_flag_number,1.0828619523461925e-05
7,3,RECON,syn_flag_number,0.011009261973958928
7,3,RECON,rst_flag_number,1.699050194927665e-05
7,3,RECON,psh_flag_number,1.863229415113299e-05
7,3,RECON,ack_flag_number,0.018722396093471615
7,3,RECON,ece_flag_number,0.0
7,3,RECON,cwr_flag_number,0.0
7,3,RECON,ack_count,0.0003059134981413081
7,3,RECON,syn_count,0.004625588424596571
7,3,RECON,fin_count,0.0002704180138891843
7,3,RECON,rst_count,0.000264581448266199
7,3,RECON,HTTP,2.8992084367018835e-06
7,3,RECON,HTTPS,1.5072241765068384e-05
7,3,RECON,DNS,9.130380296862305e-06
7,3,RECON,Telnet,0.0
7,3,RECON,SMTP,0.0
7,3,RECON,SSH,0.0
7,3,RECON,IRC,0.0
7,3,RECON,TCP,1.3473833776833643e-05
7,3,RECON,UDP,0.000557234083848357
7,3,RECON,DHCP,0.0
7,3,RECON,ARP,1.5931340240924082e-05
7,3,RECON,ICMP,1.7732972060002795e-05
7,3,RECON,IGMP,3.841020316031063e-07
7,3,RECON,IPv,2.8106478395123828e-06
7,3,RECON,LLC,4.422604811766395e-06
7,3,RECON,Tot sum,0.08822817461914383
7,3,RECON,Min,0.00036848409583853934
7,3,RECON,Max,0.0013734537176787853
7,3,RECON,AVG,0.02351286952616647
7,3,RECON,Std,0.010773830625112168
7,3,RECON,Tot size,0.01713052485956723
7,3,RECON,IAT,0.023058864309132333
7,3,RECON,Number,0.008832739889294316
7,3,RECON,Variance,0.038267699809512126
7,4,RECON,Header_Length,7.362726265132124e-05
7,4,RECON,Protocol Type,5.946526029276811e-05
7,4,RECON,Time_To_Live,0.05061225844015098
7,4,RECON,Rate,6.293287630256827e-05
7,4,RECON,fin_flag_number,3.241196295294263e-06
7,4,RECON,syn_flag_number,0.03173232515428026
7,4,RECON,rst_flag_number,0.00012910153163829817
7,4,RECON,psh_flag_number,4.295789115360549e-06
7,4,RECON,ack_flag_number,0.04257100928844011
7,4,RECON,ece_flag_number,0.0
7,4,RECON,cwr_flag_number,0.0
7,4,RECON,ack_count,0.0026360929854263304
7,4,RECON,syn_count,0.006127922386690443
7,4,RECON,fin_count,8.845230140047677e-06
7,4,RECON,rst_count,0.000517971464432776
7,4,RECON,HTTP,9.114749533262884e-06
7,4,RECON,HTTPS,8.723581902110311e-05
7,4,RECON,DNS,5.825990501762135e-06
7,4,RECON,Telnet,0.0
7,4,RECON,SMTP,0.0
7,4,RECON,SSH,0.0
7,4,RECON,IRC,0.0
7,4,RECON,TCP,1.822725368842981e-05
7,4,RECON,UDP,0.002723562912478883
7,4,RECON,DHCP,0.0
7,4,RECON,ARP,1.8860556156141684e-05
7,4,RECON,ICMP,1.4488203301743497e-06
7,4,RECON,IGMP,0.0
7,4,RECON,IPv,8.275856703221508e-06
7,4,RECON,LLC,8.878416156221647e-06
7,4,RECON,Tot sum,0.28899058918468656
7,4,RECON,Min,0.00023814455688579982
7,4,RECON,Max,0.0003181992672125489
7,4,RECON,AVG,0.015392914274707436
7,4,RECON,Std,0.004647147390642203
7,4,RECON,Tot size,0.017597654327983037
7,4,RECON,IAT,0.015203246405258141
7,4,RECON,Number,0.01698172979777155
7,4,RECON,Variance,0.034227019792888315
7,5,RECON,Header_Length,0.00011960998606923568
7,5,RECON,Protocol Type,3.4856950588846305e-05
7,5,RECON,Time_To_Live,0.010216045528795802
7,5,RECON,Rate,0.0002746501569617976
7,5,RECON,fin_flag_number,6.8302544029563705e-06
7,5,RECON,syn_flag_number,0.041076247343153224
7,5,RECON,rst_flag_number,2.749029318671603e-05
7,5,RECON,psh_flag_number,9.450825017864873e-06
7,5,RECON,ack_flag_number,0.01767712120199576
7,5,RECON,ece_flag_number,0.0
7,5,RECON,cwr_flag_number,0.0
7,5,RECON,ack_count,0.0009549408165185014
7,5,RECON,syn_count,0.005937647756945807
7,5,RECON,fin_count,0.0014351280428854807
7,5,RECON,rst_count,0.000780602328313762
7,5,RECON,HTTP,1.6487986060198524e-05
7,5,RECON,HTTPS,1.3430240946377125e-05
7,5,RECON,DNS,1.0797196856060509e-05
7,5,RECON,Telnet,0.0
7,5,RECON,SMTP,0.0
7,5,RECON,SSH,0.0
7,5,RECON,IRC,0.0
7,5,RECON,TCP,8.728895575416119e-06
7,5,RECON,UDP,0.0012906336279854714
7,5,RECON,DHCP,0.0
7,5,RECON,ARP,1.803597898621945e-05
7,5,RECON,ICMP,6.083894629682618e-05
7,5,RECON,IGMP,0.0
7,5,RECON,IPv,8.70030599617877e-06
7,5,RECON,LLC,4.882653548143878e-06
7,5,RECON,Tot sum,0.32609427012503145
7,5,RECON,Min,0.000361103798422846
7,5,RECON,Max,0.0014754664814972784
7,5,RECON,AVG,0.057543414644896984
7,5,RECON,Std,0.013593601359752938
7,5,RECON,Tot size,0.07281968854367733
7,5,RECON,IAT,0.03711484495433979
7,5,RECON,Number,0.01552090932673309
7,5,RECON,Variance,0.09583861334249377
7,1,SPOOFING,Header_Length,8.968205604364954e-06
7,1,SPOOFING,Protocol Type,7.997305955409483e-07
7,1,SPOOFING,Time_To_Live,8.71999799674228e-06
7,1,SPOOFING,Rate,2.1717739770732437e-05
7,1,SPOOFING,fin_flag_number,5.286394784698167e-07
7,1,SPOOFING,syn_flag_number,7.553863377438575e-05
7,1,SPOOFING,rst_flag_number,2.557892647248039e-07
7,1,SPOOFING,psh_flag_number,1.4445632150472677e-07
7,1,SPOOFING,ack_flag_number,0.0005880394348901419
7,1,SPOOFING,ece_flag_number,0.0
7,1,SPOOFING,cwr_flag_number,0.0
7,1,SPOOFING,ack_count,1.161159661506872e-05
7,1,SPOOFING,syn_count,4.4286124294501404e-05
7,1,SPOOFING,fin_count,5.372714225870822e-06
7,1,SPOOFING,rst_count,5.44323172704253e-06
7,1,SPOOFING,HTTP,2.0718916176470925e-07
7,1,SPOOFING,HTTPS,9.997032529587836e-07
7,1,SPOOFING,DNS,2.7746266527840095e-10
7,1,SPOOFING,Telnet,0.0
7,1,SPOOFING,SMTP,0.0
7,1,SPOOFING,SSH,0.0
7,1,SPOOFING,IRC,0.0
7,1,SPOOFING,TCP,2.087029960695652e-06
7,1,SPOOFING,UDP,1.7584564255246347e-05
7,1,SPOOFING,DHCP,0.0
7,1,SPOOFING,ARP,5.4252290043743655e-08
7,1,SPOOFING,ICMP,7.724060031577551e-07
7,1,SPOOFING,IGMP,3.7445279932324383e-10
7,1,SPOOFING,IPv,5.832144840775978e-09
7,1,SPOOFING,LLC,1.807766603703631e-08
7,1,SPOOFING,Tot sum,0.0026472576741980447
7,1,SPOOFING,Min,1.5432461740161328e-05
7,1,SPOOFING,Max,2.842328226506652e-05
7,1,SPOOFING,AVG,0.0007284154673470767
7,1,SPOOFING,Std,0.00018435810388837127
7,1,SPOOFING,Tot size,0.000618395117817272
7,1,SPOOFING,IAT,9.777692358028389e-05
7,1,SPOOFING,Number,0.0004291794813866545
7,1,SPOOFING,Variance,0.001614766053535277
7,2,SPOOFING,Header_Length,0.00010731059265083332
7,2,SPOOFING,Protocol Type,0.0001655444336279288
7,2,SPOOFING,Time_To_Live,0.0006343489425489679
7,2,SPOOFING,Rate,0.00012428786869236318
7,2,SPOOFING,fin_flag_number,3.884453435887281e-06
7,2,SPOOFING,syn_flag_number,0.006791565712774172
7,2,SPOOFING,rst_flag_number,5.4199810733734924e-06
7,2,SPOOFING,psh_flag_number,2.105161754499818e-05
7,2,SPOOFING,ack_flag_number,0.0111818847770337
7,2,SPOOFING,ece_flag_number,4.513885414780816e-07
7,2,SPOOFING,cwr_flag_number,4.6127355744829405e-06
7,2,SPOOFING,ack_count,0.0006961044969557406
7,2,SPOOFING,syn_count,0.001963218716264237
7,2,SPOOFING,fin_count,0.0006529092963319272
7,2,SPOOFING,rst_count,0.0006962069594919739
7,2,SPOOFING,HTTP,0.0
7,2,SPOOFING,HTTPS,2.7826958319110418e-05
7,2,SPOOFING,DNS,5.647990048496254e-06
7,2,SPOOFING,Telnet,0.0
7,2,SPOOFING,SMTP,0.0
7,2,SPOOFING,SSH,0.0
7,2,SPOOFING,IRC,0.0
7,2,SPOOFING,TCP,2.7892694458842015e-05
7,2,SPOOFING,UDP,0.0035750285169342533
7,2,SPOOFING,DHCP,0.0
7,2,SPOOFING,ARP,7.613006417273027e-06
7,2,SPOOFING,ICMP,1.2771097698482947e-05
7,2,SPOOFING,IGMP,0.0
7,2,SPOOFING,IPv,4.537058220055457e-06
7,2,SPOOFING,LLC,1.5418201570360778e-06
7,2,SPOOFING,Tot sum,0.25941432975232603
7,2,SPOOFING,Min,0.0032054535417955776
7,2,SPOOFING,Max,0.014241801295429467
7,2,SPOOFING,AVG,0.2504690013825893
7,2,SPOOFING,Std,0.111266462597996
7,2,SPOOFING,Tot size,0.12350112050771714
7,2,SPOOFING,IAT,0.0673753314789792
7,2,SPOOFING,Number,0.015897250652778895
7,2,SPOOFING,Variance,0.2680133066140115
7,3,SPOOFING,Header_Length,5.130972408551315e-05
7,3,SPOOFING,Protocol Type,3.578993027986144e-05
7,3,SPOOFING,Time_To_Live,0.007436441138270311
7,3,SPOOFING,Rate,0.0006507631137083081
7,3,SPOOFING,fin_flag_number,7.029930904423054e-06
7,3,SPOOFING,syn_flag_number,0.009906837926246225
7,3,SPOOFING,rst_flag_number,3.951591833128987e-06
7,3,SPOOFING,psh_flag_number,1.5313123640225967e-05
7,3,SPOOFING,ack_flag_number,0.0037644353324139956
7,3,SPOOFING,ece_flag_number,0.0
7,3,SPOOFING,cwr_flag_number,0.0
7,3,SPOOFING,ack_count,0.0009681406796516967
7,3,SPOOFING,syn_count,0.007474576047388837
7,3,SPOOFING,fin_count,0.0007258800898853224
7,3,SPOOFING,rst_count,0.0010961689938994823
7,3,SPOOFING,HTTP,2.1879635482946467e-06
7,3,SPOOFING,HTTPS,8.03511347839958e-06
7,3,SPOOFING,DNS,2.315353808901577e-07
7,3,SPOOFING,Telnet,0.0
7,3,SPOOFING,SMTP,0.0
7,3,SPOOFING,SSH,0.0
7,3,SPOOFING,IRC,0.0
7,3,SPOOFING,TCP,7.115685036751529e-05
7,3,SPOOFING,UDP,0.0030528978692018426
7,3,SPOOFING,DHCP,0.0
7,3,SPOOFING,ARP,3.4829785293576803e-06
7,3,SPOOFING,ICMP,3.9985218131732835e-05
7,3,SPOOFING,IGMP,0.0
7,3,SPOOFING,IPv,1.3733743483720918e-06
7,3,SPOOFING,LLC,1.2804442232297597e-06
7,3,SPOOFING,Tot sum,0.08729079961776734
7,3,SPOOFING,Min,0.00330813935106562
7,3,SPOOFING,Max,0.003512862976640463
7,3,SPOOFING,AVG,0.09030009917914868
7,3,SPOOFING,Std,0.017075144112459383
7,3,SPOOFING,Tot size,0.1412635285407305
7,3,SPOOFING,IAT,0.0048752250358006675
7,3,SPOOFING,Number,0.013712288242822978
7,3,SPOOFING,Variance,0.07096118764893618
7,4,SPOOFING,Header_Length,5.3896241672646285e-05
7,4,SPOOFING,Protocol Type,3.6301685440776055e-05
7,4,SPOOFING,Time_To_Live,0.03141132153687067
7,4,SPOOFING,Rate,0.0006750339792233717
7,4,SPOOFING,fin_flag_number,1.0608345495377591e-07
7,4,SPOOFING,syn_flag_number,0.007347145560197532
7,4,SPOOFING,rst_flag_number,6.565898274857318e-07
7,4,SPOOFING,psh_flag_number,3.824876495173157e-05
7,4,SPOOFING,ack_flag_number,0.009820332760864404
7,4,SPOOFING,ece_flag_number,0.0
7,4,SPOOFING,cwr_flag_number,0.0
7,4,SPOOFING,ack_count,0.0006302361831501457
7,4,SPOOFING,syn_count,0.005845438217511401
7,4,SPOOFING,fin_count,9.250307607544528e-06
7,4,SPOOFING,rst_count,6.211658183019609e-06
7,4,SPOOFING,HTTP,6.9759928622847855e-06
7,4,SPOOFING,HTTPS,2.7364088794001873e-05
7,4,SPOOFING,DNS,3.976926126370017e-06
7,4,SPOOFING,Telnet,0.0
7,4,SPOOFING,SMTP,0.0
7,4,SPOOFING,SSH,0.0
7,4,SPOOFING,IRC,0.0
7,4,SPOOFING,TCP,8.778066937793483e-05
7,4,SPOOFING,UDP,0.0033401180284272415
7,4,SPOOFING,DHCP,0.0
7,4,SPOOFING,ARP,1.1286053631920367e-05
7,4,SPOOFING,ICMP,2.8182400463094836e-06
7,4,SPOOFING,IGMP,0.0
7,4,SPOOFING,IPv,4.977606977263349e-06
7,4,SPOOFING,LLC,4.60817741441133e-06
7,4,SPOOFING,Tot sum,0.19826834234409035
7,4,SPOOFING,Min,0.0221337807161035
7,4,SPOOFING,Max,0.006686826725490392
7,4,SPOOFING,AVG,0.19341954551637172
7,4,SPOOFING,Std,0.042278572592476846
7,4,SPOOFING,Tot size,0.17143773511052132
7,4,SPOOFING,IAT,0.12848208497307495
7,4,SPOOFING,Number,0.03352344724116847
7,4,SPOOFING,Variance,0.21817790398490616
7,5,SPOOFING,Header_Length,0.00017280288748224847
7,5,SPOOFING,Protocol Type,1.4027043539499573e-05
7,5,SPOOFING,Time_To_Live,0.0032316858458216304
7,5,SPOOFING,Rate,0.0005858654214307534
7,5,SPOOFING,fin_flag_number,6.07271208035165e-06
7,5,SPOOFING,syn_flag_number,0.004906460357597097
7,5,SPOOFING,rst_flag_number,7.014020374640495e-06
7,5,SPOOFING,psh_flag_number,7.841300663358197e-06
7,5,SPOOFING,ack_flag_number,0.010743546963203699
7,5,SPOOFING,ece_flag_number,0.0
7,5,SPOOFING,cwr_flag_number,0.0
7,5,SPOOFING,ack_count,0.0009739322747236656
7,5,SPOOFING,syn_count,0.00238448458876519
7,5,SPOOFING,fin_count,0.00048535303631069837
7,5,SPOOFING,rst_count,0.0003769721080971067
7,5,SPOOFING,HTTP,3.074747232290065e-06
7,5,SPOOFING,HTTPS,1.6880779730854557e-05
7,5,SPOOFING,DNS,9.134188211135097e-07
7,5,SPOOFING,Telnet,0.0
7,5,SPOOFING,SMTP,0.0
7,5,SPOOFING,SSH,0.0
7,5,SPOOFING,IRC,0.0
7,5,SPOOFING,TCP,2.955103840349693e-05
7,5,SPOOFING,UDP,0.00043505444161837656
7,5,SPOOFING,DHCP,0.0
7,5,SPOOFING,ARP,9.785175796750422e-07
7,5,SPOOFING,ICMP,3.279220526337667e-05
7,5,SPOOFING,IGMP,0.0
7,5,SPOOFING,IPv,3.6959204965381074e-07
7,5,SPOOFING,LLC,2.6568777999891324e-07
7,5,SPOOFING,Tot sum,0.06986787496134639
7,5,SPOOFING,Min,0.0008144847783114528
7,5,SPOOFING,Max,0.00279629115248099
7,5,SPOOFING,AVG,0.0682976427488029
7,5,SPOOFING,Std,0.02602156503126025
7,5,SPOOFING,Tot size,0.033400625083595516
7,5,SPOOFING,IAT,0.015373226298834197
7,5,SPOOFING,Number,0.01615536015451653
7,5,SPOOFING,Variance,0.10344549510627984
7,1,WEB,Header_Length,2.3258502125855784e-05
7,1,WEB,Protocol Type,2.156864796724056e-05
7,1,WEB,Time_To_Live,0.0013451411631308474
7,1,WEB,Rate,2.1730121480567634e-05
7,1,WEB,fin_flag_number,1.887289776347778e-06
7,1,WEB,syn_flag_number,0.0005964802468636065
7,1,WEB,rst_flag_number,7.954086919694653e-07
7,1,WEB,psh_flag_number,4.408105209141588e-06
7,1,WEB,ack_flag_number,0.0013366256752306072
7,1,WEB,ece_flag_number,0.0
7,1,WEB,cwr_flag_number,0.0
7,1,WEB,ack_count,0.0004444600337830451
7,1,WEB,syn_count,0.00046904683219963774
7,1,WEB,fin_count,0.0001967398918665708
7,1,WEB,rst_count,0.00015186787980212558
7,1,WEB,HTTP,2.1874378535624574e-06
7,1,WEB,HTTPS,1.6801495763218988e-06
7,1,WEB,DNS,3.2856298355825664e-07
7,1,WEB,Telnet,0.0
7,1,WEB,SMTP,0.0
7,1,WEB,SSH,0.0
7,1,WEB,IRC,0.0
7,1,WEB,TCP,1.1010884880313654e-05
7,1,WEB,UDP,0.0010930448131066584
7,1,WEB,DHCP,0.0
7,1,WEB,ARP,4.439061968240787e-06
7,1,WEB,ICMP,2.225585803459218e-05
7,1,WEB,IGMP,1.3622167503724025e-08
7,1,WEB,IPv,4.9792111373681e-06
7,1,WEB,LLC,5.279279842777817e-07
7,1,WEB,Tot sum,0.060576186700200194
7,1,WEB,Min,0.01797681722889557
7,1,WEB,Max,0.001805728186957367
7,1,WEB,AVG,0.03476634735998232
7,1,WEB,Std,0.003629876160994172
7,1,WEB,Tot size,0.041973056399729106
7,1,WEB,IAT,0.08916103115861915
7,1,WEB,Number,0.004409568187318769
7,1,WEB,Variance,0.04551496718777344
7,2,WEB,Header_Length,2.9151956937312207e-05
7,2,WEB,Protocol Type,5.314922629935381e-05
7,2,WEB,Time_To_Live,0.004386272060310148
7,2,WEB,Rate,0.0001374460649685716
7,2,WEB,fin_flag_number,3.6113521659331125e-06
7,2,WEB,syn_flag_number,0.002029602056245494
7,2,WEB,rst_flag_number,3.4550239462305397e-06
7,2,WEB,psh_flag_number,4.318754333496599e-05
7,2,WEB,ack_flag_number,0.01001778943100362
7,2,WEB,ece_flag_number,0.0
7,2,WEB,cwr_flag_number,0.0
7,2,WEB,ack_count,0.0005410375619248952
7,2,WEB,syn_count,0.0009709470923553454
7,2,WEB,fin_count,0.0007316289214031712
7,2,WEB,rst_count,0.0011291908911971404
7,2,WEB,HTTP,4.484209512156667e-07
7,2,WEB,HTTPS,1.536897903662293e-05
7,2,WEB,DNS,2.327004823401979e-05
7,2,WEB,Telnet,0.0
7,2,WEB,SMTP,0.0
7,2,WEB,SSH,0.0
7,2,WEB,IRC,0.0
7,2,WEB,TCP,3.9665912089503764e-05
7,2,WEB,UDP,0.0022857284855490436
7,2,WEB,DHCP,0.0
7,2,WEB,ARP,1.0261647652443084e-05
7,2,WEB,ICMP,1.6031608479893932e-05
7,2,WEB,IGMP,0.0
7,2,WEB,IPv,9.772345194558607e-06
7,2,WEB,LLC,4.285848118723568e-06
7,2,WEB,Tot sum,0.2939228016883135
7,2,WEB,Min,0.0007711081690558785
7,2,WEB,Max,0.00630637053254759
7,2,WEB,AVG,0.1763074125163257
7,2,WEB,Std,0.025728388081188314
7,2,WEB,Tot size,0.3476986953988671
7,2,WEB,IAT,0.3088816746836528
7,2,WEB,Number,0.010561783896991982
7,2,WEB,Variance,0.1746178772416897
7,3,WEB,Header_Length,6.377898136311621e-06
7,3,WEB,Protocol Type,6.696142708064595e-07
7,3,WEB,Time_To_Live,0.0009411589156655964
7,3,WEB,Rate,1.056638862539927e-06
7,3,WEB,fin_flag_number,4.425658820556011e-07
7,3,WEB,syn_flag_number,0.00028811213419093206
7,3,WEB,rst_flag_number,7.740439717108649e-08
7,3,WEB,psh_flag_number,9.700716922231289e-07
7,3,WEB,ack_flag_number,0.000278287822305856
7,3,WEB,ece_flag_number,0.0
7,3,WEB,cwr_flag_number,0.0
7,3,WEB,ack_count,7.761042140619345e-05
7,3,WEB,syn_count,0.00030807057815778193
7,3,WEB,fin_count,7.41737677300569e-06
7,3,WEB,rst_count,3.38738158412788e-05
7,3,WEB,HTTP,5.328955580807815e-07
7,3,WEB,HTTPS,7.520621496670543e-07
7,3,WEB,DNS,2.6705135300190455e-08
7,3,WEB,Telnet,0.0
7,3,WEB,SMTP,0.0
7,3,WEB,SSH,0.0
7,3,WEB,IRC,0.0
7,3,WEB,TCP,1.208876873420861e-06
7,3,WEB,UDP,0.00012655330261512887
7,3,WEB,DHCP,0.0
7,3,WEB,ARP,3.0252310865990774e-08
7,3,WEB,ICMP,1.6159380073753686e-06
7,3,WEB,IGMP,0.0
7,3,WEB,IPv,1.6210352897332737e-07
7,3,WEB,LLC,2.1861923380679942e-08
7,3,WEB,Tot sum,0.017979614692626454
7,3,WEB,Min,3.688402788594169e-05
7,3,WEB,Max,0.00022391175516247585
7,3,WEB,AVG,0.002800412097252547
7,3,WEB,Std,0.0024684011094905146
7,3,WEB,Tot size,0.003312614497554023
7,3,WEB,IAT,0.039307250695662786
7,3,WEB,Number,0.001677037304694462
7,3,WEB,Variance,0.021460990976993343
7,4,WEB,Header_Length,4.263652476765856e-05
7,4,WEB,Protocol Type,4.3856626220062366e-05
7,4,WEB,Time_To_Live,0.0023621219129381643
7,4,WEB,Rate,2.3374351427207786e-05
7,4,WEB,fin_flag_number,3.976133631522494e-06
7,4,WEB,syn_flag_number,0.001344691920689911
7,4,WEB,rst_flag_number,0.0
7,4,WEB,psh_flag_number,1.6077972119887818e-05
7,4,WEB,ack_flag_number,0.0021505072373201985
7,4,WEB,ece_flag_number,0.0
7,4,WEB,cwr_flag_number,0.0
7,4,WEB,ack_count,0.00016078790379792096
7,4,WEB,syn_count,0.0019432542776485207
7,4,WEB,fin_count,3.0003924346821975e-05
7,4,WEB,rst_count,0.0
7,4,WEB,HTTP,1.7879907526217874e-05
7,4,WEB,HTTPS,5.1418612706299886e-06
7,4,WEB,DNS,1.856930460064632e-06
7,4,WEB,Telnet,0.0
7,4,WEB,SMTP,0.0
7,4,WEB,SSH,0.0
7,4,WEB,IRC,0.0
7,4,WEB,TCP,3.147056219141575e-05
7,4,WEB,UDP,0.0021831442703842186
7,4,WEB,DHCP,0.0
7,4,WEB,ARP,6.972366327318013e-06
7,4,WEB,ICMP,1.3588546296869342e-05
7,4,WEB,IGMP,0.0
7,4,WEB,IPv,2.0532206326606685e-05
7,4,WEB,LLC,4.429950899975666e-06
7,4,WEB,Tot sum,0.22709472654969431
7,4,WEB,Min,0.0059897865347352305
7,4,WEB,Max,0.0035815815029309308
7,4,WEB,AVG,0.0500406264574849
7,4,WEB,Std,0.023105454148026183
7,4,WEB,Tot size,0.11820549219846725
7,4,WEB,IAT,0.18945159606450943
7,4,WEB,Number,0.017690124019645738
7,4,WEB,Variance,0.061222775706846734
7,5,WEB,Header_Length,0.00014053849668016483
7,5,WEB,Protocol Type,2.7560606746135363e-05
7,5,WEB,Time_To_Live,0.024424958185409195
7,5,WEB,Rate,6.490293729726204e-05
7,5,WEB,fin_flag_number,6.675020404145471e-06
7,5,WEB,syn_flag_number,0.002967821629863465
7,5,WEB,rst_flag_number,6.456088736683796e-06
7,5,WEB,psh_flag_number,2.4266482910206832e-05
7,5,WEB,ack_flag_number,0.010430037611513399
7,5,WEB,ece_flag_number,0.0
7,5,WEB,cwr_flag_number,0.0
7,5,WEB,ack_count,0.0001943807133102382
7,5,WEB,syn_count,0.0028359807074593846
7,5,WEB,fin_count,0.0010226053414044145
7,5,WEB,rst_count,0.0006486308745706993
7,5,WEB,HTTP,1.7271664873419468e-06
7,5,WEB,HTTPS,8.563727525512377e-06
7,5,WEB,DNS,1.5554791417571323e-05
7,5,WEB,Telnet,0.0
7,5,WEB,SMTP,0.0
7,5,WEB,SSH,0.0
7,5,WEB,IRC,0.0
7,5,WEB,TCP,2.45471160269517e-05
7,5,WEB,UDP,0.004073124377646309
7,5,WEB,DHCP,0.0
7,5,WEB,ARP,1.1757156109633293e-05
7,5,WEB,ICMP,8.902653187305986e-05
7,5,WEB,IGMP,0.0
7,5,WEB,IPv,1.785500880213675e-05
7,5,WEB,LLC,1.7488947454236126e-06
7,5,WEB,Tot sum,0.3265210373327136
7,5,WEB,Min,7.555798347311793e-05
7,5,WEB,Max,0.004404427425470203
7,5,WEB,AVG,0.020032713285763747
7,5,WEB,Std,0.04880253868177533
7,5,WEB,Tot size,0.15849639736115934
7,5,WEB,IAT,0.29724240623763765
7,5,WEB,Number,0.0144493468103974
7,5,WEB,Variance,0.09185107883895398
8,1,BENIGN,Header_Length,1.8875534806284122e-05
8,1,BENIGN,Protocol Type,4.1844772502486195e-05
8,1,BENIGN,Time_To_Live,0.0433809659734834
8,1,BENIGN,Rate,0.00022789901186115458
8,1,BENIGN,fin_flag_number,1.7696452283644247e-05
8,1,BENIGN,syn_flag_number,0.006770013652567286
8,1,BENIGN,rst_flag_number,1.9070060716330773e-06
8,1,BENIGN,psh_flag_number,9.126842235751553e-06
8,1,BENIGN,ack_flag_number,0.011388435561093502
8,1,BENIGN,ece_flag_number,0.0
8,1,BENIGN,cwr_flag_number,0.0
8,1,BENIGN,ack_count,0.0013106576159771066
8,1,BENIGN,syn_count,0.0035005380159418564
8,1,BENIGN,fin_count,0.000941323462575383
8,1,BENIGN,rst_count,0.00127061819894152
8,1,BENIGN,HTTP,3.0542268496969173e-06
8,1,BENIGN,HTTPS,1.9831891182775508e-05
8,1,BENIGN,DNS,3.5435580958420585e-08
8,1,BENIGN,Telnet,0.0
8,1,BENIGN,SMTP,0.0
8,1,BENIGN,SSH,0.0
8,1,BENIGN,IRC,0.0
8,1,BENIGN,TCP,1.268554749458417e-05
8,1,BENIGN,UDP,0.0029691306150198215
8,1,BENIGN,DHCP,0.0
8,1,BENIGN,ARP,3.0854396085722156e-05
8,1,BENIGN,ICMP,3.314924289838927e-05
8,1,BENIGN,IGMP,1.950110807058536e-07
8,1,BENIGN,IPv,1.5171691495874385e-05
8,1,BENIGN,LLC,1.319712794680683e-05
8,1,BENIGN,Tot sum,0.10471916942624375
8,1,BENIGN,Min,0.011217534915522265
8,1,BENIGN,Max,0.009203530428931118
8,1,BENIGN,AVG,0.12764462511986494
8,1,BENIGN,Std,0.07314442805945873
8,1,BENIGN,Tot size,0.053742720489390196
8,1,BENIGN,IAT,0.03326994316303171
8,1,BENIGN,Number,0.004520288121057092
8,1,BENIGN,Variance,0.1721557442098856
8,2,BENIGN,Header_Length,4.9484936854859995e-05
8,2,BENIGN,Protocol Type,3.0996443092234927e-06
8,2,BENIGN,Time_To_Live,0.05492000597478182
8,2,BENIGN,Rate,7.439701693261469e-05
8,2,BENIGN,fin_flag_number,1.5959759927519634e-06
8,2,BENIGN,syn_flag_number,0.0009082069982326857
8,2,BENIGN,rst_flag_number,1.198412501568491e-07
8,2,BENIGN,psh_flag_number,1.628907884598796e-06
8,2,BENIGN,ack_flag_number,0.0026208417846646627
8,2,BENIGN,ece_flag_number,0.0
8,2,BENIGN,cwr_flag_number,0.0
8,2,BENIGN,ack_count,0.0001857775461147071
8,2,BENIGN,syn_count,0.000211137607038836
8,2,BENIGN,fin_count,4.398358019983561e-05
8,2,BENIGN,rst_count,0.00012572340146022043
8,2,BENIGN,HTTP,9.273443860813302e-07
8,2,BENIGN,HTTPS,3.174903858722544e-05
8,2,BENIGN,DNS,2.609706248568513e-07
8,2,BENIGN,Telnet,0.0
8,2,BENIGN,SMTP,0.0
8,2,BENIGN,SSH,0.0
8,2,BENIGN,IRC,0.0
8,2,BENIGN,TCP,1.0770889707523157e-05
8,2,BENIGN,UDP,0.000754114065603062
8,2,BENIGN,DHCP,0.0
8,2,BENIGN,ARP,2.6790870076153112e-08
8,2,BENIGN,ICMP,3.165986313287406e-08
8,2,BENIGN,IGMP,0.0
8,2,BENIGN,IPv,1.8920938702187556e-07
8,2,BENIGN,LLC,2.0548668135159618e-07
8,2,BENIGN,Tot sum,0.07130798060661618
8,2,BENIGN,Min,0.00033518000564072283
8,2,BENIGN,Max,0.0004958147606885177
8,2,BENIGN,AVG,0.0016165934459422715
8,2,BENIGN,Std,0.004219094243308063
8,2,BENIGN,Tot size,0.0037564258498605342
8,2,BENIGN,IAT,0.007061395130340387
8,2,BENIGN,Number,0.005045589226165248
8,2,BENIGN,Variance,0.01325992754282197
8,3,BENIGN,Header_Length,0.0002181972857670189
8,3,BENIGN,Protocol Type,2.3451301375132515e-05
8,3,BENIGN,Time_To_Live,0.036001802828059225
8,3,BENIGN,Rate,0.0002674300157423204
8,3,BENIGN,fin_flag_number,1.3107693735037174e-05
8,3,BENIGN,syn_flag_number,0.00884526157565233
8,3,BENIGN,rst_flag_number,2.9703014686077724e-06
8,3,BENIGN,psh_flag_number,1.5230976007529762e-05
8,3,BENIGN,ack_flag_number,0.013935260608559475
8,3,BENIGN,ece_flag_number,0.0
8,3,BENIGN,cwr_flag_number,0.0
8,3,BENIGN,ack_count,0.0007663187192520126
8,3,BENIGN,syn_count,0.006753490820119623
8,3,BENIGN,fin_count,0.001279332669764699
8,3,BENIGN,rst_count,0.001060468359173683
8,3,BENIGN,HTTP,1.958608163477038e-06
8,3,BENIGN,HTTPS,1.8628419945798667e-05
8,3,BENIGN,DNS,1.944795145494144e-06
8,3,BENIGN,Telnet,0.0
8,3,BENIGN,SMTP,0.0
8,3,BENIGN,SSH,0.0
8,3,BENIGN,IRC,0.0
8,3,BENIGN,TCP,2.768484570765395e-05
8,3,BENIGN,UDP,0.0034234502199979033
8,3,BENIGN,DHCP,0.0
8,3,BENIGN,ARP,9.708816906157935e-09
8,3,BENIGN,ICMP,4.146018097230808e-05
8,3,BENIGN,IGMP,0.0
8,3,BENIGN,IPv,4.280287756175394e-09
8,3,BENIGN,LLC,2.270854732588923e-08
8,3,BENIGN,Tot sum,0.2226847915444523
8,3,BENIGN,Min,0.002680065190997993
8,3,BENIGN,Max,0.004335461382288486
8,3,BENIGN,AVG,0.025570640606747474
8,3,BENIGN,Std,0.0472988611087203
8,3,BENIGN,Tot size,0.0529772344045341
8,3,BENIGN,IAT,0.04020427191667295
8,3,BENIGN,Number,0.003603514758287929
8,3,BENIGN,Variance,0.21937261074781417
8,4,BENIGN,Header_Length,0.00017404408392849292
8,4,BENIGN,Protocol Type,6.3155784630453125e-06
8,4,BENIGN,Time_To_Live,0.08848443308306742
8,4,BENIGN,Rate,0.00017509431218059034
8,4,BENIGN,fin_flag_number,7.71149886114042e-08
8,4,BENIGN,syn_flag_number,0.0043900598033360435
8,4,BENIGN,rst_flag_number,0.0
8,4,BENIGN,psh_flag_number,9.187316157976965e-06
8,4,BENIGN,ack_flag_number,0.00957988114678301
8,4,BENIGN,ece_flag_number,0.0
8,4,BENIGN,cwr_flag_number,0.0
8,4,BENIGN,ack_count,0.0005082724536805472
8,4,BENIGN,syn_count,0.002923240468953736
8,4,BENIGN,fin_count,4.251398333110501e-06
8,4,BENIGN,rst_count,0.0
8,4,BENIGN,HTTP,1.8879986767306178e-06
8,4,BENIGN,HTTPS,3.340884493923113e-05
8,4,BENIGN,DNS,1.1442570269082353e-08
8,4,BENIGN,Telnet,0.0
8,4,BENIGN,SMTP,0.0
8,4,BENIGN,SSH,0.0
8,4,BENIGN,IRC,0.0
8,4,BENIGN,TCP,3.3778320496935524e-05
8,4,BENIGN,UDP,0.0029741334161371923
8,4,BENIGN,DHCP,0.0
8,4,BENIGN,ARP,1.6282334399875254e-06
8,4,BENIGN,ICMP,2.1485618519445636e-06
8,4,BENIGN,IGMP,0.0
8,4,BENIGN,IPv,1.025882284011459e-06
8,4,BENIGN,LLC,2.1715126422350294e-06
8,4,BENIGN,Tot sum,0.1538900495506823
8,4,BENIGN,Min,0.009478634777042316
8,4,BENIGN,Max,0.005916520324535668
8,4,BENIGN,AVG,0.056005992880091074
8,4,BENIGN,Std,0.04084239900112152
8,4,BENIGN,Tot size,0.06837289500981569
8,4,BENIGN,IAT,0.04620520115167892
8,4,BENIGN,Number,0.005307004880160093
8,4,BENIGN,Variance,0.23617210146039724
8,5,BENIGN,Header_Length,0.0004666719840770384
8,5,BENIGN,Protocol Type,1.2259608368481167e-05
8,5,BENIGN,Time_To_Live,0.2351574837072988
8,5,BENIGN,Rate,0.0005101635437313234
8,5,BENIGN,fin_flag_number,2.9901886546213063e-05
8,5,BENIGN,syn_flag_number,0.00766221779940679
8,5,BENIGN,rst_flag_number,1.7936609879143362e-06
8,5,BENIGN,psh_flag_number,2.1376897365144032e-05
8,5,BENIGN,ack_flag_number,0.02345971275353804
8,5,BENIGN,ece_flag_number,0.0
8,5,BENIGN,cwr_flag_number,0.0
8,5,BENIGN,ack_count,0.0014230277034130267
8,5,BENIGN,syn_count,0.00397483263623144
8,5,BENIGN,fin_count,0.0016773502557043685
8,5,BENIGN,rst_count,0.001750272655590379
8,5,BENIGN,HTTP,5.135489002938698e-08
8,5,BENIGN,HTTPS,8.786480138951447e-05
8,5,BENIGN,DNS,4.525714828584881e-06
8,5,BENIGN,Telnet,0.0
8,5,BENIGN,SMTP,0.0
8,5,BENIGN,SSH,0.0
8,5,BENIGN,IRC,0.0
8,5,BENIGN,TCP,9.158059912977024e-05
8,5,BENIGN,UDP,0.0025139892754054926
8,5,BENIGN,DHCP,0.0
8,5,BENIGN,ARP,6.262729158604957e-06
8,5,BENIGN,ICMP,1.2564090388877957e-05
8,5,BENIGN,IGMP,0.0
8,5,BENIGN,IPv,5.620866741296026e-06
8,5,BENIGN,LLC,3.735977478847019e-06
8,5,BENIGN,Tot sum,0.2254660148639232
8,5,BENIGN,Min,0.0016724819275623303
8,5,BENIGN,Max,0.002372234594076872
8,5,BENIGN,AVG,0.0227138160582399
8,5,BENIGN,Std,0.02876809611916542
8,5,BENIGN,Tot size,0.057880828902125356
8,5,BENIGN,IAT,0.029753228147455957
8,5,BENIGN,Number,0.021671388027607465
8,5,BENIGN,Variance,0.15597020831191913
8,2,BRUTEFORCE,Header_Length,9.603465728247328e-06
8,2,BRUTEFORCE,Protocol Type,1.2992616552298664e-06
8,2,BRUTEFORCE,Time_To_Live,0.00019224916335796037
8,2,BRUTEFORCE,Rate,1.2430282253950153e-05
8,2,BRUTEFORCE,fin_flag_number,3.9529999388887575e-06
8,2,BRUTEFORCE,syn_flag_number,6.49342768497263e-05
8,2,BRUTEFORCE,rst_flag_number,4.0085201769013423e-07
8,2,BRUTEFORCE,psh_flag_number,1.2878374041480969e-06
8,2,BRUTEFORCE,ack_flag_number,0.004854611132213904
8,2,BRUTEFORCE,ece_flag_number,0.0
8,2,BRUTEFORCE,cwr_flag_number,0.0
8,2,BRUTEFORCE,ack_count,4.297165706077521e-05
8,2,BRUTEFORCE,syn_count,0.00021928761062781633
8,2,BRUTEFORCE,fin_count,5.6374933330261004e-05
8,2,BRUTEFORCE,rst_count,0.00025162764136723583
8,2,BRUTEFORCE,HTTP,0.0
8,2,BRUTEFORCE,HTTPS,5.5172596314267965e-06
8,2,BRUTEFORCE,DNS,2.5594168572701246e-10
8,2,BRUTEFORCE,Telnet,0.0
8,2,BRUTEFORCE,SMTP,0.0
8,2,BRUTEFORCE,SSH,3.3024179018070754e-06
8,2,BRUTEFORCE,IRC,0.0
8,2,BRUTEFORCE,TCP,1.7795434101408603e-06
8,2,BRUTEFORCE,UDP,0.0001651464347965259
8,2,BRUTEFORCE,DHCP,0.0
8,2,BRUTEFORCE,ARP,5.566090038811795e-07
8,2,BRUTEFORCE,ICMP,5.100309654350842e-08
8,2,BRUTEFORCE,IGMP,0.0
8,2,BRUTEFORCE,IPv,8.373755831070962e-08
8,2,BRUTEFORCE,LLC,2.2479425559429115e-07
8,2,BRUTEFORCE,Tot sum,0.026938296129810625
8,2,BRUTEFORCE,Min,0.00010149903199518917
8,2,BRUTEFORCE,Max,0.0002111172653712856
8,2,BRUTEFORCE,AVG,0.0042785136931343
8,2,BRUTEFORCE,Std,0.0010179323603097146
8,2,BRUTEFORCE,Tot size,0.002445224038820015
8,2,BRUTEFORCE,IAT,0.006849212652832648
8,2,BRUTEFORCE,Number,0.0022315674672427122
8,2,BRUTEFORCE,Variance,0.032982306219037125
8,3,BRUTEFORCE,Header_Length,1.1923491641141482e-05
8,3,BRUTEFORCE,Protocol Type,1.6367451162402348e-06
8,3,BRUTEFORCE,Time_To_Live,0.0034066983962020457
8,3,BRUTEFORCE,Rate,1.884469884032569e-05
8,3,BRUTEFORCE,fin_flag_number,3.818828820500997e-06
8,3,BRUTEFORCE,syn_flag_number,0.0006234529698872393
8,3,BRUTEFORCE,rst_flag_number,1.0659797153006468e-06
8,3,BRUTEFORCE,psh_flag_number,3.1456799527929125e-06
8,3,BRUTEFORCE,ack_flag_number,0.001295039540855214
8,3,BRUTEFORCE,ece_flag_number,0.0
8,3,BRUTEFORCE,cwr_flag_number,0.0
8,3,BRUTEFORCE,ack_count,4.22102134265856e-05
8,3,BRUTEFORCE,syn_count,0.0006801372865766098
8,3,BRUTEFORCE,fin_count,6.174641670000369e-05
8,3,BRUTEFORCE,rst_count,0.00011531564888969114
8,3,BRUTEFORCE,HTTP,1.4128864904705553e-07
8,3,BRUTEFORCE,HTTPS,9.931865868617606e-07
8,3,BRUTEFORCE,DNS,8.871310719187065e-09
8,3,BRUTEFORCE,Telnet,0.0
8,3,BRUTEFORCE,SMTP,0.0
8,3,BRUTEFORCE,SSH,1.8949502191389911e-06
8,3,BRUTEFORCE,IRC,0.0
8,3,BRUTEFORCE,TCP,7.093456455109504e-07
8,3,BRUTEFORCE,UDP,0.00025232945669082516
8,3,BRUTEFORCE,DHCP,0.0
8,3,BRUTEFORCE,ARP,4.087249837757961e-06
8,3,BRUTEFORCE,ICMP,1.1404101289302915e-05
8,3,BRUTEFORCE,IGMP,2.9448136729115503e-08
8,3,BRUTEFORCE,IPv,5.806720295867241e-07
8,3,BRUTEFORCE,LLC,3.901947469111448e-06
8,3,BRUTEFORCE,Tot sum,0.017958069641463226
8,3,BRUTEFORCE,Min,8.251484437096223e-05
8,3,BRUTEFORCE,Max,0.0005353319054847816
8,3,BRUTEFORCE,AVG,0.005006492185316347
8,3,BRUTEFORCE,Std,0.0037732270662672817
8,3,BRUTEFORCE,Tot size,0.002180021297681378
8,3,BRUTEFORCE,IAT,0.018770411483546922
8,3,BRUTEFORCE,Number,0.0012272439952539572
8,3,BRUTEFORCE,Variance,0.021917465192382225
8,4,BRUTEFORCE,Header_Length,2.452069322931294e-05
8,4,BRUTEFORCE,Protocol Type,4.7374364572139175e-06
8,4,BRUTEFORCE,Time_To_Live,0.0015237277021231677
8,4,BRUTEFORCE,Rate,3.496011133726773e-05
8,4,BRUTEFORCE,fin_flag_number,6.577967694990777e-07
8,4,BRUTEFORCE,syn_flag_number,0.0004970608615337824
8,4,BRUTEFORCE,rst_flag_number,9.959767339751125e-08
8,4,BRUTEFORCE,psh_flag_number,3.7785900147468964e-06
8,4,BRUTEFORCE,ack_flag_number,0.00398607411515286
8,4,BRUTEFORCE,ece_flag_number,0.0
8,4,BRUTEFORCE,cwr_flag_number,0.0
8,4,BRUTEFORCE,ack_count,0.0001779977987695247
8,4,BRUTEFORCE,syn_count,0.0006836650977902536
8,4,BRUTEFORCE,fin_count,6.211657980892404e-06
8,4,BRUTEFORCE,rst_count,6.269162986427545e-06
8,4,BRUTEFORCE,HTTP,3.342681718417756e-07
8,4,BRUTEFORCE,HTTPS,6.158796111388476e-06
8,4,BRUTEFORCE,DNS,1.5679628631914965e-06
8,4,BRUTEFORCE,Telnet,0.0
8,4,BRUTEFORCE,SMTP,0.0
8,4,BRUTEFORCE,SSH,2.553982153585821e-06
8,4,BRUTEFORCE,IRC,0.0
8,4,BRUTEFORCE,TCP,5.488832697396473e-06
8,4,BRUTEFORCE,UDP,0.00047232504514056474
8,4,BRUTEFORCE,DHCP,0.0
8,4,BRUTEFORCE,ARP,8.081445230345708e-07
8,4,BRUTEFORCE,ICMP,2.795047060244471e-07
8,4,BRUTEFORCE,IGMP,0.0
8,4,BRUTEFORCE,IPv,9.298141208091693e-08
8,4,BRUTEFORCE,LLC,4.721177901956253e-07
8,4,BRUTEFORCE,Tot sum,0.03048328879958717
8,4,BRUTEFORCE,Min,0.0002209417732615293
8,4,BRUTEFORCE,Max,0.0004519125268870994
8,4,BRUTEFORCE,AVG,0.008368110009905649
8,4,BRUTEFORCE,Std,0.0022708189337436123
8,4,BRUTEFORCE,Tot size,0.005091667379019782
8,4,BRUTEFORCE,IAT,0.02138288084432105
8,4,BRUTEFORCE,Number,0.003834750718556279
8,4,BRUTEFORCE,Variance,0.03212844614172354
8,5,BRUTEFORCE,Header_Length,2.3367911816407628e-05
8,5,BRUTEFORCE,Protocol Type,5.238492124293864e-06
8,5,BRUTEFORCE,Time_To_Live,0.001843687158634566
8,5,BRUTEFORCE,Rate,2.6018638646618798e-05
8,5,BRUTEFORCE,fin_flag_number,1.610875745750029e-06
8,5,BRUTEFORCE,syn_flag_number,0.0005223014372688795
8,5,BRUTEFORCE,rst_flag_number,6.158812258322266e-07
8,5,BRUTEFORCE,psh_flag_number,5.182604324888151e-07
8,5,BRUTEFORCE,ack_flag_number,0.0018938253366741265
8,5,BRUTEFORCE,ece_flag_number,0.0
8,5,BRUTEFORCE,cwr_flag_number,0.0
8,5,BRUTEFORCE,ack_count,3.9145385002825606e-05
8,5,BRUTEFORCE,syn_count,0.0005177848475454994
8,5,BRUTEFORCE,fin_count,0.00010493305342613723
8,5,BRUTEFORCE,rst_count,0.0003528129272780234
8,5,BRUTEFORCE,HTTP,3.020464625635988e-09
8,5,BRUTEFORCE,HTTPS,1.2453024988090534e-06
8,5,BRUTEFORCE,DNS,7.192778691544888e-07
8,5,BRUTEFORCE,Telnet,0.0
8,5,BRUTEFORCE,SMTP,0.0
8,5,BRUTEFORCE,SSH,5.334725924655004e-06
8,5,BRUTEFORCE,IRC,0.0
8,5,BRUTEFORCE,TCP,2.7330953565884997e-06
8,5,BRUTEFORCE,UDP,9.547575388495489e-05
8,5,BRUTEFORCE,DHCP,0.0
8,5,BRUTEFORCE,ARP,4.535358930080058e-07
8,5,BRUTEFORCE,ICMP,1.365768528589495e-05
8,5,BRUTEFORCE,IGMP,0.0
8,5,BRUTEFORCE,IPv,2.0539952779938252e-08
8,5,BRUTEFORCE,LLC,1.847543832381171e-07
8,5,BRUTEFORCE,Tot sum,0.011856823493144476
8,5,BRUTEFORCE,Min,0.00020981779362614362
8,5,BRUTEFORCE,Max,0.0002564875894677243
8,5,BRUTEFORCE,AVG,0.003701075182743807
8,5,BRUTEFORCE,Std,0.002003098157001659
8,5,BRUTEFORCE,Tot size,0.0024950303894001992
8,5,BRUTEFORCE,IAT,0.00752852574305507
8,5,BRUTEFORCE,Number,0.0012066220222550327
8,5,BRUTEFORCE,Variance,0.022134221880696713
8,1,DDOS,Header_Length,0.011048862192546948
8,1,DDOS,Protocol Type,0.00046751792997383744
8,1,DDOS,Time_To_Live,0.0006041515740434989
8,1,DDOS,Rate,0.002607301493844716
8,1,DDOS,fin_flag_number,2.2953724510443863e-05
8,1,DDOS,syn_flag_number,0.012293453142046929
8,1,DDOS,rst_flag_number,9.932998818840132e-06
8,1,DDOS,psh_flag_number,0.0001810817355362815
8,1,DDOS,ack_flag_number,0.006841555979917757
8,1,DDOS,ece_flag_number,0.0
8,1,DDOS,cwr_flag_number,0.0
8,1,DDOS,ack_count,0.006501439988278434
8,1,DDOS,syn_count,0.01597210015170276
8,1,DDOS,fin_count,0.007038098271004855
8,1,DDOS,rst_count,0.004354276205413043
8,1,DDOS,HTTP,1.2924261159241724e-05
8,1,DDOS,HTTPS,2.8502205395852798e-05
8,1,DDOS,DNS,5.712964734616577e-09
8,1,DDOS,Telnet,0.0
8,1,DDOS,SMTP,0.0
8,1,DDOS,SSH,0.0
8,1,DDOS,IRC,0.0
8,1,DDOS,TCP,0.005137450220354367
8,1,DDOS,UDP,0.0055559613734658345
8,1,DDOS,DHCP,0.0
8,1,DDOS,ARP,1.71620415869711e-06
8,1,DDOS,ICMP,0.0010660632215149235
8,1,DDOS,IGMP,1.2809615846019708e-07
8,1,DDOS,IPv,2.258930156995298e-06
8,1,DDOS,LLC,2.228026998096766e-06
8,1,DDOS,Tot sum,0.06470980546437204
8,1,DDOS,Min,0.00410176666919142
8,1,DDOS,Max,0.0059940514824120324
8,1,DDOS,AVG,0.03644767077639699
8,1,DDOS,Std,0.009632272380258655
8,1,DDOS,Tot size,0.028950858023017646
8,1,DDOS,IAT,0.0010110880881256889
8,1,DDOS,Number,0.0003693092214234639
8,1,DDOS,Variance,0.0207044835362467
8,2,DDOS,Header_Length,0.046925072151861966
8,2,DDOS,Protocol Type,0.00022582365904781908
8,2,DDOS,Time_To_Live,0.0019445460406132043
8,2,DDOS,Rate,0.003280587874360208
8,2,DDOS,fin_flag_number,0.0004463307539026573
8,2,DDOS,syn_flag_number,0.006638719432521612
8,2,DDOS,rst_flag_number,0.00012686989907138014
8,2,DDOS,psh_flag_number,0.0005063878275179884
8,2,DDOS,ack_flag_number,0.015300138881957536
8,2,DDOS,ece_flag_number,0.0
8,2,DDOS,cwr_flag_number,0.0
8,2,DDOS,ack_count,0.02447610055332916
8,2,DDOS,syn_count,0.012773260520771147
8,2,DDOS,fin_count,0.1288368020672351
8,2,DDOS,rst_count,0.07954238317906856
8,2,DDOS,HTTP,0.00016916462918743492
8,2,DDOS,HTTPS,0.00017605979357124824
8,2,DDOS,DNS,5.416822821402434e-08
8,2,DDOS,Telnet,0.0
8,2,DDOS,SMTP,0.0
8,2,DDOS,SSH,0.0
8,2,DDOS,IRC,0.0
8,2,DDOS,TCP,0.02396247933520499
8,2,DDOS,UDP,0.04508313582045957
8,2,DDOS,DHCP,0.0
8,2,DDOS,ARP,5.3812644784656525e-09
8,2,DDOS,ICMP,0.0009261201485912807
8,2,DDOS,IGMP,0.0
8,2,DDOS,IPv,7.857900130581186e-09
8,2,DDOS,LLC,1.329279637474201e-08
8,2,DDOS,Tot sum,0.09865784380817785
8,2,DDOS,Min,0.006547574071737472
8,2,DDOS,Max,0.008415394742041827
8,2,DDOS,AVG,0.06672204467467964
8,2,DDOS,Std,0.013801171001978219
8,2,DDOS,Tot size,0.08282016711309552
8,2,DDOS,IAT,0.008433107830342124
8,2,DDOS,Number,0.0006595008798285562
8,2,DDOS,Variance,0.04868253387394361
8,3,DDOS,Header_Length,0.008897190843708814
8,3,DDOS,Protocol Type,0.0006791260906538809
8,3,DDOS,Time_To_Live,0.00041688712317409225
8,3,DDOS,Rate,0.0007969480284373276
8,3,DDOS,fin_flag_number,0.00014757929129700643
8,3,DDOS,syn_flag_number,0.02213560669479193
8,3,DDOS,rst_flag_number,6.390136031768634e-05
8,3,DDOS,psh_flag_number,0.00025697204764583146
8,3,DDOS,ack_flag_number,0.008986104687210172
8,3,DDOS,ece_flag_number,0.0
8,3,DDOS,cwr_flag_number,0.0
8,3,DDOS,ack_count,0.012207920372020453
8,3,DDOS,syn_count,0.03796000420115888
8,3,DDOS,fin_count,0.03725334564223885
8,3,DDOS,rst_count,0.022275974228978156
8,3,DDOS,HTTP,8.684105705469847e-05
8,3,DDOS,HTTPS,1.0412339179310948e-06
8,3,DDOS,DNS,9.713787011378373e-06
8,3,DDOS,Telnet,0.0
8,3,DDOS,SMTP,0.0
8,3,DDOS,SSH,0.0
8,3,DDOS,IRC,0.0
8,3,DDOS,TCP,0.0036458394257351755
8,3,DDOS,UDP,0.022889931057579815
8,3,DDOS,DHCP,0.0
8,3,DDOS,ARP,8.858769703912195e-07
8,3,DDOS,ICMP,0.0006546993729898531
8,3,DDOS,IGMP,0.0
8,3,DDOS,IPv,5.642416178119891e-07
8,3,DDOS,LLC,2.5195635988684016e-08
8,3,DDOS,Tot sum,0.0522118026856333
8,3,DDOS,Min,0.0014431441144552083
8,3,DDOS,Max,0.002204679088026751
8,3,DDOS,AVG,0.03245582552626729
8,3,DDOS,Std,0.010697143920697271
8,3,DDOS,Tot size,0.052285533584654334
8,3,DDOS,IAT,0.0003434347934671678
8,3,DDOS,Number,0.0
8,3,DDOS,Variance,0.10177394449710846
8,4,DDOS,Header_Length,0.04819769418099895
8,4,DDOS,Protocol Type,0.0012418773498211523
8,4,DDOS,Time_To_Live,0.004950743363588117
8,4,DDOS,Rate,0.003019558170126402
8,4,DDOS,fin_flag_number,0.0003717120996896028
8,4,DDOS,syn_flag_number,0.03241735264891758
8,4,DDOS,rst_flag_number,0.0001371002639643848
8,4,DDOS,psh_flag_number,0.0
8,4,DDOS,ack_flag_number,0.003956471298079123
8,4,DDOS,ece_flag_number,0.0
8,4,DDOS,cwr_flag_number,0.0
8,4,DDOS,ack_count,0.0011206688464881153
8,4,DDOS,syn_count,0.05369037551572546
8,4,DDOS,fin_count,0.08638659891992688
8,4,DDOS,rst_count,0.02724323272705078
8,4,DDOS,HTTP,1.056463230497684e-06
8,4,DDOS,HTTPS,0.0038669022120302542
8,4,DDOS,DNS,2.3295189748751e-06
8,4,DDOS,Telnet,0.0
8,4,DDOS,SMTP,0.0
8,4,DDOS,SSH,0.0
8,4,DDOS,IRC,0.0
8,4,DDOS,TCP,0.01978881985414773
8,4,DDOS,UDP,0.08181775524426485
8,4,DDOS,DHCP,0.0
8,4,DDOS,ARP,2.4210143601521848e-05
8,4,DDOS,ICMP,0.0023947731308680887
8,4,DDOS,IGMP,0.0
8,4,DDOS,IPv,1.263223857677076e-05
8,4,DDOS,LLC,1.3536168989958241e-05
8,4,DDOS,Tot sum,0.050395527202636
8,4,DDOS,Min,0.0006250840488064568
8,4,DDOS,Max,0.002187358210949242
8,4,DDOS,AVG,0.010836907331395196
8,4,DDOS,Std,0.008084360719658434
8,4,DDOS,Tot size,0.014079813535499853
8,4,DDOS,IAT,0.007983299269108101
8,4,DDOS,Number,0.0012066858325852081
8,4,DDOS,Variance,0.006173495977418497
8,5,DDOS,Header_Length,0.020414518663528725
8,5,DDOS,Protocol Type,0.000912266375166837
8,5,DDOS,Time_To_Live,0.004036056459881365
8,5,DDOS,Rate,0.004350128708756529
8,5,DDOS,fin_flag_number,0.00015521814075896144
8,5,DDOS,syn_flag_number,0.0119214686419582
8,5,DDOS,rst_flag_number,4.9957820579038525e-05
8,5,DDOS,psh_flag_number,0.00024713399373581523
8,5,DDOS,ack_flag_number,0.020549306612520014
8,5,DDOS,ece_flag_number,0.0
8,5,DDOS,cwr_flag_number,0.0
8,5,DDOS,ack_count,0.017411018006532684
8,5,DDOS,syn_count,0.020948871689324734
8,5,DDOS,fin_count,0.03187336564005818
8,5,DDOS,rst_count,0.006970012909005163
8,5,DDOS,HTTP,8.207675357141398e-08
8,5,DDOS,HTTPS,0.001242149630854783
8,5,DDOS,DNS,3.667201949753007e-06
8,5,DDOS,Telnet,0.0
8,5,DDOS,SMTP,0.0
8,5,DDOS,SSH,0.0
8,5,DDOS,IRC,0.0
8,5,DDOS,TCP,0.009182109198445688
8,5,DDOS,UDP,0.025126688664022366
8,5,DDOS,DHCP,0.0
8,5,DDOS,ARP,1.0123983329446418e-07
8,5,DDOS,ICMP,0.002022231433147681
8,5,DDOS,IGMP,0.0
8,5,DDOS,IPv,9.900550357322402e-08
8,5,DDOS,LLC,1.4152332714623128e-07
8,5,DDOS,Tot sum,0.1946378458291292
8,5,DDOS,Min,0.00012643726213354967
8,5,DDOS,Max,0.0031993095108191483
8,5,DDOS,AVG,0.025562379707116632
8,5,DDOS,Std,0.012725674212560989
8,5,DDOS,Tot size,0.044955389015376566
8,5,DDOS,IAT,0.005658902906179719
8,5,DDOS,Number,0.0012084895493899238
8,5,DDOS,Variance,0.08417806013021618
8,1,DOS,Header_Length,0.007317459900514222
8,1,DOS,Protocol Type,0.0008934979934565491
8,1,DOS,Time_To_Live,0.00017491452999820467
8,1,DOS,Rate,0.00305753214051947
8,1,DOS,fin_flag_number,2.9430642007355347e-05
8,1,DOS,syn_flag_number,0.008816234530240764
8,1,DOS,rst_flag_number,7.367718342266016e-06
8,1,DOS,psh_flag_number,9.21325645322213e-05
8,1,DOS,ack_flag_number,0.0024150555225787686
8,1,DOS,ece_flag_number,0.0
8,1,DOS,cwr_flag_number,0.0
8,1,DOS,ack_count,0.0045655838242964816
8,1,DOS,syn_count,0.00844276453135535
8,1,DOS,fin_count,0.009275954449549317
8,1,DOS,rst_count,0.0035814044764265417
8,1,DOS,HTTP,1.629357049353075e-05
8,1,DOS,HTTPS,1.1929439460800495e-05
8,1,DOS,DNS,8.483600809697233e-11
8,1,DOS,Telnet,0.0
8,1,DOS,SMTP,0.0
8,1,DOS,SSH,0.0
8,1,DOS,IRC,0.0
8,1,DOS,TCP,0.003765247092815116
8,1,DOS,UDP,0.02649272640014715
8,1,DOS,DHCP,0.0
8,1,DOS,ARP,1.2065158593088653e-06
8,1,DOS,ICMP,0.0005787516820419114
8,1,DOS,IGMP,1.2225204601081125e-07
8,1,DOS,IPv,1.3442131926832968e-06
8,1,DOS,LLC,1.5608148258294818e-06
8,1,DOS,Tot sum,0.008668738121923526
8,1,DOS,Min,0.00044349652307573706
8,1,DOS,Max,0.0024896030728996264
8,1,DOS,AVG,0.002169078107817768
8,1,DOS,Std,0.0053436746899024005
8,1,DOS,Tot size,0.0014150802191579715
8,1,DOS,IAT,0.0011828158763819373
8,1,DOS,Number,3.701793151122956e-05
8,1,DOS,Variance,0.008762671473914452
8,2,DOS,Header_Length,0.0073858782194292875
8,2,DOS,Protocol Type,0.0017941652025911027
8,2,DOS,Time_To_Live,0.0040516214532544835
8,2,DOS,Rate,0.00232045368393301
8,2,DOS,fin_flag_number,0.00024421874327344993
8,2,DOS,syn_flag_number,0.009343132330104708
8,2,DOS,rst_flag_number,0.00024347527541976888
8,2,DOS,psh_flag_number,1.3408891445867986e-07
8,2,DOS,ack_flag_number,0.021602728928019132
8,2,DOS,ece_flag_number,0.0
8,2,DOS,cwr_flag_number,0.0
8,2,DOS,ack_count,0.021408588785561733
8,2,DOS,syn_count,0.012676084222039207
8,2,DOS,fin_count,0.09819445225875825
8,2,DOS,rst_count,0.04848255782853812
8,2,DOS,HTTP,0.0011923542246222497
8,2,DOS,HTTPS,0.0003599526718062407
8,2,DOS,DNS,4.941672882008419e-08
8,2,DOS,Telnet,0.0
8,2,DOS,SMTP,0.0
8,2,DOS,SSH,0.0
8,2,DOS,IRC,0.0
8,2,DOS,TCP,0.005291756251244806
8,2,DOS,UDP,0.024998613051138818
8,2,DOS,DHCP,0.0
8,2,DOS,ARP,4.356203705313533e-07
8,2,DOS,ICMP,7.898823994878512e-06
8,2,DOS,IGMP,0.0
8,2,DOS,IPv,3.963345689861342e-07
8,2,DOS,LLC,2.1155600542499543e-07
8,2,DOS,Tot sum,0.30218751057982446
8,2,DOS,Min,0.016556533891707657
8,2,DOS,Max,0.023179723368957638
8,2,DOS,AVG,0.19929854720830917
8,2,DOS,Std,0.04150319630280137
8,2,DOS,Tot size,0.08305666968226433
8,2,DOS,IAT,0.0016018040856579318
8,2,DOS,Number,0.0012634962651645765
8,2,DOS,Variance,0.16140073500573635
8,3,DOS,Header_Length,0.013540236987910247
8,3,DOS,Protocol Type,0.0005744789542859507
8,3,DOS,Time_To_Live,0.0032524941645533543
8,3,DOS,Rate,0.0014895063817220943
8,3,DOS,fin_flag_number,7.762626210023882e-05
8,3,DOS,syn_flag_number,0.008406809583539144
8,3,DOS,rst_flag_number,2.3077867584220258e-05
8,3,DOS,psh_flag_number,0.00018857985833165003
8,3,DOS,ack_flag_number,0.006101916912598426
8,3,DOS,ece_flag_number,0.0
8,3,DOS,cwr_flag_number,0.0
8,3,DOS,ack_count,0.012599231721833349
8,3,DOS,syn_count,0.01882611938926857
8,3,DOS,fin_count,0.015369651914807037
8,3,DOS,rst_count,0.005873341677943245
8,3,DOS,HTTP,7.081150670273928e-07
8,3,DOS,HTTPS,3.1928178501061666e-06
8,3,DOS,DNS,4.17498596740895e-06
8,3,DOS,Telnet,0.0
8,3,DOS,SMTP,0.0
8,3,DOS,SSH,0.0
8,3,DOS,IRC,0.0
8,3,DOS,TCP,0.005916887880448485
8,3,DOS,UDP,0.041157113104418386
8,3,DOS,DHCP,0.0
8,3,DOS,ARP,9.752502274640307e-08
8,3,DOS,ICMP,0.00036671285961347165
8,3,DOS,IGMP,0.0
8,3,DOS,IPv,5.6067423742645064e-08
8,3,DOS,LLC,1.0400179165648282e-07
8,3,DOS,Tot sum,0.31724378690123556
8,3,DOS,Min,0.007819911027036141
8,3,DOS,Max,0.03685192191042006
8,3,DOS,AVG,0.12144091688096523
8,3,DOS,Std,0.07802467002766207
8,3,DOS,Tot size,0.03567818989977241
8,3,DOS,IAT,0.0006619535509344132
8,3,DOS,Number,0.0
8,3,DOS,Variance,0.23022722713649274
8,4,DOS,Header_Length,0.00580056906946993
8,4,DOS,Protocol Type,0.0013759294684859923
8,4,DOS,Time_To_Live,0.010902364221692551
8,4,DOS,Rate,0.002767676709845546
8,4,DOS,fin_flag_number,3.973935154277797e-07
8,4,DOS,syn_flag_number,0.010624570725485682
8,4,DOS,rst_flag_number,5.929300641582813e-07
8,4,DOS,psh_flag_number,0.0
8,4,DOS,ack_flag_number,0.0018917792855063452
8,4,DOS,ece_flag_number,0.0
8,4,DOS,cwr_flag_number,0.0
8,4,DOS,ack_count,0.0017114955963734245
8,4,DOS,syn_count,0.00668823326122947
8,4,DOS,fin_count,3.493925710245094e-05
8,4,DOS,rst_count,0.0011139819398522377
8,4,DOS,HTTP,1.943242231874365e-05
8,4,DOS,HTTPS,0.0021773600226879354
8,4,DOS,DNS,0.0
8,4,DOS,Telnet,0.0
8,4,DOS,SMTP,0.0
8,4,DOS,SSH,0.0
8,4,DOS,IRC,0.0
8,4,DOS,TCP,0.003699324343324406
8,4,DOS,UDP,0.027647943422198295
8,4,DOS,DHCP,0.0
8,4,DOS,ARP,0.0
8,4,DOS,ICMP,6.625923882808138e-05
8,4,DOS,IGMP,0.0
8,4,DOS,IPv,0.0
8,4,DOS,LLC,0.0
8,4,DOS,Tot sum,0.09557648850604891
8,4,DOS,Min,0.013356155110523104
8,4,DOS,Max,0.011235940272217703
8,4,DOS,AVG,0.08594995494931937
8,4,DOS,Std,0.02264808890322456
8,4,DOS,Tot size,0.02452041106589604
8,4,DOS,IAT,0.0033005245808453766
8,4,DOS,Number,0.0006784384829188639
8,4,DOS,Variance,0.042151355068199337
8,5,DOS,Header_Length,0.010228836045826029
8,5,DOS,Protocol Type,0.0008979647926025791
8,5,DOS,Time_To_Live,0.0018526880390709265
8,5,DOS,Rate,0.0032537669787416233
8,5,DOS,fin_flag_number,9.402121968378196e-05
8,5,DOS,syn_flag_number,0.008493820775765926
8,5,DOS,rst_flag_number,3.048035487154266e-05
8,5,DOS,psh_flag_number,0.00014757377532532702
8,5,DOS,ack_flag_number,0.004533374879974872
8,5,DOS,ece_flag_number,0.0
8,5,DOS,cwr_flag_number,0.0
8,5,DOS,ack_count,0.006117328489199281
8,5,DOS,syn_count,0.014487073531199712
8,5,DOS,fin_count,0.018926139804534614
8,5,DOS,rst_count,0.003678522858535871
8,5,DOS,HTTP,8.27790966360098e-06
8,5,DOS,HTTPS,0.0006995676531005302
8,5,DOS,DNS,3.0411300514288086e-06
8,5,DOS,Telnet,0.0
8,5,DOS,SMTP,0.0
8,5,DOS,SSH,0.0
8,5,DOS,IRC,0.0
8,5,DOS,TCP,0.005224619792716112
8,5,DOS,UDP,0.04692347655072808
8,5,DOS,DHCP,0.0
8,5,DOS,ARP,3.360877270708329e-07
8,5,DOS,ICMP,0.0014451640574407066
8,5,DOS,IGMP,0.0
8,5,DOS,IPv,3.4866740374894787e-07
8,5,DOS,LLC,3.809999967074873e-07
8,5,DOS,Tot sum,0.2519841805566102
8,5,DOS,Min,0.011573142636370904
8,5,DOS,Max,0.007357817969750613
8,5,DOS,AVG,0.16694173626601697
8,5,DOS,Std,0.01827843792270869
8,5,DOS,Tot size,0.0418591408059001
8,5,DOS,IAT,0.023968322730797808
8,5,DOS,Number,0.003481025012911232
8,5,DOS,Variance,0.1778538682963699
8,1,MIRAI,Header_Length,0.00012642689907806925
8,1,MIRAI,Protocol Type,0.00021803916788485367
8,1,MIRAI,Time_To_Live,5.876582845303347e-05
8,1,MIRAI,Rate,7.533217903983313e-05
8,1,MIRAI,fin_flag_number,3.0807698749413246e-06
8,1,MIRAI,syn_flag_number,0.006869712751358748
8,1,MIRAI,rst_flag_number,9.725008976602111e-06
8,1,MIRAI,psh_flag_number,3.4061383871630825e-06
8,1,MIRAI,ack_flag_number,0.0015101273136679083
8,1,MIRAI,ece_flag_number,0.0
8,1,MIRAI,cwr_flag_number,0.0
8,1,MIRAI,ack_count,0.0020592274609953164
8,1,MIRAI,syn_count,0.008118011802434922
8,1,MIRAI,fin_count,0.002428704034537077
8,1,MIRAI,rst_count,0.0010738410026533529
8,1,MIRAI,HTTP,3.718155426213343e-06
8,1,MIRAI,HTTPS,1.789443820143788e-06
8,1,MIRAI,DNS,1.4029316162122995e-07
8,1,MIRAI,Telnet,0.0
8,1,MIRAI,SMTP,0.0
8,1,MIRAI,SSH,0.0
8,1,MIRAI,IRC,0.0
8,1,MIRAI,TCP,3.8114301969471856e-05
8,1,MIRAI,UDP,0.003645108912314754
8,1,MIRAI,DHCP,0.0
8,1,MIRAI,ARP,5.814386098812463e-07
8,1,MIRAI,ICMP,4.1326215614390095e-05
8,1,MIRAI,IGMP,2.0167427656758717e-07
8,1,MIRAI,IPv,3.0451850818735693e-07
8,1,MIRAI,LLC,4.708857709090353e-07
8,1,MIRAI,Tot sum,0.6990128368139267
8,1,MIRAI,Min,0.027802136066020465
8,1,MIRAI,Max,0.015656581707298757
8,1,MIRAI,AVG,0.5797203749418258
8,1,MIRAI,Std,0.032539254240691665
8,1,MIRAI,Tot size,0.47771487236022947
8,1,MIRAI,IAT,0.0001066355723196466
8,1,MIRAI,Number,0.0002347935464058537
8,1,MIRAI,Variance,0.0762493833899498
8,2,MIRAI,Header_Length,0.00016258046252914937
8,2,MIRAI,Protocol Type,0.0003450157124461839
8,2,MIRAI,Time_To_Live,0.00042257040986442006
8,2,MIRAI,Rate,5.013923891965533e-05
8,2,MIRAI,fin_flag_number,1.974615213384823e-06
8,2,MIRAI,syn_flag_number,0.0047722478630021214
8,2,MIRAI,rst_flag_number,1.4885344262438593e-05
8,2,MIRAI,psh_flag_number,1.8584302718949175e-07
8,2,MIRAI,ack_flag_number,5.092669446327136e-05
8,2,MIRAI,ece_flag_number,0.0
8,2,MIRAI,cwr_flag_number,0.0
8,2,MIRAI,ack_count,8.091315191904869e-05
8,2,MIRAI,syn_count,0.005423892149701714
8,2,MIRAI,fin_count,0.0010953336211969144
8,2,MIRAI,rst_count,0.0012151628994615748
8,2,MIRAI,HTTP,0.0
8,2,MIRAI,HTTPS,1.9201556256120966e-06
8,2,MIRAI,DNS,1.2909225088897357e-08
8,2,MIRAI,Telnet,0.0
8,2,MIRAI,SMTP,0.0
8,2,MIRAI,SSH,0.0
8,2,MIRAI,IRC,0.0
8,2,MIRAI,TCP,1.794352778006214e-05
8,2,MIRAI,UDP,0.012965889787301422
8,2,MIRAI,DHCP,0.0
8,2,MIRAI,ARP,3.0850935068826856e-07
8,2,MIRAI,ICMP,1.2108778442154744e-06
8,2,MIRAI,IGMP,1.5329165989896864e-07
8,2,MIRAI,IPv,2.339962977160326e-07
8,2,MIRAI,LLC,1.829157381116886e-07
8,2,MIRAI,Tot sum,1.0274533957242966
8,2,MIRAI,Min,0.04468903195229359
8,2,MIRAI,Max,0.026161020435392857
8,2,MIRAI,AVG,0.8577130883932114
8,2,MIRAI,Std,0.07088060418609529
8,2,MIRAI,Tot size,0.47924656569957735
8,2,MIRAI,IAT,0.0005753216926677851
8,2,MIRAI,Number,0.00029403980734059586
8,2,MIRAI,Variance,0.4535847812891006
8,3,MIRAI,Header_Length,5.521511793631362e-05
8,3,MIRAI,Protocol Type,0.00018813159258570522
8,3,MIRAI,Time_To_Live,0.00024119723775584134
8,3,MIRAI,Rate,7.267492255778052e-05
8,3,MIRAI,fin_flag_number,5.278164564970211e-06
8,3,MIRAI,syn_flag_number,0.012562396377325058
8,3,MIRAI,rst_flag_number,1.3044088427704992e-05
8,3,MIRAI,psh_flag_number,2.4625646972253888e-06
8,3,MIRAI,ack_flag_number,0.0018216932221548632
8,3,MIRAI,ece_flag_number,0.0
8,3,MIRAI,cwr_flag_number,0.0
8,3,MIRAI,ack_count,0.002309120603604242
8,3,MIRAI,syn_count,0.015361482743173838
8,3,MIRAI,fin_count,0.002433426139759831
8,3,MIRAI,rst_count,0.0012625728224520572
8,3,MIRAI,HTTP,0.0
8,3,MIRAI,HTTPS,5.345682438928634e-08
8,3,MIRAI,DNS,6.396878287073804e-08
8,3,MIRAI,Telnet,0.0
8,3,MIRAI,SMTP,0.0
8,3,MIRAI,SSH,0.0
8,3,MIRAI,IRC,0.0
8,3,MIRAI,TCP,9.735085290074608e-06
8,3,MIRAI,UDP,0.015044804976787418
8,3,MIRAI,DHCP,0.0
8,3,MIRAI,ARP,3.030662913516835e-07
8,3,MIRAI,ICMP,2.9624698618135882e-05
8,3,MIRAI,IGMP,0.0
8,3,MIRAI,IPv,9.945774532005291e-08
8,3,MIRAI,LLC,1.9927449737000558e-07
8,3,MIRAI,Tot sum,0.6236104398965836
8,3,MIRAI,Min,0.06212416103517171
8,3,MIRAI,Max,0.01930903857573867
8,3,MIRAI,AVG,0.6758418321609497
8,3,MIRAI,Std,0.03610914070159197
8,3,MIRAI,Tot size,0.4597220152616501
8,3,MIRAI,IAT,7.652277620309177e-05
8,3,MIRAI,Number,0.0
8,3,MIRAI,Variance,0.14834262393414974
8,4,MIRAI,Header_Length,5.266068687888037e-05
8,4,MIRAI,Protocol Type,0.0004420367116836132
8,4,MIRAI,Time_To_Live,0.00029271772441461506
8,4,MIRAI,Rate,0.00011805483482021372
8,4,MIRAI,fin_flag_number,3.125273817516927e-08
8,4,MIRAI,syn_flag_number,0.006887542782351375
8,4,MIRAI,rst_flag_number,0.0
8,4,MIRAI,psh_flag_number,8.601091394666582e-08
8,4,MIRAI,ack_flag_number,0.0001609615774214035
8,4,MIRAI,ece_flag_number,0.0
8,4,MIRAI,cwr_flag_number,0.0
8,4,MIRAI,ack_count,8.357737339110826e-05
8,4,MIRAI,syn_count,0.009130462259054183
8,4,MIRAI,fin_count,1.2762023015966405e-05
8,4,MIRAI,rst_count,0.0
8,4,MIRAI,HTTP,2.2635018481764746e-07
8,4,MIRAI,HTTPS,5.872253377674497e-05
8,4,MIRAI,DNS,6.86564094465325e-10
8,4,MIRAI,Telnet,0.0
8,4,MIRAI,SMTP,0.0
8,4,MIRAI,SSH,0.0
8,4,MIRAI,IRC,0.0
8,4,MIRAI,TCP,1.141300246558785e-05
8,4,MIRAI,UDP,0.017673005536198615
8,4,MIRAI,DHCP,2.8451484013203298e-08
8,4,MIRAI,ARP,1.0283799838362029e-07
8,4,MIRAI,ICMP,9.187801310872601e-07
8,4,MIRAI,IGMP,2.672479695320362e-07
8,4,MIRAI,IPv,8.885826332516445e-08
8,4,MIRAI,LLC,3.261795029629866e-08
8,4,MIRAI,Tot sum,0.711934669688344
8,4,MIRAI,Min,0.10397715169820003
8,4,MIRAI,Max,0.031052895821630955
8,4,MIRAI,AVG,0.9868301033973694
8,4,MIRAI,Std,0.02851895922794938
8,4,MIRAI,Tot size,0.4908017158508301
8,4,MIRAI,IAT,0.00033483071579212267
8,4,MIRAI,Number,0.0006387113127857447
8,4,MIRAI,Variance,0.18523409562185406
8,5,MIRAI,Header_Length,3.92969423046452e-05
8,5,MIRAI,Protocol Type,0.00021413849099189975
8,5,MIRAI,Time_To_Live,0.0008373805088922381
8,5,MIRAI,Rate,0.0001069239904609276
8,5,MIRAI,fin_flag_number,3.982872294727713e-06
8,5,MIRAI,syn_flag_number,0.004799304180778563
8,5,MIRAI,rst_flag_number,9.581479207554367e-06
8,5,MIRAI,psh_flag_number,1.4490769085995226e-06
8,5,MIRAI,ack_flag_number,0.0008762781348195858
8,5,MIRAI,ece_flag_number,0.0
8,5,MIRAI,cwr_flag_number,0.0
8,5,MIRAI,ack_count,0.0008950858216849155
8,5,MIRAI,syn_count,0.006007812824100256
8,5,MIRAI,fin_count,0.0014595931686926633
8,5,MIRAI,rst_count,0.000641180612728931
8,5,MIRAI,HTTP,2.2457544210929825e-07
8,5,MIRAI,HTTPS,7.657097148694447e-06
8,5,MIRAI,DNS,2.107265530071345e-07
8,5,MIRAI,Telnet,0.0
8,5,MIRAI,SMTP,0.0
8,5,MIRAI,SSH,0.0
8,5,MIRAI,IRC,0.0
8,5,MIRAI,TCP,5.815763711325417e-06
8,5,MIRAI,UDP,0.010347710794303567
8,5,MIRAI,DHCP,0.0
8,5,MIRAI,ARP,4.3910412621528395e-07
8,5,MIRAI,ICMP,5.3665603081753944e-05
8,5,MIRAI,IGMP,0.0
8,5,MIRAI,IPv,4.4362236408801434e-07
8,5,MIRAI,LLC,3.746192628995004e-07
8,5,MIRAI,Tot sum,0.5447506919503212
8,5,MIRAI,Min,0.05061964009228177
8,5,MIRAI,Max,0.017791911400854586
8,5,MIRAI,AVG,0.5978519588708877
8,5,MIRAI,Std,0.03339202087372541
8,5,MIRAI,Tot size,0.3546176806092262
8,5,MIRAI,IAT,0.0027915036189369857
8,5,MIRAI,Number,0.0010003481860621833
8,5,MIRAI,Variance,0.13868051636964082
8,1,RECON,Header_Length,6.082095928832132e-05
8,1,RECON,Protocol Type,4.085918105545261e-05
8,1,RECON,Time_To_Live,0.020520615483474103
8,1,RECON,Rate,0.00041591928147681755
8,1,RECON,fin_flag_number,2.124054591376989e-05
8,1,RECON,syn_flag_number,0.008980648216675036
8,1,RECON,rst_flag_number,4.085844601604549e-05
8,1,RECON,psh_flag_number,3.1256783344701944e-05
8,1,RECON,ack_flag_number,0.0304887302685529
8,1,RECON,ece_flag_number,0.0
8,1,RECON,cwr_flag_number,0.0
8,1,RECON,ack_count,0.002380854565126356
8,1,RECON,syn_count,0.008537168084876612
8,1,RECON,fin_count,0.002724071012926288
8,1,RECON,rst_count,0.002177704822679516
8,1,RECON,HTTP,2.2139823380484812e-05
8,1,RECON,HTTPS,1.4410137966081038e-05
8,1,RECON,DNS,1.816917790389283e-05
8,1,RECON,Telnet,0.0
8,1,RECON,SMTP,0.0
8,1,RECON,SSH,0.0
8,1,RECON,IRC,0.0
8,1,RECON,TCP,2.2437156227006482e-05
8,1,RECON,UDP,0.001647656337445369
8,1,RECON,DHCP,0.0
8,1,RECON,ARP,2.9933600075082722e-05
8,1,RECON,ICMP,6.809871254063183e-05
8,1,RECON,IGMP,3.404195901168805e-07
8,1,RECON,IPv,5.121432664445536e-06
8,1,RECON,LLC,1.2531546313709897e-05
8,1,RECON,Tot sum,0.22614595703780652
8,1,RECON,Min,0.00030618830087405515
8,1,RECON,Max,0.005268484575208276
8,1,RECON,AVG,0.05659518959000707
8,1,RECON,Std,0.0553996785543859
8,1,RECON,Tot size,0.048907944350503385
8,1,RECON,IAT,0.0801366679603234
8,1,RECON,Number,0.010674079065211117
8,1,RECON,Variance,0.16871493682265282
8,2,RECON,Header_Length,0.0001160256695634132
8,2,RECON,Protocol Type,0.00012176075626939565
8,2,RECON,Time_To_Live,0.0024894189582482795
8,2,RECON,Rate,9.612832932361925e-05
8,2,RECON,fin_flag_number,1.1486563780138681e-06
8,2,RECON,syn_flag_number,0.02623585767869372
8,2,RECON,rst_flag_number,0.00010438066894806753
8,2,RECON,psh_flag_number,1.2906834114945198e-05
8,2,RECON,ack_flag_number,0.03912324638185964
8,2,RECON,ece_flag_number,0.0
8,2,RECON,cwr_flag_number,0.0
8,2,RECON,ack_count,0.0024930742794822434
8,2,RECON,syn_count,0.002213845882579335
8,2,RECON,fin_count,0.0004940936232287641
8,2,RECON,rst_count,0.0009199135571179795
8,2,RECON,HTTP,8.713261922821403e-06
8,2,RECON,HTTPS,9.683717803454783e-06
8,2,RECON,DNS,2.538474556224024e-07
8,2,RECON,Telnet,0.0
8,2,RECON,SMTP,0.0
8,2,RECON,SSH,0.0
8,2,RECON,IRC,0.0
8,2,RECON,TCP,4.078352003558106e-05
8,2,RECON,UDP,0.0029715631918179495
8,2,RECON,DHCP,0.0
8,2,RECON,ARP,3.481710337234628e-05
8,2,RECON,ICMP,4.594526609857929e-06
8,2,RECON,IGMP,0.0
8,2,RECON,IPv,6.890672053476432e-06
8,2,RECON,LLC,2.3090177560336144e-06
8,2,RECON,Tot sum,0.40613177525810895
8,2,RECON,Min,9.650056563259568e-05
8,2,RECON,Max,0.002213441928324755
8,2,RECON,AVG,0.0777321713976562
8,2,RECON,Std,0.01989179051015526
8,2,RECON,Tot size,0.08554029117804021
8,2,RECON,IAT,0.02241724867344601
8,2,RECON,Number,0.02570843489957042
8,2,RECON,Variance,0.1764849912840873
8,3,RECON,Header_Length,4.7772930241052336e-05
8,3,RECON,Protocol Type,2.102026503552068e-05
8,3,RECON,Time_To_Live,0.014337242303656694
8,3,RECON,Rate,5.714744944853578e-05
8,3,RECON,fin_flag_number,1.0668016367554322e-05
8,3,RECON,syn_flag_number,0.01190634481554298
8,3,RECON,rst_flag_number,2.3125751077479605e-05
8,3,RECON,psh_flag_number,3.1705596100098375e-05
8,3,RECON,ack_flag_number,0.02410452538347272
8,3,RECON,ece_flag_number,0.0
8,3,RECON,cwr_flag_number,0.0
8,3,RECON,ack_count,0.0005658957557898248
8,3,RECON,syn_count,0.007269135699243634
8,3,RECON,fin_count,0.00033167763181438656
8,3,RECON,rst_count,0.0002910575210840705
8,3,RECON,HTTP,2.133994462383271e-06
8,3,RECON,HTTPS,3.653504041785105e-05
8,3,RECON,DNS,9.946511159861227e-06
8,3,RECON,Telnet,0.0
8,3,RECON,SMTP,0.0
8,3,RECON,SSH,0.0
8,3,RECON,IRC,0.0
8,3,RECON,TCP,1.5289311784627557e-05
8,3,RECON,UDP,0.0012221504134444672
8,3,RECON,DHCP,0.0
8,3,RECON,ARP,1.8400965803700517e-05
8,3,RECON,ICMP,1.938295229209075e-05
8,3,RECON,IGMP,7.559252026112518e-07
8,3,RECON,IPv,3.953855204863921e-06
8,3,RECON,LLC,5.716963252429628e-06
8,3,RECON,Tot sum,0.13488933327025734
8,3,RECON,Min,9.631078530247805e-05
8,3,RECON,Max,0.0012448307898296207
8,3,RECON,AVG,0.024732637011038606
8,3,RECON,Std,0.010663286827912089
8,3,RECON,Tot size,0.022478743239844334
8,3,RECON,IAT,0.039234887270049514
8,3,RECON,Number,0.01130289558050208
8,3,RECON,Variance,0.035781581472838296
8,4,RECON,Header_Length,7.102325316026281e-05
8,4,RECON,Protocol Type,7.525388790554643e-05
8,4,RECON,Time_To_Live,0.043969606403554004
8,4,RECON,Rate,3.865655686041691e-05
8,4,RECON,fin_flag_number,8.712985916909657e-07
8,4,RECON,syn_flag_number,0.03278401520383341
8,4,RECON,rst_flag_number,0.00010131048184121027
8,4,RECON,psh_flag_number,1.082118312183411e-05
8,4,RECON,ack_flag_number,0.037192670520744285
8,4,RECON,ece_flag_number,0.0
8,4,RECON,cwr_flag_number,0.0
8,4,RECON,ack_count,0.0024387560866671264
8,4,RECON,syn_count,0.007354666152969003
8,4,RECON,fin_count,1.877442369081217e-05
8,4,RECON,rst_count,0.0002896529244026169
8,4,RECON,HTTP,1.2403251338250105e-05
8,4,RECON,HTTPS,2.0297150456904943e-05
8,4,RECON,DNS,7.312418983929092e-06
8,4,RECON,Telnet,0.0
8,4,RECON,SMTP,0.0
8,4,RECON,SSH,0.0
8,4,RECON,IRC,0.0
8,4,RECON,TCP,2.940810363014634e-05
8,4,RECON,UDP,0.0023130575266804955
8,4,RECON,DHCP,0.0
8,4,RECON,ARP,9.349454194307327e-06
8,4,RECON,ICMP,2.3011773311876205e-06
8,4,RECON,IGMP,0.0
8,4,RECON,IPv,3.5588600894698173e-06
8,4,RECON,LLC,4.075246579304803e-06
8,4,RECON,Tot sum,0.21976215303875507
8,4,RECON,Min,0.00019619645879771498
8,4,RECON,Max,0.0007785570935993746
8,4,RECON,AVG,0.023849805851932616
8,4,RECON,Std,0.00800176258198917
8,4,RECON,Tot size,0.029946075519546866
8,4,RECON,IAT,0.021832377818100213
8,4,RECON,Number,0.010553606796747772
8,4,RECON,Variance,0.05694933185586706
8,5,RECON,Header_Length,7.546787114733888e-05
8,5,RECON,Protocol Type,3.240095932710574e-05
8,5,RECON,Time_To_Live,0.017469502787571402
8,5,RECON,Rate,0.00022221294357223088
8,5,RECON,fin_flag_number,1.5616189527634107e-05
8,5,RECON,syn_flag_number,0.023785598516406027
8,5,RECON,rst_flag_number,2.1821178246650418e-05
8,5,RECON,psh_flag_number,1.9637201941691273e-05
8,5,RECON,ack_flag_number,0.02317539807263529
8,5,RECON,ece_flag_number,0.0
8,5,RECON,cwr_flag_number,0.0
8,5,RECON,ack_count,0.0014627372041104536
8,5,RECON,syn_count,0.006517208164950716
8,5,RECON,fin_count,0.0004991221652261401
8,5,RECON,rst_count,0.0002559496742378542
8,5,RECON,HTTP,1.0179854198533177e-05
8,5,RECON,HTTPS,1.1815100046419503e-05
8,5,RECON,DNS,1.4074686899334665e-05
8,5,RECON,Telnet,0.0
8,5,RECON,SMTP,0.0
8,5,RECON,SSH,0.0
8,5,RECON,IRC,0.0
8,5,RECON,TCP,7.938502419690962e-06
8,5,RECON,UDP,0.0011623042953033292
8,5,RECON,DHCP,0.0
8,5,RECON,ARP,1.995176878679672e-05
8,5,RECON,ICMP,3.613085323195264e-05
8,5,RECON,IGMP,0.0
8,5,RECON,IPv,5.418013937719124e-06
8,5,RECON,LLC,8.305118029294789e-06
8,5,RECON,Tot sum,0.310411544656381
8,5,RECON,Min,0.000807749379600864
8,5,RECON,Max,0.005640319173107855
8,5,RECON,AVG,0.12830074988305568
8,5,RECON,Std,0.05762107726186514
8,5,RECON,Tot size,0.08770590601488948
8,5,RECON,IAT,0.06232953363796696
8,5,RECON,Number,0.011544843105366454
8,5,RECON,Variance,0.2560621630400419
8,1,SPOOFING,Header_Length,1.1545017082426057e-05
8,1,SPOOFING,Protocol Type,9.331123784928063e-07
8,1,SPOOFING,Time_To_Live,2.1189520875708467e-05
8,1,SPOOFING,Rate,2.817847663942885e-05
8,1,SPOOFING,fin_flag_number,5.107459960337901e-07
8,1,SPOOFING,syn_flag_number,6.46256195523165e-05
8,1,SPOOFING,rst_flag_number,1.1137382451842371e-07
8,1,SPOOFING,psh_flag_number,7.605524126041985e-08
8,1,SPOOFING,ack_flag_number,0.0006003639632552904
8,1,SPOOFING,ece_flag_number,0.0
8,1,SPOOFING,cwr_flag_number,0.0
8,1,SPOOFING,ack_count,1.4261097302892267e-05
8,1,SPOOFING,syn_count,3.0714442986123916e-05
8,1,SPOOFING,fin_count,1.1987088402065638e-05
8,1,SPOOFING,rst_count,1.1953934009056866e-05
8,1,SPOOFING,HTTP,1.9819347053667835e-07
8,1,SPOOFING,HTTPS,3.854470017293499e-08
8,1,SPOOFING,DNS,3.950011130682274e-10
8,1,SPOOFING,Telnet,0.0
8,1,SPOOFING,SMTP,0.0
8,1,SPOOFING,SSH,0.0
8,1,SPOOFING,IRC,0.0
8,1,SPOOFING,TCP,2.3667904392787874e-06
8,1,SPOOFING,UDP,5.325360742958196e-06
8,1,SPOOFING,DHCP,0.0
8,1,SPOOFING,ARP,9.055960742965218e-08
8,1,SPOOFING,ICMP,1.0285115708885683e-06
8,1,SPOOFING,IGMP,7.911977795149738e-10
8,1,SPOOFING,IPv,2.4285843947674523e-08
8,1,SPOOFING,LLC,1.3567246707080899e-08
8,1,SPOOFING,Tot sum,0.0027368184163151454
8,1,SPOOFING,Min,1.212534170580426e-05
8,1,SPOOFING,Max,4.625061974365963e-05
8,1,SPOOFING,AVG,0.0016148437665833627
8,1,SPOOFING,Std,0.00025298585460404867
8,1,SPOOFING,Tot size,0.0014927204147170414
8,1,SPOOFING,IAT,0.0003770674612923131
8,1,SPOOFING,Number,0.0005146174553547489
8,1,SPOOFING,Variance,0.0031293533496864257
8,2,SPOOFING,Header_Length,3.507267507210088e-05
8,2,SPOOFING,Protocol Type,3.254686099865012e-05
8,2,SPOOFING,Time_To_Live,0.0005421840252893162
8,2,SPOOFING,Rate,4.4897343150296366e-05
8,2,SPOOFING,fin_flag_number,2.674459918239336e-06
8,2,SPOOFING,syn_flag_number,0.005042937985854224
8,2,SPOOFING,rst_flag_number,8.889600577788314e-06
8,2,SPOOFING,psh_flag_number,1.9123087598416076e-05
8,2,SPOOFING,ack_flag_number,0.007161033702504938
8,2,SPOOFING,ece_flag_number,3.842994829028612e-07
8,2,SPOOFING,cwr_flag_number,2.769634193100501e-06
8,2,SPOOFING,ack_count,0.0005554030113444242
8,2,SPOOFING,syn_count,0.0028022326587233692
8,2,SPOOFING,fin_count,0.00018386543847555005
8,2,SPOOFING,rst_count,0.0008598552823968931
8,2,SPOOFING,HTTP,0.0
8,2,SPOOFING,HTTPS,2.032007594436891e-05
8,2,SPOOFING,DNS,7.4933040866809185e-06
8,2,SPOOFING,Telnet,0.0
8,2,SPOOFING,SMTP,0.0
8,2,SPOOFING,SSH,0.0
8,2,SPOOFING,IRC,0.0
8,2,SPOOFING,TCP,1.0460412784141227e-05
8,2,SPOOFING,UDP,0.0010473417984997013
8,2,SPOOFING,DHCP,0.0
8,2,SPOOFING,ARP,7.480085058319687e-06
8,2,SPOOFING,ICMP,9.565478427298047e-06
8,2,SPOOFING,IGMP,0.0
8,2,SPOOFING,IPv,4.9550682596624e-06
8,2,SPOOFING,LLC,1.244345409441976e-06
8,2,SPOOFING,Tot sum,0.24123262912034987
8,2,SPOOFING,Min,0.015532939285913016
8,2,SPOOFING,Max,0.008696057333145291
8,2,SPOOFING,AVG,0.27497261092066766
8,2,SPOOFING,Std,0.04894270659424364
8,2,SPOOFING,Tot size,0.10060132704675198
8,2,SPOOFING,IAT,0.04072252833248058
8,2,SPOOFING,Number,0.011010228894883766
8,2,SPOOFING,Variance,0.2335402636497747
8,3,SPOOFING,Header_Length,0.00013725714652537135
8,3,SPOOFING,Protocol Type,4.000877557075455e-05
8,3,SPOOFING,Time_To_Live,0.01227738736779429
8,3,SPOOFING,Rate,0.0004989698976714862
8,3,SPOOFING,fin_flag_number,1.402561413428316e-05
8,3,SPOOFING,syn_flag_number,0.011790378342266195
8,3,SPOOFING,rst_flag_number,5.416768846089326e-06
8,3,SPOOFING,psh_flag_number,1.2499574364710497e-05
8,3,SPOOFING,ack_flag_number,0.005305336115816317
8,3,SPOOFING,ece_flag_number,0.0
8,3,SPOOFING,cwr_flag_number,0.0
8,3,SPOOFING,ack_count,0.0005644611723255366
8,3,SPOOFING,syn_count,0.007573905950994231
8,3,SPOOFING,fin_count,0.0013306425666087308
8,3,SPOOFING,rst_count,0.001089155886984372
8,3,SPOOFING,HTTP,1.959525479833246e-06
8,3,SPOOFING,HTTPS,1.3001947081647813e-05
8,3,SPOOFING,DNS,7.595493636908257e-07
8,3,SPOOFING,Telnet,0.0
8,3,SPOOFING,SMTP,0.0
8,3,SPOOFING,SSH,0.0
8,3,SPOOFING,IRC,0.0
8,3,SPOOFING,TCP,3.485483615577323e-05
8,3,SPOOFING,UDP,0.002890998142538592
8,3,SPOOFING,DHCP,0.0
8,3,SPOOFING,ARP,4.027034014147122e-06
8,3,SPOOFING,ICMP,5.504212685991661e-05
8,3,SPOOFING,IGMP,0.0
8,3,SPOOFING,IPv,1.8447144143211685e-06
8,3,SPOOFING,LLC,2.101376134765274e-06
8,3,SPOOFING,Tot sum,0.165882352902554
8,3,SPOOFING,Min,0.0019380071535124443
8,3,SPOOFING,Max,0.005446413659956306
8,3,SPOOFING,AVG,0.1375847652554512
8,3,SPOOFING,Std,0.02215031462837942
8,3,SPOOFING,Tot size,0.18815540745854378
8,3,SPOOFING,IAT,0.004515983416240488
8,3,SPOOFING,Number,0.015604391533997841
8,3,SPOOFING,Variance,0.08537266192724928
8,4,SPOOFING,Header_Length,8.263017213039348e-05
8,4,SPOOFING,Protocol Type,4.4999499618825214e-05
8,4,SPOOFING,Time_To_Live,0.02859360668953741
8,4,SPOOFING,Rate,0.0004587922922382859
8,4,SPOOFING,fin_flag_number,1.1816324545499412e-07
8,4,SPOOFING,syn_flag_number,0.008219464964349754
8,4,SPOOFING,rst_flag_number,1.4650160665041767e-06
8,4,SPOOFING,psh_flag_number,4.180089866281378e-05
8,4,SPOOFING,ack_flag_number,0.00961033704370493
8,4,SPOOFING,ece_flag_number,0.0
8,4,SPOOFING,cwr_flag_number,0.0
8,4,SPOOFING,ack_count,0.0007364684610820405
8,4,SPOOFING,syn_count,0.006094503222266212
8,4,SPOOFING,fin_count,4.299629549819884e-06
8,4,SPOOFING,rst_count,6.073498298064805e-07
8,4,SPOOFING,HTTP,3.950071822567125e-06
8,4,SPOOFING,HTTPS,1.9651661695263556e-05
8,4,SPOOFING,DNS,1.7890937954234686e-06
8,4,SPOOFING,Telnet,0.0
8,4,SPOOFING,SMTP,0.0
8,4,SPOOFING,SSH,0.0
8,4,SPOOFING,IRC,0.0
8,4,SPOOFING,TCP,5.4447834682491705e-05
8,4,SPOOFING,UDP,0.0031589755684763078
8,4,SPOOFING,DHCP,0.0
8,4,SPOOFING,ARP,3.8996860894258136e-06
8,4,SPOOFING,ICMP,2.3852005185176494e-06
8,4,SPOOFING,IGMP,0.0
8,4,SPOOFING,IPv,1.118435466196388e-06
8,4,SPOOFING,LLC,6.125037316451198e-07
8,4,SPOOFING,Tot sum,0.15940273264423013
8,4,SPOOFING,Min,0.009392478418703831
8,4,SPOOFING,Max,0.004867234325502068
8,4,SPOOFING,AVG,0.14047353006899357
8,4,SPOOFING,Std,0.03293957954738289
8,4,SPOOFING,Tot size,0.1294876728206873
8,4,SPOOFING,IAT,0.07323712670768145
8,4,SPOOFING,Number,0.022604635726020207
8,4,SPOOFING,Variance,0.13953426824882625
8,5,SPOOFING,Header_Length,0.00026052133844132184
8,5,SPOOFING,Protocol Type,1.609502194810375e-05
8,5,SPOOFING,Time_To_Live,0.004705077409744263
8,5,SPOOFING,Rate,0.0005516765764696175
8,5,SPOOFING,fin_flag_number,5.772774346723963e-06
8,5,SPOOFING,syn_flag_number,0.004268998990846739
8,5,SPOOFING,rst_flag_number,9.814705285293712e-06
8,5,SPOOFING,psh_flag_number,1.0406612057067833e-05
8,5,SPOOFING,ack_flag_number,0.012534943036735057
8,5,SPOOFING,ece_flag_number,0.0
8,5,SPOOFING,cwr_flag_number,0.0
8,5,SPOOFING,ack_count,0.000960617717646528
8,5,SPOOFING,syn_count,0.0024388011908740735
8,5,SPOOFING,fin_count,0.000499735445191618
8,5,SPOOFING,rst_count,0.0006524161603010725
8,5,SPOOFING,HTTP,2.7569386952919215e-06
8,5,SPOOFING,HTTPS,8.656497805503704e-06
8,5,SPOOFING,DNS,1.2673135614704733e-06
8,5,SPOOFING,Telnet,0.0
8,5,SPOOFING,SMTP,0.0
8,5,SPOOFING,SSH,0.0
8,5,SPOOFING,IRC,0.0
8,5,SPOOFING,TCP,3.079478218950271e-05
8,5,SPOOFING,UDP,0.0007584868551930412
8,5,SPOOFING,DHCP,0.0
8,5,SPOOFING,ARP,1.3993339273099537e-06
8,5,SPOOFING,ICMP,5.197225976871778e-05
8,5,SPOOFING,IGMP,0.0
8,5,SPOOFING,IPv,3.4844277938539394e-07
8,5,SPOOFING,LLC,2.798094018596764e-07
8,5,SPOOFING,Tot sum,0.12739485271740705
8,5,SPOOFING,Min,0.002693741266011784
8,5,SPOOFING,Max,0.002657092342269607
8,5,SPOOFING,AVG,0.07677427427843213
8,5,SPOOFING,Std,0.01815992270130664
8,5,SPOOFING,Tot size,0.11054088417440652
8,5,SPOOFING,IAT,0.015202396994573064
8,5,SPOOFING,Number,0.018160276502021587
8,5,SPOOFING,Variance,0.24616343379020691
8,1,WEB,Header_Length,1.7724836209254135e-05
8,1,WEB,Protocol Type,1.1977501444467714e-05
8,1,WEB,Time_To_Live,0.0011685300460484882
8,1,WEB,Rate,1.3383818112855383e-05
8,1,WEB,fin_flag_number,1.503713533002049e-06
8,1,WEB,syn_flag_number,0.00015930105552541818
8,1,WEB,rst_flag_number,1.9803638644094734e-07
8,1,WEB,psh_flag_number,4.61845517738535e-06
8,1,WEB,ack_flag_number,0.0007256739939407453
8,1,WEB,ece_flag_number,0.0
8,1,WEB,cwr_flag_number,0.0
8,1,WEB,ack_count,0.00011989382538679649
8,1,WEB,syn_count,0.0001586797701079945
8,1,WEB,fin_count,7.735772339299008e-05
8,1,WEB,rst_count,6.262475051883598e-05
8,1,WEB,HTTP,2.540012550145132e-06
8,1,WEB,HTTPS,9.15171009381599e-07
8,1,WEB,DNS,4.240919744967389e-08
8,1,WEB,Telnet,0.0
8,1,WEB,SMTP,0.0
8,1,WEB,SSH,0.0
8,1,WEB,IRC,0.0
8,1,WEB,TCP,1.0042588218261983e-05
8,1,WEB,UDP,0.001170395689162973
8,1,WEB,DHCP,0.0
8,1,WEB,ARP,4.308933904045333e-06
8,1,WEB,ICMP,2.9277884008294813e-05
8,1,WEB,IGMP,4.869982741552426e-09
8,1,WEB,IPv,2.83892520700213e-06
8,1,WEB,LLC,1.2886258584986036e-06
8,1,WEB,Tot sum,0.07016523029308246
8,1,WEB,Min,0.022257863719750047
8,1,WEB,Max,0.002212609216422834
8,1,WEB,AVG,0.05455706991383522
8,1,WEB,Std,0.003645059303016751
8,1,WEB,Tot size,0.07497836766633555
8,1,WEB,IAT,0.06476487325910511
8,1,WEB,Number,0.004578502086992131
8,1,WEB,Variance,0.035910180187784135
8,2,WEB,Header_Length,1.6264480728978013e-05
8,2,WEB,Protocol Type,2.9601045056892872e-05
8,2,WEB,Time_To_Live,0.005797594578507414
8,2,WEB,Rate,8.377907617678204e-05
8,2,WEB,fin_flag_number,4.66982101645641e-06
8,2,WEB,syn_flag_number,0.0012078721509169554
8,2,WEB,rst_flag_number,2.2959016604318093e-06
8,2,WEB,psh_flag_number,3.677711790857074e-05
8,2,WEB,ack_flag_number,0.007181515703268815
8,2,WEB,ece_flag_number,0.0
8,2,WEB,cwr_flag_number,0.0
8,2,WEB,ack_count,0.0005205198492149066
8,2,WEB,syn_count,0.0011817599519417855
8,2,WEB,fin_count,0.0004370597564388845
8,2,WEB,rst_count,0.0006095306961697133
8,2,WEB,HTTP,1.3828989722242114e-07
8,2,WEB,HTTPS,5.514744001544614e-06
8,2,WEB,DNS,1.6544218833090123e-05
8,2,WEB,Telnet,0.0
8,2,WEB,SMTP,0.0
8,2,WEB,SSH,0.0
8,2,WEB,IRC,0.0
8,2,WEB,TCP,2.293556539996189e-05
8,2,WEB,UDP,0.0018558116007625358
8,2,WEB,DHCP,0.0
8,2,WEB,ARP,5.157340223507778e-06
8,2,WEB,ICMP,1.9423734895435142e-05
8,2,WEB,IGMP,0.0
8,2,WEB,IPv,9.600992217267956e-06
8,2,WEB,LLC,3.3316261924820623e-06
8,2,WEB,Tot sum,0.22977521932334638
8,2,WEB,Min,0.0042730262833174494
8,2,WEB,Max,0.0038234952255152164
8,2,WEB,AVG,0.06119239379186183
8,2,WEB,Std,0.029244092211592944
8,2,WEB,Tot size,0.13337876768782736
8,2,WEB,IAT,0.24181175388512202
8,2,WEB,Number,0.01214565948030213
8,2,WEB,Variance,0.13860274956423382
8,3,WEB,Header_Length,1.1555023867471093e-05
8,3,WEB,Protocol Type,2.1210702581250795e-06
8,3,WEB,Time_To_Live,0.0018517379515628819
8,3,WEB,Rate,2.7393917472862126e-06
8,3,WEB,fin_flag_number,1.0685370499280422e-06
8,3,WEB,syn_flag_number,0.00026964089644962994
8,3,WEB,rst_flag_number,1.3130726479997773e-07
8,3,WEB,psh_flag_number,1.8203575792352654e-06
8,3,WEB,ack_flag_number,0.0003778223397034708
8,3,WEB,ece_flag_number,0.0
8,3,WEB,cwr_flag_number,0.0
8,3,WEB,ack_count,0.0001032727278844181
8,3,WEB,syn_count,0.0005436708836583648
8,3,WEB,fin_count,5.759943932128753e-05
8,3,WEB,rst_count,4.1120294245722276e-05
8,3,WEB,HTTP,1.116563839786977e-06
8,3,WEB,HTTPS,2.0276560901810735e-06
8,3,WEB,DNS,3.315227996436107e-08
8,3,WEB,Telnet,0.0
8,3,WEB,SMTP,0.0
8,3,WEB,SSH,0.0
8,3,WEB,IRC,0.0
8,3,WEB,TCP,1.8911816742628318e-06
8,3,WEB,UDP,0.0001241791045568874
8,3,WEB,DHCP,0.0
8,3,WEB,ARP,7.159335547575971e-08
8,3,WEB,ICMP,1.0340886485049605e-06
8,3,WEB,IGMP,0.0
8,3,WEB,IPv,2.0193289858828157e-07
8,3,WEB,LLC,1.2752398605451804e-08
8,3,WEB,Tot sum,0.05248602491562906
8,3,WEB,Min,9.415834359511876e-05
8,3,WEB,Max,0.00034895164146746537
8,3,WEB,AVG,0.002713919608396509
8,3,WEB,Std,0.0041739901784239915
8,3,WEB,Tot size,0.006773795039771357
8,3,WEB,IAT,0.06657578033696154
8,3,WEB,Number,0.0025669375582801023
8,3,WEB,Variance,0.02579204408939404
8,4,WEB,Header_Length,3.9127255467974466e-05
8,4,WEB,Protocol Type,2.5232102154859602e-05
8,4,WEB,Time_To_Live,0.0020201958283223576
8,4,WEB,Rate,2.421606278808497e-05
8,4,WEB,fin_flag_number,1.696611671725412e-06
8,4,WEB,syn_flag_number,0.0020968087607798223
8,4,WEB,rst_flag_number,0.0
8,4,WEB,psh_flag_number,1.3793050298005483e-05
8,4,WEB,ack_flag_number,0.0025425413794437192
8,4,WEB,ece_flag_number,0.0
8,4,WEB,cwr_flag_number,0.0
8,4,WEB,ack_count,0.000110296842592561
8,4,WEB,syn_count,0.002233949733999907
8,4,WEB,fin_count,1.2901139976051468e-05
8,4,WEB,rst_count,0.0
8,4,WEB,HTTP,2.869953589572649e-05
8,4,WEB,HTTPS,8.230294140698646e-06
8,4,WEB,DNS,6.964758358662948e-06
8,4,WEB,Telnet,0.0
8,4,WEB,SMTP,0.0
8,4,WEB,SSH,0.0
8,4,WEB,IRC,0.0
8,4,WEB,TCP,3.475536997115114e-05
8,4,WEB,UDP,0.00199833689521256
8,4,WEB,DHCP,0.0
8,4,WEB,ARP,7.88335232755344e-06
8,4,WEB,ICMP,5.632866668042746e-06
8,4,WEB,IGMP,0.0
8,4,WEB,IPv,1.0063563649964635e-05
8,4,WEB,LLC,3.083803767367499e-06
8,4,WEB,Tot sum,0.1634970931708267
8,4,WEB,Min,0.015244156007838683
8,4,WEB,Max,0.004387214477173984
8,4,WEB,AVG,0.13990275165997446
8,4,WEB,Std,0.014125340047758072
8,4,WEB,Tot size,0.15279291910119355
8,4,WEB,IAT,0.17064160977272422
8,4,WEB,Number,0.00838968343778106
8,4,WEB,Variance,0.058933879667893055
8,5,WEB,Header_Length,8.328637951535712e-05
8,5,WEB,Protocol Type,2.2965468269475765e-05
8,5,WEB,Time_To_Live,0.020372422306536464
8,5,WEB,Rate,1.1420577553167278e-05
8,5,WEB,fin_flag_number,7.93260042328825e-06
8,5,WEB,syn_flag_number,0.001304734008476771
8,5,WEB,rst_flag_number,1.8270272343912097e-06
8,5,WEB,psh_flag_number,1.4938956387666736e-05
8,5,WEB,ack_flag_number,0.006467406477895565
8,5,WEB,ece_flag_number,0.0
8,5,WEB,cwr_flag_number,0.0
8,5,WEB,ack_count,0.0003154670109595692
8,5,WEB,syn_count,0.0008835046706735739
8,5,WEB,fin_count,0.0003330209227897285
8,5,WEB,rst_count,0.00037157215805336816
8,5,WEB,HTTP,4.840908285341783e-08
8,5,WEB,HTTPS,3.240604780252454e-06
8,5,WEB,DNS,1.209420266032879e-05
8,5,WEB,Telnet,0.0
8,5,WEB,SMTP,0.0
8,5,WEB,SSH,0.0
8,5,WEB,IRC,0.0
8,5,WEB,TCP,2.150038834543011e-05
8,5,WEB,UDP,0.0033655333415481435
8,5,WEB,DHCP,0.0
8,5,WEB,ARP,6.318333302435253e-06
8,5,WEB,ICMP,4.477360610906089e-05
8,5,WEB,IGMP,0.0
8,5,WEB,IPv,1.0238831714382001e-05
8,5,WEB,LLC,1.7547485273147755e-06
8,5,WEB,Tot sum,0.196845726034735
8,5,WEB,Min,9.028134993513959e-05
8,5,WEB,Max,0.0023785308039805386
8,5,WEB,AVG,0.02944899071007967
8,5,WEB,Std,0.028175106237176804
8,5,WEB,Tot size,0.115275205578655
8,5,WEB,IAT,0.22502215724089183
8,5,WEB,Number,0.00860438544259523
8,5,WEB,Variance,0.1861014356603846
9,1,BENIGN,Header_Length,1.289106531885409e-05
9,1,BENIGN,Protocol Type,4.3358538974302974e-05
9,1,BENIGN,Time_To_Live,0.05601779112403164
9,1,BENIGN,Rate,0.00034948017264468945
9,1,BENIGN,fin_flag_number,1.8195336599546864e-05
9,1,BENIGN,syn_flag_number,0.006083578401012346
9,1,BENIGN,rst_flag_number,4.103745817474192e-06
9,1,BENIGN,psh_flag_number,1.6607238052657182e-05
9,1,BENIGN,ack_flag_number,0.015712590227485633
9,1,BENIGN,ece_flag_number,0.0
9,1,BENIGN,cwr_flag_number,0.0
9,1,BENIGN,ack_count,0.0016869440008122182
9,1,BENIGN,syn_count,0.002887026015014271
9,1,BENIGN,fin_count,0.0007980845275596948
9,1,BENIGN,rst_count,0.002195077915484944
9,1,BENIGN,HTTP,5.119316795099138e-06
9,1,BENIGN,HTTPS,3.357116527524795e-05
9,1,BENIGN,DNS,4.6050699431532396e-08
9,1,BENIGN,Telnet,0.0
9,1,BENIGN,SMTP,0.0
9,1,BENIGN,SSH,0.0
9,1,BENIGN,IRC,0.0
9,1,BENIGN,TCP,2.3617236676898302e-05
9,1,BENIGN,UDP,0.0029562246147179392
9,1,BENIGN,DHCP,0.0
9,1,BENIGN,ARP,4.567061248721416e-05
9,1,BENIGN,ICMP,4.801667174092472e-05
9,1,BENIGN,IGMP,1.1803888630979031e-07
9,1,BENIGN,IPv,2.6138993147228894e-05
9,1,BENIGN,LLC,2.671305713004557e-05
9,1,BENIGN,Tot sum,0.10974131805123762
9,1,BENIGN,Min,0.005644370157824596
9,1,BENIGN,Max,0.009058166842442006
9,1,BENIGN,AVG,0.11150592304766178
9,1,BENIGN,Std,0.07924526277929544
9,1,BENIGN,Tot size,0.06141806652303785
9,1,BENIGN,IAT,0.03551359312841669
9,1,BENIGN,Number,0.006087859454237332
9,1,BENIGN,Variance,0.23744327574968338
9,2,BENIGN,Header_Length,5.057444230658348e-05
9,2,BENIGN,Protocol Type,2.1940541369502854e-06
9,2,BENIGN,Time_To_Live,0.05211237926559988
9,2,BENIGN,Rate,5.499199478578021e-05
9,2,BENIGN,fin_flag_number,1.727484330210638e-06
9,2,BENIGN,syn_flag_number,0.0005297206010595801
9,2,BENIGN,rst_flag_number,2.9107464716293663e-07
9,2,BENIGN,psh_flag_number,1.1258153817750306e-06
9,2,BENIGN,ack_flag_number,0.0013836166746841628
9,2,BENIGN,ece_flag_number,0.0
9,2,BENIGN,cwr_flag_number,0.0
9,2,BENIGN,ack_count,0.00013305441457589495
9,2,BENIGN,syn_count,0.0002788444433008408
9,2,BENIGN,fin_count,7.313253257166253e-05
9,2,BENIGN,rst_count,0.00020554671574615213
9,2,BENIGN,HTTP,5.84514089485566e-07
9,2,BENIGN,HTTPS,2.892064461592625e-05
9,2,BENIGN,DNS,1.3230677911816452e-07
9,2,BENIGN,Telnet,0.0
9,2,BENIGN,SMTP,0.0
9,2,BENIGN,SSH,0.0
9,2,BENIGN,IRC,0.0
9,2,BENIGN,TCP,5.662185010857357e-06
9,2,BENIGN,UDP,0.00047935304361885757
9,2,BENIGN,DHCP,0.0
9,2,BENIGN,ARP,3.0005977604691256e-08
9,2,BENIGN,ICMP,3.057759845846719e-08
9,2,BENIGN,IGMP,0.0
9,2,BENIGN,IPv,1.7663334910831067e-07
9,2,BENIGN,LLC,1.698574126266124e-07
9,2,BENIGN,Tot sum,0.053525991844071544
9,2,BENIGN,Min,0.00023919570267025848
9,2,BENIGN,Max,0.0005206981211813399
9,2,BENIGN,AVG,0.0010283214534865693
9,2,BENIGN,Std,0.004938741063233465
9,2,BENIGN,Tot size,0.004932643694337458
9,2,BENIGN,IAT,0.005949309206417297
9,2,BENIGN,Number,0.004821040668866771
9,2,BENIGN,Variance,0.012790410860907287
9,3,BENIGN,Header_Length,0.00014733266516486765
9,3,BENIGN,Protocol Type,1.2236917064001318e-05
9,3,BENIGN,Time_To_Live,0.04262419867991411
9,3,BENIGN,Rate,0.00029529325499879635
9,3,BENIGN,fin_flag_number,1.538771707316755e-05
9,3,BENIGN,syn_flag_number,0.008550737729092362
9,3,BENIGN,rst_flag_number,2.9664290799757966e-06
9,3,BENIGN,psh_flag_number,1.5474918386892967e-05
9,3,BENIGN,ack_flag_number,0.011234206057270057
9,3,BENIGN,ece_flag_number,0.0
9,3,BENIGN,cwr_flag_number,0.0
9,3,BENIGN,ack_count,0.0009660700212862139
9,3,BENIGN,syn_count,0.005797635193448514
9,3,BENIGN,fin_count,0.0009409846723428927
9,3,BENIGN,rst_count,0.0005576137526077218
9,3,BENIGN,HTTP,1.1313064987916731e-06
9,3,BENIGN,HTTPS,1.5079670129125589e-05
9,3,BENIGN,DNS,3.884678203180947e-06
9,3,BENIGN,Telnet,0.0
9,3,BENIGN,SMTP,0.0
9,3,BENIGN,SSH,0.0
9,3,BENIGN,IRC,0.0
9,3,BENIGN,TCP,5.20700693073195e-05
9,3,BENIGN,UDP,0.0023733236077532636
9,3,BENIGN,DHCP,0.0
9,3,BENIGN,ARP,9.036773576144575e-09
9,3,BENIGN,ICMP,9.617357754443389e-06
9,3,BENIGN,IGMP,0.0
9,3,BENIGN,IPv,1.8759332044357423e-09
9,3,BENIGN,LLC,1.6702063682788593e-08
9,3,BENIGN,Tot sum,0.19667734121903777
9,3,BENIGN,Min,0.0036704379678667463
9,3,BENIGN,Max,0.006980994914192707
9,3,BENIGN,AVG,0.044832059647887945
9,3,BENIGN,Std,0.06313361264765263
9,3,BENIGN,Tot size,0.05703577492386103
9,3,BENIGN,IAT,0.09329789263683778
9,3,BENIGN,Number,0.004801120233605616
9,3,BENIGN,Variance,0.383627250790596
9,4,BENIGN,Header_Length,0.00018541996364547232
9,4,BENIGN,Protocol Type,2.7572389490160278e-05
9,4,BENIGN,Time_To_Live,0.09827879087097244
9,4,BENIGN,Rate,0.00024025586508287234
9,4,BENIGN,fin_flag_number,1.5138028729433374e-07
9,4,BENIGN,syn_flag_number,0.00589285700043547
9,4,BENIGN,rst_flag_number,0.0
9,4,BENIGN,psh_flag_number,1.0596384106520418e-05
9,4,BENIGN,ack_flag_number,0.01078645524685271
9,4,BENIGN,ece_flag_number,0.0
9,4,BENIGN,cwr_flag_number,0.0
9,4,BENIGN,ack_count,0.00023329713567363797
9,4,BENIGN,syn_count,0.004038768759346567
9,4,BENIGN,fin_count,1.1777006103130816e-05
9,4,BENIGN,rst_count,0.0
9,4,BENIGN,HTTP,1.1642688867996576e-06
9,4,BENIGN,HTTPS,4.9878979453410466e-05
9,4,BENIGN,DNS,3.440565592427447e-08
9,4,BENIGN,Telnet,0.0
9,4,BENIGN,SMTP,0.0
9,4,BENIGN,SSH,0.0
9,4,BENIGN,IRC,0.0
9,4,BENIGN,TCP,5.014627296304752e-05
9,4,BENIGN,UDP,0.005272671418151731
9,4,BENIGN,DHCP,0.0
9,4,BENIGN,ARP,1.9372768292669206e-06
9,4,BENIGN,ICMP,2.5243943744257535e-06
9,4,BENIGN,IGMP,0.0
9,4,BENIGN,IPv,1.27569364849478e-06
9,4,BENIGN,LLC,2.5367964553879576e-06
9,4,BENIGN,Tot sum,0.18812051136046648
9,4,BENIGN,Min,0.012674966735357885
9,4,BENIGN,Max,0.00718351798132062
9,4,BENIGN,AVG,0.045102026383392516
9,4,BENIGN,Std,0.06278517208993435
9,4,BENIGN,Tot size,0.08769499324262142
9,4,BENIGN,IAT,0.05512305278898566
9,4,BENIGN,Number,0.0047180040623061355
9,4,BENIGN,Variance,0.4014713652431965
9,5,BENIGN,Header_Length,0.0003772303001824184
9,5,BENIGN,Protocol Type,5.998808484264373e-06
9,5,BENIGN,Time_To_Live,0.23426027903333307
9,5,BENIGN,Rate,0.0004608549792465055
9,5,BENIGN,fin_flag_number,2.5482899366124913e-05
9,5,BENIGN,syn_flag_number,0.01064962215077685
9,5,BENIGN,rst_flag_number,1.85894597155567e-06
9,5,BENIGN,psh_flag_number,2.3290980607271194e-05
9,5,BENIGN,ack_flag_number,0.020271589577896522
9,5,BENIGN,ece_flag_number,0.0
9,5,BENIGN,cwr_flag_number,0.0
9,5,BENIGN,ack_count,0.0017377441255121084
9,5,BENIGN,syn_count,0.005981913216237445
9,5,BENIGN,fin_count,0.001313198122625181
9,5,BENIGN,rst_count,0.0013587294219178148
9,5,BENIGN,HTTP,1.6470069965635049e-07
9,5,BENIGN,HTTPS,9.065287800922306e-05
9,5,BENIGN,DNS,4.0887673400380464e-06
9,5,BENIGN,Telnet,0.0
9,5,BENIGN,SMTP,0.0
9,5,BENIGN,SSH,0.0
9,5,BENIGN,IRC,0.0
9,5,BENIGN,TCP,8.834487337026076e-05
9,5,BENIGN,UDP,0.003183656706733018
9,5,BENIGN,DHCP,0.0
9,5,BENIGN,ARP,5.659596354601338e-06
9,5,BENIGN,ICMP,3.200159276843806e-05
9,5,BENIGN,IGMP,0.0
9,5,BENIGN,IPv,6.376950615205601e-06
9,5,BENIGN,LLC,5.896812868755319e-06
9,5,BENIGN,Tot sum,0.2393132695608074
9,5,BENIGN,Min,0.001581592616821581
9,5,BENIGN,Max,0.0038980815035756676
9,5,BENIGN,AVG,0.03754331086529419
9,5,BENIGN,Std,0.04377350145950913
9,5,BENIGN,Tot size,0.11539743840694427
9,5,BENIGN,IAT,0.02744014128111303
9,5,BENIGN,Number,0.014631533520878292
9,5,BENIGN,Variance,0.28708610092289744
9,2,BRUTEFORCE,Header_Length,8.326616216614014e-06
9,2,BRUTEFORCE,Protocol Type,9.02749323231089e-07
9,2,BRUTEFORCE,Time_To_Live,0.0003296135315544291
9,2,BRUTEFORCE,Rate,9.898932254831516e-06
9,2,BRUTEFORCE,fin_flag_number,3.1502390206716857e-06
9,2,BRUTEFORCE,syn_flag_number,5.31600739464011e-05
9,2,BRUTEFORCE,rst_flag_number,3.7498562375226643e-07
9,2,BRUTEFORCE,psh_flag_number,2.0580003891386424e-06
9,2,BRUTEFORCE,ack_flag_number,0.0018010317032803869
9,2,BRUTEFORCE,ece_flag_number,0.0
9,2,BRUTEFORCE,cwr_flag_number,0.0
9,2,BRUTEFORCE,ack_count,9.349768181010631e-05
9,2,BRUTEFORCE,syn_count,0.00019304634006971354
9,2,BRUTEFORCE,fin_count,4.8683978583596854e-05
9,2,BRUTEFORCE,rst_count,0.00016066991977865542
9,2,BRUTEFORCE,HTTP,0.0
9,2,BRUTEFORCE,HTTPS,3.3373405523562383e-06
9,2,BRUTEFORCE,DNS,4.356854438423291e-10
9,2,BRUTEFORCE,Telnet,0.0
9,2,BRUTEFORCE,SMTP,0.0
9,2,BRUTEFORCE,SSH,5.805681382753391e-07
9,2,BRUTEFORCE,IRC,0.0
9,2,BRUTEFORCE,TCP,2.9311059184244925e-06
9,2,BRUTEFORCE,UDP,0.00019679382956141466
9,2,BRUTEFORCE,DHCP,0.0
9,2,BRUTEFORCE,ARP,3.0511983002738367e-06
9,2,BRUTEFORCE,ICMP,3.7179402478937364e-08
9,2,BRUTEFORCE,IGMP,0.0
9,2,BRUTEFORCE,IPv,1.1813978558108852e-06
9,2,BRUTEFORCE,LLC,1.9903647235253007e-06
9,2,BRUTEFORCE,Tot sum,0.029720235380955272
9,2,BRUTEFORCE,Min,5.8117461526308035e-05
9,2,BRUTEFORCE,Max,0.00018541882785800824
9,2,BRUTEFORCE,AVG,0.004391217013653659
9,2,BRUTEFORCE,Std,0.0012115390109102009
9,2,BRUTEFORCE,Tot size,0.004554870976062375
9,2,BRUTEFORCE,IAT,0.0020233036796071246
9,2,BRUTEFORCE,Number,0.0016637023570183374
9,2,BRUTEFORCE,Variance,0.02862187202554196
9,3,BRUTEFORCE,Header_Length,2.8964601395387034e-05
9,3,BRUTEFORCE,Protocol Type,6.1248304823458e-06
9,3,BRUTEFORCE,Time_To_Live,0.007404504864462069
9,3,BRUTEFORCE,Rate,4.5147184731320064e-05
9,3,BRUTEFORCE,fin_flag_number,9.384046789850942e-06
9,3,BRUTEFORCE,syn_flag_number,0.00267660529789282
9,3,BRUTEFORCE,rst_flag_number,2.7532028512577966e-06
9,3,BRUTEFORCE,psh_flag_number,7.1360686080268465e-06
9,3,BRUTEFORCE,ack_flag_number,0.006866775377420709
9,3,BRUTEFORCE,ece_flag_number,0.0
9,3,BRUTEFORCE,cwr_flag_number,0.0
9,3,BRUTEFORCE,ack_count,0.00040870193601403313
9,3,BRUTEFORCE,syn_count,0.0032910754333897786
9,3,BRUTEFORCE,fin_count,0.0004390885153270574
9,3,BRUTEFORCE,rst_count,0.0004420363633443003
9,3,BRUTEFORCE,HTTP,1.3613210967378108e-07
9,3,BRUTEFORCE,HTTPS,2.9163802288678653e-06
9,3,BRUTEFORCE,DNS,2.498906033765458e-08
9,3,BRUTEFORCE,Telnet,0.0
9,3,BRUTEFORCE,SMTP,0.0
9,3,BRUTEFORCE,SSH,7.05626662238501e-06
9,3,BRUTEFORCE,IRC,0.0
9,3,BRUTEFORCE,TCP,5.821773587300072e-06
9,3,BRUTEFORCE,UDP,0.00046138025354593994
9,3,BRUTEFORCE,DHCP,0.0
9,3,BRUTEFORCE,ARP,1.6566472738969563e-05
9,3,BRUTEFORCE,ICMP,4.7622038553640775e-05
9,3,BRUTEFORCE,IGMP,1.1222858120163437e-06
9,3,BRUTEFORCE,IPv,2.752133249291078e-06
9,3,BRUTEFORCE,LLC,1.2965425031207216e-05
9,3,BRUTEFORCE,Tot sum,0.050493192285648546
9,3,BRUTEFORCE,Min,0.00024129188566348602
9,3,BRUTEFORCE,Max,0.003113368563936092
9,3,BRUTEFORCE,AVG,0.021600869274698196
9,3,BRUTEFORCE,Std,0.023803509952267633
9,3,BRUTEFORCE,Tot size,0.010520197916775942
9,3,BRUTEFORCE,IAT,0.08120770242894651
9,3,BRUTEFORCE,Number,0.004437584491824964
9,3,BRUTEFORCE,Variance,0.11437831083894708
9,4,BRUTEFORCE,Header_Length,1.8335823332815692e-05
9,4,BRUTEFORCE,Protocol Type,7.342892333450646e-06
9,4,BRUTEFORCE,Time_To_Live,0.004383214518741063
9,4,BRUTEFORCE,Rate,3.978802691948502e-05
9,4,BRUTEFORCE,fin_flag_number,1.5489106641927534e-06
9,4,BRUTEFORCE,syn_flag_number,0.0004947186798233361
9,4,BRUTEFORCE,rst_flag_number,5.794554525095919e-09
9,4,BRUTEFORCE,psh_flag_number,4.092270472710879e-06
9,4,BRUTEFORCE,ack_flag_number,0.002178952960764491
9,4,BRUTEFORCE,ece_flag_number,0.0
9,4,BRUTEFORCE,cwr_flag_number,0.0
9,4,BRUTEFORCE,ack_count,7.45128036651721e-05
9,4,BRUTEFORCE,syn_count,0.000591008117862657
9,4,BRUTEFORCE,fin_count,7.154625070299181e-06
9,4,BRUTEFORCE,rst_count,4.846265073865652e-06
9,4,BRUTEFORCE,HTTP,1.7247143547418493e-07
9,4,BRUTEFORCE,HTTPS,5.410818254947269e-06
9,4,BRUTEFORCE,DNS,9.690568731457461e-07
9,4,BRUTEFORCE,Telnet,0.0
9,4,BRUTEFORCE,SMTP,0.0
9,4,BRUTEFORCE,SSH,2.9638344472004974e-06
9,4,BRUTEFORCE,IRC,0.0
9,4,BRUTEFORCE,TCP,4.528291293293129e-06
9,4,BRUTEFORCE,UDP,0.0004023560054918107
9,4,BRUTEFORCE,DHCP,0.0
9,4,BRUTEFORCE,ARP,1.124548816733295e-06
9,4,BRUTEFORCE,ICMP,5.779988217487902e-07
9,4,BRUTEFORCE,IGMP,0.0
9,4,BRUTEFORCE,IPv,9.484685392635583e-08
9,4,BRUTEFORCE,LLC,7.267373803188093e-07
9,4,BRUTEFORCE,Tot sum,0.026113306565093808
9,4,BRUTEFORCE,Min,0.00021660415181941063
9,4,BRUTEFORCE,Max,0.0009266709700114006
9,4,BRUTEFORCE,AVG,0.013776706127100625
9,4,BRUTEFORCE,Std,0.0051233283713372655
9,4,BRUTEFORCE,Tot size,0.007233883115986828
9,4,BRUTEFORCE,IAT,0.033737438649016835
9,4,BRUTEFORCE,Number,0.0034273586850304127
9,4,BRUTEFORCE,Variance,0.03293221708299825
9,5,BRUTEFORCE,Header_Length,2.520503594443113e-05
9,5,BRUTEFORCE,Protocol Type,3.7819213575041032e-06
9,5,BRUTEFORCE,Time_To_Live,0.0017129043957311296
9,5,BRUTEFORCE,Rate,2.7108472124481862e-05
9,5,BRUTEFORCE,fin_flag_number,1.8202142750389783e-06
9,5,BRUTEFORCE,syn_flag_number,0.0002598601032758552
9,5,BRUTEFORCE,rst_flag_number,6.776544913100758e-07
9,5,BRUTEFORCE,psh_flag_number,8.359104424274233e-07
9,5,BRUTEFORCE,ack_flag_number,0.0012881815837317845
9,5,BRUTEFORCE,ece_flag_number,0.0
9,5,BRUTEFORCE,cwr_flag_number,0.0
9,5,BRUTEFORCE,ack_count,3.860086766707127e-05
9,5,BRUTEFORCE,syn_count,0.00035936489530286053
9,5,BRUTEFORCE,fin_count,7.859934002283354e-05
9,5,BRUTEFORCE,rst_count,0.00028068400037000173
9,5,BRUTEFORCE,HTTP,1.2737403702611783e-08
9,5,BRUTEFORCE,HTTPS,1.952144513284182e-06
9,5,BRUTEFORCE,DNS,8.709439675125275e-07
9,5,BRUTEFORCE,Telnet,0.0
9,5,BRUTEFORCE,SMTP,0.0
9,5,BRUTEFORCE,SSH,9.995648208871444e-06
9,5,BRUTEFORCE,IRC,0.0
9,5,BRUTEFORCE,TCP,4.137789845692908e-06
9,5,BRUTEFORCE,UDP,0.00013286416313889048
9,5,BRUTEFORCE,DHCP,0.0
9,5,BRUTEFORCE,ARP,3.218039611563306e-07
9,5,BRUTEFORCE,ICMP,1.1517626661561308e-05
9,5,BRUTEFORCE,IGMP,0.0
9,5,BRUTEFORCE,IPv,6.135259778272672e-08
9,5,BRUTEFORCE,LLC,1.685297229464533e-07
9,5,BRUTEFORCE,Tot sum,0.0163349382004526
9,5,BRUTEFORCE,Min,0.00026564907013799656
9,5,BRUTEFORCE,Max,0.0002908465614382294
9,5,BRUTEFORCE,AVG,0.004608759858820121
9,5,BRUTEFORCE,Std,0.0019818036817014217
9,5,BRUTEFORCE,Tot size,0.0024579861033998895
9,5,BRUTEFORCE,IAT,0.006509873730919935
9,5,BRUTEFORCE,Number,0.0012972771214663226
9,5,BRUTEFORCE,Variance,0.014921325125214935
9,1,DDOS,Header_Length,0.009583738376386463
9,1,DDOS,Protocol Type,0.0005736334098855878
9,1,DDOS,Time_To_Live,0.0009097721965190431
9,1,DDOS,Rate,0.0014215607420737797
9,1,DDOS,fin_flag_number,5.074916921330441e-05
9,1,DDOS,syn_flag_number,0.012762900849338621
9,1,DDOS,rst_flag_number,2.8581875267263967e-05
9,1,DDOS,psh_flag_number,0.0001807691114663612
9,1,DDOS,ack_flag_number,0.008447746583260595
9,1,DDOS,ece_flag_number,0.0
9,1,DDOS,cwr_flag_number,0.0
9,1,DDOS,ack_count,0.011227377470640931
9,1,DDOS,syn_count,0.014870170957874507
9,1,DDOS,fin_count,0.016659955866634844
9,1,DDOS,rst_count,0.004867838392965495
9,1,DDOS,HTTP,5.100143171148375e-05
9,1,DDOS,HTTPS,1.4482667523907367e-05
9,1,DDOS,DNS,4.349988145802009e-08
9,1,DDOS,Telnet,0.0
9,1,DDOS,SMTP,0.0
9,1,DDOS,SSH,0.0
9,1,DDOS,IRC,0.0
9,1,DDOS,TCP,0.0033686022259644234
9,1,DDOS,UDP,0.005427208318724297
9,1,DDOS,DHCP,0.0
9,1,DDOS,ARP,2.9727389403433335e-06
9,1,DDOS,ICMP,0.000989140252204379
9,1,DDOS,IGMP,3.0414997001580564e-08
9,1,DDOS,IPv,1.1074117194809218e-06
9,1,DDOS,LLC,1.6023212165094947e-06
9,1,DDOS,Tot sum,0.03429601490497589
9,1,DDOS,Min,0.001789772615302354
9,1,DDOS,Max,0.005389390862546861
9,1,DDOS,AVG,0.01953808404505253
9,1,DDOS,Std,0.010749546939041465
9,1,DDOS,Tot size,0.016298671113327147
9,1,DDOS,IAT,0.0007701176416958333
9,1,DDOS,Number,0.0002956735823318013
9,1,DDOS,Variance,0.03862325283116661
9,2,DDOS,Header_Length,0.055454987021221314
9,2,DDOS,Protocol Type,0.001223761978053517
9,2,DDOS,Time_To_Live,0.002422007903442136
9,2,DDOS,Rate,0.00254052770906128
9,2,DDOS,fin_flag_number,0.0005434386787783296
9,2,DDOS,syn_flag_number,0.014496976463124155
9,2,DDOS,rst_flag_number,0.0002068426925688982
9,2,DDOS,psh_flag_number,0.00024879894516152576
9,2,DDOS,ack_flag_number,0.006541231946903281
9,2,DDOS,ece_flag_number,0.0
9,2,DDOS,cwr_flag_number,0.0
9,2,DDOS,ack_count,0.01494823114335304
9,2,DDOS,syn_count,0.029070161492563786
9,2,DDOS,fin_count,0.13532541936729103
9,2,DDOS,rst_count,0.06296247694408522
9,2,DDOS,HTTP,0.00021699669305235146
9,2,DDOS,HTTPS,0.0001530592520339269
9,2,DDOS,DNS,5.6868810505150694e-08
9,2,DDOS,Telnet,0.0
9,2,DDOS,SMTP,0.0
9,2,DDOS,SSH,0.0
9,2,DDOS,IRC,0.0
9,2,DDOS,TCP,0.02708961941389134
9,2,DDOS,UDP,0.04498574442695826
9,2,DDOS,DHCP,0.0
9,2,DDOS,ARP,8.579752464044077e-09
9,2,DDOS,ICMP,0.0016650047523555146
9,2,DDOS,IGMP,0.0
9,2,DDOS,IPv,1.4791454994167453e-08
9,2,DDOS,LLC,1.650027137145571e-08
9,2,DDOS,Tot sum,0.07156822128454224
9,2,DDOS,Min,0.0013075964379822835
9,2,DDOS,Max,0.003838705742964521
9,2,DDOS,AVG,0.043408679659478366
9,2,DDOS,Std,0.009629724733531474
9,2,DDOS,Tot size,0.06001091795042157
9,2,DDOS,IAT,0.010760820662835614
9,2,DDOS,Number,0.0014588147915674198
9,2,DDOS,Variance,0.027161140675889327
9,3,DDOS,Header_Length,0.010491217608796432
9,3,DDOS,Protocol Type,0.0006044283186838583
9,3,DDOS,Time_To_Live,0.0004998675372917205
9,3,DDOS,Rate,0.0007587713955217624
9,3,DDOS,fin_flag_number,0.00012737162105622702
9,3,DDOS,syn_flag_number,0.022947559109888972
9,3,DDOS,rst_flag_number,2.934155975253816e-05
9,3,DDOS,psh_flag_number,0.00035254610920674165
9,3,DDOS,ack_flag_number,0.0242127489997074
9,3,DDOS,ece_flag_number,0.0
9,3,DDOS,cwr_flag_number,0.0
9,3,DDOS,ack_count,0.012390760963171488
9,3,DDOS,syn_count,0.04013882018625736
9,3,DDOS,fin_count,0.02857491304166615
9,3,DDOS,rst_count,0.017141138575971125
9,3,DDOS,HTTP,7.91995320469141e-05
9,3,DDOS,HTTPS,9.531068826618138e-07
9,3,DDOS,DNS,8.960311964756329e-06
9,3,DDOS,Telnet,0.0
9,3,DDOS,SMTP,0.0
9,3,DDOS,SSH,0.0
9,3,DDOS,IRC,0.0
9,3,DDOS,TCP,0.004111384251154959
9,3,DDOS,UDP,0.015873700845986605
9,3,DDOS,DHCP,0.0
9,3,DDOS,ARP,7.192511014553205e-07
9,3,DDOS,ICMP,0.0008956956719885056
9,3,DDOS,IGMP,0.0
9,3,DDOS,IPv,4.5178085351649243e-07
9,3,DDOS,LLC,8.020314600232225e-08
9,3,DDOS,Tot sum,0.14324438439216464
9,3,DDOS,Min,0.0010434123516461114
9,3,DDOS,Max,0.0027023586997529494
9,3,DDOS,AVG,0.04248439259827137
9,3,DDOS,Std,0.009782190574333072
9,3,DDOS,Tot size,0.0750507939606905
9,3,DDOS,IAT,0.00040263198025058955
9,3,DDOS,Number,0.0
9,3,DDOS,Variance,0.15775260999798774
9,4,DDOS,Header_Length,0.057354775606654584
9,4,DDOS,Protocol Type,0.0015614366420777515
9,4,DDOS,Time_To_Live,0.0066691436688415704
9,4,DDOS,Rate,0.0029299394649569877
9,4,DDOS,fin_flag_number,0.0005575524061697479
9,4,DDOS,syn_flag_number,0.04683951002079993
9,4,DDOS,rst_flag_number,0.00017324168875347822
9,4,DDOS,psh_flag_number,0.0
9,4,DDOS,ack_flag_number,0.000899889648462704
9,4,DDOS,ece_flag_number,0.0
9,4,DDOS,cwr_flag_number,0.0
9,4,DDOS,ack_count,0.0012667851701280597
9,4,DDOS,syn_count,0.03929078913060948
9,4,DDOS,fin_count,0.14448626297771625
9,4,DDOS,rst_count,0.042122462391853334
9,4,DDOS,HTTP,6.754665790253966e-07
9,4,DDOS,HTTPS,0.003857385610172059
9,4,DDOS,DNS,4.903135777567513e-06
9,4,DDOS,Telnet,0.0
9,4,DDOS,SMTP,0.0
9,4,DDOS,SSH,0.0
9,4,DDOS,IRC,0.0
9,4,DDOS,TCP,0.02464592985343188
9,4,DDOS,UDP,0.08585370718501509
9,4,DDOS,DHCP,0.0
9,4,DDOS,ARP,3.697100910358131e-05
9,4,DDOS,ICMP,0.0021356546837296266
9,4,DDOS,IGMP,0.0
9,4,DDOS,IPv,1.971595411305316e-05
9,4,DDOS,LLC,1.495762771810405e-05
9,4,DDOS,Tot sum,0.0613714694918599
9,4,DDOS,Min,0.0005082864823634736
9,4,DDOS,Max,0.0039039951837366972
9,4,DDOS,AVG,0.010158676537685096
9,4,DDOS,Std,0.016113382736784844
9,4,DDOS,Tot size,0.012059762747958303
9,4,DDOS,IAT,0.010233656180207617
9,4,DDOS,Number,0.0007463068090146407
9,4,DDOS,Variance,0.012050526149687357
9,5,DDOS,Header_Length,0.020749132010678295
9,5,DDOS,Protocol Type,0.0007221111914986978
9,5,DDOS,Time_To_Live,0.0018705881519053946
9,5,DDOS,Rate,0.00435622037448411
9,5,DDOS,fin_flag_number,0.0003333260796580362
9,5,DDOS,syn_flag_number,0.011191823206900153
9,5,DDOS,rst_flag_number,0.0001662359551346526
9,5,DDOS,psh_flag_number,5.680613514265076e-05
9,5,DDOS,ack_flag_number,0.003529549225640949
9,5,DDOS,ece_flag_number,0.0
9,5,DDOS,cwr_flag_number,0.0
9,5,DDOS,ack_count,0.003495271030260483
9,5,DDOS,syn_count,0.017762088791641872
9,5,DDOS,fin_count,0.11593864354072139
9,5,DDOS,rst_count,0.012821462051579146
9,5,DDOS,HTTP,4.4578345619328276e-07
9,5,DDOS,HTTPS,0.0013660992072345834
9,5,DDOS,DNS,2.9192105913011803e-06
9,5,DDOS,Telnet,0.0
9,5,DDOS,SMTP,0.0
9,5,DDOS,SSH,0.0
9,5,DDOS,IRC,0.0
9,5,DDOS,TCP,0.00921561519644456
9,5,DDOS,UDP,0.025169986404944212
9,5,DDOS,DHCP,0.0
9,5,DDOS,ARP,2.0363195174510907e-08
9,5,DDOS,ICMP,0.001504126383952098
9,5,DDOS,IGMP,0.0
9,5,DDOS,IPv,4.64725231186236e-08
9,5,DDOS,LLC,6.871434123922882e-08
9,5,DDOS,Tot sum,0.13270888696424663
9,5,DDOS,Min,0.00010113333387380407
9,5,DDOS,Max,0.0022605498979828553
9,5,DDOS,AVG,0.035127212572842834
9,5,DDOS,Std,0.010188013140577823
9,5,DDOS,Tot size,0.05002675643190742
9,5,DDOS,IAT,0.005563670815899968
9,5,DDOS,Number,0.0012188909260657966
9,5,DDOS,Variance,0.08477188805118203
9,1,DOS,Header_Length,0.007955009600846098
9,1,DOS,Protocol Type,0.00125088750210125
9,1,DOS,Time_To_Live,0.000431080925045535
9,1,DOS,Rate,0.0038285483955405653
9,1,DOS,fin_flag_number,4.080688531757914e-05
9,1,DOS,syn_flag_number,0.012246038630837574
9,1,DOS,rst_flag_number,3.5269581712782386e-05
9,1,DOS,psh_flag_number,0.00011551199459063355
9,1,DOS,ack_flag_number,0.0027592894155532123
9,1,DOS,ece_flag_number,0.0
9,1,DOS,cwr_flag_number,0.0
9,1,DOS,ack_count,0.007101834399509244
9,1,DOS,syn_count,0.009447777236346155
9,1,DOS,fin_count,0.01245830012485385
9,1,DOS,rst_count,0.0045071595513945795
9,1,DOS,HTTP,3.465585592721254e-05
9,1,DOS,HTTPS,4.9411942001142964e-06
9,1,DOS,DNS,2.8993661946134786e-09
9,1,DOS,Telnet,0.0
9,1,DOS,SMTP,0.0
9,1,DOS,SSH,0.0
9,1,DOS,IRC,0.0
9,1,DOS,TCP,0.003115008841268718
9,1,DOS,UDP,0.03856442031537881
9,1,DOS,DHCP,0.0
9,1,DOS,ARP,1.7217774313849076e-06
9,1,DOS,ICMP,0.0012715649951132945
9,1,DOS,IGMP,1.1059705543044022e-07
9,1,DOS,IPv,6.48737123398746e-07
9,1,DOS,LLC,5.997708637295318e-07
9,1,DOS,Tot sum,0.01739562735892832
9,1,DOS,Min,0.0003555579525709618
9,1,DOS,Max,0.004149968228011858
9,1,DOS,AVG,0.0033122241380624472
9,1,DOS,Std,0.00929926174069351
9,1,DOS,Tot size,0.002870181360049173
9,1,DOS,IAT,0.0008594644139520824
9,1,DOS,Number,0.00013228876622193298
9,1,DOS,Variance,0.019554245049971542
9,2,DOS,Header_Length,0.007814473644975806
9,2,DOS,Protocol Type,0.0022103381139459088
9,2,DOS,Time_To_Live,0.00384205068112351
9,2,DOS,Rate,0.0038273872778518125
9,2,DOS,fin_flag_number,4.403753227961715e-05
9,2,DOS,syn_flag_number,0.010239676620767569
9,2,DOS,rst_flag_number,0.00010311620808352018
9,2,DOS,psh_flag_number,8.003902047921951e-07
9,2,DOS,ack_flag_number,0.021909992783162125
9,2,DOS,ece_flag_number,0.0
9,2,DOS,cwr_flag_number,0.0
9,2,DOS,ack_count,0.02350110185216181
9,2,DOS,syn_count,0.00842416065861471
9,2,DOS,fin_count,0.009347150544635951
9,2,DOS,rst_count,0.040371804335154596
9,2,DOS,HTTP,0.0018735543824732303
9,2,DOS,HTTPS,0.000243969123584975
9,2,DOS,DNS,6.655636326513559e-08
9,2,DOS,Telnet,0.0
9,2,DOS,SMTP,0.0
9,2,DOS,SSH,0.0
9,2,DOS,IRC,0.0
9,2,DOS,TCP,0.005127351119881496
9,2,DOS,UDP,0.0324078966936213
9,2,DOS,DHCP,0.0
9,2,DOS,ARP,7.517258985956233e-07
9,2,DOS,ICMP,1.1041535825029313e-05
9,2,DOS,IGMP,0.0
9,2,DOS,IPv,6.56189103942495e-07
9,2,DOS,LLC,2.569919056227832e-07
9,2,DOS,Tot sum,0.24395855590701104
9,2,DOS,Min,0.012383745284751058
9,2,DOS,Max,0.013683537038741634
9,2,DOS,AVG,0.19268533773720264
9,2,DOS,Std,0.02397529985755682
9,2,DOS,Tot size,0.0956321564503014
9,2,DOS,IAT,0.002367768288240768
9,2,DOS,Number,0.002119515248341486
9,2,DOS,Variance,0.1012098666280508
9,3,DOS,Header_Length,0.006194810823944863
9,3,DOS,Protocol Type,0.0011560057115275412
9,3,DOS,Time_To_Live,0.004804622419578663
9,3,DOS,Rate,0.0008563805165067607
9,3,DOS,fin_flag_number,9.321202817318408e-05
9,3,DOS,syn_flag_number,0.009078475297428668
9,3,DOS,rst_flag_number,1.549263324100991e-05
9,3,DOS,psh_flag_number,0.00015835902961498506
9,3,DOS,ack_flag_number,0.0064313077891711146
9,3,DOS,ece_flag_number,0.0
9,3,DOS,cwr_flag_number,0.0
9,3,DOS,ack_count,0.00818987467646366
9,3,DOS,syn_count,0.012930568031151779
9,3,DOS,fin_count,0.017172068654326723
9,3,DOS,rst_count,0.006856075572432019
9,3,DOS,HTTP,1.0650371223164256e-06
9,3,DOS,HTTPS,3.593042794136636e-06
9,3,DOS,DNS,2.78763112788738e-06
9,3,DOS,Telnet,0.0
9,3,DOS,SMTP,0.0
9,3,DOS,SSH,0.0
9,3,DOS,IRC,0.0
9,3,DOS,TCP,0.002927633302897448
9,3,DOS,UDP,0.04875298775732517
9,3,DOS,DHCP,0.0
9,3,DOS,ARP,3.4469452886432e-08
9,3,DOS,ICMP,0.0006194027296260174
9,3,DOS,IGMP,0.0
9,3,DOS,IPv,1.0636808539521425e-08
9,3,DOS,LLC,4.839854751692574e-08
9,3,DOS,Tot sum,0.2683791627176106
9,3,DOS,Min,0.015582096141588408
9,3,DOS,Max,0.027040447411127388
9,3,DOS,AVG,0.184958166629076
9,3,DOS,Std,0.05503570908913389
9,3,DOS,Tot size,0.07730105463415385
9,3,DOS,IAT,0.0006061751792913128
9,3,DOS,Number,0.0
9,3,DOS,Variance,0.17492873466107994
9,4,DOS,Header_Length,0.004864248958256212
9,4,DOS,Protocol Type,0.0010918430529272883
9,4,DOS,Time_To_Live,0.014913943041756283
9,4,DOS,Rate,0.002155076577037107
9,4,DOS,fin_flag_number,7.895831355853033e-07
9,4,DOS,syn_flag_number,0.014179764827713371
9,4,DOS,rst_flag_number,9.867373591987416e-07
9,4,DOS,psh_flag_number,0.0
9,4,DOS,ack_flag_number,0.0034688625331909862
9,4,DOS,ece_flag_number,0.0
9,4,DOS,cwr_flag_number,0.0
9,4,DOS,ack_count,0.002879066823516041
9,4,DOS,syn_count,0.010769102983613266
9,4,DOS,fin_count,0.00010830697101482656
9,4,DOS,rst_count,0.0017495064064860343
9,4,DOS,HTTP,3.876849683592809e-06
9,4,DOS,HTTPS,0.0024377213567277067
9,4,DOS,DNS,0.0
9,4,DOS,Telnet,0.0
9,4,DOS,SMTP,0.0
9,4,DOS,SSH,0.0
9,4,DOS,IRC,0.0
9,4,DOS,TCP,0.002939620040706359
9,4,DOS,UDP,0.022605361643945797
9,4,DOS,DHCP,0.0
9,4,DOS,ARP,0.0
9,4,DOS,ICMP,7.400606339160731e-05
9,4,DOS,IGMP,0.0
9,4,DOS,IPv,0.0
9,4,DOS,LLC,0.0
9,4,DOS,Tot sum,0.07851694021373987
9,4,DOS,Min,0.009890258440282195
9,4,DOS,Max,0.005759937249240466
9,4,DOS,AVG,0.06337687328923494
9,4,DOS,Std,0.011874124266614671
9,4,DOS,Tot size,0.026738424639916047
9,4,DOS,IAT,0.0026313796419344727
9,4,DOS,Number,0.00031926674146234293
9,4,DOS,Variance,0.033373001037398355
9,5,DOS,Header_Length,0.009594767984890496
9,5,DOS,Protocol Type,0.0007801756990374997
9,5,DOS,Time_To_Live,0.008557026281778235
9,5,DOS,Rate,0.002149758724408457
9,5,DOS,fin_flag_number,8.425101723332772e-05
9,5,DOS,syn_flag_number,0.0068731047213077545
9,5,DOS,rst_flag_number,3.827000273304293e-05
9,5,DOS,psh_flag_number,6.1146091371711e-05
9,5,DOS,ack_flag_number,0.0072121586068533364
9,5,DOS,ece_flag_number,0.0
9,5,DOS,cwr_flag_number,0.0
9,5,DOS,ack_count,0.003916729567572474
9,5,DOS,syn_count,0.01281789998174645
9,5,DOS,fin_count,0.020438780542463064
9,5,DOS,rst_count,0.0031567789206746965
9,5,DOS,HTTP,4.878564508725702e-06
9,5,DOS,HTTPS,0.001191213335005159
9,5,DOS,DNS,1.5144001110911631e-06
9,5,DOS,Telnet,0.0
9,5,DOS,SMTP,0.0
9,5,DOS,SSH,0.0
9,5,DOS,IRC,0.0
9,5,DOS,TCP,0.005140181675960776
9,5,DOS,UDP,0.049503450421616434
9,5,DOS,DHCP,0.0
9,5,DOS,ARP,1.5564726725258992e-07
9,5,DOS,ICMP,0.0008069586932833772
9,5,DOS,IGMP,0.0
9,5,DOS,IPv,8.985161517038876e-08
9,5,DOS,LLC,7.916855300216241e-08
9,5,DOS,Tot sum,0.23940473403781654
9,5,DOS,Min,0.010291248563589761
9,5,DOS,Max,0.005111204710556194
9,5,DOS,AVG,0.12433014251291752
9,5,DOS,Std,0.016619930509477854
9,5,DOS,Tot size,0.04420919213443995
9,5,DOS,IAT,0.007703104824759066
9,5,DOS,Number,0.005723097136510091
9,5,DOS,Variance,0.04063263989519328
9,1,MIRAI,Header_Length,0.00023570408193336335
9,1,MIRAI,Protocol Type,0.00047443230650969783
9,1,MIRAI,Time_To_Live,0.00010216619848506525
9,1,MIRAI,Rate,0.00020698280495707878
9,1,MIRAI,fin_flag_number,3.208471821380954e-06
9,1,MIRAI,syn_flag_number,0.005363194411620498
9,1,MIRAI,rst_flag_number,1.0207809373241616e-05
9,1,MIRAI,psh_flag_number,7.989583855305682e-06
9,1,MIRAI,ack_flag_number,0.00335869844420813
9,1,MIRAI,ece_flag_number,0.0
9,1,MIRAI,cwr_flag_number,0.0
9,1,MIRAI,ack_count,0.0034021604107692836
9,1,MIRAI,syn_count,0.006207255087792874
9,1,MIRAI,fin_count,0.0027009160723537205
9,1,MIRAI,rst_count,0.0013334523420780898
9,1,MIRAI,HTTP,8.683807732268178e-06
9,1,MIRAI,HTTPS,1.4893858633513446e-06
9,1,MIRAI,DNS,1.3424088778357658e-07
9,1,MIRAI,Telnet,0.0
9,1,MIRAI,SMTP,0.0
9,1,MIRAI,SSH,0.0
9,1,MIRAI,IRC,0.0
9,1,MIRAI,TCP,5.9419172976049596e-05
9,1,MIRAI,UDP,0.004570316283206921
9,1,MIRAI,DHCP,0.0
9,1,MIRAI,ARP,5.935927308797772e-07
9,1,MIRAI,ICMP,0.000134086019534152
9,1,MIRAI,IGMP,1.614135758387647e-07
9,1,MIRAI,IPv,4.2216423921104253e-07
9,1,MIRAI,LLC,5.32150515786256e-07
9,1,MIRAI,Tot sum,1.1409457474946976
9,1,MIRAI,Min,0.0675882384472061
9,1,MIRAI,Max,0.03183388486504555
9,1,MIRAI,AVG,1.2042148947715758
9,1,MIRAI,Std,0.05007657976821065
9,1,MIRAI,Tot size,0.9817781716585159
9,1,MIRAI,IAT,0.000446944864870602
9,1,MIRAI,Number,0.00027143216502736325
9,1,MIRAI,Variance,0.0993040470406413
9,2,MIRAI,Header_Length,5.646779463859275e-05
9,2,MIRAI,Protocol Type,0.0002142391458619386
9,2,MIRAI,Time_To_Live,0.0002073220259262598
9,2,MIRAI,Rate,8.361350546692847e-05
9,2,MIRAI,fin_flag_number,2.292617227794835e-06
9,2,MIRAI,syn_flag_number,0.005686356429941952
9,2,MIRAI,rst_flag_number,1.1517508664837805e-05
9,2,MIRAI,psh_flag_number,1.686578498860669e-07
9,2,MIRAI,ack_flag_number,3.704353839566466e-05
9,2,MIRAI,ece_flag_number,0.0
9,2,MIRAI,cwr_flag_number,0.0
9,2,MIRAI,ack_count,0.0001359625905934081
9,2,MIRAI,syn_count,0.006496084481477737
9,2,MIRAI,fin_count,0.0010219087649602442
9,2,MIRAI,rst_count,0.0008579825560445897
9,2,MIRAI,HTTP,0.0
9,2,MIRAI,HTTPS,3.473657822894438e-06
9,2,MIRAI,DNS,1.369632744996352e-08
9,2,MIRAI,Telnet,0.0
9,2,MIRAI,SMTP,0.0
9,2,MIRAI,SSH,0.0
9,2,MIRAI,IRC,0.0
9,2,MIRAI,TCP,1.5087721781270602e-05
9,2,MIRAI,UDP,0.021437115478329362
9,2,MIRAI,DHCP,0.0
9,2,MIRAI,ARP,2.837817920209318e-07
9,2,MIRAI,ICMP,3.3936678143220436e-07
9,2,MIRAI,IGMP,1.2984025943296729e-07
9,2,MIRAI,IPv,2.010836634980251e-07
9,2,MIRAI,LLC,1.5036119389577606e-07
9,2,MIRAI,Tot sum,1.0217243015766144
9,2,MIRAI,Min,0.07549787459720392
9,2,MIRAI,Max,0.023336461186408995
9,2,MIRAI,AVG,0.8124745607376098
9,2,MIRAI,Std,0.034846023796126245
9,2,MIRAI,Tot size,0.4575118631124496
9,2,MIRAI,IAT,0.0002046948550741945
9,2,MIRAI,Number,0.0003874665475450456
9,2,MIRAI,Variance,0.17745323851704597
9,3,MIRAI,Header_Length,5.142526442796225e-05
9,3,MIRAI,Protocol Type,0.00017894934862852096
9,3,MIRAI,Time_To_Live,0.0002301424882716674
9,3,MIRAI,Rate,5.2846539620077235e-05
9,3,MIRAI,fin_flag_number,4.182725433565793e-06
9,3,MIRAI,syn_flag_number,0.01337059959769249
9,3,MIRAI,rst_flag_number,1.1443293124102638e-05
9,3,MIRAI,psh_flag_number,1.6062129361671396e-06
9,3,MIRAI,ack_flag_number,0.0008967889025370823
9,3,MIRAI,ece_flag_number,0.0
9,3,MIRAI,cwr_flag_number,0.0
9,3,MIRAI,ack_count,0.001750297541730106
9,3,MIRAI,syn_count,0.016308332327753305
9,3,MIRAI,fin_count,0.0019828647316899152
9,3,MIRAI,rst_count,0.0011719697038643062
9,3,MIRAI,HTTP,0.0
9,3,MIRAI,HTTPS,3.9561265907650524e-08
9,3,MIRAI,DNS,5.525418089735723e-08
9,3,MIRAI,Telnet,0.0
9,3,MIRAI,SMTP,0.0
9,3,MIRAI,SSH,0.0
9,3,MIRAI,IRC,0.0
9,3,MIRAI,TCP,9.672849481745515e-06
9,3,MIRAI,UDP,0.01289646525401622
9,3,MIRAI,DHCP,0.0
9,3,MIRAI,ARP,3.25794791011802e-07
9,3,MIRAI,ICMP,2.2878952131577533e-05
9,3,MIRAI,IGMP,0.0
9,3,MIRAI,IPv,9.524488718756773e-08
9,3,MIRAI,LLC,1.9257477011924707e-07
9,3,MIRAI,Tot sum,0.6258273363113404
9,3,MIRAI,Min,0.054127581880311484
9,3,MIRAI,Max,0.01755086239427328
9,3,MIRAI,AVG,0.6302518546581268
9,3,MIRAI,Std,0.036748024122789505
9,3,MIRAI,Tot size,0.4538082182407379
9,3,MIRAI,IAT,4.533946821538848e-05
9,3,MIRAI,Number,0.0
9,3,MIRAI,Variance,0.14933930058032274
9,4,MIRAI,Header_Length,2.9884602099627955e-05
9,4,MIRAI,Protocol Type,0.00019143881145282647
9,4,MIRAI,Time_To_Live,0.00020553900994855213
9,4,MIRAI,Rate,5.026224644097965e-05
9,4,MIRAI,fin_flag_number,1.4899006561819305e-08
9,4,MIRAI,syn_flag_number,0.0076283800415694715
9,4,MIRAI,rst_flag_number,0.0
9,4,MIRAI,psh_flag_number,9.209237816776294e-08
9,4,MIRAI,ack_flag_number,7.647986481060798e-05
9,4,MIRAI,ece_flag_number,0.0
9,4,MIRAI,cwr_flag_number,0.0
9,4,MIRAI,ack_count,5.934458167757839e-05
9,4,MIRAI,syn_count,0.0099612174089998
9,4,MIRAI,fin_count,7.749911810606136e-06
9,4,MIRAI,rst_count,0.0
9,4,MIRAI,HTTP,1.4609962626366268e-07
9,4,MIRAI,HTTPS,1.6470648279209855e-05
9,4,MIRAI,DNS,1.113308840672289e-08
9,4,MIRAI,Telnet,0.0
9,4,MIRAI,SMTP,0.0
9,4,MIRAI,SSH,0.0
9,4,MIRAI,IRC,0.0
9,4,MIRAI,TCP,8.45769997113166e-06
9,4,MIRAI,UDP,0.018992482032626868
9,4,MIRAI,DHCP,3.982120233558817e-08
9,4,MIRAI,ARP,1.0283634992447332e-07
9,4,MIRAI,ICMP,5.62039420515248e-07
9,4,MIRAI,IGMP,1.6336229009539237e-07
9,4,MIRAI,IPv,1.1161350812471938e-07
9,4,MIRAI,LLC,3.1723212146062e-08
9,4,MIRAI,Tot sum,0.8598170071840286
9,4,MIRAI,Min,0.050660050963051616
9,4,MIRAI,Max,0.022573867812752724
9,4,MIRAI,AVG,0.6920899629592896
9,4,MIRAI,Std,0.030167903658002614
9,4,MIRAI,Tot size,0.39144370555877683
9,4,MIRAI,IAT,0.00010308892669854685
9,4,MIRAI,Number,0.0005594980058958754
9,4,MIRAI,Variance,0.15921840337105095
9,5,MIRAI,Header_Length,5.877761523152003e-05
9,5,MIRAI,Protocol Type,0.00023933013144414872
9,5,MIRAI,Time_To_Live,0.0006764795747585594
9,5,MIRAI,Rate,0.00012202021534903906
9,5,MIRAI,fin_flag_number,3.148263664343176e-06
9,5,MIRAI,syn_flag_number,0.0053260217420756815
9,5,MIRAI,rst_flag_number,1.0168929202336585e-05
9,5,MIRAI,psh_flag_number,2.249210265858892e-06
9,5,MIRAI,ack_flag_number,0.001021931998548098
9,5,MIRAI,ece_flag_number,0.0
9,5,MIRAI,cwr_flag_number,0.0
9,5,MIRAI,ack_count,0.0009261133622203488
9,5,MIRAI,syn_count,0.0065314108971506355
9,5,MIRAI,fin_count,0.0014979127969127148
9,5,MIRAI,rst_count,0.0007390132552245632
9,5,MIRAI,HTTP,1.1139761303402551e-07
9,5,MIRAI,HTTPS,1.1953318789892364e-05
9,5,MIRAI,DNS,4.1379082702519556e-07
9,5,MIRAI,Telnet,0.0
9,5,MIRAI,SMTP,0.0
9,5,MIRAI,SSH,0.0
9,5,MIRAI,IRC,0.0
9,5,MIRAI,TCP,7.619950534376585e-06
9,5,MIRAI,UDP,0.01310507234884426
9,5,MIRAI,DHCP,0.0
9,5,MIRAI,ARP,5.460580940308546e-07
9,5,MIRAI,ICMP,3.776227649723296e-05
9,5,MIRAI,IGMP,0.0
9,5,MIRAI,IPv,4.622808436494097e-07
9,5,MIRAI,LLC,3.9083400693584736e-07
9,5,MIRAI,Tot sum,0.7547779574990272
9,5,MIRAI,Min,0.04695865154353669
9,5,MIRAI,Max,0.019162619858980177
9,5,MIRAI,AVG,0.6665737897157669
9,5,MIRAI,Std,0.03804210764355957
9,5,MIRAI,Tot size,0.43192815184593203
9,5,MIRAI,IAT,0.0050091883516870436
9,5,MIRAI,Number,0.0010340673979953863
9,5,MIRAI,Variance,0.12615665402263404
9,1,RECON,Header_Length,8.038157927785506e-05
9,1,RECON,Protocol Type,3.254709462225946e-05
9,1,RECON,Time_To_Live,0.017053616502380464
9,1,RECON,Rate,0.0003608191465900745
9,1,RECON,fin_flag_number,1.8466300231523293e-05
9,1,RECON,syn_flag_number,0.01211864796205191
9,1,RECON,rst_flag_number,6.131670177751402e-05
9,1,RECON,psh_flag_number,1.60222933999421e-05
9,1,RECON,ack_flag_number,0.031032592803239823
9,1,RECON,ece_flag_number,0.0
9,1,RECON,cwr_flag_number,0.0
9,1,RECON,ack_count,0.0016493822644406465
9,1,RECON,syn_count,0.0064384280602098444
9,1,RECON,fin_count,0.0015445604194610496
9,1,RECON,rst_count,0.0010834952799996245
9,1,RECON,HTTP,8.63721279071028e-06
9,1,RECON,HTTPS,1.7731216491867487e-05
9,1,RECON,DNS,2.1434088080951595e-05
9,1,RECON,Telnet,0.0
9,1,RECON,SMTP,0.0
9,1,RECON,SSH,0.0
9,1,RECON,IRC,0.0
9,1,RECON,TCP,3.917697820980948e-05
9,1,RECON,UDP,0.0018857410516829986
9,1,RECON,DHCP,0.0
9,1,RECON,ARP,1.9143269723542745e-05
9,1,RECON,ICMP,6.626858703384642e-05
9,1,RECON,IGMP,3.5727188674172794e-07
9,1,RECON,IPv,3.5787905494188975e-06
9,1,RECON,LLC,1.132415809337317e-05
9,1,RECON,Tot sum,0.18471513073891402
9,1,RECON,Min,0.0004948829919158015
9,1,RECON,Max,0.005426277971128002
9,1,RECON,AVG,0.050255364179611205
9,1,RECON,Std,0.05825063856318593
9,1,RECON,Tot size,0.04157356536015868
9,1,RECON,IAT,0.06892110290937126
9,1,RECON,Number,0.010276849247748032
9,1,RECON,Variance,0.13526312927133405
9,2,RECON,Header_Length,8.707911437255689e-05
9,2,RECON,Protocol Type,9.584194933722756e-05
9,2,RECON,Time_To_Live,0.0012407470080688654
9,2,RECON,Rate,0.00010779998356156285
9,2,RECON,fin_flag_number,6.889725029157745e-07
9,2,RECON,syn_flag_number,0.019891098907100967
9,2,RECON,rst_flag_number,6.496798427910733e-05
9,2,RECON,psh_flag_number,9.473403680315684e-06
9,2,RECON,ack_flag_number,0.029926976594288134
9,2,RECON,ece_flag_number,0.0
9,2,RECON,cwr_flag_number,0.0
9,2,RECON,ack_count,0.0016045147916884162
9,2,RECON,syn_count,0.003874903134419583
9,2,RECON,fin_count,0.0005902446160234831
9,2,RECON,rst_count,0.000730714075598371
9,2,RECON,HTTP,4.36138070654124e-06
9,2,RECON,HTTPS,2.8462328344858177e-06
9,2,RECON,DNS,1.5220048579234203e-07
9,2,RECON,Telnet,0.0
9,2,RECON,SMTP,0.0
9,2,RECON,SSH,0.0
9,2,RECON,IRC,0.0
9,2,RECON,TCP,1.985990750830169e-05
9,2,RECON,UDP,0.0012188607973826037
9,2,RECON,DHCP,0.0
9,2,RECON,ARP,2.3915108312366763e-05
9,2,RECON,ICMP,2.0334819077483246e-06
9,2,RECON,IGMP,0.0
9,2,RECON,IPv,4.734958602317652e-06
9,2,RECON,LLC,6.951298085846463e-06
9,2,RECON,Tot sum,0.23857269962318242
9,2,RECON,Min,0.00027188800304429607
9,2,RECON,Max,0.0017428565764021186
9,2,RECON,AVG,0.0639603903517127
9,2,RECON,Std,0.015392641839571296
9,2,RECON,Tot size,0.07482594959437847
9,2,RECON,IAT,0.021055143648118245
9,2,RECON,Number,0.01724457708769478
9,2,RECON,Variance,0.11585758831351996
9,3,RECON,Header_Length,9.696360169826334e-05
9,3,RECON,Protocol Type,2.0872812363492697e-05
9,3,RECON,Time_To_Live,0.009833381498583548
9,3,RECON,Rate,8.077315631993542e-05
9,3,RECON,fin_flag_number,6.975123970676123e-06
9,3,RECON,syn_flag_number,0.016927185311760694
9,3,RECON,rst_flag_number,3.26081203998907e-05
9,3,RECON,psh_flag_number,2.3809862609291965e-05
9,3,RECON,ack_flag_number,0.026210794676853767
9,3,RECON,ece_flag_number,0.0
9,3,RECON,cwr_flag_number,0.0
9,3,RECON,ack_count,0.0007838264259362404
9,3,RECON,syn_count,0.004760010234440415
9,3,RECON,fin_count,0.0008946866194492031
9,3,RECON,rst_count,0.0006833988850189598
9,3,RECON,HTTP,1.0875052396386309e-06
9,3,RECON,HTTPS,2.7860747217722803e-05
9,3,RECON,DNS,1.0808180714461101e-05
9,3,RECON,Telnet,0.0
9,3,RECON,SMTP,0.0
9,3,RECON,SSH,0.0
9,3,RECON,IRC,0.0
9,3,RECON,TCP,1.2671951274434434e-05
9,3,RECON,UDP,0.0014796869979932126
9,3,RECON,DHCP,0.0
9,3,RECON,ARP,1.4386450165933175e-05
9,3,RECON,ICMP,8.211347995157325e-06
9,3,RECON,IGMP,3.0547964797733583e-07
9,3,RECON,IPv,5.304977653645959e-06
9,3,RECON,LLC,4.590976810525801e-06
9,3,RECON,Tot sum,0.1663658079050947
9,3,RECON,Min,0.00012778720647572684
9,3,RECON,Max,0.0010386624810053036
9,3,RECON,AVG,0.022379007666313556
9,3,RECON,Std,0.00807429857813986
9,3,RECON,Tot size,0.023557393164489328
9,3,RECON,IAT,0.022533333787760058
9,3,RECON,Number,0.010089398132186034
9,3,RECON,Variance,0.029751734748424498
9,4,RECON,Header_Length,5.367707109140696e-05
9,4,RECON,Protocol Type,4.333673293324125e-05
9,4,RECON,Time_To_Live,0.037729175072968246
9,4,RECON,Rate,3.797294721010758e-05
9,4,RECON,fin_flag_number,1.9768046510991976e-06
9,4,RECON,syn_flag_number,0.023551798215362397
9,4,RECON,rst_flag_number,5.5218204943230374e-05
9,4,RECON,psh_flag_number,1.580914294603275e-05
9,4,RECON,ack_flag_number,0.030311812099557755
9,4,RECON,ece_flag_number,0.0
9,4,RECON,cwr_flag_number,0.0
9,4,RECON,ack_count,0.0016149090928479382
9,4,RECON,syn_count,0.00342362955700537
9,4,RECON,fin_count,1.8933837267001708e-05
9,4,RECON,rst_count,0.0002541749912779778
9,4,RECON,HTTP,7.322575349551566e-06
9,4,RECON,HTTPS,1.635624437907879e-05
9,4,RECON,DNS,1.0190916054853005e-05
9,4,RECON,Telnet,0.0
9,4,RECON,SMTP,0.0
9,4,RECON,SSH,0.0
9,4,RECON,IRC,0.0
9,4,RECON,TCP,1.3905826413163069e-05
9,4,RECON,UDP,0.0014200953642557578
9,4,RECON,DHCP,0.0
9,4,RECON,ARP,1.2044441245961934e-05
9,4,RECON,ICMP,1.3790864345386566e-06
9,4,RECON,IGMP,0.0
9,4,RECON,IPv,2.020163265115116e-06
9,4,RECON,LLC,5.966467324469704e-06
9,4,RECON,Tot sum,0.12811619993299245
9,4,RECON,Min,0.00012756304316958734
9,4,RECON,Max,0.001392803206249482
9,4,RECON,AVG,0.03096664759214036
9,4,RECON,Std,0.013572410125925671
9,4,RECON,Tot size,0.03027956527948845
9,4,RECON,IAT,0.015203036744588871
9,4,RECON,Number,0.014447743493838061
9,4,RECON,Variance,0.05089902392937802
9,5,RECON,Header_Length,0.00016448275687253044
9,5,RECON,Protocol Type,3.495555459949173e-05
9,5,RECON,Time_To_Live,0.011690116484533063
9,5,RECON,Rate,0.00027936585854604346
9,5,RECON,fin_flag_number,1.9632527163793156e-05
9,5,RECON,syn_flag_number,0.03391614630163531
9,5,RECON,rst_flag_number,1.5422968787071055e-05
9,5,RECON,psh_flag_number,1.5193671573854317e-05
9,5,RECON,ack_flag_number,0.025198119903507177
9,5,RECON,ece_flag_number,0.0
9,5,RECON,cwr_flag_number,0.0
9,5,RECON,ack_count,0.002716855830840359
9,5,RECON,syn_count,0.00700541381338553
9,5,RECON,fin_count,0.001105933660275582
9,5,RECON,rst_count,0.0007070768022913399
9,5,RECON,HTTP,1.5759365000533876e-05
9,5,RECON,HTTPS,0.0001269030718751729
9,5,RECON,DNS,1.0692726469585523e-05
9,5,RECON,Telnet,0.0
9,5,RECON,SMTP,0.0
9,5,RECON,SSH,0.0
9,5,RECON,IRC,0.0
9,5,RECON,TCP,5.808581175443805e-05
9,5,RECON,UDP,0.0061609744353290806
9,5,RECON,DHCP,0.0
9,5,RECON,ARP,3.105815277573143e-05
9,5,RECON,ICMP,6.0670791492611896e-05
9,5,RECON,IGMP,0.0
9,5,RECON,IPv,3.322106823481219e-05
9,5,RECON,LLC,2.975033382457415e-05
9,5,RECON,Tot sum,1.3360867764800788
9,5,RECON,Min,0.0004014515823655529
9,5,RECON,Max,0.01573798622121103
9,5,RECON,AVG,0.19336926862597464
9,5,RECON,Std,0.11075265652034431
9,5,RECON,Tot size,0.18232304826378823
9,5,RECON,IAT,0.028075334930326788
9,5,RECON,Number,0.03803331842063926
9,5,RECON,Variance,0.7795449964702129
9,1,SPOOFING,Header_Length,7.854215528269038e-06
9,1,SPOOFING,Protocol Type,7.659914904145638e-07
9,1,SPOOFING,Time_To_Live,1.4837395180222757e-05
9,1,SPOOFING,Rate,1.3840802781261984e-05
9,1,SPOOFING,fin_flag_number,2.1160968552424997e-07
9,1,SPOOFING,syn_flag_number,7.942534263634115e-05
9,1,SPOOFING,rst_flag_number,1.354440107625976e-07
9,1,SPOOFING,psh_flag_number,1.0157208978900379e-07
9,1,SPOOFING,ack_flag_number,0.0004022282690620216
9,1,SPOOFING,ece_flag_number,0.0
9,1,SPOOFING,cwr_flag_number,0.0
9,1,SPOOFING,ack_count,1.5100864314376849e-05
9,1,SPOOFING,syn_count,3.8770027347823086e-05
9,1,SPOOFING,fin_count,2.7530834246647372e-05
9,1,SPOOFING,rst_count,2.2550463117454456e-05
9,1,SPOOFING,HTTP,7.453470733803647e-08
9,1,SPOOFING,HTTPS,2.078550408818325e-07
9,1,SPOOFING,DNS,5.515976695368019e-10
9,1,SPOOFING,Telnet,0.0
9,1,SPOOFING,SMTP,0.0
9,1,SPOOFING,SSH,0.0
9,1,SPOOFING,IRC,0.0
9,1,SPOOFING,TCP,9.714025017482086e-07
9,1,SPOOFING,UDP,6.642452773464314e-06
9,1,SPOOFING,DHCP,0.0
9,1,SPOOFING,ARP,6.307041003073e-08
9,1,SPOOFING,ICMP,7.358477237762173e-07
9,1,SPOOFING,IGMP,6.70648124881379e-10
9,1,SPOOFING,IPv,1.9233036215558774e-08
9,1,SPOOFING,LLC,1.09862605918859e-08
9,1,SPOOFING,Tot sum,0.0013765162781965046
9,1,SPOOFING,Min,2.5270980962943666e-06
9,1,SPOOFING,Max,3.162478533340618e-05
9,1,SPOOFING,AVG,0.0010869327392356355
9,1,SPOOFING,Std,0.00017828741456469289
9,1,SPOOFING,Tot size,0.0010869798126805108
9,1,SPOOFING,IAT,0.00018277186429713766
9,1,SPOOFING,Number,0.00028526534074728714
9,1,SPOOFING,Variance,0.002417631234857254
9,2,SPOOFING,Header_Length,7.238054540437133e-05
9,2,SPOOFING,Protocol Type,4.3690378095107005e-05
9,2,SPOOFING,Time_To_Live,0.0009857027198449941
9,2,SPOOFING,Rate,0.00010870394554558515
9,2,SPOOFING,fin_flag_number,4.7042923569051706e-06
9,2,SPOOFING,syn_flag_number,0.009402869531186298
9,2,SPOOFING,rst_flag_number,4.612743327991886e-06
9,2,SPOOFING,psh_flag_number,3.271250218048749e-05
9,2,SPOOFING,ack_flag_number,0.011015116956696148
9,2,SPOOFING,ece_flag_number,1.938664718181826e-06
9,2,SPOOFING,cwr_flag_number,6.12016738159582e-06
9,2,SPOOFING,ack_count,0.0007457457017153501
9,2,SPOOFING,syn_count,0.0033088457421399653
9,2,SPOOFING,fin_count,0.0005236197021531552
9,2,SPOOFING,rst_count,0.0007236856943563907
9,2,SPOOFING,HTTP,0.0
9,2,SPOOFING,HTTPS,1.2056683016226088e-05
9,2,SPOOFING,DNS,3.5646941008996707e-06
9,2,SPOOFING,Telnet,0.0
9,2,SPOOFING,SMTP,0.0
9,2,SPOOFING,SSH,0.0
9,2,SPOOFING,IRC,0.0
9,2,SPOOFING,TCP,1.9624508570359468e-05
9,2,SPOOFING,UDP,0.002344094929867424
9,2,SPOOFING,DHCP,0.0
9,2,SPOOFING,ARP,6.637160318276325e-06
9,2,SPOOFING,ICMP,1.490342691523594e-05
9,2,SPOOFING,IGMP,0.0
9,2,SPOOFING,IPv,6.172524266045976e-06
9,2,SPOOFING,LLC,5.223514648794447e-07
9,2,SPOOFING,Tot sum,0.21901886202394963
9,2,SPOOFING,Min,0.00805017935927026
9,2,SPOOFING,Max,0.009066360048018396
9,2,SPOOFING,AVG,0.1847720910795033
9,2,SPOOFING,Std,0.06805374929681421
9,2,SPOOFING,Tot size,0.2844734203070402
9,2,SPOOFING,IAT,0.06685818021942395
9,2,SPOOFING,Number,0.01952755137172062
9,2,SPOOFING,Variance,0.3747199534904212
9,3,SPOOFING,Header_Length,8.289356665045489e-05
9,3,SPOOFING,Protocol Type,3.703016445939511e-05
9,3,SPOOFING,Time_To_Live,0.009484042625990697
9,3,SPOOFING,Rate,0.0003921086960872344
9,3,SPOOFING,fin_flag_number,9.981369652223293e-06
9,3,SPOOFING,syn_flag_number,0.013831635570386424
9,3,SPOOFING,rst_flag_number,5.997779362587608e-06
9,3,SPOOFING,psh_flag_number,8.474240001987709e-06
9,3,SPOOFING,ack_flag_number,0.0035744597960729154
9,3,SPOOFING,ece_flag_number,0.0
9,3,SPOOFING,cwr_flag_number,0.0
9,3,SPOOFING,ack_count,0.0007794488048602944
9,3,SPOOFING,syn_count,0.008549468059209175
9,3,SPOOFING,fin_count,0.001027870803955011
9,3,SPOOFING,rst_count,0.0008816929069325851
9,3,SPOOFING,HTTP,1.5797509377080131e-06
9,3,SPOOFING,HTTPS,8.692138726473786e-06
9,3,SPOOFING,DNS,3.4832194557021803e-07
9,3,SPOOFING,Telnet,0.0
9,3,SPOOFING,SMTP,0.0
9,3,SPOOFING,SSH,0.0
9,3,SPOOFING,IRC,0.0
9,3,SPOOFING,TCP,3.685475897015067e-05
9,3,SPOOFING,UDP,0.003142877215577755
9,3,SPOOFING,DHCP,0.0
9,3,SPOOFING,ARP,5.657752772781841e-06
9,3,SPOOFING,ICMP,4.2010358038169214e-05
9,3,SPOOFING,IGMP,0.0
9,3,SPOOFING,IPv,2.10573328999486e-06
9,3,SPOOFING,LLC,1.1068905090019788e-06
9,3,SPOOFING,Tot sum,0.09203296015039086
9,3,SPOOFING,Min,0.0023511078470619395
9,3,SPOOFING,Max,0.004267872322816402
9,3,SPOOFING,AVG,0.08838223330676556
9,3,SPOOFING,Std,0.014593569486169144
9,3,SPOOFING,Tot size,0.14794284775853156
9,3,SPOOFING,IAT,0.007573966737189153
9,3,SPOOFING,Number,0.0066312365266639976
9,3,SPOOFING,Variance,0.08900415734387934
9,4,SPOOFING,Header_Length,0.00012102740988666483
9,4,SPOOFING,Protocol Type,4.649380031196415e-05
9,4,SPOOFING,Time_To_Live,0.045558722590794784
9,4,SPOOFING,Rate,0.0006752319149200048
9,4,SPOOFING,fin_flag_number,2.1438895476677543e-07
9,4,SPOOFING,syn_flag_number,0.008706736785825342
9,4,SPOOFING,rst_flag_number,4.7664561861893164e-07
9,4,SPOOFING,psh_flag_number,2.7201550290101294e-05
9,4,SPOOFING,ack_flag_number,0.005219116079388186
9,4,SPOOFING,ece_flag_number,0.0
9,4,SPOOFING,cwr_flag_number,0.0
9,4,SPOOFING,ack_count,0.00045630528838955795
9,4,SPOOFING,syn_count,0.009107457330992474
9,4,SPOOFING,fin_count,1.1184424602106447e-05
9,4,SPOOFING,rst_count,8.58632120070979e-06
9,4,SPOOFING,HTTP,9.558237491014143e-06
9,4,SPOOFING,HTTPS,2.3266143299593976e-05
9,4,SPOOFING,DNS,3.4123393476193086e-06
9,4,SPOOFING,Telnet,0.0
9,4,SPOOFING,SMTP,0.0
9,4,SPOOFING,SSH,0.0
9,4,SPOOFING,IRC,0.0
9,4,SPOOFING,TCP,6.736200365082823e-05
9,4,SPOOFING,UDP,0.002622987303766422
9,4,SPOOFING,DHCP,0.0
9,4,SPOOFING,ARP,2.726008460740559e-06
9,4,SPOOFING,ICMP,2.2315700796582407e-06
9,4,SPOOFING,IGMP,0.0
9,4,SPOOFING,IPv,2.2164315851114223e-06
9,4,SPOOFING,LLC,6.949443331905059e-07
9,4,SPOOFING,Tot sum,0.1850675828754902
9,4,SPOOFING,Min,0.011765411980195494
9,4,SPOOFING,Max,0.006821741349995136
9,4,SPOOFING,AVG,0.22626904230564832
9,4,SPOOFING,Std,0.03516752921277657
9,4,SPOOFING,Tot size,0.2131356184836477
9,4,SPOOFING,IAT,0.04850972037529573
9,4,SPOOFING,Number,0.02890000574407168
9,4,SPOOFING,Variance,0.16127487050835043
9,5,SPOOFING,Header_Length,0.00022259792240220122
9,5,SPOOFING,Protocol Type,4.013487744032318e-05
9,5,SPOOFING,Time_To_Live,0.00506206169957295
9,5,SPOOFING,Rate,0.00026588971486489753
9,5,SPOOFING,fin_flag_number,4.500937984630582e-06
9,5,SPOOFING,syn_flag_number,0.00509998473135056
9,5,SPOOFING,rst_flag_number,7.5256293087022644e-06
9,5,SPOOFING,psh_flag_number,7.715376244732398e-06
9,5,SPOOFING,ack_flag_number,0.01690531489730347
9,5,SPOOFING,ece_flag_number,0.0
9,5,SPOOFING,cwr_flag_number,0.0
9,5,SPOOFING,ack_count,0.0020025869012208373
9,5,SPOOFING,syn_count,0.002728523298719665
9,5,SPOOFING,fin_count,0.0003686828822537791
9,5,SPOOFING,rst_count,0.0005844465911650331
9,5,SPOOFING,HTTP,2.315379938089279e-06
9,5,SPOOFING,HTTPS,9.809852056719137e-06
9,5,SPOOFING,DNS,1.066279063621778e-06
9,5,SPOOFING,Telnet,0.0
9,5,SPOOFING,SMTP,0.0
9,5,SPOOFING,SSH,0.0
9,5,SPOOFING,IRC,0.0
9,5,SPOOFING,TCP,2.9139732468763668e-05
9,5,SPOOFING,UDP,0.0011315133167954627
9,5,SPOOFING,DHCP,0.0
9,5,SPOOFING,ARP,1.5833700906853209e-06
9,5,SPOOFING,ICMP,5.7915689512810784e-05
9,5,SPOOFING,IGMP,0.0
9,5,SPOOFING,IPv,6.365017267029315e-07
9,5,SPOOFING,LLC,3.2199344812688935e-07
9,5,SPOOFING,Tot sum,0.21643376853317023
9,5,SPOOFING,Min,0.0027248411715845577
9,5,SPOOFING,Max,0.001895864696780336
9,5,SPOOFING,AVG,0.06173873832449317
9,5,SPOOFING,Std,0.016697115334682166
9,5,SPOOFING,Tot size,0.0623613428324461
9,5,SPOOFING,IAT,0.020355440804269164
9,5,SPOOFING,Number,0.01964669181033969
9,5,SPOOFING,Variance,0.12650256818160416
9,1,WEB,Header_Length,6.279448936652443e-06
9,1,WEB,Protocol Type,6.956065474694739e-06
9,1,WEB,Time_To_Live,0.000670560266735265
9,1,WEB,Rate,6.966902518890095e-06
9,1,WEB,fin_flag_number,7.99678940310855e-07
9,1,WEB,syn_flag_number,0.00022124146235000808
9,1,WEB,rst_flag_number,1.1946726907741123e-07
9,1,WEB,psh_flag_number,1.3192111115500892e-06
9,1,WEB,ack_flag_number,0.0003533596375291381
9,1,WEB,ece_flag_number,0.0
9,1,WEB,cwr_flag_number,0.0
9,1,WEB,ack_count,0.0001555158292546821
9,1,WEB,syn_count,0.0003212723796764294
9,1,WEB,fin_count,6.502551531468725e-05
9,1,WEB,rst_count,5.5670656365691684e-05
9,1,WEB,HTTP,7.242641098859082e-07
9,1,WEB,HTTPS,1.0095770502538403e-06
9,1,WEB,DNS,1.3230143756093326e-07
9,1,WEB,Telnet,0.0
9,1,WEB,SMTP,0.0
9,1,WEB,SSH,0.0
9,1,WEB,IRC,0.0
9,1,WEB,TCP,3.1771040314154675e-06
9,1,WEB,UDP,0.00045319328707762454
9,1,WEB,DHCP,0.0
9,1,WEB,ARP,2.198050274968e-06
9,1,WEB,ICMP,6.016333085412384e-06
9,1,WEB,IGMP,5.182257635516496e-09
9,1,WEB,IPv,1.8842026943022283e-06
9,1,WEB,LLC,1.573932516931234e-07
9,1,WEB,Tot sum,0.043104878860685855
9,1,WEB,Min,0.0035010051603928893
9,1,WEB,Max,0.0005031674795645813
9,1,WEB,AVG,0.010023066687426762
9,1,WEB,Std,0.0024915958631027023
9,1,WEB,Tot size,0.010881704837083816
9,1,WEB,IAT,0.03678611827108398
9,1,WEB,Number,0.0017201943692896292
9,1,WEB,Variance,0.010732695658225566
9,2,WEB,Header_Length,2.093094310566812e-05
9,2,WEB,Protocol Type,6.308487980390964e-05
9,2,WEB,Time_To_Live,0.008822161553325714
9,2,WEB,Rate,0.00014124649198947735
9,2,WEB,fin_flag_number,4.94927388174915e-06
9,2,WEB,syn_flag_number,0.0016292293992592021
9,2,WEB,rst_flag_number,2.5544763801121918e-06
9,2,WEB,psh_flag_number,4.013154600954749e-05
9,2,WEB,ack_flag_number,0.012421120901126414
9,2,WEB,ece_flag_number,0.0
9,2,WEB,cwr_flag_number,0.0
9,2,WEB,ack_count,0.0007158050494581403
9,2,WEB,syn_count,0.001823876519483747
9,2,WEB,fin_count,0.0009454240281229431
9,2,WEB,rst_count,0.00046016493903380253
9,2,WEB,HTTP,5.025503924116492e-07
9,2,WEB,HTTPS,1.2283418405445445e-05
9,2,WEB,DNS,2.4890733443753977e-05
9,2,WEB,Telnet,0.0
9,2,WEB,SMTP,0.0
9,2,WEB,SSH,0.0
9,2,WEB,IRC,0.0
9,2,WEB,TCP,3.0352948903100697e-05
9,2,WEB,UDP,0.004584109139796055
9,2,WEB,DHCP,0.0
9,2,WEB,ARP,8.553710174713513e-06
9,2,WEB,ICMP,1.9972146989799545e-05
9,2,WEB,IGMP,0.0
9,2,WEB,IPv,1.0738758033058959e-05
9,2,WEB,LLC,5.841240298659622e-06
9,2,WEB,Tot sum,0.23110206636483782
9,2,WEB,Min,0.004230497909338738
9,2,WEB,Max,0.006280708947451785
9,2,WEB,AVG,0.07287388294935226
9,2,WEB,Std,0.04351218058145605
9,2,WEB,Tot size,0.21846967563033104
9,2,WEB,IAT,0.33799074859998657
9,2,WEB,Number,0.012061700376216322
9,2,WEB,Variance,0.27125459659146145
9,3,WEB,Header_Length,7.369214818786496e-06
9,3,WEB,Protocol Type,1.0694168614562746e-06
9,3,WEB,Time_To_Live,0.000869863870374843
9,3,WEB,Rate,1.7203273771526639e-06
9,3,WEB,fin_flag_number,4.2875239485359875e-07
9,3,WEB,syn_flag_number,0.0004256210151339701
9,3,WEB,rst_flag_number,1.5330787311936163e-07
9,3,WEB,psh_flag_number,1.2887131094818648e-06
9,3,WEB,ack_flag_number,0.00019621911514207114
9,3,WEB,ece_flag_number,0.0
9,3,WEB,cwr_flag_number,0.0
9,3,WEB,ack_count,4.583422159498696e-05
9,3,WEB,syn_count,0.00041058247512921754
9,3,WEB,fin_count,9.115269907411517e-06
9,3,WEB,rst_count,3.5961761882408186e-05
9,3,WEB,HTTP,6.888550615258282e-07
9,3,WEB,HTTPS,8.164212244490821e-07
9,3,WEB,DNS,1.479939010526972e-08
9,3,WEB,Telnet,0.0
9,3,WEB,SMTP,0.0
9,3,WEB,SSH,0.0
9,3,WEB,IRC,0.0
9,3,WEB,TCP,2.1220090853257824e-06
9,3,WEB,UDP,0.00014927414487750923
9,3,WEB,DHCP,0.0
9,3,WEB,ARP,5.821542872948043e-08
9,3,WEB,ICMP,1.1819730091670867e-06
9,3,WEB,IGMP,0.0
9,3,WEB,IPv,1.9874093516615832e-07
9,3,WEB,LLC,8.937790287734872e-09
9,3,WEB,Tot sum,0.019978047737103564
9,3,WEB,Min,1.8671243231738188e-05
9,3,WEB,Max,0.00018340969764949478
9,3,WEB,AVG,0.001576384845247958
9,3,WEB,Std,0.002214748510573372
9,3,WEB,Tot size,0.003711713457596488
9,3,WEB,IAT,0.031177438700592575
9,3,WEB,Number,0.0014384052801716507
9,3,WEB,Variance,0.015431873428315156
9,4,WEB,Header_Length,2.8526879438928176e-05
9,4,WEB,Protocol Type,3.366636702915038e-05
9,4,WEB,Time_To_Live,0.0020251535030865854
9,4,WEB,Rate,1.9583762164288034e-05
9,4,WEB,fin_flag_number,1.89658588790444e-06
9,4,WEB,syn_flag_number,0.0019292581101012728
9,4,WEB,rst_flag_number,0.0
9,4,WEB,psh_flag_number,7.584754217937472e-06
9,4,WEB,ack_flag_number,0.0011693945870092648
9,4,WEB,ece_flag_number,0.0
9,4,WEB,cwr_flag_number,0.0
9,4,WEB,ack_count,0.00010273698774581064
9,4,WEB,syn_count,0.0012131421162813183
9,4,WEB,fin_count,8.135298779698986e-06
9,4,WEB,rst_count,0.0
9,4,WEB,HTTP,1.5243311929492159e-05
9,4,WEB,HTTPS,5.787150691460851e-06
9,4,WEB,DNS,3.7143821373319953e-06
9,4,WEB,Telnet,0.0
9,4,WEB,SMTP,0.0
9,4,WEB,SSH,0.0
9,4,WEB,IRC,0.0
9,4,WEB,TCP,3.291886295579971e-05
9,4,WEB,UDP,0.0016615757508589013
9,4,WEB,DHCP,0.0
9,4,WEB,ARP,4.480340339796385e-06
9,4,WEB,ICMP,6.539560656734778e-06
9,4,WEB,IGMP,0.0
9,4,WEB,IPv,9.878845366984023e-06
9,4,WEB,LLC,3.925455393982702e-06
9,4,WEB,Tot sum,0.15854806996730986
9,4,WEB,Min,0.010928542175805234
9,4,WEB,Max,0.0041571139993038745
9,4,WEB,AVG,0.09131249849669984
9,4,WEB,Std,0.015176340482139495
9,4,WEB,Tot size,0.1119319000543328
9,4,WEB,IAT,0.15899743965053686
9,4,WEB,Number,0.01070489972382802
9,4,WEB,Variance,0.06090002335840836
9,5,WEB,Header_Length,0.00012494002294261009
9,5,WEB,Protocol Type,2.811722250442017e-05
9,5,WEB,Time_To_Live,0.028628200790262782
9,5,WEB,Rate,4.14724815448686e-05
9,5,WEB,fin_flag_number,1.0409904675157122e-05
9,5,WEB,syn_flag_number,0.0025690224811114604
9,5,WEB,rst_flag_number,3.033233888061204e-06
9,5,WEB,psh_flag_number,2.0878238065336063e-05
9,5,WEB,ack_flag_number,0.008503891958389432
9,5,WEB,ece_flag_number,0.0
9,5,WEB,cwr_flag_number,0.0
9,5,WEB,ack_count,0.00017556315898445974
9,5,WEB,syn_count,0.0017017928785662661
9,5,WEB,fin_count,0.0008253476252320979
9,5,WEB,rst_count,0.0003640908772581497
9,5,WEB,HTTP,6.322482269283114e-07
9,5,WEB,HTTPS,5.980059668786453e-06
9,5,WEB,DNS,2.0480483039797547e-05
9,5,WEB,Telnet,0.0
9,5,WEB,SMTP,0.0
9,5,WEB,SSH,0.0
9,5,WEB,IRC,0.0
9,5,WEB,TCP,3.983467484118819e-05
9,5,WEB,UDP,0.00452057299844455
9,5,WEB,DHCP,0.0
9,5,WEB,ARP,5.909959970651357e-06
9,5,WEB,ICMP,5.854712224078185e-05
9,5,WEB,IGMP,0.0
9,5,WEB,IPv,1.4401769750982396e-05
9,5,WEB,LLC,1.5159958042944289e-06
9,5,WEB,Tot sum,0.2960999828763306
9,5,WEB,Min,3.1405450519628177e-05
9,5,WEB,Max,0.0051953509479062635
9,5,WEB,AVG,0.02641998282633722
9,5,WEB,Std,0.05906268060207367
9,5,WEB,Tot size,0.16373140830546618
9,5,WEB,IAT,0.28888071697438134
9,5,WEB,Number,0.01275728594919201
9,5,WEB,Variance,0.1973484680056572
10,1,BENIGN,Header_Length,4.4162374649658886e-05
10,1,BENIGN,Protocol Type,6.652712304457963e-05
10,1,BENIGN,Time_To_Live,0.08708484537783079
10,1,BENIGN,Rate,0.0004889514162641717
10,1,BENIGN,fin_flag_number,1.6453005446237513e-05
10,1,BENIGN,syn_flag_number,0.007635829492937773
10,1,BENIGN,rst_flag_number,2.673362547511715e-06
10,1,BENIGN,psh_flag_number,2.3626813132437973e-05
10,1,BENIGN,ack_flag_number,0.02862305867020041
10,1,BENIGN,ece_flag_number,0.0
10,1,BENIGN,cwr_flag_number,0.0
10,1,BENIGN,ack_count,0.0008864874381288246
10,1,BENIGN,syn_count,0.003657218241278315
10,1,BENIGN,fin_count,0.0009536030422168551
10,1,BENIGN,rst_count,0.0013090054424822028
10,1,BENIGN,HTTP,2.303549710003239e-06
10,1,BENIGN,HTTPS,4.346109012089983e-05
10,1,BENIGN,DNS,5.8086787868560916e-08
10,1,BENIGN,Telnet,0.0
10,1,BENIGN,SMTP,0.0
10,1,BENIGN,SSH,0.0
10,1,BENIGN,IRC,0.0
10,1,BENIGN,TCP,2.3100917314877733e-05
10,1,BENIGN,UDP,0.0034928077075164765
10,1,BENIGN,DHCP,0.0
10,1,BENIGN,ARP,5.229648248530339e-05
10,1,BENIGN,ICMP,4.6168387405032264e-05
10,1,BENIGN,IGMP,1.7325801682233077e-07
10,1,BENIGN,IPv,2.2886101026298178e-05
10,1,BENIGN,LLC,2.4004371497454712e-05
10,1,BENIGN,Tot sum,0.1578066049143672
10,1,BENIGN,Min,0.011882912775035948
10,1,BENIGN,Max,0.013858749670907855
10,1,BENIGN,AVG,0.18583955988287926
10,1,BENIGN,Std,0.13869960680603982
10,1,BENIGN,Tot size,0.06946481266058982
10,1,BENIGN,IAT,0.04853563120996114
10,1,BENIGN,Number,0.008594635022745933
10,1,BENIGN,Variance,0.30068506868556144
10,2,BENIGN,Header_Length,4.0723990123558984e-05
10,2,BENIGN,Protocol Type,1.346323285922324e-06
10,2,BENIGN,Time_To_Live,0.0614077348705905
10,2,BENIGN,Rate,6.648131259368029e-05
10,2,BENIGN,fin_flag_number,1.7964568385764324e-06
10,2,BENIGN,syn_flag_number,0.0007453285939959641
10,2,BENIGN,rst_flag_number,1.359454452898312e-07
10,2,BENIGN,psh_flag_number,1.1184015013654403e-06
10,2,BENIGN,ack_flag_number,0.003196726146779838
10,2,BENIGN,ece_flag_number,0.0
10,2,BENIGN,cwr_flag_number,0.0
10,2,BENIGN,ack_count,0.00024132980016702276
10,2,BENIGN,syn_count,0.000257948087562454
10,2,BENIGN,fin_count,4.769242440971766e-05
10,2,BENIGN,rst_count,0.00021502504435702007
10,2,BENIGN,HTTP,7.42124272790079e-07
10,2,BENIGN,HTTPS,3.183622847764411e-05
10,2,BENIGN,DNS,2.600768452757328e-07
10,2,BENIGN,Telnet,0.0
10,2,BENIGN,SMTP,0.0
10,2,BENIGN,SSH,0.0
10,2,BENIGN,IRC,0.0
10,2,BENIGN,TCP,5.238177880606543e-06
10,2,BENIGN,UDP,0.0005200379697953394
10,2,BENIGN,DHCP,0.0
10,2,BENIGN,ARP,8.450634805296127e-08
10,2,BENIGN,ICMP,3.3038054698432404e-08
10,2,BENIGN,IGMP,0.0
10,2,BENIGN,IPv,1.7863972643673842e-07
10,2,BENIGN,LLC,1.5927329069763406e-07
10,2,BENIGN,Tot sum,0.06004804619005881
10,2,BENIGN,Min,0.0002659912745912152
10,2,BENIGN,Max,0.0006088176593038952
10,2,BENIGN,AVG,0.003838864655699581
10,2,BENIGN,Std,0.005652191676199436
10,2,BENIGN,Tot size,0.006364098627818749
10,2,BENIGN,IAT,0.005931916280269433
10,2,BENIGN,Number,0.0046559121110021804
10,2,BENIGN,Variance,0.02217967703472823
10,3,BENIGN,Header_Length,0.00015015592389318045
10,3,BENIGN,Protocol Type,5.584664857138932e-06
10,3,BENIGN,Time_To_Live,0.04112438544302677
10,3,BENIGN,Rate,0.00028004842806694796
10,3,BENIGN,fin_flag_number,1.258646199744362e-05
10,3,BENIGN,syn_flag_number,0.0088889346945507
10,3,BENIGN,rst_flag_number,3.3142843655298294e-06
10,3,BENIGN,psh_flag_number,1.831948580806042e-05
10,3,BENIGN,ack_flag_number,0.013220039091538637
10,3,BENIGN,ece_flag_number,0.0
10,3,BENIGN,cwr_flag_number,0.0
10,3,BENIGN,ack_count,0.0009997458681482384
10,3,BENIGN,syn_count,0.007031827648461331
10,3,BENIGN,fin_count,0.0014294199925643624
10,3,BENIGN,rst_count,0.0010869848282709428
10,3,BENIGN,HTTP,1.1219992643418664e-06
10,3,BENIGN,HTTPS,2.5767862211978354e-05
10,3,BENIGN,DNS,2.9645058224503364e-06
10,3,BENIGN,Telnet,0.0
10,3,BENIGN,SMTP,0.0
10,3,BENIGN,SSH,0.0
10,3,BENIGN,IRC,0.0
10,3,BENIGN,TCP,1.5190133942510897e-05
10,3,BENIGN,UDP,0.002672572302617482
10,3,BENIGN,DHCP,0.0
10,3,BENIGN,ARP,1.4016570833077362e-08
10,3,BENIGN,ICMP,2.464468643950113e-05
10,3,BENIGN,IGMP,0.0
10,3,BENIGN,IPv,2.5917076561243757e-08
10,3,BENIGN,LLC,4.601404098025785e-08
10,3,BENIGN,Tot sum,0.21129205028992146
10,3,BENIGN,Min,0.005068921404017601
10,3,BENIGN,Max,0.007170394249260426
10,3,BENIGN,AVG,0.04960473496466875
10,3,BENIGN,Std,0.06861061900854111
10,3,BENIGN,Tot size,0.05434135214745765
10,3,BENIGN,IAT,0.03947940432403811
10,3,BENIGN,Number,0.004016817055526189
10,3,BENIGN,Variance,0.4204913847148418
10,4,BENIGN,Header_Length,0.0002462945783918258
10,4,BENIGN,Protocol Type,3.7264572517869966e-05
10,4,BENIGN,Time_To_Live,0.1851716072691488
10,4,BENIGN,Rate,0.0004895444286376005
10,4,BENIGN,fin_flag_number,1.4432168278233347e-07
10,4,BENIGN,syn_flag_number,0.006323806929503917
10,4,BENIGN,rst_flag_number,0.0
10,4,BENIGN,psh_flag_number,2.3643409667784e-05
10,4,BENIGN,ack_flag_number,0.02729191235266626
10,4,BENIGN,ece_flag_number,0.0
10,4,BENIGN,cwr_flag_number,0.0
10,4,BENIGN,ack_count,0.0005125461539137177
10,4,BENIGN,syn_count,0.004372904807678424
10,4,BENIGN,fin_count,8.660010091432469e-06
10,4,BENIGN,rst_count,0.0
10,4,BENIGN,HTTP,2.7030094356117474e-07
10,4,BENIGN,HTTPS,4.129635053686798e-05
10,4,BENIGN,DNS,1.568589311773394e-08
10,4,BENIGN,Telnet,0.0
10,4,BENIGN,SMTP,0.0
10,4,BENIGN,SSH,0.0
10,4,BENIGN,IRC,0.0
10,4,BENIGN,TCP,7.609208415431113e-05
10,4,BENIGN,UDP,0.007611017944873311
10,4,BENIGN,DHCP,0.0
10,4,BENIGN,ARP,3.940969327231869e-06
10,4,BENIGN,ICMP,2.6043883323723095e-06
10,4,BENIGN,IGMP,0.0
10,4,BENIGN,IPv,1.985736162168905e-06
10,4,BENIGN,LLC,5.516115197679028e-06
10,4,BENIGN,Tot sum,0.27315756902098653
10,4,BENIGN,Min,0.021176186989032432
10,4,BENIGN,Max,0.009848712477833033
10,4,BENIGN,AVG,0.052989930659532544
10,4,BENIGN,Std,0.08520358987152576
10,4,BENIGN,Tot size,0.1901559617370367
10,4,BENIGN,IAT,0.06362820464855759
10,4,BENIGN,Number,0.005910896410932764
10,4,BENIGN,Variance,0.3693990301340818
10,5,BENIGN,Header_Length,0.0003756923621494934
10,5,BENIGN,Protocol Type,3.0838427761636923e-06
10,5,BENIGN,Time_To_Live,0.31965970662422477
10,5,BENIGN,Rate,0.0006876006704032989
10,5,BENIGN,fin_flag_number,3.9272534513656866e-05
10,5,BENIGN,syn_flag_number,0.009592992994294036
10,5,BENIGN,rst_flag_number,1.3098192764848804e-06
10,5,BENIGN,psh_flag_number,2.7276264519571213e-05
10,5,BENIGN,ack_flag_number,0.036134648852748794
10,5,BENIGN,ece_flag_number,0.0
10,5,BENIGN,cwr_flag_number,0.0
10,5,BENIGN,ack_count,0.002854818668686221
10,5,BENIGN,syn_count,0.004485305576417886
10,5,BENIGN,fin_count,0.0015085658844327555
10,5,BENIGN,rst_count,0.002065218466668739
10,5,BENIGN,HTTP,9.752106002736128e-08
10,5,BENIGN,HTTPS,0.00011368807446672235
10,5,BENIGN,DNS,6.72889347868022e-06
10,5,BENIGN,Telnet,0.0
10,5,BENIGN,SMTP,0.0
10,5,BENIGN,SSH,0.0
10,5,BENIGN,IRC,0.0
10,5,BENIGN,TCP,8.188702273628223e-05
10,5,BENIGN,UDP,0.0028224725821928585
10,5,BENIGN,DHCP,0.0
10,5,BENIGN,ARP,7.04713844099647e-06
10,5,BENIGN,ICMP,3.651763911420858e-05
10,5,BENIGN,IGMP,0.0
10,5,BENIGN,IPv,7.624362691549535e-06
10,5,BENIGN,LLC,3.4837060254311325e-06
10,5,BENIGN,Tot sum,0.32228102730587127
10,5,BENIGN,Min,0.0020492160121648338
10,5,BENIGN,Max,0.004117214260622859
10,5,BENIGN,AVG,0.03290777863949188
10,5,BENIGN,Std,0.04660233249887824
10,5,BENIGN,Tot size,0.11299694357439875
10,5,BENIGN,IAT,0.036049847450340164
10,5,BENIGN,Number,0.025023335413970928
10,5,BENIGN,Variance,0.21612758040428162
10,2,BRUTEFORCE,Header_Length,1.4148086767207247e-05
10,2,BRUTEFORCE,Protocol Type,1.3303969058409137e-06
10,2,BRUTEFORCE,Time_To_Live,0.0002657199202289323
10,2,BRUTEFORCE,Rate,1.6372035396727824e-05
10,2,BRUTEFORCE,fin_flag_number,4.13287019377373e-06
10,2,BRUTEFORCE,syn_flag_number,0.00013950940868880934
10,2,BRUTEFORCE,rst_flag_number,5.906166282265702e-07
10,2,BRUTEFORCE,psh_flag_number,1.1446294552186487e-06
10,2,BRUTEFORCE,ack_flag_number,0.005307403375718422
10,2,BRUTEFORCE,ece_flag_number,0.0
10,2,BRUTEFORCE,cwr_flag_number,0.0
10,2,BRUTEFORCE,ack_count,9.63854747624282e-05
10,2,BRUTEFORCE,syn_count,0.0002025728398962201
10,2,BRUTEFORCE,fin_count,6.859749335887954e-05
10,2,BRUTEFORCE,rst_count,0.00022707818198028918
10,2,BRUTEFORCE,HTTP,0.0
10,2,BRUTEFORCE,HTTPS,7.3750465646060805e-06
10,2,BRUTEFORCE,DNS,2.036596830415349e-10
10,2,BRUTEFORCE,Telnet,0.0
10,2,BRUTEFORCE,SMTP,0.0
10,2,BRUTEFORCE,SSH,7.265809358614206e-07
10,2,BRUTEFORCE,IRC,0.0
10,2,BRUTEFORCE,TCP,1.9939899757182022e-06
10,2,BRUTEFORCE,UDP,0.00015282069671229692
10,2,BRUTEFORCE,DHCP,0.0
10,2,BRUTEFORCE,ARP,9.481312997154657e-07
10,2,BRUTEFORCE,ICMP,5.3606098552802516e-08
10,2,BRUTEFORCE,IGMP,0.0
10,2,BRUTEFORCE,IPv,2.939863333653245e-07
10,2,BRUTEFORCE,LLC,5.166501813707366e-07
10,2,BRUTEFORCE,Tot sum,0.034699998768337535
10,2,BRUTEFORCE,Min,0.0001079210210804149
10,2,BRUTEFORCE,Max,0.0002689785471147843
10,2,BRUTEFORCE,AVG,0.0038480974839330885
10,2,BRUTEFORCE,Std,0.0013259274905067287
10,2,BRUTEFORCE,Tot size,0.002743708529305877
10,2,BRUTEFORCE,IAT,0.006719305846354473
10,2,BRUTEFORCE,Number,0.0028489140513556777
10,2,BRUTEFORCE,Variance,0.03431981299363542
10,3,BRUTEFORCE,Header_Length,3.2654959008482364e-05
10,3,BRUTEFORCE,Protocol Type,2.4371119587307534e-06
10,3,BRUTEFORCE,Time_To_Live,0.0071397666451957775
10,3,BRUTEFORCE,Rate,3.5045800176281e-05
10,3,BRUTEFORCE,fin_flag_number,8.328285457182005e-06
10,3,BRUTEFORCE,syn_flag_number,0.0014971390621212777
10,3,BRUTEFORCE,rst_flag_number,1.2266051769738162e-06
10,3,BRUTEFORCE,psh_flag_number,6.623908886949081e-06
10,3,BRUTEFORCE,ack_flag_number,0.0033009317021424067
10,3,BRUTEFORCE,ece_flag_number,0.0
10,3,BRUTEFORCE,cwr_flag_number,0.0
10,3,BRUTEFORCE,ack_count,0.00016205933849278154
10,3,BRUTEFORCE,syn_count,0.0018443337436110595
10,3,BRUTEFORCE,fin_count,0.00011796700106287971
10,3,BRUTEFORCE,rst_count,0.0002542746759786496
10,3,BRUTEFORCE,HTTP,1.1413778793212259e-07
10,3,BRUTEFORCE,HTTPS,1.9630021826033684e-06
10,3,BRUTEFORCE,DNS,5.395517524015014e-08
10,3,BRUTEFORCE,Telnet,0.0
10,3,BRUTEFORCE,SMTP,0.0
10,3,BRUTEFORCE,SSH,3.119311259069946e-07
10,3,BRUTEFORCE,IRC,0.0
10,3,BRUTEFORCE,TCP,4.725937844485273e-06
10,3,BRUTEFORCE,UDP,0.0004902704278947567
10,3,BRUTEFORCE,DHCP,0.0
10,3,BRUTEFORCE,ARP,9.691701709109261e-06
10,3,BRUTEFORCE,ICMP,2.5960075160469386e-05
10,3,BRUTEFORCE,IGMP,2.3059919840306975e-07
10,3,BRUTEFORCE,IPv,1.1486848880249302e-06
10,3,BRUTEFORCE,LLC,6.913432225780073e-06
10,3,BRUTEFORCE,Tot sum,0.04113491429088754
10,3,BRUTEFORCE,Min,0.0001551710333075107
10,3,BRUTEFORCE,Max,0.001553107897962036
10,3,BRUTEFORCE,AVG,0.02164920138893649
10,3,BRUTEFORCE,Std,0.013073555948358262
10,3,BRUTEFORCE,Tot size,0.008133629593066872
10,3,BRUTEFORCE,IAT,0.053188253135522244
10,3,BRUTEFORCE,Number,0.0026487054412427822
10,3,BRUTEFORCE,Variance,0.04575000423938036
10,4,BRUTEFORCE,Header_Length,1.4048150187129238e-05
10,4,BRUTEFORCE,Protocol Type,4.1552644605813425e-06
10,4,BRUTEFORCE,Time_To_Live,0.002773625826407544
10,4,BRUTEFORCE,Rate,4.668649861159224e-05
10,4,BRUTEFORCE,fin_flag_number,1.3069512337830574e-06
10,4,BRUTEFORCE,syn_flag_number,0.0005806484402569367
10,4,BRUTEFORCE,rst_flag_number,9.840422308116103e-08
10,4,BRUTEFORCE,psh_flag_number,9.511315766985718e-07
10,4,BRUTEFORCE,ack_flag_number,0.0027728910629321035
10,4,BRUTEFORCE,ece_flag_number,0.0
10,4,BRUTEFORCE,cwr_flag_number,0.0
10,4,BRUTEFORCE,ack_count,0.000118533497320783
10,4,BRUTEFORCE,syn_count,0.0010090651342352431
10,4,BRUTEFORCE,fin_count,1.2973853708889843e-05
10,4,BRUTEFORCE,rst_count,3.0398812668863682e-06
10,4,BRUTEFORCE,HTTP,3.6365904941818213e-07
10,4,BRUTEFORCE,HTTPS,2.2196532123389125e-06
10,4,BRUTEFORCE,DNS,3.910060513589997e-07
10,4,BRUTEFORCE,Telnet,0.0
10,4,BRUTEFORCE,SMTP,0.0
10,4,BRUTEFORCE,SSH,1.3055135696049548e-06
10,4,BRUTEFORCE,IRC,0.0
10,4,BRUTEFORCE,TCP,4.9761903252537595e-06
10,4,BRUTEFORCE,UDP,0.00032384374297294015
10,4,BRUTEFORCE,DHCP,0.0
10,4,BRUTEFORCE,ARP,9.782761480892077e-07
10,4,BRUTEFORCE,ICMP,4.0714921551556275e-07
10,4,BRUTEFORCE,IGMP,0.0
10,4,BRUTEFORCE,IPv,2.99887318533365e-08
10,4,BRUTEFORCE,LLC,6.237559318833519e-07
10,4,BRUTEFORCE,Tot sum,0.023232610354898497
10,4,BRUTEFORCE,Min,0.00018126077743545465
10,4,BRUTEFORCE,Max,0.0005791449677417404
10,4,BRUTEFORCE,AVG,0.010339077152457321
10,4,BRUTEFORCE,Std,0.003186679673672188
10,4,BRUTEFORCE,Tot size,0.005515848589129746
10,4,BRUTEFORCE,IAT,0.024289393511473634
10,4,BRUTEFORCE,Number,0.0021200972361157255
10,4,BRUTEFORCE,Variance,0.021098094455373938
10,5,BRUTEFORCE,Header_Length,1.5336652471731328e-05
10,5,BRUTEFORCE,Protocol Type,7.350209461698398e-06
10,5,BRUTEFORCE,Time_To_Live,0.0022219207694547547
10,5,BRUTEFORCE,Rate,1.4514400743514955e-05
10,5,BRUTEFORCE,fin_flag_number,1.3460473387238992e-06
10,5,BRUTEFORCE,syn_flag_number,0.00028677841380613244
10,5,BRUTEFORCE,rst_flag_number,3.695032468442605e-07
10,5,BRUTEFORCE,psh_flag_number,1.3385199024863737e-06
10,5,BRUTEFORCE,ack_flag_number,0.00187614129783924
10,5,BRUTEFORCE,ece_flag_number,0.0
10,5,BRUTEFORCE,cwr_flag_number,0.0
10,5,BRUTEFORCE,ack_count,2.940073627044626e-05
10,5,BRUTEFORCE,syn_count,0.00022589592595068098
10,5,BRUTEFORCE,fin_count,3.643495636111993e-05
10,5,BRUTEFORCE,rst_count,0.00013776255557402807
10,5,BRUTEFORCE,HTTP,3.783920678279533e-08
10,5,BRUTEFORCE,HTTPS,4.090616362928401e-06
10,5,BRUTEFORCE,DNS,5.954650880157786e-07
10,5,BRUTEFORCE,Telnet,0.0
10,5,BRUTEFORCE,SMTP,0.0
10,5,BRUTEFORCE,SSH,3.605711542675749e-06
10,5,BRUTEFORCE,IRC,0.0
10,5,BRUTEFORCE,TCP,1.4455215588682346e-06
10,5,BRUTEFORCE,UDP,8.931334200441565e-05
10,5,BRUTEFORCE,DHCP,0.0
10,5,BRUTEFORCE,ARP,1.7466384273912007e-07
10,5,BRUTEFORCE,ICMP,1.442120849808326e-05
10,5,BRUTEFORCE,IGMP,0.0
10,5,BRUTEFORCE,IPv,4.1972809219567586e-08
10,5,BRUTEFORCE,LLC,9.646911165311911e-08
10,5,BRUTEFORCE,Tot sum,0.012837243558169575
10,5,BRUTEFORCE,Min,0.00015515286079050838
10,5,BRUTEFORCE,Max,0.00031395946357406503
10,5,BRUTEFORCE,AVG,0.004054454408105812
10,5,BRUTEFORCE,Std,0.0015563376276986674
10,5,BRUTEFORCE,Tot size,0.00206047013089119
10,5,BRUTEFORCE,IAT,0.00467223553181384
10,5,BRUTEFORCE,Number,0.0007725152812326997
10,5,BRUTEFORCE,Variance,0.008537028898717835
10,1,DDOS,Header_Length,0.01632767205737764
10,1,DDOS,Protocol Type,0.001616063506116916
10,1,DDOS,Time_To_Live,0.0012236747958013438
10,1,DDOS,Rate,0.0024073698542451893
10,1,DDOS,fin_flag_number,2.476114837293153e-05
10,1,DDOS,syn_flag_number,0.015537779324222355
10,1,DDOS,rst_flag_number,1.5414454139772715e-05
10,1,DDOS,psh_flag_number,0.00015294233635358977
10,1,DDOS,ack_flag_number,0.005918793083401397
10,1,DDOS,ece_flag_number,0.0
10,1,DDOS,cwr_flag_number,0.0
10,1,DDOS,ack_count,0.009074798785150051
10,1,DDOS,syn_count,0.016082916932646185
10,1,DDOS,fin_count,0.007755827414803207
10,1,DDOS,rst_count,0.0048845983226783575
10,1,DDOS,HTTP,1.5297778406875296e-05
10,1,DDOS,HTTPS,2.508587551801611e-05
10,1,DDOS,DNS,9.75138142456089e-09
10,1,DDOS,Telnet,0.0
10,1,DDOS,SMTP,0.0
10,1,DDOS,SSH,0.0
10,1,DDOS,IRC,0.0
10,1,DDOS,TCP,0.005665664011030458
10,1,DDOS,UDP,0.008973967145720962
10,1,DDOS,DHCP,0.0
10,1,DDOS,ARP,5.338308505997702e-06
10,1,DDOS,ICMP,0.002228844385535922
10,1,DDOS,IGMP,1.0944066923799546e-07
10,1,DDOS,IPv,3.327910733474937e-06
10,1,DDOS,LLC,2.58947018210165e-06
10,1,DDOS,Tot sum,0.018937703266419702
10,1,DDOS,Min,0.0015212855643767398
10,1,DDOS,Max,0.006873193764477037
10,1,DDOS,AVG,0.01939949140069075
10,1,DDOS,Std,0.01416362603995367
10,1,DDOS,Tot size,0.016832579212496056
10,1,DDOS,IAT,0.0011705644899848266
10,1,DDOS,Number,0.00010774371658044402
10,1,DDOS,Variance,0.018061969679547474
10,2,DDOS,Header_Length,0.05212318739650072
10,2,DDOS,Protocol Type,0.001581400859686255
10,2,DDOS,Time_To_Live,0.0024942664490481548
10,2,DDOS,Rate,0.0032634337821946247
10,2,DDOS,fin_flag_number,0.0007226630405341439
10,2,DDOS,syn_flag_number,0.009912121947854758
10,2,DDOS,rst_flag_number,0.0002377288437116931
10,2,DDOS,psh_flag_number,0.0004902926769489852
10,2,DDOS,ack_flag_number,0.02277366384458901
10,2,DDOS,ece_flag_number,0.0
10,2,DDOS,cwr_flag_number,0.0
10,2,DDOS,ack_count,0.031033853611370434
10,2,DDOS,syn_count,0.019408380455570296
10,2,DDOS,fin_count,0.1995179222562001
10,2,DDOS,rst_count,0.0667764035410073
10,2,DDOS,HTTP,0.00012016576947644353
10,2,DDOS,HTTPS,0.00016524617268487418
10,2,DDOS,DNS,1.1250965163966953e-07
10,2,DDOS,Telnet,0.0
10,2,DDOS,SMTP,0.0
10,2,DDOS,SSH,0.0
10,2,DDOS,IRC,0.0
10,2,DDOS,TCP,0.025306302352692
10,2,DDOS,UDP,0.0667650043964386
10,2,DDOS,DHCP,0.0
10,2,DDOS,ARP,1.1606799699137581e-08
10,2,DDOS,ICMP,0.0011439992842682046
10,2,DDOS,IGMP,0.0
10,2,DDOS,IPv,2.1078463197099495e-08
10,2,DDOS,LLC,2.3217413280818277e-08
10,2,DDOS,Tot sum,0.05462368195876479
10,2,DDOS,Min,0.0032924529863521458
10,2,DDOS,Max,0.0032510349061340093
10,2,DDOS,AVG,0.058736008033156394
10,2,DDOS,Std,0.007659963268088177
10,2,DDOS,Tot size,0.06003378722816706
10,2,DDOS,IAT,0.009956679584502127
10,2,DDOS,Number,0.0019002563109097536
10,2,DDOS,Variance,0.023114625641028397
10,3,DDOS,Header_Length,0.01090158624574542
10,3,DDOS,Protocol Type,0.0010403741203845128
10,3,DDOS,Time_To_Live,0.0009661514191975584
10,3,DDOS,Rate,0.0005902697703277227
10,3,DDOS,fin_flag_number,0.00013744734915235312
10,3,DDOS,syn_flag_number,0.029376915795728563
10,3,DDOS,rst_flag_number,1.6085795232356757e-05
10,3,DDOS,psh_flag_number,0.0001797289110982092
10,3,DDOS,ack_flag_number,0.0075172011172981
10,3,DDOS,ece_flag_number,0.0
10,3,DDOS,cwr_flag_number,0.0
10,3,DDOS,ack_count,0.006424661260098219
10,3,DDOS,syn_count,0.04622419103980065
10,3,DDOS,fin_count,0.026559324166737498
10,3,DDOS,rst_count,0.012042159354314208
10,3,DDOS,HTTP,6.546516669914126e-05
10,3,DDOS,HTTPS,7.929861567390617e-07
10,3,DDOS,DNS,1.1165750566988209e-05
10,3,DDOS,Telnet,0.0
10,3,DDOS,SMTP,0.0
10,3,DDOS,SSH,0.0
10,3,DDOS,IRC,0.0
10,3,DDOS,TCP,0.004253009491367266
10,3,DDOS,UDP,0.02374838028335944
10,3,DDOS,DHCP,0.0
10,3,DDOS,ARP,1.1224525557462784e-06
10,3,DDOS,ICMP,0.0005551884856686229
10,3,DDOS,IGMP,0.0
10,3,DDOS,IPv,5.710933534519569e-07
10,3,DDOS,LLC,8.80586236595704e-08
10,3,DDOS,Tot sum,0.02142985131649766
10,3,DDOS,Min,0.001469941926188767
10,3,DDOS,Max,0.0036440410534851254
10,3,DDOS,AVG,0.05268458779901266
10,3,DDOS,Std,0.0150069541297853
10,3,DDOS,Tot size,0.06857044994831085
10,3,DDOS,IAT,0.0004644375425414182
10,3,DDOS,Number,0.0
10,3,DDOS,Variance,0.10024712234735489
10,4,DDOS,Header_Length,0.03792532088700682
10,4,DDOS,Protocol Type,0.0018537292715336661
10,4,DDOS,Time_To_Live,0.005028132812003605
10,4,DDOS,Rate,0.0031820761867379587
10,4,DDOS,fin_flag_number,0.00039643743429280677
10,4,DDOS,syn_flag_number,0.026096512854564935
10,4,DDOS,rst_flag_number,7.632280758116395e-05
10,4,DDOS,psh_flag_number,0.0
10,4,DDOS,ack_flag_number,0.0010538361722865375
10,4,DDOS,ece_flag_number,0.0
10,4,DDOS,cwr_flag_number,0.0
10,4,DDOS,ack_count,0.0011839001810585615
10,4,DDOS,syn_count,0.047509975149296224
10,4,DDOS,fin_count,0.08188151139938782
10,4,DDOS,rst_count,0.02456580996513367
10,4,DDOS,HTTP,1.2869680503513337e-06
10,4,DDOS,HTTPS,0.0018675247440114618
10,4,DDOS,DNS,2.0894131012028083e-06
10,4,DDOS,Telnet,0.0
10,4,DDOS,SMTP,0.0
10,4,DDOS,SSH,0.0
10,4,DDOS,IRC,0.0
10,4,DDOS,TCP,0.014768463559448719
10,4,DDOS,UDP,0.09150334503501653
10,4,DDOS,DHCP,0.0
10,4,DDOS,ARP,2.3500162205891685e-05
10,4,DDOS,ICMP,0.0013215789113019127
10,4,DDOS,IGMP,0.0
10,4,DDOS,IPv,7.106628982000984e-06
10,4,DDOS,LLC,1.1197338972124271e-05
10,4,DDOS,Tot sum,0.28428592018317433
10,4,DDOS,Min,0.004456163922441192
10,4,DDOS,Max,0.0025305938790552316
10,4,DDOS,AVG,0.013071535178460181
10,4,DDOS,Std,0.008787217622375465
10,4,DDOS,Tot size,0.03289174158126116
10,4,DDOS,IAT,0.00806439105363097
10,4,DDOS,Number,0.0010705066181799338
10,4,DDOS,Variance,0.009118897680309601
10,5,DDOS,Header_Length,0.012937594758113846
10,5,DDOS,Protocol Type,0.0009141497743257787
10,5,DDOS,Time_To_Live,0.002908305422170088
10,5,DDOS,Rate,0.0035714295226625834
10,5,DDOS,fin_flag_number,0.00032325638226211596
10,5,DDOS,syn_flag_number,0.017251715934253297
10,5,DDOS,rst_flag_number,0.00011487880381082505
10,5,DDOS,psh_flag_number,0.0002585704371227848
10,5,DDOS,ack_flag_number,0.01707122872612672
10,5,DDOS,ece_flag_number,0.0
10,5,DDOS,cwr_flag_number,0.0
10,5,DDOS,ack_count,0.016187633221852592
10,5,DDOS,syn_count,0.019364498159848153
10,5,DDOS,fin_count,0.06975444302661345
10,5,DDOS,rst_count,0.016020728765579407
10,5,DDOS,HTTP,1.2482799176538607e-07
10,5,DDOS,HTTPS,0.0013438979746524637
10,5,DDOS,DNS,2.060673955384118e-06
10,5,DDOS,Telnet,0.0
10,5,DDOS,SMTP,0.0
10,5,DDOS,SSH,0.0
10,5,DDOS,IRC,0.0
10,5,DDOS,TCP,0.005710996984271332
10,5,DDOS,UDP,0.025098121094561065
10,5,DDOS,DHCP,0.0
10,5,DDOS,ARP,1.4483537060794305e-07
10,5,DDOS,ICMP,0.0007583790364151354
10,5,DDOS,IGMP,0.0
10,5,DDOS,IPv,4.839918432697488e-07
10,5,DDOS,LLC,4.2508933653095935e-07
10,5,DDOS,Tot sum,0.11690433528274298
10,5,DDOS,Min,4.8420802613691194e-05
10,5,DDOS,Max,0.004367592473136029
10,5,DDOS,AVG,0.019877831847406924
10,5,DDOS,Std,0.010499026789329947
10,5,DDOS,Tot size,0.03727307002991438
10,5,DDOS,IAT,0.004654401399602648
10,5,DDOS,Number,0.0010492082194105024
10,5,DDOS,Variance,0.028691185358911752
10,1,DOS,Header_Length,0.007765700161689893
10,1,DOS,Protocol Type,0.0018468648424459389
10,1,DOS,Time_To_Live,0.00045422413131746
10,1,DOS,Rate,0.0023783827913575807
10,1,DOS,fin_flag_number,4.8599952788208614e-05
10,1,DOS,syn_flag_number,0.02150824833661318
10,1,DOS,rst_flag_number,2.573087017481157e-05
10,1,DOS,psh_flag_number,9.512903598078992e-05
10,1,DOS,ack_flag_number,0.004113048210274428
10,1,DOS,ece_flag_number,0.0
10,1,DOS,cwr_flag_number,0.0
10,1,DOS,ack_count,0.007795664560399018
10,1,DOS,syn_count,0.012606320367194713
10,1,DOS,fin_count,0.017566290870308875
10,1,DOS,rst_count,0.004280691480380483
10,1,DOS,HTTP,7.872667271300316e-05
10,1,DOS,HTTPS,1.9640554091893138e-05
10,1,DOS,DNS,2.257867060526976e-09
10,1,DOS,Telnet,0.0
10,1,DOS,SMTP,0.0
10,1,DOS,SSH,0.0
10,1,DOS,IRC,0.0
10,1,DOS,TCP,0.0029330070363357665
10,1,DOS,UDP,0.03308041431409947
10,1,DOS,DHCP,0.0
10,1,DOS,ARP,3.946998893944453e-06
10,1,DOS,ICMP,0.0008159385179169476
10,1,DOS,IGMP,6.802673446294587e-07
10,1,DOS,IPv,2.9643449437344316e-06
10,1,DOS,LLC,2.9260557255383903e-06
10,1,DOS,Tot sum,0.022082228132057936
10,1,DOS,Min,0.0010770035078166984
10,1,DOS,Max,0.0037636874956660906
10,1,DOS,AVG,0.01051795412786305
10,1,DOS,Std,0.008735209029237013
10,1,DOS,Tot size,0.007165085175074637
10,1,DOS,IAT,0.0012613945385965054
10,1,DOS,Number,0.0009833567299153856
10,1,DOS,Variance,0.011957158484892715
10,2,DOS,Header_Length,0.006959932144673076
10,2,DOS,Protocol Type,0.0020548530912492423
10,2,DOS,Time_To_Live,0.004350919011631049
10,2,DOS,Rate,0.0031957877799868584
10,2,DOS,fin_flag_number,6.77181802529958e-05
10,2,DOS,syn_flag_number,0.006715814425842836
10,2,DOS,rst_flag_number,0.00010386648555140709
10,2,DOS,psh_flag_number,1.8183317506796636e-07
10,2,DOS,ack_flag_number,0.02093962438120798
10,2,DOS,ece_flag_number,0.0
10,2,DOS,cwr_flag_number,0.0
10,2,DOS,ack_count,0.021854213772166987
10,2,DOS,syn_count,0.00999932448612526
10,2,DOS,fin_count,0.015035498622455633
10,2,DOS,rst_count,0.03917001462541521
10,2,DOS,HTTP,0.00195512380450964
10,2,DOS,HTTPS,0.0003211988911289154
10,2,DOS,DNS,4.771837174288862e-08
10,2,DOS,Telnet,0.0
10,2,DOS,SMTP,0.0
10,2,DOS,SSH,0.0
10,2,DOS,IRC,0.0
10,2,DOS,TCP,0.004254823255178053
10,2,DOS,UDP,0.0315936382394284
10,2,DOS,DHCP,0.0
10,2,DOS,ARP,4.422581024954297e-07
10,2,DOS,ICMP,9.904326573639822e-06
10,2,DOS,IGMP,0.0
10,2,DOS,IPv,3.424447019284571e-07
10,2,DOS,LLC,1.1832638797670825e-07
10,2,DOS,Tot sum,0.5250709371641278
10,2,DOS,Min,0.019507816806435586
10,2,DOS,Max,0.014876261563040316
10,2,DOS,AVG,0.2610694278031588
10,2,DOS,Std,0.01833001049235463
10,2,DOS,Tot size,0.09102372732013464
10,2,DOS,IAT,0.001830016326130135
10,2,DOS,Number,0.0006540248039527796
10,2,DOS,Variance,0.08174969572573901
10,3,DOS,Header_Length,0.009549315725962515
10,3,DOS,Protocol Type,0.0010346855802708887
10,3,DOS,Time_To_Live,0.004800556306508952
10,3,DOS,Rate,0.0011041255834925324
10,3,DOS,fin_flag_number,9.438643928660895e-05
10,3,DOS,syn_flag_number,0.010048404135159218
10,3,DOS,rst_flag_number,1.263797963702018e-05
10,3,DOS,psh_flag_number,0.000160929928256337
10,3,DOS,ack_flag_number,0.006818261602893472
10,3,DOS,ece_flag_number,0.0
10,3,DOS,cwr_flag_number,0.0
10,3,DOS,ack_count,0.012486420114873909
10,3,DOS,syn_count,0.01867350747343153
10,3,DOS,fin_count,0.017876570695079863
10,3,DOS,rst_count,0.00734064175048843
10,3,DOS,HTTP,9.647083061281592e-07
10,3,DOS,HTTPS,2.4875965742410243e-06
10,3,DOS,DNS,4.211145103649727e-06
10,3,DOS,Telnet,0.0
10,3,DOS,SMTP,0.0
10,3,DOS,SSH,0.0
10,3,DOS,IRC,0.0
10,3,DOS,TCP,0.004051429087121505
10,3,DOS,UDP,0.038112044474110006
10,3,DOS,DHCP,0.0
10,3,DOS,ARP,8.239994260250683e-08
10,3,DOS,ICMP,0.00064713508800196
10,3,DOS,IGMP,0.0
10,3,DOS,IPv,9.253938478941126e-08
10,3,DOS,LLC,1.335776677158229e-07
10,3,DOS,Tot sum,0.24363622264936566
10,3,DOS,Min,0.007189904239930911
10,3,DOS,Max,0.03982153041724814
10,3,DOS,AVG,0.11325267143547535
10,3,DOS,Std,0.085146334185265
10,3,DOS,Tot size,0.052108671702444556
10,3,DOS,IAT,0.0007699661955030024
10,3,DOS,Number,0.0
10,3,DOS,Variance,0.31879997756332157
10,4,DOS,Header_Length,0.006725857349192665
10,4,DOS,Protocol Type,0.001603388182411436
10,4,DOS,Time_To_Live,0.014265567274560454
10,4,DOS,Rate,0.002379332368491305
10,4,DOS,fin_flag_number,1.1792844141211845e-06
10,4,DOS,syn_flag_number,0.00716306140384404
10,4,DOS,rst_flag_number,3.404855078770197e-07
10,4,DOS,psh_flag_number,0.0
10,4,DOS,ack_flag_number,0.0024883621066692286
10,4,DOS,ece_flag_number,0.0
10,4,DOS,cwr_flag_number,0.0
10,4,DOS,ack_count,0.001594743469831883
10,4,DOS,syn_count,0.01181756221340038
10,4,DOS,fin_count,9.833924532358651e-05
10,4,DOS,rst_count,0.0009556468576192856
10,4,DOS,HTTP,3.66133881470887e-06
10,4,DOS,HTTPS,0.0009650812085965299
10,4,DOS,DNS,0.0
10,4,DOS,Telnet,0.0
10,4,DOS,SMTP,0.0
10,4,DOS,SSH,0.0
10,4,DOS,IRC,0.0
10,4,DOS,TCP,0.003633920870197471
10,4,DOS,UDP,0.02533611194230616
10,4,DOS,DHCP,0.0
10,4,DOS,ARP,0.0
10,4,DOS,ICMP,7.733389104487287e-05
10,4,DOS,IGMP,0.0
10,4,DOS,IPv,0.0
10,4,DOS,LLC,0.0
10,4,DOS,Tot sum,0.11972995446994901
10,4,DOS,Min,0.012081237859092653
10,4,DOS,Max,0.006244914475246333
10,4,DOS,AVG,0.08917084455024452
10,4,DOS,Std,0.011094562502694316
10,4,DOS,Tot size,0.03505100734182633
10,4,DOS,IAT,0.0014704044227983105
10,4,DOS,Number,0.0013651512668729992
10,4,DOS,Variance,0.026362965058433475
10,5,DOS,Header_Length,0.011760735391362687
10,5,DOS,Protocol Type,0.001050695072626695
10,5,DOS,Time_To_Live,0.0025539098016452043
10,5,DOS,Rate,0.0030609395122155546
10,5,DOS,fin_flag_number,0.00011585309403017163
10,5,DOS,syn_flag_number,0.007212914613774046
10,5,DOS,rst_flag_number,5.0959479085577183e-05
10,5,DOS,psh_flag_number,8.487781406074646e-05
10,5,DOS,ack_flag_number,0.004008582427923102
10,5,DOS,ece_flag_number,0.0
10,5,DOS,cwr_flag_number,0.0
10,5,DOS,ack_count,0.003352467117838387
10,5,DOS,syn_count,0.00702690840116702
10,5,DOS,fin_count,0.028121167968492955
10,5,DOS,rst_count,0.00393284602323547
10,5,DOS,HTTP,9.57992251113815e-06
10,5,DOS,HTTPS,0.0008304666891490343
10,5,DOS,DNS,1.571780089193453e-06
10,5,DOS,Telnet,0.0
10,5,DOS,SMTP,0.0
10,5,DOS,SSH,0.0
10,5,DOS,IRC,0.0
10,5,DOS,TCP,0.005880606770369922
10,5,DOS,UDP,0.06094384123571217
10,5,DOS,DHCP,0.0
10,5,DOS,ARP,3.4350499351631924e-07
10,5,DOS,ICMP,0.0015885160959442147
10,5,DOS,IGMP,0.0
10,5,DOS,IPv,4.989177915248888e-07
10,5,DOS,LLC,5.42007992532234e-07
10,5,DOS,Tot sum,0.25786592736840247
10,5,DOS,Min,0.017952701224567137
10,5,DOS,Max,0.011095869040582329
10,5,DOS,AVG,0.22072650603950023
10,5,DOS,Std,0.02669893349520862
10,5,DOS,Tot size,0.09518418437801301
10,5,DOS,IAT,0.004546428984031081
10,5,DOS,Number,0.0035964139220595825
10,5,DOS,Variance,0.08436428220011294
10,1,MIRAI,Header_Length,0.00013137746645952575
10,1,MIRAI,Protocol Type,0.000360309197276365
10,1,MIRAI,Time_To_Live,7.234456679725554e-05
10,1,MIRAI,Rate,0.0002774489843432093
10,1,MIRAI,fin_flag_number,3.4256945468769116e-06
10,1,MIRAI,syn_flag_number,0.0076512461993843315
10,1,MIRAI,rst_flag_number,1.0192023728450294e-05
10,1,MIRAI,psh_flag_number,3.938078923804156e-06
10,1,MIRAI,ack_flag_number,0.0024180567706935108
10,1,MIRAI,ece_flag_number,0.0
10,1,MIRAI,cwr_flag_number,0.0
10,1,MIRAI,ack_count,0.002970082586398348
10,1,MIRAI,syn_count,0.008894171146675945
10,1,MIRAI,fin_count,0.002419612102676183
10,1,MIRAI,rst_count,0.0011681873409543186
10,1,MIRAI,HTTP,7.667315048820456e-06
10,1,MIRAI,HTTPS,2.632592372719955e-06
10,1,MIRAI,DNS,2.03770766837863e-07
10,1,MIRAI,Telnet,0.0
10,1,MIRAI,SMTP,0.0
10,1,MIRAI,SSH,0.0
10,1,MIRAI,IRC,0.0
10,1,MIRAI,TCP,3.897128353855805e-05
10,1,MIRAI,UDP,0.004171048696298385
10,1,MIRAI,DHCP,0.0
10,1,MIRAI,ARP,7.665998325023793e-07
10,1,MIRAI,ICMP,8.66040943947155e-05
10,1,MIRAI,IGMP,1.715332388130264e-07
10,1,MIRAI,IPv,5.019958479124398e-07
10,1,MIRAI,LLC,7.230196018781498e-07
10,1,MIRAI,Tot sum,1.0224115133285523
10,1,MIRAI,Min,0.025707087534829042
10,1,MIRAI,Max,0.022382218576967716
10,1,MIRAI,AVG,0.8173146486282349
10,1,MIRAI,Std,0.055251101637259124
10,1,MIRAI,Tot size,0.7102728515863419
10,1,MIRAI,IAT,8.519846760464133e-05
10,1,MIRAI,Number,0.0002881379637983628
10,1,MIRAI,Variance,0.10378629108890891
10,2,MIRAI,Header_Length,5.205033921811264e-05
10,2,MIRAI,Protocol Type,0.00019761761359404773
10,2,MIRAI,Time_To_Live,0.000187011900197831
10,2,MIRAI,Rate,7.311420849873685e-05
10,2,MIRAI,fin_flag_number,2.3613155235580052e-06
10,2,MIRAI,syn_flag_number,0.005224871216341853
10,2,MIRAI,rst_flag_number,1.430097017873777e-05
10,2,MIRAI,psh_flag_number,2.788488469462891e-07
10,2,MIRAI,ack_flag_number,7.4073383166251e-05
10,2,MIRAI,ece_flag_number,0.0
10,2,MIRAI,cwr_flag_number,0.0
10,2,MIRAI,ack_count,0.0001336941604677122
10,2,MIRAI,syn_count,0.005829455191269517
10,2,MIRAI,fin_count,0.00103485781874042
10,2,MIRAI,rst_count,0.0011449689394794405
10,2,MIRAI,HTTP,0.0
10,2,MIRAI,HTTPS,4.502650460835866e-06
10,2,MIRAI,DNS,9.424121127921125e-09
10,2,MIRAI,Telnet,0.0
10,2,MIRAI,SMTP,0.0
10,2,MIRAI,SSH,0.0
10,2,MIRAI,IRC,0.0
10,2,MIRAI,TCP,9.254883264020463e-06
10,2,MIRAI,UDP,0.014309163275174796
10,2,MIRAI,DHCP,0.0
10,2,MIRAI,ARP,3.4347962998282353e-07
10,2,MIRAI,ICMP,3.242128812530609e-07
10,2,MIRAI,IGMP,1.6111520153572201e-07
10,2,MIRAI,IPv,2.6997420210506107e-07
10,2,MIRAI,LLC,1.6314454622801123e-07
10,2,MIRAI,Tot sum,0.9069545030593872
10,2,MIRAI,Min,0.049700158403720704
10,2,MIRAI,Max,0.0196296701207757
10,2,MIRAI,AVG,0.6884019494056701
10,2,MIRAI,Std,0.036898370971903204
10,2,MIRAI,Tot size,0.4279254287481308
10,2,MIRAI,IAT,7.108694990165532e-05
10,2,MIRAI,Number,0.00020665145821112673
10,2,MIRAI,Variance,0.17781246555969119
10,3,MIRAI,Header_Length,8.686659220984439e-05
10,3,MIRAI,Protocol Type,0.00024296975170727818
10,3,MIRAI,Time_To_Live,0.00025482395503786395
10,3,MIRAI,Rate,9.293934745073784e-05
10,3,MIRAI,fin_flag_number,4.98486610922555e-06
10,3,MIRAI,syn_flag_number,0.01529008848592639
10,3,MIRAI,rst_flag_number,1.1211213904971374e-05
10,3,MIRAI,psh_flag_number,2.1945401613265856e-06
10,3,MIRAI,ack_flag_number,0.0014160393497149927
10,3,MIRAI,ece_flag_number,0.0
10,3,MIRAI,cwr_flag_number,0.0
10,3,MIRAI,ack_count,0.00224280406255275
10,3,MIRAI,syn_count,0.018293530214577913
10,3,MIRAI,fin_count,0.0019949115987401454
10,3,MIRAI,rst_count,0.0009678785281721503
10,3,MIRAI,HTTP,0.0
10,3,MIRAI,HTTPS,5.658174586642417e-08
10,3,MIRAI,DNS,5.8318746751911954e-08
10,3,MIRAI,Telnet,0.0
10,3,MIRAI,SMTP,0.0
10,3,MIRAI,SSH,0.0
10,3,MIRAI,IRC,0.0
10,3,MIRAI,TCP,9.290723005506151e-06
10,3,MIRAI,UDP,0.02501125509152189
10,3,MIRAI,DHCP,0.0
10,3,MIRAI,ARP,3.303577681190717e-07
10,3,MIRAI,ICMP,9.688763902886422e-05
10,3,MIRAI,IGMP,0.0
10,3,MIRAI,IPv,1.094387880401504e-07
10,3,MIRAI,LLC,2.3341067652005164e-07
10,3,MIRAI,Tot sum,0.710082870721817
10,3,MIRAI,Min,0.054708901306730694
10,3,MIRAI,Max,0.0267019959166646
10,3,MIRAI,AVG,0.9260928332805634
10,3,MIRAI,Std,0.06409435458481312
10,3,MIRAI,Tot size,0.6652130603790283
10,3,MIRAI,IAT,7.149544544517993e-05
10,3,MIRAI,Number,0.0
10,3,MIRAI,Variance,0.18072901703417302
10,4,MIRAI,Header_Length,4.761957679875195e-05
10,4,MIRAI,Protocol Type,0.0002338333575607976
10,4,MIRAI,Time_To_Live,0.0001972817546402439
10,4,MIRAI,Rate,8.114982265396974e-05
10,4,MIRAI,fin_flag_number,2.52388701937889e-08
10,4,MIRAI,syn_flag_number,0.00716735515743494
10,4,MIRAI,rst_flag_number,0.0
10,4,MIRAI,psh_flag_number,1.2160836888597258e-07
10,4,MIRAI,ack_flag_number,5.419991166490945e-05
10,4,MIRAI,ece_flag_number,0.0
10,4,MIRAI,cwr_flag_number,0.0
10,4,MIRAI,ack_count,7.574726041639223e-05
10,4,MIRAI,syn_count,0.008933078544214369
10,4,MIRAI,fin_count,9.476723312218382e-06
10,4,MIRAI,rst_count,0.0
10,4,MIRAI,HTTP,1.7388837818543835e-07
10,4,MIRAI,HTTPS,1.5115083351702197e-05
10,4,MIRAI,DNS,2.0276054613077577e-08
10,4,MIRAI,Telnet,0.0
10,4,MIRAI,SMTP,0.0
10,4,MIRAI,SSH,0.0
10,4,MIRAI,IRC,0.0
10,4,MIRAI,TCP,1.5784217407599498e-05
10,4,MIRAI,UDP,0.025287115853279828
10,4,MIRAI,DHCP,1.1966719171141449e-08
10,4,MIRAI,ARP,1.0680743116608937e-07
10,4,MIRAI,ICMP,7.668971385044187e-07
10,4,MIRAI,IGMP,2.410814886388835e-07
10,4,MIRAI,IPv,9.747058129505604e-08
10,4,MIRAI,LLC,1.9331379519371693e-08
10,4,MIRAI,Tot sum,1.164747154712677
10,4,MIRAI,Min,0.06077973864739761
10,4,MIRAI,Max,0.02788216434419155
10,4,MIRAI,AVG,0.8881609320640564
10,4,MIRAI,Std,0.03522335195448249
10,4,MIRAI,Tot size,0.43884477615356443
10,4,MIRAI,IAT,5.961645406387106e-05
10,4,MIRAI,Number,0.0004253904800862074
10,4,MIRAI,Variance,0.19310077959671618
10,5,MIRAI,Header_Length,4.016547727587749e-05
10,5,MIRAI,Protocol Type,0.00019355823933437933
10,5,MIRAI,Time_To_Live,0.0006811120721977205
10,5,MIRAI,Rate,6.852195365354418e-05
10,5,MIRAI,fin_flag_number,3.4805513109859023e-06
10,5,MIRAI,syn_flag_number,0.005513092316687107
10,5,MIRAI,rst_flag_number,8.532611218470265e-06
10,5,MIRAI,psh_flag_number,1.127943627921013e-06
10,5,MIRAI,ack_flag_number,0.0006475549540482462
10,5,MIRAI,ece_flag_number,0.0
10,5,MIRAI,cwr_flag_number,0.0
10,5,MIRAI,ack_count,0.0009503341407253174
10,5,MIRAI,syn_count,0.0066462352871894835
10,5,MIRAI,fin_count,0.0012845885823480785
10,5,MIRAI,rst_count,0.0006046216614777223
10,5,MIRAI,HTTP,2.437060198492991e-07
10,5,MIRAI,HTTPS,7.570054685857031e-06
10,5,MIRAI,DNS,7.38458306059897e-08
10,5,MIRAI,Telnet,0.0
10,5,MIRAI,SMTP,0.0
10,5,MIRAI,SSH,0.0
10,5,MIRAI,IRC,0.0
10,5,MIRAI,TCP,5.376910339194296e-06
10,5,MIRAI,UDP,0.009229006431996822
10,5,MIRAI,DHCP,0.0
10,5,MIRAI,ARP,3.9055229699158646e-07
10,5,MIRAI,ICMP,3.879991072608391e-05
10,5,MIRAI,IGMP,0.0
10,5,MIRAI,IPv,3.7448861718303305e-07
10,5,MIRAI,LLC,2.7797420614206204e-07
10,5,MIRAI,Tot sum,0.6275519322603941
10,5,MIRAI,Min,0.03717421998589998
10,5,MIRAI,Max,0.015727353002876043
10,5,MIRAI,AVG,0.5660381406545639
10,5,MIRAI,Std,0.03355420492589474
10,5,MIRAI,Tot size,0.3950905233621597
10,5,MIRAI,IAT,0.002542075200472027
10,5,MIRAI,Number,0.001328713959082961
10,5,MIRAI,Variance,0.10060860123485327
10,1,RECON,Header_Length,0.00014524641447906107
10,1,RECON,Protocol Type,6.762853121244916e-05
10,1,RECON,Time_To_Live,0.023510763511876576
10,1,RECON,Rate,0.0005732383689974086
10,1,RECON,fin_flag_number,2.160748791766309e-05
10,1,RECON,syn_flag_number,0.012595239045913332
10,1,RECON,rst_flag_number,7.082757813350326e-05
10,1,RECON,psh_flag_number,2.7445054854524642e-05
10,1,RECON,ack_flag_number,0.041118046967312694
10,1,RECON,ece_flag_number,0.0
10,1,RECON,cwr_flag_number,0.0
10,1,RECON,ack_count,0.0018410711556498427
10,1,RECON,syn_count,0.005106935332878493
10,1,RECON,fin_count,0.0018771871385979467
10,1,RECON,rst_count,0.001395433893230802
10,1,RECON,HTTP,1.1374075361914037e-05
10,1,RECON,HTTPS,2.0023148512393617e-05
10,1,RECON,DNS,1.9622037997635287e-05
10,1,RECON,Telnet,0.0
10,1,RECON,SMTP,0.0
10,1,RECON,SSH,0.0
10,1,RECON,IRC,0.0
10,1,RECON,TCP,5.07176109010743e-05
10,1,RECON,UDP,0.0024547819961298956
10,1,RECON,DHCP,0.0
10,1,RECON,ARP,2.251706028459921e-05
10,1,RECON,ICMP,8.615988454039326e-05
10,1,RECON,IGMP,2.1362004680725023e-07
10,1,RECON,IPv,4.2443695638993976e-06
10,1,RECON,LLC,1.447255630608879e-05
10,1,RECON,Tot sum,0.1559960523620248
10,1,RECON,Min,0.0004492339526223077
10,1,RECON,Max,0.008730138483224436
10,1,RECON,AVG,0.07635551462881267
10,1,RECON,Std,0.08434581245528534
10,1,RECON,Tot size,0.04819387376774102
10,1,RECON,IAT,0.08808803776046262
10,1,RECON,Number,0.013354776927735656
10,1,RECON,Variance,0.16438778073061258
10,2,RECON,Header_Length,0.00012843319251487628
10,2,RECON,Protocol Type,0.00011432989683726191
10,2,RECON,Time_To_Live,0.0016843562947542524
10,2,RECON,Rate,0.00011062322223551747
10,2,RECON,fin_flag_number,1.4561474376506568e-06
10,2,RECON,syn_flag_number,0.021103827824117617
10,2,RECON,rst_flag_number,8.738726174932765e-05
10,2,RECON,psh_flag_number,1.4176466996984605e-05
10,2,RECON,ack_flag_number,0.038444997525948564
10,2,RECON,ece_flag_number,0.0
10,2,RECON,cwr_flag_number,0.0
10,2,RECON,ack_count,0.002504505884280661
10,2,RECON,syn_count,0.006945614228607155
10,2,RECON,fin_count,0.0007575303670819267
10,2,RECON,rst_count,0.000738806942354131
10,2,RECON,HTTP,5.304399019223638e-06
10,2,RECON,HTTPS,3.5301905256801547e-06
10,2,RECON,DNS,3.087292958836585e-07
10,2,RECON,Telnet,0.0
10,2,RECON,SMTP,0.0
10,2,RECON,SSH,0.0
10,2,RECON,IRC,0.0
10,2,RECON,TCP,2.3422796144956236e-05
10,2,RECON,UDP,0.0025413374263735023
10,2,RECON,DHCP,0.0
10,2,RECON,ARP,4.21452989749993e-05
10,2,RECON,ICMP,2.9357933291507267e-06
10,2,RECON,IGMP,0.0
10,2,RECON,IPv,3.524016200828761e-06
10,2,RECON,LLC,1.778160567162679e-05
10,2,RECON,Tot sum,0.3853486932232045
10,2,RECON,Min,0.0004826108219276648
10,2,RECON,Max,0.0022749694020603784
10,2,RECON,AVG,0.10147872976958752
10,2,RECON,Std,0.017298649938311428
10,2,RECON,Tot size,0.11997056230902672
10,2,RECON,IAT,0.027143352595157922
10,2,RECON,Number,0.020321171963587403
10,2,RECON,Variance,0.17629103567451238
10,3,RECON,Header_Length,0.000136549679918474
10,3,RECON,Protocol Type,2.4426098779528617e-05
10,3,RECON,Time_To_Live,0.014233994923591809
10,3,RECON,Rate,9.017002223856707e-05
10,3,RECON,fin_flag_number,4.687522358581831e-06
10,3,RECON,syn_flag_number,0.020596656013640312
10,3,RECON,rst_flag_number,2.083414436544473e-05
10,3,RECON,psh_flag_number,4.489283119282206e-05
10,3,RECON,ack_flag_number,0.030958689886756475
10,3,RECON,ece_flag_number,0.0
10,3,RECON,cwr_flag_number,0.0
10,3,RECON,ack_count,0.0006744294906184222
10,3,RECON,syn_count,0.007061432571254045
10,3,RECON,fin_count,0.0004830208498447064
10,3,RECON,rst_count,0.00039001700325798084
10,3,RECON,HTTP,2.8690570502476475e-06
10,3,RECON,HTTPS,2.8231175981652256e-05
10,3,RECON,DNS,1.7285091694896337e-05
10,3,RECON,Telnet,0.0
10,3,RECON,SMTP,0.0
10,3,RECON,SSH,0.0
10,3,RECON,IRC,0.0
10,3,RECON,TCP,1.7751930733900246e-05
10,3,RECON,UDP,0.0010183952230136128
10,3,RECON,DHCP,0.0
10,3,RECON,ARP,2.275056213382244e-05
10,3,RECON,ICMP,2.1477822197280004e-05
10,3,RECON,IGMP,4.90426782562281e-07
10,3,RECON,IPv,3.140345657979887e-06
10,3,RECON,LLC,1.0014689714824476e-05
10,3,RECON,Tot sum,0.14764448036439717
10,3,RECON,Min,0.00030705591459394553
10,3,RECON,Max,0.0016300913097438753
10,3,RECON,AVG,0.0371857482357882
10,3,RECON,Std,0.011917601218738128
10,3,RECON,Tot size,0.032559884423972105
10,3,RECON,IAT,0.04400012936403073
10,3,RECON,Number,0.01789669430399954
10,3,RECON,Variance,0.03715202607563697
10,4,RECON,Header_Length,6.708351886111074e-05
10,4,RECON,Protocol Type,5.474831288694304e-05
10,4,RECON,Time_To_Live,0.03885360642705109
10,4,RECON,Rate,3.018435427861732e-05
10,4,RECON,fin_flag_number,1.8285879951376567e-06
10,4,RECON,syn_flag_number,0.032070814822191096
10,4,RECON,rst_flag_number,8.157826523529366e-05
10,4,RECON,psh_flag_number,5.023434511741698e-06
10,4,RECON,ack_flag_number,0.02879839008332965
10,4,RECON,ece_flag_number,0.0
10,4,RECON,cwr_flag_number,0.0
10,4,RECON,ack_count,0.0014292473660361793
10,4,RECON,syn_count,0.007746472869359877
10,4,RECON,fin_count,1.978374576555586e-05
10,4,RECON,rst_count,0.00022008774685673417
10,4,RECON,HTTP,7.485810829322391e-06
10,4,RECON,HTTPS,1.6119238845035966e-05
10,4,RECON,DNS,6.191581269376911e-06
10,4,RECON,Telnet,0.0
10,4,RECON,SMTP,0.0
10,4,RECON,SSH,0.0
10,4,RECON,IRC,0.0
10,4,RECON,TCP,1.7800299226955475e-05
10,4,RECON,UDP,0.0013889740849208465
10,4,RECON,DHCP,0.0
10,4,RECON,ARP,6.459436008299235e-06
10,4,RECON,ICMP,1.7492048185130394e-06
10,4,RECON,IGMP,0.0
10,4,RECON,IPv,4.683249017034541e-07
10,4,RECON,LLC,4.19638763560215e-06
10,4,RECON,Tot sum,0.13501296895556153
10,4,RECON,Min,0.00015856551681068254
10,4,RECON,Max,0.0004370677345605145
10,4,RECON,AVG,0.01676655078190379
10,4,RECON,Std,0.004363847963395529
10,4,RECON,Tot size,0.01926425012788968
10,4,RECON,IAT,0.008257673771873896
10,4,RECON,Number,0.010753257696705987
10,4,RECON,Variance,0.05331294154748321
10,5,RECON,Header_Length,0.0002179224516510203
10,5,RECON,Protocol Type,5.8442946985337586e-05
10,5,RECON,Time_To_Live,0.011306426231749355
10,5,RECON,Rate,0.0002386034356732125
10,5,RECON,fin_flag_number,6.854597964434106e-06
10,5,RECON,syn_flag_number,0.030251572039560415
10,5,RECON,rst_flag_number,3.398776395151515e-05
10,5,RECON,psh_flag_number,1.1525934183964637e-05
10,5,RECON,ack_flag_number,0.02413897857768461
10,5,RECON,ece_flag_number,0.0
10,5,RECON,cwr_flag_number,0.0
10,5,RECON,ack_count,0.0011115388355392498
10,5,RECON,syn_count,0.007101018352841493
10,5,RECON,fin_count,0.0005819202141537971
10,5,RECON,rst_count,0.000715986469094787
10,5,RECON,HTTP,1.402893196553734e-05
10,5,RECON,HTTPS,9.070178040460063e-06
10,5,RECON,DNS,9.259221758384229e-06
10,5,RECON,Telnet,0.0
10,5,RECON,SMTP,0.0
10,5,RECON,SSH,0.0
10,5,RECON,IRC,0.0
10,5,RECON,TCP,1.0626225873977546e-05
10,5,RECON,UDP,0.0019467940908725722
10,5,RECON,DHCP,0.0
10,5,RECON,ARP,2.2983118218178333e-05
10,5,RECON,ICMP,6.185750288523195e-05
10,5,RECON,IGMP,0.0
10,5,RECON,IPv,8.228600997850499e-06
10,5,RECON,LLC,8.873479464277523e-06
10,5,RECON,Tot sum,0.3069948317483068
10,5,RECON,Min,0.0006742525947629474
10,5,RECON,Max,0.0020269599357561675
10,5,RECON,AVG,0.09447534121572972
10,5,RECON,Std,0.01726448896806687
10,5,RECON,Tot size,0.11725912243127823
10,5,RECON,IAT,0.045582746679428965
10,5,RECON,Number,0.014886416221270338
10,5,RECON,Variance,0.12602722025476396
10,1,SPOOFING,Header_Length,7.442188163642171e-06
10,1,SPOOFING,Protocol Type,6.799982783078918e-07
10,1,SPOOFING,Time_To_Live,1.7138278801809294e-05
10,1,SPOOFING,Rate,1.0005351316610955e-05
10,1,SPOOFING,fin_flag_number,3.7478450322092626e-07
10,1,SPOOFING,syn_flag_number,6.820181831130867e-05
10,1,SPOOFING,rst_flag_number,5.4899762347293546e-08
10,1,SPOOFING,psh_flag_number,9.647211710595016e-08
10,1,SPOOFING,ack_flag_number,0.00031858355479812416
10,1,SPOOFING,ece_flag_number,0.0
10,1,SPOOFING,cwr_flag_number,0.0
10,1,SPOOFING,ack_count,5.070842291132749e-06
10,1,SPOOFING,syn_count,3.185071137039586e-05
10,1,SPOOFING,fin_count,5.93933515276035e-06
10,1,SPOOFING,rst_count,1.6500798687957284e-05
10,1,SPOOFING,HTTP,1.5058070365267517e-07
10,1,SPOOFING,HTTPS,3.584163626640935e-07
10,1,SPOOFING,DNS,1.007820825318223e-09
10,1,SPOOFING,Telnet,0.0
10,1,SPOOFING,SMTP,0.0
10,1,SPOOFING,SSH,0.0
10,1,SPOOFING,IRC,0.0
10,1,SPOOFING,TCP,9.32442315304538e-07
10,1,SPOOFING,UDP,9.37583280773424e-06
10,1,SPOOFING,DHCP,0.0
10,1,SPOOFING,ARP,8.731445193116416e-08
10,1,SPOOFING,ICMP,5.104808662004246e-07
10,1,SPOOFING,IGMP,6.93291350543912e-10
10,1,SPOOFING,IPv,1.1232602821140137e-08
10,1,SPOOFING,LLC,3.3169300431290516e-08
10,1,SPOOFING,Tot sum,0.0012006393793853932
10,1,SPOOFING,Min,1.0370926702130134e-05
10,1,SPOOFING,Max,4.0534303752792764e-05
10,1,SPOOFING,AVG,0.001386258339334745
10,1,SPOOFING,Std,0.00023989997644093818
10,1,SPOOFING,Tot size,0.0013995999288454186
10,1,SPOOFING,IAT,0.00021957925886226804
10,1,SPOOFING,Number,0.00022197851835130676
10,1,SPOOFING,Variance,0.0027731000094718184
10,2,SPOOFING,Header_Length,0.00011776781232128997
10,2,SPOOFING,Protocol Type,5.680460820371991e-05
10,2,SPOOFING,Time_To_Live,0.00261715674532752
10,2,SPOOFING,Rate,5.50377621948428e-05
10,2,SPOOFING,fin_flag_number,3.59984958890891e-06
10,2,SPOOFING,syn_flag_number,0.010095797502435744
10,2,SPOOFING,rst_flag_number,1.1968460216849053e-05
10,2,SPOOFING,psh_flag_number,3.5199009819564256e-05
10,2,SPOOFING,ack_flag_number,0.016437573729490396
10,2,SPOOFING,ece_flag_number,3.0831037292955442e-06
10,2,SPOOFING,cwr_flag_number,4.495448592933826e-06
10,2,SPOOFING,ack_count,0.0010846289101664297
10,2,SPOOFING,syn_count,0.0027753055532230065
10,2,SPOOFING,fin_count,0.00037452783708431526
10,2,SPOOFING,rst_count,0.0003623018794314703
10,2,SPOOFING,HTTP,0.0
10,2,SPOOFING,HTTPS,1.459112061468204e-05
10,2,SPOOFING,DNS,8.591417655198948e-06
10,2,SPOOFING,Telnet,0.0
10,2,SPOOFING,SMTP,0.0
10,2,SPOOFING,SSH,0.0
10,2,SPOOFING,IRC,0.0
10,2,SPOOFING,TCP,2.552432106881497e-05
10,2,SPOOFING,UDP,0.0021429066506243543
10,2,SPOOFING,DHCP,0.0
10,2,SPOOFING,ARP,5.973131604142257e-06
10,2,SPOOFING,ICMP,1.008963552830977e-05
10,2,SPOOFING,IGMP,0.0
10,2,SPOOFING,IPv,3.334998679305201e-06
10,2,SPOOFING,LLC,1.5070489396418196e-06
10,2,SPOOFING,Tot sum,0.2222594516351819
10,2,SPOOFING,Min,0.0018730668060015887
10,2,SPOOFING,Max,0.013021624088287354
10,2,SPOOFING,AVG,0.24337807756382973
10,2,SPOOFING,Std,0.11639557778835297
10,2,SPOOFING,Tot size,0.29380853280890734
10,2,SPOOFING,IAT,0.04398097118537407
10,2,SPOOFING,Number,0.01477449040976353
10,2,SPOOFING,Variance,0.7092195938574151
10,3,SPOOFING,Header_Length,3.5060432583122744e-05
10,3,SPOOFING,Protocol Type,4.104529182313854e-05
10,3,SPOOFING,Time_To_Live,0.01533535725902766
10,3,SPOOFING,Rate,0.0002370621314867094
10,3,SPOOFING,fin_flag_number,1.7511745966203307e-05
10,3,SPOOFING,syn_flag_number,0.011688341054832563
10,3,SPOOFING,rst_flag_number,5.753314758294436e-06
10,3,SPOOFING,psh_flag_number,1.3698857401323039e-05
10,3,SPOOFING,ack_flag_number,0.004338107694638893
10,3,SPOOFING,ece_flag_number,0.0
10,3,SPOOFING,cwr_flag_number,0.0
10,3,SPOOFING,ack_count,0.0013578647224676387
10,3,SPOOFING,syn_count,0.006162278162082657
10,3,SPOOFING,fin_count,0.0014732102710695472
10,3,SPOOFING,rst_count,0.0014594493281038013
10,3,SPOOFING,HTTP,9.535854132991517e-07
10,3,SPOOFING,HTTPS,7.56641095449595e-06
10,3,SPOOFING,DNS,1.1648982996215197e-06
10,3,SPOOFING,Telnet,0.0
10,3,SPOOFING,SMTP,0.0
10,3,SPOOFING,SSH,0.0
10,3,SPOOFING,IRC,0.0
10,3,SPOOFING,TCP,1.301563372351211e-05
10,3,SPOOFING,UDP,0.0032177573622902854
10,3,SPOOFING,DHCP,0.0
10,3,SPOOFING,ARP,7.127933079089863e-06
10,3,SPOOFING,ICMP,5.268597205372316e-05
10,3,SPOOFING,IGMP,0.0
10,3,SPOOFING,IPv,1.309373050584206e-06
10,3,SPOOFING,LLC,1.957158215203092e-06
10,3,SPOOFING,Tot sum,0.11817276496440172
10,3,SPOOFING,Min,0.0027362426393665374
10,3,SPOOFING,Max,0.003800527995917946
10,3,SPOOFING,AVG,0.10048962309956551
10,3,SPOOFING,Std,0.018217011112574254
10,3,SPOOFING,Tot size,0.17478289753198623
10,3,SPOOFING,IAT,0.011191059175962437
10,3,SPOOFING,Number,0.01048478909797268
10,3,SPOOFING,Variance,0.15636631541419774
10,4,SPOOFING,Header_Length,7.107995157866754e-05
10,4,SPOOFING,Protocol Type,5.155694910854436e-05
10,4,SPOOFING,Time_To_Live,0.035379250219557436
10,4,SPOOFING,Rate,0.0005890410648135003
10,4,SPOOFING,fin_flag_number,1.5478515879019384e-07
10,4,SPOOFING,syn_flag_number,0.009367655118694529
10,4,SPOOFING,rst_flag_number,9.974286513170227e-07
10,4,SPOOFING,psh_flag_number,2.3674248814131717e-05
10,4,SPOOFING,ack_flag_number,0.0059872245765291154
10,4,SPOOFING,ece_flag_number,0.0
10,4,SPOOFING,cwr_flag_number,0.0
10,4,SPOOFING,ack_count,0.0002519869763546012
10,4,SPOOFING,syn_count,0.009698607091559097
10,4,SPOOFING,fin_count,7.550826808255806e-06
10,4,SPOOFING,rst_count,6.907055649207905e-06
10,4,SPOOFING,HTTP,9.297367458943606e-06
10,4,SPOOFING,HTTPS,2.1449732422240686e-05
10,4,SPOOFING,DNS,2.479198526827986e-06
10,4,SPOOFING,Telnet,0.0
10,4,SPOOFING,SMTP,0.0
10,4,SPOOFING,SSH,0.0
10,4,SPOOFING,IRC,0.0
10,4,SPOOFING,TCP,5.804774529281076e-05
10,4,SPOOFING,UDP,0.0029309877078048884
10,4,SPOOFING,DHCP,0.0
10,4,SPOOFING,ARP,1.4346351235872135e-06
10,4,SPOOFING,ICMP,2.2215457704533037e-06
10,4,SPOOFING,IGMP,0.0
10,4,SPOOFING,IPv,3.6594709854398388e-06
10,4,SPOOFING,LLC,1.5188790257525397e-06
10,4,SPOOFING,Tot sum,0.20083343139849602
10,4,SPOOFING,Min,0.009586628209035553
10,4,SPOOFING,Max,0.007735746318940073
10,4,SPOOFING,AVG,0.18195824474096298
10,4,SPOOFING,Std,0.04081912131223362
10,4,SPOOFING,Tot size,0.16740816459059715
10,4,SPOOFING,IAT,0.05736079481866909
10,4,SPOOFING,Number,0.02483601733110845
10,4,SPOOFING,Variance,0.11913141527475091
10,5,SPOOFING,Header_Length,0.00022791638248236267
10,5,SPOOFING,Protocol Type,2.3278194521481056e-05
10,5,SPOOFING,Time_To_Live,0.0027639138817903584
10,5,SPOOFING,Rate,0.0003449688200362289
10,5,SPOOFING,fin_flag_number,5.745744562801747e-06
10,5,SPOOFING,syn_flag_number,0.0063564490032149475
10,5,SPOOFING,rst_flag_number,7.348830138198537e-06
10,5,SPOOFING,psh_flag_number,8.678009214690973e-06
10,5,SPOOFING,ack_flag_number,0.016556913426029496
10,5,SPOOFING,ece_flag_number,0.0
10,5,SPOOFING,cwr_flag_number,0.0
10,5,SPOOFING,ack_count,0.0018074518489811452
10,5,SPOOFING,syn_count,0.003016654406383168
10,5,SPOOFING,fin_count,0.0004346843628809438
10,5,SPOOFING,rst_count,0.00046408436755882574
10,5,SPOOFING,HTTP,3.4187076149549965e-06
10,5,SPOOFING,HTTPS,7.641691742321654e-06
10,5,SPOOFING,DNS,8.292949495114499e-07
10,5,SPOOFING,Telnet,0.0
10,5,SPOOFING,SMTP,0.0
10,5,SPOOFING,SSH,0.0
10,5,SPOOFING,IRC,0.0
10,5,SPOOFING,TCP,4.6081351786142474e-05
10,5,SPOOFING,UDP,0.0005471305983519414
10,5,SPOOFING,DHCP,0.0
10,5,SPOOFING,ARP,9.552958736946949e-07
10,5,SPOOFING,ICMP,6.267203777952091e-05
10,5,SPOOFING,IGMP,0.0
10,5,SPOOFING,IPv,4.320657279066609e-07
10,5,SPOOFING,LLC,2.134605876669138e-07
10,5,SPOOFING,Tot sum,0.09499320294708014
10,5,SPOOFING,Min,0.0009295908344938653
10,5,SPOOFING,Max,0.002975063759367913
10,5,SPOOFING,AVG,0.08159443018957972
10,5,SPOOFING,Std,0.022556775016710162
10,5,SPOOFING,Tot size,0.040299633890390395
10,5,SPOOFING,IAT,0.016344425085662806
10,5,SPOOFING,Number,0.019321900961222126
10,5,SPOOFING,Variance,0.074386275280267
10,1,WEB,Header_Length,9.933123529037857e-06
10,1,WEB,Protocol Type,1.1990160982711106e-05
10,1,WEB,Time_To_Live,0.0008042447523962437
10,1,WEB,Rate,6.891071821035766e-06
10,1,WEB,fin_flag_number,1.0585122410922132e-06
10,1,WEB,syn_flag_number,0.0003256363288599573
10,1,WEB,rst_flag_number,3.54299446400641e-07
10,1,WEB,psh_flag_number,2.23451353222881e-06
10,1,WEB,ack_flag_number,0.0004437065348270153
10,1,WEB,ece_flag_number,0.0
10,1,WEB,cwr_flag_number,0.0
10,1,WEB,ack_count,0.00013829597844825515
10,1,WEB,syn_count,0.00019027930559119
10,1,WEB,fin_count,0.00012340955770895334
10,1,WEB,rst_count,7.389980204131064e-05
10,1,WEB,HTTP,8.016461221171944e-07
10,1,WEB,HTTPS,7.324184888038432e-07
10,1,WEB,DNS,2.54612251353141e-07
10,1,WEB,Telnet,0.0
10,1,WEB,SMTP,0.0
10,1,WEB,SSH,0.0
10,1,WEB,IRC,0.0
10,1,WEB,TCP,4.147891102812551e-06
10,1,WEB,UDP,0.0006917903300758255
10,1,WEB,DHCP,0.0
10,1,WEB,ARP,2.013142613794226e-06
10,1,WEB,ICMP,1.0666940627224174e-05
10,1,WEB,IGMP,6.34858995530313e-09
10,1,WEB,IPv,1.6440584480865995e-06
10,1,WEB,LLC,5.20628924967001e-07
10,1,WEB,Tot sum,0.03739163005005537
10,1,WEB,Min,0.007451783424289715
10,1,WEB,Max,0.0008651707350281867
10,1,WEB,AVG,0.018816619049175642
10,1,WEB,Std,0.0024596842529717835
10,1,WEB,Tot size,0.030647068690450398
10,1,WEB,IAT,0.03978068118299234
10,1,WEB,Number,0.0015177664120926693
10,1,WEB,Variance,0.022110939436242916
10,2,WEB,Header_Length,2.0832329346376356e-05
10,2,WEB,Protocol Type,3.8067919649620305e-05
10,2,WEB,Time_To_Live,0.006076323630986735
10,2,WEB,Rate,5.828172165820433e-05
10,2,WEB,fin_flag_number,5.450835030273993e-06
10,2,WEB,syn_flag_number,0.002043809406313812
10,2,WEB,rst_flag_number,6.631244363575206e-06
10,2,WEB,psh_flag_number,2.727560840867227e-05
10,2,WEB,ack_flag_number,0.00795110163744539
10,2,WEB,ece_flag_number,0.0
10,2,WEB,cwr_flag_number,0.0
10,2,WEB,ack_count,0.0006063195267415721
10,2,WEB,syn_count,0.0010061678641250182
10,2,WEB,fin_count,0.0006696994731100858
10,2,WEB,rst_count,0.0007592454656332847
10,2,WEB,HTTP,9.758677333593368e-06
10,2,WEB,HTTPS,9.297710342082155e-06
10,2,WEB,DNS,1.2417882086350126e-05
10,2,WEB,Telnet,0.0
10,2,WEB,SMTP,0.0
10,2,WEB,SSH,0.0
10,2,WEB,IRC,0.0
10,2,WEB,TCP,3.065243436140008e-05
10,2,WEB,UDP,0.0027723661646632536
10,2,WEB,DHCP,0.0
10,2,WEB,ARP,7.690156756545718e-06
10,2,WEB,ICMP,1.6674667104155106e-05
10,2,WEB,IGMP,0.0
10,2,WEB,IPv,7.106725834205019e-06
10,2,WEB,LLC,3.936933591131009e-06
10,2,WEB,Tot sum,0.28901463178917763
10,2,WEB,Min,0.002110095039461157
10,2,WEB,Max,0.005728999397251755
10,2,WEB,AVG,0.11187621839344501
10,2,WEB,Std,0.04397129539866
10,2,WEB,Tot size,0.2468510266393423
10,2,WEB,IAT,0.2482439770246856
10,2,WEB,Number,0.010206063665100374
10,2,WEB,Variance,0.12547560974489896
10,3,WEB,Header_Length,1.0660663160777517e-05
10,3,WEB,Protocol Type,2.649032486710251e-06
10,3,WEB,Time_To_Live,0.0013683242870570211
10,3,WEB,Rate,2.566766464173753e-06
10,3,WEB,fin_flag_number,5.067606086164855e-07
10,3,WEB,syn_flag_number,0.00040525643698856583
10,3,WEB,rst_flag_number,1.2840714004140607e-07
10,3,WEB,psh_flag_number,1.8144717275847545e-06
10,3,WEB,ack_flag_number,0.00018136576216534194
10,3,WEB,ece_flag_number,0.0
10,3,WEB,cwr_flag_number,0.0
10,3,WEB,ack_count,3.884626715233708e-05
10,3,WEB,syn_count,0.0003684594927065632
10,3,WEB,fin_count,4.679872755204428e-05
10,3,WEB,rst_count,4.5554506906331226e-05
10,3,WEB,HTTP,1.1519922509251046e-06
10,3,WEB,HTTPS,1.3902498378626227e-06
10,3,WEB,DNS,3.5573983984813665e-08
10,3,WEB,Telnet,0.0
10,3,WEB,SMTP,0.0
10,3,WEB,SSH,0.0
10,3,WEB,IRC,0.0
10,3,WEB,TCP,1.8826831899243502e-06
10,3,WEB,UDP,0.00017072725101847653
10,3,WEB,DHCP,0.0
10,3,WEB,ARP,8.842129190549902e-08
10,3,WEB,ICMP,2.118038647080933e-06
10,3,WEB,IGMP,0.0
10,3,WEB,IPv,2.600254831366382e-07
10,3,WEB,LLC,1.4182538393601748e-08
10,3,WEB,Tot sum,0.01659220250571707
10,3,WEB,Min,7.698101025122028e-05
10,3,WEB,Max,0.0002668862874372735
10,3,WEB,AVG,0.0033214194928632423
10,3,WEB,Std,0.0031656382085202494
10,3,WEB,Tot size,0.004359596720496484
10,3,WEB,IAT,0.03920025974362033
10,3,WEB,Number,0.0016676454378114157
10,3,WEB,Variance,0.014222818636335432
10,4,WEB,Header_Length,3.2275994377073404e-05
10,4,WEB,Protocol Type,3.639253918805707e-05
10,4,WEB,Time_To_Live,0.0020867898031610823
10,4,WEB,Rate,1.4834691660059463e-05
10,4,WEB,fin_flag_number,2.000411538603808e-06
10,4,WEB,syn_flag_number,0.001217240350706561
10,4,WEB,rst_flag_number,0.0
10,4,WEB,psh_flag_number,8.331285600604588e-06
10,4,WEB,ack_flag_number,0.0017571886579389683
10,4,WEB,ece_flag_number,0.0
10,4,WEB,cwr_flag_number,0.0
10,4,WEB,ack_count,0.00015809276882947643
10,4,WEB,syn_count,0.0013359816376350864
10,4,WEB,fin_count,1.7570716554438092e-05
10,4,WEB,rst_count,0.0
10,4,WEB,HTTP,2.84380480554125e-05
10,4,WEB,HTTPS,7.73460317127217e-06
10,4,WEB,DNS,7.974830077728257e-06
10,4,WEB,Telnet,0.0
10,4,WEB,SMTP,0.0
10,4,WEB,SSH,0.0
10,4,WEB,IRC,0.0
10,4,WEB,TCP,2.595225745665175e-05
10,4,WEB,UDP,0.0022218323361812508
10,4,WEB,DHCP,0.0
10,4,WEB,ARP,5.846777412443771e-06
10,4,WEB,ICMP,9.642553295075018e-06
10,4,WEB,IGMP,0.0
10,4,WEB,IPv,1.1421963995417172e-05
10,4,WEB,LLC,2.2415974797240778e-06
10,4,WEB,Tot sum,0.2461690241114411
10,4,WEB,Min,0.009040800127354486
10,4,WEB,Max,0.004576325656671543
10,4,WEB,AVG,0.07185106822289526
10,4,WEB,Std,0.025491712766233833
10,4,WEB,Tot size,0.2463357975706458
10,4,WEB,IAT,0.16888698539769392
10,4,WEB,Number,0.011880337749607861
10,4,WEB,Variance,0.06250991709530354
10,5,WEB,Header_Length,9.728800951052108e-05
10,5,WEB,Protocol Type,2.2784159996547258e-05
10,5,WEB,Time_To_Live,0.02380076491390355
10,5,WEB,Rate,1.574799195225296e-05
10,5,WEB,fin_flag_number,8.359663672763417e-06
10,5,WEB,syn_flag_number,0.0013857216530595907
10,5,WEB,rst_flag_number,5.235243901324793e-06
10,5,WEB,psh_flag_number,8.160082819586023e-06
10,5,WEB,ack_flag_number,0.008596817732905038
10,5,WEB,ece_flag_number,0.0
10,5,WEB,cwr_flag_number,0.0
10,5,WEB,ack_count,0.0004579703310810146
10,5,WEB,syn_count,0.0015627284841684742
10,5,WEB,fin_count,0.0002746668234024696
10,5,WEB,rst_count,0.0007415163279802072
10,5,WEB,HTTP,1.9122623559297836e-06
10,5,WEB,HTTPS,5.245021627509061e-06
10,5,WEB,DNS,1.374028703367003e-05
10,5,WEB,Telnet,0.0
10,5,WEB,SMTP,0.0
10,5,WEB,SSH,0.0
10,5,WEB,IRC,0.0
10,5,WEB,TCP,3.063931835640687e-05
10,5,WEB,UDP,0.005106458209775155
10,5,WEB,DHCP,0.0
10,5,WEB,ARP,9.788905994045916e-06
10,5,WEB,ICMP,4.7788554900307646e-05
10,5,WEB,IGMP,0.0
10,5,WEB,IPv,1.7534207694502867e-05
10,5,WEB,LLC,2.7119258892011056e-06
10,5,WEB,Tot sum,0.279284744290635
10,5,WEB,Min,8.960431346167752e-05
10,5,WEB,Max,0.004790683387545869
10,5,WEB,AVG,0.03683193875476718
10,5,WEB,Std,0.047977085970342156
10,5,WEB,Tot size,0.1644292950630188
10,5,WEB,IAT,0.2445929418783635
10,5,WEB,Number,0.009507444529299391
10,5,WEB,Variance,0.16076637469232083
